name;avg_pds;best_pds;DS;NA;MW;inchikey;smiles
CGBDRP.xaa_ZINC000423424205_180;-10.0283569;-10.36323;-9.935;48;293.411;MSCKPVSYOMNOPX-MGPQQGTHSA-P;[H]c1c([H])c([N+](=O)[O-])c([H])c([C@@]([H])(C([H])([H])[H])[N+]([H])([H])C([H])([H])[C@]2([H])C([H])([H])C([H])([H])[C@@]([H])(C([H])([H])[N+]([H])([H])[H])C([H])([H])C2([H])[H])c1[H]
CGBDRP.xaa_ZINC000423424204_290;-10.0114709;-10.320608;-9.677;48;293.411;MSCKPVSYOMNOPX-IHRRRGAJSA-P;[H]c1c([H])c([N+](=O)[O-])c([H])c([C@]([H])(C([H])([H])[H])[N+]([H])([H])C([H])([H])[C@]2([H])C([H])([H])C([H])([H])[C@@]([H])(C([H])([H])[N+]([H])([H])[H])C([H])([H])C2([H])[H])c1[H]
EDBBRN.xaa_ZINC000001723368_294;-10.0138292;-10.553083;-8.763;34;326.272;URHRTDRYHBHFJQ-UHFFFAOYSA-N;[H]c1c([H])c(C2=NN([H])C(c3c([H])c([H])c([H])c([N+](=O)[O-])c3[H])=NN2[H])c([H])c([N+](=O)[O-])c1[H]
ECBDRP.xaa_ZINC000594582745_227;-10.0839864;-10.505432;-9.918;47;344.437;BETRFRJDIUCMLP-NEPJUHHUSA-P;[H]c1c([H])c([N+](=O)[O-])c([H])c(S(=O)(=O)N([H])C([H])([H])C([H])([H])[N+]([H])([H])[C@@]2([H])C([H])([H])C([H])([H])C([H])([H])[C@@]([H])([N+]([H])([H])[H])C2([H])[H])c1[H]
ECBDRP.xaa_ZINC000594582746_228;-10.1942604;-10.552646;-10.083;47;344.437;BETRFRJDIUCMLP-NWDGAFQWSA-P;[H]c1c([H])c([N+](=O)[O-])c([H])c(S(=O)(=O)N([H])C([H])([H])C([H])([H])[N+]([H])([H])[C@]2([H])C([H])([H])C([H])([H])C([H])([H])[C@]([H])([N+]([H])([H])[H])C2([H])[H])c1[H]
ECBDRP.xaa_ZINC000422934790_245;-10.0556392;-10.51952;-10.137;47;344.437;JYRNNYBCFXJVQB-SMDDNHRTSA-P;[H]c1c([H])c([N+](=O)[O-])c([H])c(S(=O)(=O)N([H])C([H])([H])C([H])([H])[N+]([H])([H])[C@]2([H])C([H])([H])C([H])([H])C([H])([H])[C@@]2([H])C([H])([H])[N+]([H])([H])[H])c1[H]
ECBDRP.xaa_ZINC000422934789_270;-10.1573354;-10.510088;-7.151;47;344.437;JYRNNYBCFXJVQB-RISCZKNCSA-P;[H]c1c([H])c([N+](=O)[O-])c([H])c(S(=O)(=O)N([H])C([H])([H])C([H])([H])[N+]([H])([H])[C@@]2([H])C([H])([H])C([H])([H])C([H])([H])[C@]2([H])C([H])([H])[N+]([H])([H])[H])c1[H]
EIBDRP.xaa_ZINC000423484685_108;-10.2755254;-10.831472;-7.483;49;347.484;ABPAXEVDJFSOSN-BFHYXJOUSA-P;[H]c1c(-c2c([H])c([H])c([H])c([H])c2[N+](=O)[O-])sc([C@]([H])(C([H])([H])[H])[N+]([H])([H])[C@]2([H])C([H])([H])C([H])([H])[C@@]([H])(C([H])([H])[N+]([H])([H])[H])C2([H])[H])c1[H]
EIBDRP.xaa_ZINC000423484689_110;-10.2393734;-10.731896;-7.293;49;347.484;ABPAXEVDJFSOSN-IHRRRGAJSA-P;[H]c1c(-c2c([H])c([H])c([H])c([H])c2[N+](=O)[O-])sc([C@]([H])(C([H])([H])[H])[N+]([H])([H])[C@@]2([H])C([H])([H])C([H])([H])[C@]([H])(C([H])([H])[N+]([H])([H])[H])C2([H])[H])c1[H]
EIBDRP.xaa_ZINC000423484694_111;-10.2030736;-10.717335;-7.65;49;347.484;ABPAXEVDJFSOSN-MJBXVCDLSA-P;[H]c1c(-c2c([H])c([H])c([H])c([H])c2[N+](=O)[O-])sc([C@]([H])(C([H])([H])[H])[N+]([H])([H])[C@@]2([H])C([H])([H])C([H])([H])[C@@]([H])(C([H])([H])[N+]([H])([H])[H])C2([H])[H])c1[H]
EIBDRP.xaa_ZINC000173306378_290;-10.165455;-10.64856;-10.12;52;341.455;LNMCXVOWGFALSZ-INIZCTEOSA-P;[H]c1c([H])c(C([H])([H])[N+]2([H])C([H])([H])C([H])([H])C([H])([H])C2([H])[H])c([H])c(C([H])([H])[N+]([H])([H])[C@]([H])(c2c([H])c([H])c([H])c([N+](=O)[O-])c2[H])C([H])([H])[H])c1[H]
EIBDRP.xaa_ZINC000173306393_292;-10.0793064;-10.580233;-9.928;52;341.455;LNMCXVOWGFALSZ-MRXNPFEDSA-P;[H]c1c([H])c(C([H])([H])[N+]2([H])C([H])([H])C([H])([H])C([H])([H])C2([H])[H])c([H])c(C([H])([H])[N+]([H])([H])[C@@]([H])(c2c([H])c([H])c([H])c([N+](=O)[O-])c2[H])C([H])([H])[H])c1[H]
EHBAMO.xaa_ZINC000046054567_14;-10.0141948;-10.380884;-9.642;48;343.407;FZTDBERQTGWLCP-CJNGLKHVSA-O;[H]c1c([H])c(-c2noc(C([H])([H])[N@@+]3([H])C([H])([H])C([H])([H])C([H])([H])[C@@]4([H])C([H])([H])C([H])([H])C([H])([H])C([H])([H])[C@@]43[H])n2)c([H])c([N+](=O)[O-])c1[H]
EGCARM.xaa_ZINC000003897416_41;-10.0532514;-10.222191;-8.465;32;330.236;OXLHMIURMJJYGM-UHFFFAOYSA-M;[H]c1c([H])c(/N=N/N([H])c2c([H])c(C(=O)[O-])c([H])c([N+](=O)[O-])c2[H])c([H])c([N+](=O)[O-])c1[H]
FIAARP.xaa_ZINC000071764854_146;-10.0052172;-10.587602;-11.71;60;367.537;OKEXSQBQZUKDDP-OAQYLSRUSA-P;[H]Oc1c([H])c(-c2nc([H])c(C([H])([H])[N+]3([H])C([H])([H])C([H])([H])C([H])([H])C3([H])[H])c([H])c2[H])c([H])c(C([H])([H])C([H])([H])[C@@]2([H])C([H])([H])C([H])([H])C([H])([H])C([H])([H])[N+]2([H])[H])c1[H]
FGABRP.xaa_ZINC000255187479_109;-10.175605999999998;-10.874927;-10.886;52;376.46;DUCHBUCNUNFADD-UHFFFAOYSA-P;[H]c1c([H])c(C(=O)N([H])c2c([H])c([H])c([H])c(C([H])([H])[N+]([H])([H])[H])c2[H])c([H])c(C(=O)N([H])c2c([H])c([H])c([H])c(C([H])([H])[N+]([H])([H])[H])c2[H])c1[H]
FDCARM.xaa_ZINC000013615112_7;-10.1331176;-10.304483;-9.727;34;371.241;BTWUYZBMRFPLDA-UHFFFAOYSA-M;[H]/C(=C1/C(=O)[N-]C(=O)N([H])C1=O)c1oc(-c2c([H])c([N+](=O)[O-])c([H])c([N+](=O)[O-])c2[H])c([H])c1[H]
FHBDRP.xaa_ZINC000513545344_1;-10.0118932;-10.46226;-9.696;55;355.482;PTLXUDXMZLZYMO-XLIONFOSSA-P;[H]c1c([H])c([H])c(C([H])([H])[N@@+]2([H])C([H])([H])[C@@]([H])(C([H])([H])C([H])([H])[N+]([H])([H])C([H])([H])c3c([H])c([H])c([H])c([N+](=O)[O-])c3[H])C([H])([H])[C@@]2([H])C([H])([H])[H])c([H])c1[H]
FHBDRP.xaa_ZINC000584678552_29;-10.0700772;-10.525069;-9.71;56;358.486;WZICXWRFYOYFAR-UHFFFAOYSA-P;[H]c1c([N+](=O)[O-])c([H])c2c(C([H])([H])C([H])([H])[N+]([H])([H])[C@]3([H])C([H])([H])C([H])([H])[N@@+]([H])(C4([H])C([H])([H])C([H])([H])C([H])([H])C4([H])[H])C([H])([H])C3([H])[H])c([H])n([H])c2c1[H]
FHBDRP.xaa_ZINC000435381623_72;-10.1863931;-11.03192;-11.176;51;362.499;XBIQMFFLIJSANU-UHFFFAOYSA-P;[H]c1sc(-c2c([H])c([H])c([H])c([N+](=O)[O-])c2[H])nc1C([H])([H])[N@+]1([H])C([H])([H])C([H])([H])[C@@]([H])(C([H])([H])C([H])([H])[N+]([H])([H])C([H])([H])[H])C([H])([H])C1([H])[H]
FHBDRP.xaa_ZINC000414659552_94;-10.0268881;-10.724586;-9.737;47;363.845;SXQCLGZWQAIJIF-CQSZACIVSA-P;[H]c1c([H])c(Oc2c([H])c([H])c(C([H])([H])[N@@+]3([H])C([H])([H])C([H])([H])[C@]([H])(C([H])([H])[N+]([H])([H])[H])C3([H])[H])c([H])c2[H])c([N+](=O)[O-])c([H])c1Cl
FHBDRP.xaa_ZINC000423449828_139;-10.0731023;-10.648382;-10.396;53;353.466;WRKRPADEZCIWPP-HBMCJLEFSA-P;[H]c1c([H])c([H])c([C@@]([H])(c2c([H])c([H])c([H])c([N+](=O)[O-])c2[H])[N+]([H])([H])[C@]2([H])C([H])([H])[C@@]2([H])C2([H])C([H])([H])C([H])([H])[N+]([H])([H])C([H])([H])C2([H])[H])c([H])c1[H]
FHBDRP.xaa_ZINC000415018432_182;-10.3886486;-10.837547;-11.279;51;362.499;BWBCZKXIOOFOQH-HDJSIYSDSA-P;[H]c1sc(-c2c([H])c([H])c([H])c([N+](=O)[O-])c2[H])nc1C([H])([H])[N+]([H])([H])C([H])([H])[C@]1([H])C([H])([H])C([H])([H])[C@@]([H])(C([H])([H])[N+]([H])([H])[H])C([H])([H])C1([H])[H]
FHBDRP.xaa_ZINC000415057752_208;-10.2958816;-11.074139;-9.704;53;357.454;URVPNIATTPQHPE-APWZRJJASA-P;[H]c1c(-c2c([H])c([H])c([H])c([N+](=O)[O-])c2[H])oc(C([H])([H])[N@+]2([H])C([H])([H])C([H])([H])C([H])([H])C([H])([H])[C@@]2([H])[C@]2([H])C([H])([H])C([H])([H])[N+]([H])([H])C2([H])[H])c1[H]
FHBDRP.xaa_ZINC000415057757_209;-10.3044926;-10.667442;-11.317;53;357.454;URVPNIATTPQHPE-QFBILLFUSA-P;[H]c1c(-c2c([H])c([H])c([H])c([N+](=O)[O-])c2[H])oc(C([H])([H])[N@+]2([H])C([H])([H])C([H])([H])C([H])([H])C([H])([H])[C@]2([H])[C@@]2([H])C([H])([H])C([H])([H])[N+]([H])([H])C2([H])[H])c1[H]
FHBDRP.xaa_ZINC000415057759_210;-10.2419238;-10.835083;-10.314;53;357.454;URVPNIATTPQHPE-VQIMIIECSA-P;[H]c1c(-c2c([H])c([H])c([H])c([N+](=O)[O-])c2[H])oc(C([H])([H])[N@+]2([H])C([H])([H])C([H])([H])C([H])([H])C([H])([H])[C@]2([H])[C@]2([H])C([H])([H])C([H])([H])[N+]([H])([H])C2([H])[H])c1[H]
FHBDRP.xaa_ZINC000415057754_211;-10.177093799999998;-10.709124;-9.999;53;357.454;URVPNIATTPQHPE-LPHOPBHVSA-P;[H]c1c(-c2c([H])c([H])c([H])c([N+](=O)[O-])c2[H])oc(C([H])([H])[N@+]2([H])C([H])([H])C([H])([H])C([H])([H])C([H])([H])[C@@]2([H])[C@@]2([H])C([H])([H])C([H])([H])[N+]([H])([H])C2([H])[H])c1[H]
FHBDRP.xaa_ZINC000584782569_218;-10.3720812;-10.758298;-11.638;53;357.454;QJXHNMUGEBBYNW-KRWDZBQOSA-P;[H]c1c(-c2c([H])c([H])c([H])c([N+](=O)[O-])c2[H])oc(C([H])([H])[N@+]2([H])C([H])([H])C([H])([H])[C@@]([H])([C@@]3([H])C([H])([H])C([H])([H])[N+]([H])([H])C3([H])[H])C([H])([H])C2([H])[H])c1[H]
FHBDRP.xaa_ZINC000584782570_219;-10.2912914;-10.665422;-10.949;53;357.454;QJXHNMUGEBBYNW-QGZVFWFLSA-P;[H]c1c(-c2c([H])c([H])c([H])c([N+](=O)[O-])c2[H])oc(C([H])([H])[N@+]2([H])C([H])([H])C([H])([H])[C@@]([H])([C@]3([H])C([H])([H])C([H])([H])[N+]([H])([H])C3([H])[H])C([H])([H])C2([H])[H])c1[H]
FHBDRP.xaa_ZINC000414776268_254;-10.4984034;-10.78336;-10.573;53;357.454;GWMRAQWBEOOJAK-IRXDYDNUSA-P;[H]c1c(-c2c([H])c([H])c([H])c([N+](=O)[O-])c2[H])oc(C([H])([H])[N@+]2([H])C([H])([H])C([H])([H])C([H])([H])[C@]([H])([C@@]3([H])C([H])([H])C([H])([H])[N+]([H])([H])C3([H])[H])C2([H])[H])c1[H]
FHBDRP.xaa_ZINC000414776270_255;-10.2516184;-10.725938;-10.393;53;357.454;GWMRAQWBEOOJAK-SJORKVTESA-P;[H]c1c(-c2c([H])c([H])c([H])c([N+](=O)[O-])c2[H])oc(C([H])([H])[N@+]2([H])C([H])([H])C([H])([H])C([H])([H])[C@]([H])([C@]3([H])C([H])([H])C([H])([H])[N+]([H])([H])C3([H])[H])C2([H])[H])c1[H]
FHBDRP.xaa_ZINC000424387984_287;-10.0059446;-10.153045;-11.137;52;374.51;YTLZNFMYFZSAPA-CQSZACIVSA-P;[H]c1sc(-c2c([H])c([H])c([H])c([N+](=O)[O-])c2[H])nc1C([H])([H])[N@@+]1([H])C([H])([H])C2(C([H])([H])C([H])([H])[N+]([H])([H])C([H])([H])C2([H])[H])C([H])([H])[C@@]1([H])C([H])([H])[H]
GFBARM.xaa_ZINC000100494287_111;-10.1617633;-10.537677;-8.426;33;376.217;FXSXEDOTGREJNM-UHFFFAOYSA-M;[H]c1c([H])c([N+](=O)[O-])c([H])c([N+](=O)[O-])c1[N-]C(=O)c1c([H])c([N+](=O)[O-])c([H])c([N+](=O)[O-])c1[H]
GECARM.xaa_ZINC000015945541_51;-10.0718989;-10.369172;-11.068;40;394.396;OOQDHQYUGHIBRY-UHFFFAOYSA-M;[H]c1c([H])c([H])c(-n2nnnc2Sc2c(C([H])([H])[H])[n-]n(-c3c([H])c([H])c([H])c([N+](=O)[O-])c3[H])c2=O)c([H])c1[H]
GECARM.xaa_ZINC000102085513_343;-10.0718989;-10.369172;-11.075;40;394.396;OOQDHQYUGHIBRY-UHFFFAOYSA-M;[H]c1c([H])c([H])c(-n2nnnc2Sc2c(C([H])([H])[H])[n-]n(-c3c([H])c([H])c([H])c([N+](=O)[O-])c3[H])c2=O)c([H])c1[H]
GHBAMO.xaa_ZINC000011183086_159;-10.0763364;-10.591064;-10.387;51;392.439;DVQSDBBKYNUQGE-UHFFFAOYSA-O;[H]c1c([H])c(C(=O)N([H])c2nc(C([H])([H])[N+]3([H])C([H])([H])C([H])([H])C([H])([H])C([H])([H])C3([H])[H])nc3c([H])c([H])c([H])c([H])c23)c([H])c([N+](=O)[O-])c1[H]
GGBDRP.xaa_ZINC000178654496_30;-10.0108892;-10.654142;-10.495;59;398.507;XBZXIEMAZUEGKN-JXFKEZNVSA-P;[H]c1c([H])c(C([H])([H])[N+]([H])([H])[C@]([H])(c2c([H])c([H])c([N+](=O)[O-])c([H])c2[H])C([H])([H])[H])c([H])c(C([H])([H])[N@+]2([H])C([H])([H])C([H])([H])C([H])([H])[C@]([H])(C(=O)N([H])[H])C2([H])[H])c1[H]
GGBDRP.xaa_ZINC000178654510_31;-10.0810084;-10.661394;-10.488;59;398.507;XBZXIEMAZUEGKN-UZLBHIALSA-P;[H]c1c([H])c(C([H])([H])[N+]([H])([H])[C@@]([H])(c2c([H])c([H])c([N+](=O)[O-])c([H])c2[H])C([H])([H])[H])c([H])c(C([H])([H])[N@+]2([H])C([H])([H])C([H])([H])C([H])([H])[C@]([H])(C(=O)N([H])[H])C2([H])[H])c1[H]
GGBDRP.xaa_ZINC000245472145_128;-10.1993734;-10.515451;-8.499;59;398.507;YRMYTFZQYPPPFM-OXQOHEQNSA-P;[H]c1c([H])c(C([H])([H])[N+]([H])([H])[C@@]([H])(c2c([H])c([H])c([H])c([N+](=O)[O-])c2[H])C([H])([H])[H])c([H])c(C([H])([H])[N@+]2([H])C([H])([H])C([H])([H])C([H])([H])[C@@]([H])(C(=O)N([H])[H])C2([H])[H])c1[H]
GGBDRP.xaa_ZINC000173402302_151;-10.6830976;-11.152028;-11.671;59;398.507;YRMYTFZQYPPPFM-JXFKEZNVSA-P;[H]c1c([H])c(C([H])([H])[N+]([H])([H])[C@]([H])(c2c([H])c([H])c([H])c([N+](=O)[O-])c2[H])C([H])([H])[H])c([H])c(C([H])([H])[N@+]2([H])C([H])([H])C([H])([H])C([H])([H])[C@]([H])(C(=O)N([H])[H])C2([H])[H])c1[H]
GGBDRP.xaa_ZINC000173402317_152;-10.620848999999998;-11.326778;-11.118;59;398.507;YRMYTFZQYPPPFM-UZLBHIALSA-P;[H]c1c([H])c(C([H])([H])[N+]([H])([H])[C@@]([H])(c2c([H])c([H])c([H])c([N+](=O)[O-])c2[H])C([H])([H])[H])c([H])c(C([H])([H])[N@+]2([H])C([H])([H])C([H])([H])C([H])([H])[C@]([H])(C(=O)N([H])[H])C2([H])[H])c1[H]
GGBDRP.xaa_ZINC000161261664_176;-10.020594;-10.603775;-7.519;58;386.496;SRSSKPASXBVJJJ-HXUWFJFHSA-P;[H]c1c([H])c(C(=O)N([H])C([H])([H])C([H])([H])[N+]([H])(C([H])([H])[H])C([H])([H])[H])c([H])c(C([H])([H])[N+]([H])([H])[C@@]([H])(c2c([H])c([H])c([H])c([N+](=O)[O-])c2[H])C([H])([H])C([H])([H])[H])c1[H]
GGBDRP.xaa_ZINC000161261527_177;-10.1355706;-10.627267;-7.426;58;386.496;SRSSKPASXBVJJJ-FQEVSTJZSA-P;[H]c1c([H])c(C(=O)N([H])C([H])([H])C([H])([H])[N+]([H])(C([H])([H])[H])C([H])([H])[H])c([H])c(C([H])([H])[N+]([H])([H])[C@]([H])(c2c([H])c([H])c([H])c([N+](=O)[O-])c2[H])C([H])([H])C([H])([H])[H])c1[H]
GGBDRP.xaa_ZINC000247200045_179;-10.0119388;-10.654454;-8.714;59;398.507;XBZXIEMAZUEGKN-OXQOHEQNSA-P;[H]c1c([H])c(C([H])([H])[N+]([H])([H])[C@@]([H])(c2c([H])c([H])c([N+](=O)[O-])c([H])c2[H])C([H])([H])[H])c([H])c(C([H])([H])[N@@+]2([H])C([H])([H])C([H])([H])C([H])([H])[C@@]([H])(C(=O)N([H])[H])C2([H])[H])c1[H]
GGBDRP.xaa_ZINC000180394775_219;-10.225531;-10.734107;-8.539;59;398.507;CUQJQUSHFXUBRE-KRWDZBQOSA-P;[H]c1c([H])c([N+](=O)[O-])c([H])c([C@]([H])(C([H])([H])[H])[N+]([H])([H])C([H])([H])C(=O)N([H])C([H])([H])c2c([H])c([H])c(C([H])([H])[N+]3([H])C([H])([H])C([H])([H])C([H])([H])C3([H])[H])c([H])c2[H])c1[H]
GGBDRP.xaa_ZINC000180394792_220;-10.2257752;-10.731855;-8.343;59;398.507;CUQJQUSHFXUBRE-QGZVFWFLSA-P;[H]c1c([H])c([N+](=O)[O-])c([H])c([C@@]([H])(C([H])([H])[H])[N+]([H])([H])C([H])([H])C(=O)N([H])C([H])([H])c2c([H])c([H])c(C([H])([H])[N+]3([H])C([H])([H])C([H])([H])C([H])([H])C3([H])[H])c([H])c2[H])c1[H]
GECBRM.xaa_ZINC000409202615_75;-10.0134619;-10.446729;-9.238;37;381.28;SDWUOBZOUXAOLW-RIYZIHGNSA-M;[H]/C(=C1/C(=O)[N-]C(=O)N(c2c([H])c([H])c([H])c([N+](=O)[O-])c2[H])C1=O)c1c([H])c([H])c([H])c([N+](=O)[O-])c1[H]
GHEBMN.xaa_ZINC000004952797_10;-10.1121829;-10.382563;-9.28;47;399.414;NZWFTEIQLPHIGO-OCOZRVBESA-N;[H]c1nc(/N=N/C([H])([H])c2c([H])c([H])c([H])c([N+](=O)[O-])c2[H])c([H])c(-n2nc(C([H])([H])[H])c([H])c2-c2c([H])c([H])c([H])c([H])c2[H])n1
GGBDMP.xaa_ZINC000245472145_177;-10.7033372;-11.367913;-11.5;59;398.507;YRMYTFZQYPPPFM-OXQOHEQNSA-P;[H]c1c([H])c(C([H])([H])[N+]([H])([H])[C@@]([H])(c2c([H])c([H])c([H])c([N+](=O)[O-])c2[H])C([H])([H])[H])c([H])c(C([H])([H])[N@@+]2([H])C([H])([H])C([H])([H])C([H])([H])[C@@]([H])(C(=O)N([H])[H])C2([H])[H])c1[H]
GGBDMP.xaa_ZINC000245472144_178;-10.6232516;-11.327174;-11.481;59;398.507;YRMYTFZQYPPPFM-OXJNMPFZSA-P;[H]c1c([H])c(C([H])([H])[N+]([H])([H])[C@]([H])(c2c([H])c([H])c([H])c([N+](=O)[O-])c2[H])C([H])([H])[H])c([H])c(C([H])([H])[N@@+]2([H])C([H])([H])C([H])([H])C([H])([H])[C@@]([H])(C(=O)N([H])[H])C2([H])[H])c1[H]
GGBDMP.xaa_ZINC000246024811_194;-10.1108862;-10.569531;-9.555;59;398.507;KRCHYAGLCQXYFI-ZWOKBUDYSA-P;[H]c1c([H])c([H])c(C([H])([H])[N@@+]2([H])C([H])([H])C([H])([H])[C@]([H])(N([H])C(=O)[C@]([H])(C([H])([H])[H])[N+]([H])([H])[C@]([H])(c3c([H])c([H])c([H])c([N+](=O)[O-])c3[H])C([H])([H])[H])C2([H])[H])c([H])c1[H]
GGBDMP.xaa_ZINC000246024811_195;-10.0945454;-10.599692;-10.179;59;398.507;KRCHYAGLCQXYFI-ZWOKBUDYSA-P;[H]c1c([H])c([H])c(C([H])([H])[N@+]2([H])C([H])([H])C([H])([H])[C@]([H])(N([H])C(=O)[C@]([H])(C([H])([H])[H])[N+]([H])([H])[C@]([H])(c3c([H])c([H])c([H])c([N+](=O)[O-])c3[H])C([H])([H])[H])C2([H])[H])c([H])c1[H]
GGBDMP.xaa_ZINC000173402302_203;-10.1933005;-10.514768;-10.454;59;398.507;YRMYTFZQYPPPFM-JXFKEZNVSA-P;[H]c1c([H])c(C([H])([H])[N+]([H])([H])[C@]([H])(c2c([H])c([H])c([H])c([N+](=O)[O-])c2[H])C([H])([H])[H])c([H])c(C([H])([H])[N@@+]2([H])C([H])([H])C([H])([H])C([H])([H])[C@]([H])(C(=O)N([H])[H])C2([H])[H])c1[H]
GGBDMP.xaa_ZINC000173402317_204;-10.1643474;-10.452079;-9.506;59;398.507;YRMYTFZQYPPPFM-UZLBHIALSA-P;[H]c1c([H])c(C([H])([H])[N+]([H])([H])[C@@]([H])(c2c([H])c([H])c([H])c([N+](=O)[O-])c2[H])C([H])([H])[H])c([H])c(C([H])([H])[N@@+]2([H])C([H])([H])C([H])([H])C([H])([H])[C@]([H])(C(=O)N([H])[H])C2([H])[H])c1[H]
GGBDMP.xaa_ZINC000180399271_298;-10.2303584;-10.487671;-9.573;59;398.507;KRCHYAGLCQXYFI-FUHIMQAGSA-P;[H]c1c([H])c([H])c(C([H])([H])[N@@+]2([H])C([H])([H])C([H])([H])[C@@]([H])(N([H])C(=O)[C@]([H])(C([H])([H])[H])[N+]([H])([H])[C@@]([H])(c3c([H])c([H])c([H])c([N+](=O)[O-])c3[H])C([H])([H])[H])C2([H])[H])c([H])c1[H]
GGBDMP.xaa_ZINC000180399271_299;-10.3365162;-10.875892;-8.585;59;398.507;KRCHYAGLCQXYFI-FUHIMQAGSA-P;[H]c1c([H])c([H])c(C([H])([H])[N@+]2([H])C([H])([H])C([H])([H])[C@@]([H])(N([H])C(=O)[C@]([H])(C([H])([H])[H])[N+]([H])([H])[C@@]([H])(c3c([H])c([H])c([H])c([N+](=O)[O-])c3[H])C([H])([H])[H])C2([H])[H])c([H])c1[H]
GGBDMP.xaa_ZINC000180399253_300;-10.045524599999998;-10.62768;-9.77;59;398.507;KRCHYAGLCQXYFI-ABSDTBQOSA-P;[H]c1c([H])c([H])c(C([H])([H])[N@@+]2([H])C([H])([H])C([H])([H])[C@@]([H])(N([H])C(=O)[C@]([H])(C([H])([H])[H])[N+]([H])([H])[C@]([H])(c3c([H])c([H])c([H])c([N+](=O)[O-])c3[H])C([H])([H])[H])C2([H])[H])c([H])c1[H]
GGBDMP.xaa_ZINC000180399253_301;-10.0998572;-10.484211;-9.193;59;398.507;KRCHYAGLCQXYFI-ABSDTBQOSA-P;[H]c1c([H])c([H])c(C([H])([H])[N@+]2([H])C([H])([H])C([H])([H])[C@@]([H])(N([H])C(=O)[C@]([H])(C([H])([H])[H])[N+]([H])([H])[C@]([H])(c3c([H])c([H])c([H])c([N+](=O)[O-])c3[H])C([H])([H])[H])C2([H])[H])c([H])c1[H]
GGBDMP.xaa_ZINC000261856417_329;-10.0915638;-10.215316;-11.821;55;394.475;VXGZLHKWCJYBRX-QUCCMNQESA-P;[H]c1nc(C([H])([H])C([H])([H])[N@+]2([H])C([H])([H])[C@@]([H])(C([H])([H])[N+]([H])([H])[H])[C@]([H])(c3c([H])c([H])c([H])c([H])c3[H])C2([H])[H])oc1-c1c([H])c([H])c([H])c([N+](=O)[O-])c1[H]
HIBDRP.xaa_ZINC000513741240_15;-10.2031106;-10.726196;-10.305;62;421.545;IYHHFHYFUVGGCG-UHFFFAOYSA-P;[H]c1c([H])c([H])c(-n2nc(-c3c([H])c([H])c([N+](=O)[O-])c([H])c3[H])c(C([H])([H])[N@+]([H])(C([H])([H])[H])C([H])([H])[C@]3([H])C([H])([H])C([H])([H])[N@@+]([H])(C([H])([H])[H])C([H])([H])C3([H])[H])c2[H])c([H])c1[H]
HIBDRP.xaa_ZINC000562364562_17;-10.1435912;-10.615791;-11.042;61;422.529;LCDFZEVTMNIBOK-JOCHJYFZSA-P;[H]c1c([H])c([H])c2c(c1[H])O[C@]1(C([H])([H])C([H])([H])[N@@+]([H])(C([H])([H])[H])C([H])([H])C1([H])[H])C([H])([H])[C@@]2([H])[N+]([H])([H])C([H])([H])C([H])([H])c1c([H])n([H])c2c([H])c([H])c([N+](=O)[O-])c([H])c12
HIBDRP.xaa_ZINC000562364563_18;-10.2339041;-10.5932045;-10.737;61;422.529;LCDFZEVTMNIBOK-QFIPXVFZSA-P;[H]c1c([H])c([H])c2c(c1[H])O[C@]1(C([H])([H])C([H])([H])[N@@+]([H])(C([H])([H])[H])C([H])([H])C1([H])[H])C([H])([H])[C@]2([H])[N+]([H])([H])C([H])([H])C([H])([H])c1c([H])n([H])c2c([H])c([H])c([N+](=O)[O-])c([H])c12
HIBDRP.xaa_ZINC000570005230_19;-10.0203856;-10.30587;-9.876;60;406.53;OMDWKLJOFALFBQ-NGYIFUPDSA-P;[H]c1c([H])c([H])c(C([H])([H])[N@@+]2([H])C([H])([H])[C@]3([H])C([H])([H])C([H])([H])[C@@]([H])([N+]([H])([H])C([H])([H])C([H])([H])c4c([H])n([H])c5c([H])c([H])c([N+](=O)[O-])c([H])c45)[C@@]3([H])C2([H])[H])c([H])c1[H]
HIBDRP.xaa_ZINC000570005233_20;-10.1738186;-10.57812;-8.645;60;406.53;OMDWKLJOFALFBQ-WNOPAQSVSA-P;[H]c1c([H])c([H])c(C([H])([H])[N@@+]2([H])C([H])([H])[C@@]3([H])C([H])([H])C([H])([H])[C@@]([H])([N+]([H])([H])C([H])([H])C([H])([H])c4c([H])n([H])c5c([H])c([H])c([N+](=O)[O-])c([H])c45)[C@@]3([H])C2([H])[H])c([H])c1[H]
HIBDRP.xaa_ZINC000570005228_21;-10.3707224;-10.730494;-9.687;60;406.53;OMDWKLJOFALFBQ-BPUDTRNYSA-P;[H]c1c([H])c([H])c(C([H])([H])[N@@+]2([H])C([H])([H])[C@]3([H])C([H])([H])C([H])([H])[C@@]([H])([N+]([H])([H])C([H])([H])C([H])([H])c4c([H])n([H])c5c([H])c([H])c([N+](=O)[O-])c([H])c45)[C@]3([H])C2([H])[H])c([H])c1[H]
HIBDRP.xaa_ZINC000570005235_22;-10.5623466;-11.01828;-9.794;60;406.53;OMDWKLJOFALFBQ-ZFJSRUIDSA-P;[H]c1c([H])c([H])c(C([H])([H])[N@@+]2([H])C([H])([H])[C@@]3([H])C([H])([H])C([H])([H])[C@@]([H])([N+]([H])([H])C([H])([H])C([H])([H])c4c([H])n([H])c5c([H])c([H])c([N+](=O)[O-])c([H])c45)[C@]3([H])C2([H])[H])c([H])c1[H]
HIBDRP.xaa_ZINC000540145338_32;-10.1652106;-10.678715;-10.129;65;426.561;GUTSCAWPJHXLJQ-SVFBPWRDSA-P;[H]c1c([H])c([H])c(C([H])([H])[N@+]2([H])C([H])([H])[C@]([H])(C([H])([H])C([H])([H])[N+]([H])([H])[C@]([H])(C([H])([H])[H])C([H])([H])C(=O)N([H])c3c([H])c([H])c([H])c([N+](=O)[O-])c3[H])C([H])([H])[C@]2([H])C([H])([H])[H])c([H])c1[H]
HIBDRP.xaa_ZINC000540145336_33;-10.4963266;-11.03789;-10.344;65;426.561;GUTSCAWPJHXLJQ-SBHAEUEKSA-P;[H]c1c([H])c([H])c(C([H])([H])[N@+]2([H])C([H])([H])[C@@]([H])(C([H])([H])C([H])([H])[N+]([H])([H])[C@]([H])(C([H])([H])[H])C([H])([H])C(=O)N([H])c3c([H])c([H])c([H])c([N+](=O)[O-])c3[H])C([H])([H])[C@@]2([H])C([H])([H])[H])c([H])c1[H]
HIBDRP.xaa_ZINC000540145334_34;-10.4958178;-11.420885;-10.225;65;426.561;GUTSCAWPJHXLJQ-DYXWJJEUSA-P;[H]c1c([H])c([H])c(C([H])([H])[N@+]2([H])C([H])([H])[C@@]([H])(C([H])([H])C([H])([H])[N+]([H])([H])[C@]([H])(C([H])([H])[H])C([H])([H])C(=O)N([H])c3c([H])c([H])c([H])c([N+](=O)[O-])c3[H])C([H])([H])[C@]2([H])C([H])([H])[H])c([H])c1[H]
HIBDRP.xaa_ZINC000540145337_35;-10.2146678;-11.056615;-10.672;65;426.561;GUTSCAWPJHXLJQ-SFHLNBCPSA-P;[H]c1c([H])c([H])c(C([H])([H])[N@+]2([H])C([H])([H])[C@]([H])(C([H])([H])C([H])([H])[N+]([H])([H])[C@]([H])(C([H])([H])[H])C([H])([H])C(=O)N([H])c3c([H])c([H])c([H])c([N+](=O)[O-])c3[H])C([H])([H])[C@@]2([H])C([H])([H])[H])c([H])c1[H]
HIBDRP.xaa_ZINC000238011238_61;-10.2652052;-10.981774;-10.463;60;419.529;KLGSLBHQQAOZBP-SFHVURJKSA-P;[H]c1c([H])c([H])c(-n2nc(-c3c([H])c([H])c([N+](=O)[O-])c([H])c3[H])c(C([H])([H])[N+]([H])([H])C([H])([H])[C@]3([H])C([H])([H])C([H])([H])[N@@+]([H])(C4([H])C([H])([H])C4([H])[H])C3([H])[H])c2[H])c([H])c1[H]
HIBDRP.xaa_ZINC000238011324_62;-10.2369014;-11.234562;-10.029;60;419.529;KLGSLBHQQAOZBP-GOSISDBHSA-P;[H]c1c([H])c([H])c(-n2nc(-c3c([H])c([H])c([N+](=O)[O-])c([H])c3[H])c(C([H])([H])[N+]([H])([H])C([H])([H])[C@@]3([H])C([H])([H])C([H])([H])[N@@+]([H])(C4([H])C([H])([H])C4([H])[H])C3([H])[H])c2[H])c([H])c1[H]
HIBDRP.xaa_ZINC000443605140_75;-10.233871;-10.457646;-10.214;64;414.55;MMSPXOIIZZEOBI-UHFFFAOYSA-P;[H]c1nc(C([H])([H])C([H])([H])[N@+]2([H])C([H])([H])C([H])([H])[C@@]([H])(C([H])([H])C([H])([H])C([H])([H])[N+]3([H])C([H])([H])C([H])([H])C([H])([H])C3([H])[H])C([H])([H])C2([H])[H])oc1-c1c([H])c([H])c([H])c([N+](=O)[O-])c1[H]
HIBDRP.xaa_ZINC000478036531_79;-10.3159474;-10.909924;-10.676;68;418.582;LLNTXUMNRMSVDI-IBGZPJMESA-P;[H]c1c([H])c(C([H])([H])[H])c(N([H])C(=O)C([H])([H])C([H])([H])[N@+]2([H])C([H])([H])C([H])([H])[C@@]([H])(C([H])([H])C([H])([H])[N@@+]3([H])C([H])([H])C([H])([H])C([H])([H])C([H])([H])[C@]3([H])C([H])([H])[H])C([H])([H])C2([H])[H])c([H])c1[N+](=O)[O-]
HIBDRP.xaa_ZINC000478036532_83;-10.3954696;-10.895642;-10.554;68;418.582;LLNTXUMNRMSVDI-LJQANCHMSA-P;[H]c1c([H])c(C([H])([H])[H])c(N([H])C(=O)C([H])([H])C([H])([H])[N@+]2([H])C([H])([H])C([H])([H])[C@@]([H])(C([H])([H])C([H])([H])[N@@+]3([H])C([H])([H])C([H])([H])C([H])([H])C([H])([H])[C@@]3([H])C([H])([H])[H])C([H])([H])C2([H])[H])c([H])c1[N+](=O)[O-]
HIBDRP.xaa_ZINC000478057375_96;-10.1025342;-10.689653;-10.182;68;418.582;WPCPODWRLCGKFO-LJQANCHMSA-P;[H]c1c([H])c([N+](=O)[O-])c([H])c(C([H])([H])[H])c1N([H])C(=O)C([H])([H])C([H])([H])[N@+]1([H])C([H])([H])C([H])([H])[C@@]([H])(C([H])([H])C([H])([H])[N@@+]2([H])C([H])([H])C([H])([H])C([H])([H])C([H])([H])[C@@]2([H])C([H])([H])[H])C([H])([H])C1([H])[H]
HIBDRP.xaa_ZINC000478057371_97;-10.0151574;-10.69223;-9.801;68;418.582;WPCPODWRLCGKFO-IBGZPJMESA-P;[H]c1c([H])c([N+](=O)[O-])c([H])c(C([H])([H])[H])c1N([H])C(=O)C([H])([H])C([H])([H])[N@+]1([H])C([H])([H])C([H])([H])[C@@]([H])(C([H])([H])C([H])([H])[N@@+]2([H])C([H])([H])C([H])([H])C([H])([H])C([H])([H])[C@]2([H])C([H])([H])[H])C([H])([H])C1([H])[H]
HIBDRP.xaa_ZINC000478063817_98;-10.397074;-10.831246;-10.291;68;418.582;UHQRRMSETQCHGZ-GOSISDBHSA-P;[H]c1c([H])c(N([H])C(=O)C([H])([H])C([H])([H])[N@+]2([H])C([H])([H])C([H])([H])[C@@]([H])(C([H])([H])C([H])([H])[N@@+]3([H])C([H])([H])C([H])([H])C([H])([H])C([H])([H])[C@@]3([H])C([H])([H])[H])C([H])([H])C2([H])[H])c(C([H])([H])[H])c([N+](=O)[O-])c1[H]
HIBDRP.xaa_ZINC000478063821_99;-10.3009962;-10.60792;-10.567;68;418.582;UHQRRMSETQCHGZ-SFHVURJKSA-P;[H]c1c([H])c(N([H])C(=O)C([H])([H])C([H])([H])[N@+]2([H])C([H])([H])C([H])([H])[C@@]([H])(C([H])([H])C([H])([H])[N@@+]3([H])C([H])([H])C([H])([H])C([H])([H])C([H])([H])[C@]3([H])C([H])([H])[H])C([H])([H])C2([H])[H])c(C([H])([H])[H])c([N+](=O)[O-])c1[H]
HIBDRP.xaa_ZINC000515756610_110;-10.1132656;-10.847863;-10.398;65;426.561;OTRPQBGVOBRMOA-PKOBYXMFSA-P;[H]c1c([H])c(N([H])C(=O)[C@@]([H])(C([H])([H])[H])[N+]([H])([H])C([H])([H])c2c([H])c([H])c([H])c([H])c2C([H])([H])[N@+]2([H])C([H])([H])C([H])([H])C([H])([H])C([H])([H])[C@]2([H])C([H])([H])[H])c(C([H])([H])[H])c([N+](=O)[O-])c1[H]
HIBDRP.xaa_ZINC000550882161_140;-10.0697388;-10.208309;-10.227;66;425.573;IZVULVANSXMVAC-RBBKRZOGSA-P;[H]c1c([H])c([H])c(C([H])([H])[N@+]2([H])C([H])([H])C3(C([H])([H])C([H])([H])OC([H])([H])C3([H])[H])[C@]([H])(C([H])([H])[N+]([H])([H])[C@]([H])(c3c([H])c([N+](=O)[O-])c([H])c([H])c3C([H])([H])[H])C([H])([H])[H])C2([H])[H])c([H])c1[H]
HIBDRP.xaa_ZINC000550882159_141;-10.0887384;-10.453049;-10.516;66;425.573;IZVULVANSXMVAC-IFMALSPDSA-P;[H]c1c([H])c([H])c(C([H])([H])[N@+]2([H])C([H])([H])C3(C([H])([H])C([H])([H])OC([H])([H])C3([H])[H])[C@]([H])(C([H])([H])[N+]([H])([H])[C@@]([H])(c3c([H])c([N+](=O)[O-])c([H])c([H])c3C([H])([H])[H])C([H])([H])[H])C2([H])[H])c([H])c1[H]
HIBDRP.xaa_ZINC000551263045_167;-10.0459538;-10.400577;-10.212;66;425.573;LDEUYFHGFZAXMW-NFBKMPQASA-P;[H]c1c([H])c([H])c(C([H])([H])[N@+]2([H])C([H])([H])C3(C([H])([H])C([H])([H])OC([H])([H])C3([H])[H])[C@]([H])(C([H])([H])[N+]([H])([H])[C@@]([H])(c3c([H])c([H])c(C([H])([H])[H])c([N+](=O)[O-])c3[H])C([H])([H])[H])C2([H])[H])c([H])c1[H]
HIBDRP.xaa_ZINC000532511847_177;-10.6582999;-11.06346;-10.978;64;414.55;VIYKLIRHTIRSIO-LJQANCHMSA-P;[H]c1nc(C([H])([H])C([H])([H])[N@@+]2([H])C([H])([H])C([H])([H])C([H])([H])[C@@]([H])(C([H])([H])[N@+]3([H])C([H])([H])C([H])([H])[C@@]([H])(C([H])([H])[H])C([H])([H])C3([H])[H])C2([H])[H])oc1-c1c([H])c([H])c([H])c([N+](=O)[O-])c1[H]
HIBDRP.xaa_ZINC000532511846_178;-10.3044654;-10.782255;-10.951;64;414.55;VIYKLIRHTIRSIO-IBGZPJMESA-P;[H]c1nc(C([H])([H])C([H])([H])[N@@+]2([H])C([H])([H])C([H])([H])C([H])([H])[C@]([H])(C([H])([H])[N@+]3([H])C([H])([H])C([H])([H])[C@@]([H])(C([H])([H])[H])C([H])([H])C3([H])[H])C2([H])[H])oc1-c1c([H])c([H])c([H])c([N+](=O)[O-])c1[H]
HIBDRP.xaa_ZINC000521823134_180;-10.1383316;-10.674972;-10.502;62;421.545;JFMOLZGBEFQOIE-IBGZPJMESA-P;[H]c1c([H])c([H])c(-n2nc(-c3c([H])c([H])c([N+](=O)[O-])c([H])c3[H])c(C([H])([H])[N+]([H])([H])C([H])([H])[C@]([H])(C([H])([H])[H])C([H])([H])[N+]3([H])C([H])([H])C([H])([H])C([H])([H])C3([H])[H])c2[H])c([H])c1[H]
HIBDRP.xaa_ZINC000481175116_190;-10.2350494;-10.812193;-9.813;61;422.529;LWLICZOTMVNXMR-GCJKJVERSA-P;[H]c1nc(C([H])([H])C([H])([H])[N+]([H])([H])[C@@]2([H])C([H])([H])C([H])([H])[N@@+]([H])(C([H])([H])c3c([H])c([H])c([H])c([H])c3[H])C([H])([H])[C@@]2([H])C([H])([H])[H])oc1-c1c([H])c([H])c([H])c([N+](=O)[O-])c1[H]
HIBDRP.xaa_ZINC000481175121_192;-10.1634152;-10.913385;-10.591;61;422.529;LWLICZOTMVNXMR-XMSQKQJNSA-P;[H]c1nc(C([H])([H])C([H])([H])[N+]([H])([H])[C@]2([H])C([H])([H])C([H])([H])[N@@+]([H])(C([H])([H])c3c([H])c([H])c([H])c([H])c3[H])C([H])([H])[C@@]2([H])C([H])([H])[H])oc1-c1c([H])c([H])c([H])c([N+](=O)[O-])c1[H]
HIBDRP.xaa_ZINC000481175119_193;-10.1686418;-10.756988;-10.43;61;422.529;LWLICZOTMVNXMR-PGRDOPGGSA-P;[H]c1nc(C([H])([H])C([H])([H])[N+]([H])([H])[C@]2([H])C([H])([H])C([H])([H])[N@@+]([H])(C([H])([H])c3c([H])c([H])c([H])c([H])c3[H])C([H])([H])[C@]2([H])C([H])([H])[H])oc1-c1c([H])c([H])c([H])c([N+](=O)[O-])c1[H]
HIBDRP.xaa_ZINC000433282728_216;-10.1776199;-10.4405365;-10.27;63;411.546;NGCQVGOPTAWVAA-HSZRJFAPSA-P;[H]O[C@]1([H])C([H])([H])C([H])([H])[N@@+]([H])(C([H])([H])c2c([H])c([H])c([H])c([H])c2C([H])([H])[N+]([H])([H])[C@@]2([H])c3c([H])c([N+](=O)[O-])c([H])c([H])c3C(C([H])([H])[H])(C([H])([H])[H])C2([H])[H])C([H])([H])C1([H])[H]
HIBDRP.xaa_ZINC000433282729_217;-10.022023;-10.518211;-10.746;63;411.546;NGCQVGOPTAWVAA-QHCPKHFHSA-P;[H]O[C@]1([H])C([H])([H])C([H])([H])[N@@+]([H])(C([H])([H])c2c([H])c([H])c([H])c([H])c2C([H])([H])[N+]([H])([H])[C@]2([H])c3c([H])c([N+](=O)[O-])c([H])c([H])c3C(C([H])([H])[H])(C([H])([H])[H])C2([H])[H])C([H])([H])C1([H])[H]
HIBDRP.xaa_ZINC000532950081_225;-10.372212199999998;-10.642748;-11.053;64;414.55;XUAOKHNVDMWUTK-LJQANCHMSA-P;[H]c1nc(C([H])([H])C([H])([H])[N@+]2([H])C([H])([H])C([H])([H])C([H])([H])[C@]([H])(C([H])([H])[N+]3([H])C([H])([H])C([H])([H])C([H])([H])C([H])([H])C([H])([H])C3([H])[H])C2([H])[H])oc1-c1c([H])c([H])c([H])c([N+](=O)[O-])c1[H]
HIBDRP.xaa_ZINC000532950080_226;-10.4198336;-10.652942;-11.05;64;414.55;XUAOKHNVDMWUTK-IBGZPJMESA-P;[H]c1nc(C([H])([H])C([H])([H])[N@+]2([H])C([H])([H])C([H])([H])C([H])([H])[C@@]([H])(C([H])([H])[N+]3([H])C([H])([H])C([H])([H])C([H])([H])C([H])([H])C([H])([H])C3([H])[H])C2([H])[H])oc1-c1c([H])c([H])c([H])c([N+](=O)[O-])c1[H]
HIBDRP.xaa_ZINC000503893626_259;-10.326985;-11.002847;-10.412;62;421.545;NYOHEKREIKCPNI-UHFFFAOYSA-P;[H]c1c([H])c([H])c(-n2nc(-c3c([H])c([H])c([N+](=O)[O-])c([H])c3[H])c(C([H])([H])[N+]([H])([H])C([H])([H])[C@]3(C([H])([H])[H])C([H])([H])C([H])([H])[N@@+]([H])(C([H])([H])[H])C([H])([H])C3([H])[H])c2[H])c([H])c1[H]
HIBDRP.xaa_ZINC000236817262_279;-10.2723914;-10.76563;-9.748;62;421.545;ITIRUWOSARGFLP-LJQANCHMSA-P;[H]c1c([H])c([H])c(-n2nc(-c3c([H])c([H])c([N+](=O)[O-])c([H])c3[H])c(C([H])([H])[N+]([H])([H])C([H])([H])[C@@]3([H])C([H])([H])C([H])([H])[N@@+]([H])(C([H])([H])C([H])([H])C([H])([H])[H])C3([H])[H])c2[H])c([H])c1[H]
HIBDRP.xaa_ZINC000236816964_280;-10.4016162;-10.860673;-9.903;62;421.545;ITIRUWOSARGFLP-IBGZPJMESA-P;[H]c1c([H])c([H])c(-n2nc(-c3c([H])c([H])c([N+](=O)[O-])c([H])c3[H])c(C([H])([H])[N+]([H])([H])C([H])([H])[C@]3([H])C([H])([H])C([H])([H])[N@@+]([H])(C([H])([H])C([H])([H])C([H])([H])[H])C3([H])[H])c2[H])c([H])c1[H]
HIBDRP.xaa_ZINC000236836885_282;-10.179416;-10.789302;-9.642;62;421.545;RIOBHHMORHBROU-LJQANCHMSA-P;[H]c1c([H])c([H])c(-n2nc(-c3c([H])c([H])c([N+](=O)[O-])c([H])c3[H])c(C([H])([H])[N+]([H])([H])C([H])([H])[C@@]3([H])C([H])([H])C([H])([H])C([H])([H])[N@@+]([H])(C([H])([H])C([H])([H])[H])C3([H])[H])c2[H])c([H])c1[H]
HIBDRP.xaa_ZINC000236836595_283;-10.2554938;-10.928125;-10.233;62;421.545;RIOBHHMORHBROU-IBGZPJMESA-P;[H]c1c([H])c([H])c(-n2nc(-c3c([H])c([H])c([N+](=O)[O-])c([H])c3[H])c(C([H])([H])[N+]([H])([H])C([H])([H])[C@]3([H])C([H])([H])C([H])([H])C([H])([H])[N@@+]([H])(C([H])([H])C([H])([H])[H])C3([H])[H])c2[H])c([H])c1[H]
HIBDRP.xaa_ZINC000237065020_300;-10.6323968;-10.911396;-10.72;62;421.545;KSGPVHTXBBNHRZ-UHFFFAOYSA-P;[H]c1c([H])c([H])c(-n2nc(-c3c([H])c([H])c([N+](=O)[O-])c([H])c3[H])c(C([H])([H])[N+]([H])([H])C([H])([H])C([H])([H])[C@]3([H])C([H])([H])C([H])([H])[N@@+]([H])(C([H])([H])[H])C([H])([H])C3([H])[H])c2[H])c([H])c1[H]
HEAARP.xaa_ZINC000082136735_19;-10.0674934;-10.816112;-9.899;71;413.63;QSWMSPFZFOJOHC-NRFANRHFSA-Q;[H]c1c([H])c([H])c2c(c1[H])C([H])([H])C([H])([N@+]1([H])C([H])([H])C([H])([H])[C@@]([H])([N@+]3([H])C([H])([H])C([H])([H])C([H])([H])[C@]([H])(C(=O)N([H])C4([H])C([H])([H])C([H])([H])[N+]([H])([H])C([H])([H])C4([H])[H])C3([H])[H])C([H])([H])C1([H])[H])C2([H])[H]
HGBARM.xaa_ZINC000100811527_92;-10.3482747;-10.761765;-9.908;36;415.323;BKHSDLWFIAYXPL-UHFFFAOYSA-M;[H]c1c([H])c(-c2nnc([N-]C(=O)c3c([H])c([H])c([N+](=O)[O-])c([H])c3[N+](=O)[O-])s2)c([H])c([N+](=O)[O-])c1[H]
HGBARM.xaa_ZINC000003146423_271;-10.264567199999998;-10.54009;-10.37;42;415.337;QBZQMQFNHMJFRY-UHFFFAOYSA-M;[H]c1c([H])c(C(=O)[O-])c([H])c(N2C(=O)c3c([H])c([H])c(C(=O)c4c([H])c([H])c([H])c([N+](=O)[O-])c4[H])c([H])c3C2=O)c1[H]
HHBARM.xaa_ZINC000036009212_31;-10.2263186;-10.735994;-10.409;41;420.313;JBBSDZDZQVKLLG-UHFFFAOYSA-M;[H]c1c([H])c(Oc2c([H])c([H])c3c(c2[H])C(=O)N(c2c([H])c([N+](=O)[O-])c([H])c([H])c2[O-])C3=O)c([H])c([N+](=O)[O-])c1[H]
HHBARM.xaa_ZINC000004506684_164;-10.1197309;-10.320964;-9.229;44;404.358;FYXVQXXQPFETKN-UHFFFAOYSA-M;[H]c1c([H])c(C(=O)[O-])c([H])c(N([H])C(=O)c2c([H])c([H])c([H])c(N([H])C(=O)c3c([H])c([H])c([H])c([N+](=O)[O-])c3[H])c2[H])c1[H]
HHBARM.xaa_ZINC000020849670_168;-10.0916642;-10.364232;-9.289;40;404.318;IARWLSUQHTUXAN-UHFFFAOYSA-M;[H]c1c([H])c(-c2nc3nn([H])c(-c4c([H])c([H])c([H])c([N+](=O)[O-])c4[H])c3c(C(=O)[O-])c2[H])c([H])c([N+](=O)[O-])c1[H]
HGBBRM.xaa_ZINC000146480388_135;-10.343486000000002;-10.592333;-10.091;37;414.331;RBHZNXNRNRKSCW-RZNTYIFUSA-M;[H]/C(=C1/SC(=O)[N-]C1=O)c1c([H])c([H])c([H])c(OC(=O)c2c([H])c([N+](=O)[O-])c([H])c([N+](=O)[O-])c2[H])c1[H]
HFAARP.xaa_ZINC000082106921_11;-10.0483334;-10.596419;-10.669;72;414.638;VWZISELRCJTGMF-QHCPKHFHSA-P;[H]c1c([H])c([H])c(C([H])([H])C([H])([H])N2C([H])([H])C([H])([H])C([H])([N@+]3([H])C([H])([H])C([H])([H])C([H])([H])[C@]([H])(C(=O)N4C([H])([H])C([H])([H])C([H])(C([H])([H])[N+]([H])([H])[H])C([H])([H])C4([H])[H])C3([H])[H])C([H])([H])C2([H])[H])c([H])c1[H]
HFAARP.xaa_ZINC000082106922_12;-10.152798;-10.27571;-9.795;72;414.638;VWZISELRCJTGMF-HSZRJFAPSA-P;[H]c1c([H])c([H])c(C([H])([H])C([H])([H])N2C([H])([H])C([H])([H])C([H])([N@+]3([H])C([H])([H])C([H])([H])C([H])([H])[C@@]([H])(C(=O)N4C([H])([H])C([H])([H])C([H])(C([H])([H])[N+]([H])([H])[H])C([H])([H])C4([H])[H])C3([H])[H])C([H])([H])C2([H])[H])c([H])c1[H]
HFAARP.xaa_ZINC000082107185_13;-10.057567;-10.599649;-9.92;72;414.638;HIRLMPOTUSVEON-QHCPKHFHSA-P;[H]c1c([H])c([H])c(C([H])([H])C([H])([H])N2C([H])([H])C([H])([H])C([H])([N@+]3([H])C([H])([H])C([H])([H])C([H])([H])[C@]([H])(C(=O)N([H])C([H])([H])C4([H])C([H])([H])C([H])([H])[N+]([H])([H])C([H])([H])C4([H])[H])C3([H])[H])C([H])([H])C2([H])[H])c([H])c1[H]
HFAARP.xaa_ZINC000082107186_14;-10.0924071;-10.68588;-9.707;72;414.638;HIRLMPOTUSVEON-HSZRJFAPSA-P;[H]c1c([H])c([H])c(C([H])([H])C([H])([H])N2C([H])([H])C([H])([H])C([H])([N@+]3([H])C([H])([H])C([H])([H])C([H])([H])[C@@]([H])(C(=O)N([H])C([H])([H])C4([H])C([H])([H])C([H])([H])[N+]([H])([H])C([H])([H])C4([H])[H])C3([H])[H])C([H])([H])C2([H])[H])c([H])c1[H]
HFAARP.xaa_ZINC000082127211_15;-10.3143514;-10.790365;-10.076;73;415.646;RZPNDYYOBZNRAO-JOCHJYFZSA-Q;[H]c1c([H])c([H])c(C([H])([H])C([H])([H])C([H])([H])[N@+]2([H])C([H])([H])C([H])([H])[C@@]([H])([N@+]3([H])C([H])([H])C([H])([H])[C@@]([H])(C(=O)N4C([H])([H])C([H])([H])[C@]([H])(C([H])([H])[N+]([H])([H])[H])C4([H])[H])C([H])([H])C3([H])[H])C([H])([H])C2([H])[H])c([H])c1[H]
HFAARP.xaa_ZINC000082127215_16;-10.2290879;-10.856916;-9.712;73;415.646;RZPNDYYOBZNRAO-QFIPXVFZSA-Q;[H]c1c([H])c([H])c(C([H])([H])C([H])([H])C([H])([H])[N@+]2([H])C([H])([H])C([H])([H])[C@@]([H])([N@+]3([H])C([H])([H])C([H])([H])[C@@]([H])(C(=O)N4C([H])([H])C([H])([H])[C@@]([H])(C([H])([H])[N+]([H])([H])[H])C4([H])[H])C([H])([H])C3([H])[H])C([H])([H])C2([H])[H])c([H])c1[H]
HFAARP.xaa_ZINC000082145788_19;-10.1453774;-10.503001;-9.785;73;415.646;DOIGUJPQRVLZHU-UHFFFAOYSA-Q;[H]c1c([H])c([H])c(C([H])([H])C([H])([H])C([H])([H])[N@+]2([H])C([H])([H])C([H])([H])[C@@]([H])([N@+]3([H])C([H])([H])C([H])([H])[C@@]([H])(C(=O)N4C([H])([H])C([H])([H])C([H])([N+]([H])([H])[H])C([H])([H])C4([H])[H])C([H])([H])C3([H])[H])C([H])([H])C2([H])[H])c([H])c1[H]
HFAARP.xaa_ZINC000244595016_27;-10.5288758;-11.247743;-9.881;73;415.646;DMXWRNSWEQLEGV-RJGXRXQPSA-Q;[H]c1c([H])c([H])c(C([H])([H])C([H])([H])[N@+]2([H])C([H])([H])C([H])([H])[C@@]([H])([N@+]3([H])C([H])([H])C([H])([H])C([H])([H])[C@]([H])(C(=O)N([H])[C@]4([H])C([H])([H])C([H])([H])[C@]([H])([N+]([H])([H])[H])C([H])([H])C4([H])[H])C3([H])[H])C([H])([H])C2([H])[H])c([H])c1[H]
HFAARP.xaa_ZINC000244595017_28;-10.5630888;-11.01693;-10.217;73;415.646;DMXWRNSWEQLEGV-ZLNRFVROSA-Q;[H]c1c([H])c([H])c(C([H])([H])C([H])([H])[N@+]2([H])C([H])([H])C([H])([H])[C@@]([H])([N@+]3([H])C([H])([H])C([H])([H])C([H])([H])[C@@]([H])(C(=O)N([H])[C@]4([H])C([H])([H])C([H])([H])[C@]([H])([N+]([H])([H])[H])C([H])([H])C4([H])[H])C3([H])[H])C([H])([H])C2([H])[H])c([H])c1[H]
HGBAMN.xaa_ZINC000100811527_53;-10.0408702;-10.551176;-9.316;37;416.331;BKHSDLWFIAYXPL-UHFFFAOYSA-N;[H]c1c([H])c(-c2nnc(N([H])C(=O)c3c([H])c([H])c([N+](=O)[O-])c([H])c3[N+](=O)[O-])s2)c([H])c([N+](=O)[O-])c1[H]
HKEBRO.xaa_ZINC000031842282_219;-10.0060758;-12.344231;-9.317;75;413.674;LRPQGJDBBJVAQC-ZQZMJUSDSA-O;[H][N+](=C1N(C2([H])C([H])([H])C([H])([H])C([H])([H])C([H])([H])C2([H])[H])C(=NC2([H])C([H])([H])C([H])([H])C([H])([H])C([H])([H])C2([H])[H])N1C1([H])C([H])([H])C([H])([H])C([H])([H])C([H])([H])C1([H])[H])C1([H])C([H])([H])C([H])([H])C([H])([H])C([H])([H])C1([H])[H]
HIEBMN.xaa_ZINC000004595649_96;-10.474489600000002;-10.583166;-10.175;50;413.441;WIGUAOLHAHQBQS-WNAAXNPUSA-N;[H]c1c(/N=N/C([H])([H])c2c([H])c([H])c([H])c([N+](=O)[O-])c2[H])nc(-c2c([H])c([H])c([H])c([H])c2[H])nc1-n1nc(C([H])([H])[H])c([H])c1C([H])([H])[H]
HBBDRO.xaa_ZINC000603910177_7;-10.2580815;-10.689406;-10.753;55;424.503;LXJMTAYKMOTABQ-GJZGRUSLSA-O;[H]c1c([H])c([N+](=O)[O-])c([H])c(S(=O)(=O)N2C([H])([H])C([H])([H])N(C(=O)C([H])([H])N3C([H])([H])[C@]4([H])C([H])([H])[N+]([H])([H])C([H])([H])[C@@]4([H])C3([H])[H])C([H])([H])C2([H])[H])c1[H]
HBBDRO.xaa_ZINC000603910176_10;-10.0025746;-10.386499;-10.386;55;424.503;LXJMTAYKMOTABQ-GASCZTMLSA-O;[H]c1c([H])c([N+](=O)[O-])c([H])c(S(=O)(=O)N2C([H])([H])C([H])([H])N(C(=O)C([H])([H])N3C([H])([H])[C@@]4([H])C([H])([H])[N+]([H])([H])C([H])([H])[C@@]4([H])C3([H])[H])C([H])([H])C2([H])[H])c1[H]
HBBDRO.xaa_ZINC000603910240_11;-10.4252516;-10.774441;-10.684;55;424.503;LXJMTAYKMOTABQ-HUUCEWRRSA-O;[H]c1c([H])c([N+](=O)[O-])c([H])c(S(=O)(=O)N2C([H])([H])C([H])([H])N(C(=O)C([H])([H])N3C([H])([H])[C@@]4([H])C([H])([H])[N+]([H])([H])C([H])([H])[C@]4([H])C3([H])[H])C([H])([H])C2([H])[H])c1[H]
HBBDRO.xaa_ZINC000582736807_310;-10.098313999999998;-10.879226;-11.0;50;412.448;JHKSCRBJTVQBRG-JSGCOSHPSA-O;[H]c1c([H])c([N+](=O)[O-])c([H])c(S(=O)(=O)N([H])C([H])([H])C([H])([H])C(=O)N2C([H])([H])C([H])([H])N3C(=O)[C@@]([H])([N+]([H])([H])[H])C([H])([H])[C@@]3([H])C2([H])[H])c1[H]
HBBDRO.xaa_ZINC000582736809_311;-10.1178122;-10.657616;-7.397;50;412.448;JHKSCRBJTVQBRG-TZMCWYRMSA-O;[H]c1c([H])c([N+](=O)[O-])c([H])c(S(=O)(=O)N([H])C([H])([H])C([H])([H])C(=O)N2C([H])([H])C([H])([H])N3C(=O)[C@]([H])([N+]([H])([H])[H])C([H])([H])[C@]3([H])C2([H])[H])c1[H]
HGADRP.xaa_ZINC001164841001_130;-10.0078712;-10.77511;-9.62;68;423.605;UHSFIZMDHUQSNE-JOCHJYFZSA-P;[H]c1nc(N2C([H])([H])C([H])([H])C3(OC([H])([H])[C@]([H])([N@+]([H])(C([H])([H])[H])C([H])([H])c4c([H])c([H])c([H])c([H])c4[H])C3([H])[H])C([H])([H])C2([H])[H])nc(C2([H])C([H])([H])C([H])([H])[N+]([H])([H])C([H])([H])C2([H])[H])c1[H]
HFEBRM.xaa_ZINC000015017479_18;-10.0530592;-10.29116;-8.828;41;407.326;HABAHLXKHIYDDX-RELWKKBWSA-M;[H]c1c([N+](=O)[O-])c([H])c(C([H])([H])/N=N/c2nnc3c4c([H])c(C([H])([H])[H])c([H])c([H])c4n([H])c3n2)c([O-])c1[N+](=O)[O-]
HFEBRM.xaa_ZINC000015015564_324;-10.1108612;-10.469683;-9.288;41;407.326;XNDMRYIUHIYYCJ-RELWKKBWSA-M;[H]c1c([N+](=O)[O-])c([H])c(C([H])([H])/N=N/c2nnc3c4c([H])c([H])c([H])c(C([H])([H])[H])c4n([H])c3n2)c([O-])c1[N+](=O)[O-]
HEAAMP.xaa_ZINC000082109339_37;-10.027774;-10.584802;-10.119;71;413.63;HGKJHIYXUNKVED-OAQYLSRUSA-Q;[H]c1c([H])c([H])c2c(c1[H])C([H])([H])C([H])([N@+]1([H])C([H])([H])C([H])([H])[C@@]([H])([N@@+]3([H])C([H])([H])C([H])([H])C([H])([H])[C@@]([H])(C(=O)N4C([H])([H])C([H])([H])C([H])([N+]([H])([H])[H])C([H])([H])C4([H])[H])C3([H])[H])C([H])([H])C1([H])[H])C2([H])[H]
HEAAMP.xaa_ZINC000082136736_44;-10.016901999999998;-10.974781;-9.567;71;413.63;QSWMSPFZFOJOHC-OAQYLSRUSA-Q;[H]c1c([H])c([H])c2c(c1[H])C([H])([H])C([H])([N@+]1([H])C([H])([H])C([H])([H])[C@@]([H])([N@@+]3([H])C([H])([H])C([H])([H])C([H])([H])[C@@]([H])(C(=O)N([H])C4([H])C([H])([H])C([H])([H])[N+]([H])([H])C([H])([H])C4([H])[H])C3([H])[H])C([H])([H])C1([H])[H])C2([H])[H]
HEAAMP.xaa_ZINC000082136735_47;-10.0162236;-10.692448;-9.206;71;413.63;QSWMSPFZFOJOHC-NRFANRHFSA-Q;[H]c1c([H])c([H])c2c(c1[H])C([H])([H])C([H])([N@+]1([H])C([H])([H])C([H])([H])[C@@]([H])([N@@+]3([H])C([H])([H])C([H])([H])C([H])([H])[C@]([H])(C(=O)N([H])C4([H])C([H])([H])C([H])([H])[N+]([H])([H])C([H])([H])C4([H])[H])C3([H])[H])C([H])([H])C1([H])[H])C2([H])[H]
HJEBMN.xaa_ZINC000033536793_76;-10.0518106;-10.350141;-10.126;44;418.434;PCPGVOXPOKHSDD-LPYMAVHISA-N;[H]/C(=N\N=c1/sc2c([H])c([H])c([H])c([H])c2n1[H])c1c([H])c([H])c(OC(=O)c2c([H])c([H])c([H])c([N+](=O)[O-])c2[H])c([H])c1[H]
HJEBMN.xaa_ZINC000013302634_223;-10.0518106;-10.350141;-10.06;44;418.434;PCPGVOXPOKHSDD-LPYMAVHISA-N;[H]/C(=N\N=c1/sc2c([H])c([H])c([H])c([H])c2n1[H])c1c([H])c([H])c(OC(=O)c2c([H])c([H])c([H])c([N+](=O)[O-])c2[H])c([H])c1[H]
HHBARO.xaa_ZINC000020893171_123;-10.1137704;-10.301067;-9.541;56;408.482;HCNNEZQEQPFMAC-UHFFFAOYSA-O;[H]c1c([H])c(C(=O)N([H])c2c([H])c([H])c3c(nc(C([H])([H])[N@+]4([H])C([H])([H])C([H])([H])[C@@]([H])(C([H])([H])[H])C([H])([H])C4([H])[H])n3C([H])([H])[H])c2[H])c([H])c([N+](=O)[O-])c1[H]
IGADRP.xaa_ZINC001164634537_33;-10.254448;-10.696459;-10.481;65;444.587;VNEJXHFRDKKQEX-UHFFFAOYSA-P;[H]c1nc([H])c(C([H])([H])N(c2nc([H])c([H])c(C([H])([H])[N+]([H])(C([H])([H])[H])C([H])([H])[H])c2[H])c2c([H])c([H])c3nc(C4([H])C([H])([H])C([H])([H])[N+]([H])([H])C([H])([H])C4([H])[H])nn3c2[H])c([H])c1[H]
IGADRP.xaa_ZINC001164688536_122;-10.1336544;-10.277457;-10.612;65;442.629;XJNOWYHJDWSKAO-QFIPXVFZSA-P;[H]c1nc(N([C@@]2([H])C([H])([H])C([H])([H])C23C([H])([H])C([H])([H])[N+]([H])([H])C([H])([H])C3([H])[H])S(=O)(=O)c2c([H])c([H])c([H])c([H])c2[H])c([H])c([H])c1C([H])([H])[N+]1([H])C([H])([H])C([H])([H])C([H])([H])C1([H])[H]
IGADRP.xaa_ZINC001164842831_147;-10.1408284;-10.724637;-9.683;72;438.64;ZBZJLQOXSDXJLT-QHCPKHFHSA-Q;[H]c1c([H])c([H])c(C([H])([H])[N@@+]([H])(C([H])([H])[H])[C@]2([H])C([H])([H])OC3(C([H])([H])C([H])([H])N(c4c([H])c([H])c([H])c(N5C([H])([H])C([H])([H])C([H])([N+]([H])([H])[H])C([H])([H])C5([H])[H])[n+]4[H])C([H])([H])C3([H])[H])C2([H])[H])c([H])c1[H]
IGADRP.xaa_ZINC001164842829_148;-10.2015536;-10.745572;-9.573;72;438.64;ZBZJLQOXSDXJLT-HSZRJFAPSA-Q;[H]c1c([H])c([H])c(C([H])([H])[N@@+]([H])(C([H])([H])[H])[C@@]2([H])C([H])([H])OC3(C([H])([H])C([H])([H])N(c4c([H])c([H])c([H])c(N5C([H])([H])C([H])([H])C([H])([N+]([H])([H])[H])C([H])([H])C5([H])[H])[n+]4[H])C([H])([H])C3([H])[H])C2([H])[H])c([H])c1[H]
IICARO.xaa_ZINC000101305083_72;-10.0110197;-10.53274;-9.606;64;443.571;WAJAAXUKXQAYFT-AJPHYDNBSA-O;[H]O[C@]([H])(C([H])([H])n1c([H])c(/C([H])=C2/C(=O)N(c3c([H])c([H])c([H])c([H])c3[H])N=C2C([H])([H])[H])c2c([H])c([H])c([H])c([H])c21)C([H])([H])[N+]1([H])C([H])([H])C([H])([H])C([H])([H])C([H])([H])C1([H])[H]
IICARO.xaa_ZINC000101305079_73;-10.0193006;-10.248283;-9.698;64;443.571;WAJAAXUKXQAYFT-DZQSVEARSA-O;[H]O[C@@]([H])(C([H])([H])n1c([H])c(/C([H])=C2/C(=O)N(c3c([H])c([H])c([H])c([H])c3[H])N=C2C([H])([H])[H])c2c([H])c([H])c([H])c([H])c21)C([H])([H])[N+]1([H])C([H])([H])C([H])([H])C([H])([H])C([H])([H])C1([H])[H]
IDBBRN.xaa_ZINC000009035931_80;-10.5425462;-11.443563;-10.23;54;442.432;UCDKZVCQHBFHSN-UHFFFAOYSA-N;[H]c1c([H])c(N([H])C(=O)C([H])([H])N2C([H])([H])C([H])([H])N(C([H])([H])C(=O)N([H])c3c([H])c([H])c([H])c([N+](=O)[O-])c3[H])C([H])([H])C2([H])[H])c([H])c([N+](=O)[O-])c1[H]
IDBBRN.xaa_ZINC000018251631_97;-10.7414811;-10.947899;-11.321;46;447.367;MWJQBGXOJKAMCA-MHWRWJLKSA-N;[H]/C(C(=O)c1c([H])c([H])c([H])c([N+](=O)[O-])c1[H])=c1/c(C([H])([H])C(=O)c2c([H])c([H])c([H])c([N+](=O)[O-])c2[H])nc2nnc(N([H])[H])n12
IDBBRN.xaa_ZINC000105540716_173;-10.210295599999998;-10.457207;-9.228;41;430.285;LTIJDJAVZSAJAM-UHFFFAOYSA-N;[H]c1c([H])c([N+](=O)[O-])c([H])c2c1C(=O)N(C([H])([H])C([H])([H])OC(=O)c1c([H])c([N+](=O)[O-])c([H])c([N+](=O)[O-])c1[H])C2=O
IDBBRN.xaa_ZINC000105540719_174;-10.101258;-10.362262;-9.726;41;430.285;BTZDHLWMCZOHLN-UHFFFAOYSA-N;[H]c1c([H])c2c(c([N+](=O)[O-])c1[H])C(=O)N(C([H])([H])C([H])([H])OC(=O)c1c([H])c([N+](=O)[O-])c([H])c([N+](=O)[O-])c1[H])C2=O
IDBBRN.xaa_ZINC000408674944_198;-10.0716186;-11.04758;-10.404;49;435.404;NEWCYMOGHZSZNM-UHFFFAOYSA-N;[H]c1c([H])c([H])c(N([H])c2nc(N([H])c3c([H])c([H])c([N+](=O)[O-])c4nonc34)nc(N3C([H])([H])C([H])([H])OC([H])([H])C3([H])[H])n2)c([H])c1[H]
IDBBRN.xaa_ZINC000016399662_282;-10.5157116;-10.997936;-10.182;45;444.447;XKGRBIQCJJCDCW-UHFFFAOYSA-N;[H]c1c([H])c([N+](=O)[O-])c([H])c(S(=O)(=O)N([H])C([H])([H])C([H])([H])C([H])([H])N([H])S(=O)(=O)c2c([H])c([H])c([H])c([N+](=O)[O-])c2[H])c1[H]
ICBDRO.xaa_ZINC001618476516_190;-10.373291;-10.814615;-10.095;62;444.516;RARMVSSVYAXYCK-UHFFFAOYSA-O;[H]O[C@]1([H])C([H])([H])C([H])([H])[N@@+]([H])(C([H])([H])C([H])([H])C([H])([H])n2c(-c3c([H])c([H])c([H])c([N+](=O)[O-])c3[H])nnc2N2C([H])([H])C(=O)N(C([H])([H])[H])C([H])([H])C2([H])[H])C([H])([H])C1([H])[H]
IIEBMN.xaa_ZINC000020407207_110;-10.4087485;-10.8616295;-9.937;47;440.437;HWFCZCAJHAJCJJ-FYJGNVAPSA-N;[H]/C(=N\c1c([H])c([H])c([H])c([H])c1N([H])S(=O)(=O)c1c([H])c([H])c(C([H])([H])[H])c([N+](=O)[O-])c1[H])c1c([H])c([H])c([H])c([N+](=O)[O-])c1[H]
IFEARM.xaa_ZINC000032124962_151;-10.096578;-10.522487;-9.928;44;439.343;GENGETSYCDWJLC-DNTJNYDQSA-M;[H]/C(=N\N=c1/nc2n([H])onc-2nc1N([H])c1c([H])c([H])c([H])c([H])c1F)c1c([H])c(OC([H])([H])[H])c([O-])c([N+](=O)[O-])c1[H]
IFADRP.xaa_ZINC001164820607_62;-10.0213782;-10.336243;-10.145;68;449.043;HWMSWQJCYUBFCT-PMACEKPBSA-P;[H]c1c(Cl)nc(N2C([H])([H])C([H])([H])[C@]3([H])N(C([H])([H])[C@]4([H])C([H])([H])C([H])([H])[N@@+]([H])(C([H])([H])[H])C([H])([H])C4([H])[H])C(=O)C([H])([H])C([H])([H])[C@]23[H])nc1C1([H])C([H])([H])C([H])([H])[N+]([H])([H])C([H])([H])C1([H])[H]
IFADRP.xaa_ZINC001164820612_64;-10.1589786;-10.447204;-10.512;68;449.043;HWMSWQJCYUBFCT-UXHICEINSA-P;[H]c1c(Cl)nc(N2C([H])([H])C([H])([H])[C@]3([H])N(C([H])([H])[C@]4([H])C([H])([H])C([H])([H])[N@@+]([H])(C([H])([H])[H])C([H])([H])C4([H])[H])C(=O)C([H])([H])C([H])([H])[C@@]23[H])nc1C1([H])C([H])([H])C([H])([H])[N+]([H])([H])C([H])([H])C1([H])[H]
IFADRP.xaa_ZINC001164681409_134;-10.0761554;-10.412682;-11.071;72;449.643;NVEYPTMZHGEDLX-OAQYLSRUSA-P;[H]c1c(N2C([H])([H])C([H])([H])C3(c4c([H])c([H])c([H])c([H])c4[C@]([H])(C([H])([H])C(=O)N([H])C([H])([H])C([H])([H])[N+]([H])(C([H])([H])[H])C([H])([H])[H])C3([H])[H])C([H])([H])C2([H])[H])nc2c(c1[H])C([H])([H])[N+]([H])([H])C([H])([H])C2([H])[H]
IFADRP.xaa_ZINC001164843384_142;-10.009269800000002;-10.598028;-9.787;70;438.62;OZXTVRBJHAWBDN-JOCHJYFZSA-P;[H]c1nc(N2C([H])([H])C([H])([H])C3(OC([H])([H])[C@]([H])([N@+]([H])(C([H])([H])[H])C([H])([H])c4c([H])c([H])c([H])c([H])c4[H])C3([H])[H])C([H])([H])C2([H])[H])nc(N2C([H])([H])C([H])([H])C([H])([N+]([H])([H])[H])C([H])([H])C2([H])[H])c1[H]
IFADRP.xaa_ZINC001164839342_146;-10.1775374;-10.54048;-9.793;69;439.604;LEQOWXKTORONQW-OAQYLSRUSA-P;[H]c1c(OC2([H])C([H])([H])C([H])([H])[N+]([H])([H])C([H])([H])C2([H])[H])nnc(N2C([H])([H])C([H])([H])C3(OC([H])([H])[C@]([H])([N@+]([H])(C([H])([H])[H])C([H])([H])c4c([H])c([H])c([H])c([H])c4[H])C3([H])[H])C([H])([H])C2([H])[H])c1[H]
IFADRP.xaa_ZINC001164839341_148;-10.050310200000002;-10.296238;-10.125;69;439.604;LEQOWXKTORONQW-NRFANRHFSA-P;[H]c1c(OC2([H])C([H])([H])C([H])([H])[N+]([H])([H])C([H])([H])C2([H])[H])nnc(N2C([H])([H])C([H])([H])C3(OC([H])([H])[C@@]([H])([N@+]([H])(C([H])([H])[H])C([H])([H])c4c([H])c([H])c([H])c([H])c4[H])C3([H])[H])C([H])([H])C2([H])[H])c1[H]
IJEBMN.xaa_ZINC000408730920_35;-10.1370048;-10.492217;-10.574;48;448.46;VXVHMFXTRNFPLR-YDZHTSKRSA-N;[H]/C(=N\N=c1/sc2c([H])c([H])c([H])c([H])c2n1[H])c1c([H])c([H])c(OC(=O)c2c([H])c([H])c([H])c([N+](=O)[O-])c2[H])c(OC([H])([H])[H])c1[H]
IJEBMN.xaa_ZINC000033743465_86;-10.7967127;-11.079006;-10.166;53;440.467;PHCLMOYIMAAXCX-PCLIKHOPSA-N;[H]/C(=N\N=c1/nc(N([H])c2c([H])c([H])c([H])c([H])c2[H])n([H])c(N([H])C([H])([H])c2c([H])c([H])c([H])c([H])c2[H])n1)c1c([H])c([H])c([H])c([N+](=O)[O-])c1[H]
IGEBRM.xaa_ZINC000408731617_86;-10.0513356;-10.509019;-9.473;46;445.371;MIYZQNHJTIVEGZ-WSDLNYQXSA-M;[H]/C(=N\N([H])c1nc(=O)c2c([H])c([H])c([H])c([H])c2n1-c1c([H])c([H])c([H])c([H])c1[H])c1c([H])c([N+](=O)[O-])c([H])c([N+](=O)[O-])c1[O-]
IGEBRM.xaa_ZINC000034719273_132;-10.060845;-10.602215;-10.797;52;447.439;XVDSVHRRVMBIFX-NJNXFGOHSA-N;[H]c1c([H])c(C([H])([H])[H])c([H])c([H])c1N([H])/N=c1\[n-]c2nonc2nc1/N=N/C([H])([H])c1c([H])c([H])c(N(C([H])([H])[H])C([H])([H])[H])c([N+](=O)[O-])c1[H]
IKCARO.xaa_ZINC000100473543_40;-10.4334378;-10.931542;-9.74;50;441.423;UDLUQTWRGDARNJ-UHFFFAOYSA-N;[H]c1c([H])c([H])c([N+](=O)[O-])c(-c2c([H])c([H])c(N([H])[N+](=O)c3c([H])c([H])c(-c4c([H])c([H])c([H])c([H])c4[N+](=O)[O-])c([H])c3[H])c([H])c2[H])c1[H]
IKCARO.xaa_ZINC000253406067_41;-10.4334378;-10.931542;-9.755;50;441.423;UDLUQTWRGDARNJ-UHFFFAOYSA-N;[H]c1c([H])c([H])c([N+](=O)[O-])c(-c2c([H])c([H])c(N([H])[N+](=O)c3c([H])c([H])c(-c4c([H])c([H])c([H])c([H])c4[N+](=O)[O-])c([H])c3[H])c([H])c2[H])c1[H]
IEADRP.xaa_ZINC001164828006_83;-10.0827516;-10.386904;-10.205;73;443.636;NWAISKIHJRNHKX-PKTZIBPZSA-P;[H]c1nc(N2C([H])([H])C([H])([H])[C@]3([H])N(C([H])([H])[C@]4([H])C([H])([H])C([H])([H])[N@@+]([H])(C([H])([H])[H])C([H])([H])C4([H])[H])C(=O)C([H])([H])C([H])([H])[C@@]23[H])c([H])c([H])c1OC([H])([H])C1([H])C([H])([H])C([H])([H])[N+]([H])([H])C([H])([H])C1([H])[H]
IEADRP.xaa_ZINC001164681878_130;-10.4070992;-10.470686;-11.13;71;450.631;NZMVEHFNJXWYTQ-LJQANCHMSA-P;[H]c1c([H])c([H])c2c(c1[H])C1(C([H])([H])C([H])([H])N(c3nnc4c(c3[H])C([H])([H])[N+]([H])([H])C([H])([H])C4([H])[H])C([H])([H])C1([H])[H])C([H])([H])[C@@]2([H])C([H])([H])C(=O)N([H])C([H])([H])C([H])([H])[N+]([H])(C([H])([H])[H])C([H])([H])[H]
IEADRP.xaa_ZINC001164681877_131;-10.4491597;-10.850953;-10.67;71;450.631;NZMVEHFNJXWYTQ-IBGZPJMESA-P;[H]c1c([H])c([H])c2c(c1[H])C1(C([H])([H])C([H])([H])N(c3nnc4c(c3[H])C([H])([H])[N+]([H])([H])C([H])([H])C4([H])[H])C([H])([H])C1([H])[H])C([H])([H])[C@]2([H])C([H])([H])C(=O)N([H])C([H])([H])C([H])([H])[N+]([H])(C([H])([H])[H])C([H])([H])[H]
IEADRP.xaa_ZINC001164688243_132;-10.0019432;-10.208509;-10.882;71;450.631;YROGVPAQOVAOGD-LJQANCHMSA-P;[H]c1nc(N2C([H])([H])C([H])([H])C3(c4c([H])c([H])c([H])c([H])c4[C@]([H])(C([H])([H])C(=O)N([H])C([H])([H])C([H])([H])[N+]([H])(C([H])([H])[H])C([H])([H])[H])C3([H])[H])C([H])([H])C2([H])[H])c([H])c(C2([H])C([H])([H])[N+]([H])([H])C2([H])[H])n1
IEADRP.xaa_ZINC001164688242_133;-10.1589804;-10.546118;-10.328;71;450.631;YROGVPAQOVAOGD-IBGZPJMESA-P;[H]c1nc(N2C([H])([H])C([H])([H])C3(c4c([H])c([H])c([H])c([H])c4[C@@]([H])(C([H])([H])C(=O)N([H])C([H])([H])C([H])([H])[N+]([H])(C([H])([H])[H])C([H])([H])[H])C3([H])[H])C([H])([H])C2([H])[H])c([H])c(C2([H])C([H])([H])[N+]([H])([H])C2([H])[H])n1
IGBDMO.xaa_ZINC001164866965_77;-10.0548718;-10.374706;-9.148;60;447.519;VPNHJIDUSGXSQH-SFTDATJTSA-O;[H]c1nc([H])c(C([H])([H])O[C@@]2([H])C([H])([H])[C@@]3([H])C([H])([H])N(c4nnc(-c5c([H])c([H])c(C([H])([H])[H])c([N+](=O)[O-])c5[H])c([H])c4[H])C([H])([H])C([H])([H])[N@@+]3([H])C2([H])[H])c([H])c1[H]
IDAAMP.xaa_ZINC000035401471_187;-10.042286999999998;-10.760679;-10.508;68;438.638;XVIRFDPGPQMXJM-FQEVSTJZSA-P;[H]c1c([H])c(C([H])([H])[H])c([H])c(S(=O)(=O)N(C([H])([H])C([H])([H])C(=O)N2C([H])([H])C([H])([H])[N+]([H])([H])C([H])([H])C2([H])[H])C([H])([H])C([H])([H])[N@+]2([H])C([H])([H])C([H])([H])C([H])([H])C([H])([H])[C@]2([H])C([H])([H])[H])c1[H]
IJAAMP.xaa_ZINC000020293526_7;-10.1752079;-10.5063715;-10.902;76;427.677;OVEGTUDLGMBOIS-RUZDIDTESA-P;[H]c1c([H])c(C(=O)C([H])([H])[H])c([H])c(C([H])([H])N(C([H])([H])C([H])([H])[N+]2([H])C([H])([H])C([H])([H])C([H])([H])C([H])([H])C2([H])[H])C([H])([H])[C@@]2([H])C([H])([H])C([H])([H])C([H])([H])[N@+]([H])(C3([H])C([H])([H])C([H])([H])C([H])([H])C3([H])[H])C2([H])[H])c1[H]
IJAAMP.xaa_ZINC000020293522_8;-10.0426382;-10.854914;-10.617;76;427.677;OVEGTUDLGMBOIS-VWLOTQADSA-P;[H]c1c([H])c(C(=O)C([H])([H])[H])c([H])c(C([H])([H])N(C([H])([H])C([H])([H])[N+]2([H])C([H])([H])C([H])([H])C([H])([H])C([H])([H])C2([H])[H])C([H])([H])[C@]2([H])C([H])([H])C([H])([H])C([H])([H])[N@+]([H])(C3([H])C([H])([H])C([H])([H])C([H])([H])C3([H])[H])C2([H])[H])c1[H]
IJAAMP.xaa_ZINC000020600968_29;-10.1305931;-10.683144;-9.588;77;439.692;RRQXEYZLLSAJMS-HSZRJFAPSA-P;[H]c1c([H])c([H])c2c(nc(C([H])([H])N(C([H])([H])C([H])([H])[N+]3([H])C([H])([H])C([H])([H])C([H])([H])C([H])([H])C3([H])[H])C([H])([H])[C@@]3([H])C([H])([H])C([H])([H])C([H])([H])[N@+]([H])(C4([H])C([H])([H])C([H])([H])C([H])([H])C4([H])[H])C3([H])[H])n2C([H])([H])[H])c1[H]
IJAAMP.xaa_ZINC000020600967_30;-10.1991692;-10.502391;-9.924;77;439.692;RRQXEYZLLSAJMS-QHCPKHFHSA-P;[H]c1c([H])c([H])c2c(nc(C([H])([H])N(C([H])([H])C([H])([H])[N+]3([H])C([H])([H])C([H])([H])C([H])([H])C([H])([H])C3([H])[H])C([H])([H])[C@]3([H])C([H])([H])C([H])([H])C([H])([H])[N@+]([H])(C4([H])C([H])([H])C([H])([H])C([H])([H])C4([H])[H])C3([H])[H])n2C([H])([H])[H])c1[H]
IJAAMP.xaa_ZINC000011813539_113;-10.037200100000002;-10.198335;-9.762;70;447.623;WPKDDBGLLIRLCS-RUZDIDTESA-P;[H]c1c([H])c([H])c(C([H])([H])[N@+]2([H])C([H])([H])C([H])([H])[C@@]([H])(N([H])C(=O)C([H])([H])C([H])([H])[C@]3([H])C([H])([H])C([H])([H])[N@@+]([H])(C([H])([H])c4oc5c([H])c([H])c([H])c([H])c5c4[H])C([H])([H])C3([H])[H])C2([H])[H])c([H])c1[H]
IJAAMP.xaa_ZINC000013113465_157;-10.260108;-10.741388;-10.663;65;440.591;RGLAZBZXSAPSBJ-UHFFFAOYSA-P;[H]c1c([H])c([H])c(-c2nn(-c3c([H])c([H])c([H])c([H])c3[H])c([H])c2C([H])([H])[N+]([H])([H])C([H])([H])c2c([H])c([H])c([H])c([H])c2C([H])([H])[N+]2([H])C([H])([H])C([H])([H])OC([H])([H])C2([H])[H])c([H])c1[H]
IJAAMP.xaa_ZINC000014242867_159;-10.0067322;-10.374784;-11.209;62;446.62;SZCAPEFWUWFVRE-UHFFFAOYSA-P;[H]c1sc(-c2nn(-c3c([H])c([H])c([H])c([H])c3[H])c([H])c2C([H])([H])[N+]([H])([H])C([H])([H])c2c([H])c([H])c(C([H])([H])[N+]3([H])C([H])([H])C([H])([H])OC([H])([H])C3([H])[H])c([H])c2[H])c([H])c1[H]
IJAAMP.xaa_ZINC000015064425_203;-10.1408516;-10.464443;-9.777;71;446.639;OYKVHZMTYHYLAL-RUZDIDTESA-P;[H]c1c([H])c([H])c(C([H])([H])[N@+]2([H])C([H])([H])C([H])([H])[C@@]([H])(N([H])C(=O)C([H])([H])C([H])([H])[C@]3([H])C([H])([H])C([H])([H])[N@@+]([H])(C([H])([H])c4c([H])n([H])c5c([H])c([H])c([H])c([H])c45)C([H])([H])C3([H])[H])C2([H])[H])c([H])c1[H]
IJAAMP.xaa_ZINC000055119066_279;-10.3172416;-10.660176;-11.031;66;443.595;VOHRDDXIQJYDEQ-UHFFFAOYSA-P;[H]c1nc([H])c(C([H])([H])[N@+]([H])(C([H])([H])c2c([H])c([H])c3nonc3c2[H])C([H])([H])[C@]2([H])C([H])([H])C([H])([H])[N@@+]([H])(C([H])([H])c3c([H])c([H])c([H])c([H])c3C([H])([H])[H])C([H])([H])C2([H])[H])c([H])c1[H]
IJAAMP.xaa_ZINC000055252882_296;-10.1027614;-10.409627;-10.784;66;443.595;LDJXPPLCBKYBLC-UHFFFAOYSA-P;[H]c1nc([H])c(C([H])([H])[N@@+]([H])(C([H])([H])c2c([H])c([H])c([H])c3nonc23)C([H])([H])[C@]2([H])C([H])([H])C([H])([H])[N@@+]([H])(C([H])([H])c3c([H])c([H])c([H])c([H])c3C([H])([H])[H])C([H])([H])C2([H])[H])c([H])c1[H]
IKEAMO.xaa_ZINC000328600538_86;-10.169081;-10.649724;-9.269;74;431.641;YLGNBQXAWREKFF-FCHUYYIVSA-O;[H]C(C(=O)O[C@]1([H])C([H])([H])[C@@]([H])(C([H])([H])N([H])C(=O)C([H])=C2C([H])([H])C([H])([H])C(C([H])([H])[H])(C([H])([H])[H])C([H])([H])C2([H])[H])[N@@+]([H])(C([H])([H])[H])C1([H])[H])=C1C([H])([H])C([H])([H])C(C([H])([H])[H])(C([H])([H])[H])C([H])([H])C1([H])[H]
IDADRP.xaa_ZINC001164718451_60;-10.0397446;-10.554322;-10.134;67;428.585;ZJLOHRFUGOQGMJ-HXUWFJFHSA-P;[H]c1nc(N2C([H])([H])C([H])([H])c3c(nnn3C([H])([H])[H])[C@@]2([H])C([H])([H])OC([H])([H])C([H])([H])[N+]2([H])C([H])([H])C([H])([H])C([H])([H])C2([H])[H])nc(C2([H])C([H])([H])C([H])([H])[N+]([H])([H])C([H])([H])C2([H])[H])c1[H]
IDADRP.xaa_ZINC001164829752_108;-10.3641248;-10.818447;-9.558;70;429.613;NJWLOUZNFBVKPF-UXHICEINSA-P;[H]c1nc(N2C([H])([H])C([H])([H])[C@]3([H])N(C([H])([H])[C@]4([H])C([H])([H])C([H])([H])[N@@+]([H])(C([H])([H])[H])C([H])([H])C4([H])[H])C(=O)C([H])([H])C([H])([H])[C@@]23[H])nc(N2C([H])([H])C([H])([H])C([H])([N+]([H])([H])[H])C([H])([H])C2([H])[H])c1[H]
IDADRP.xaa_ZINC001164823934_111;-10.3337422;-10.734616;-9.35;72;429.633;BSFJTEUFZAMMSH-RTWAWAEBSA-Q;[H]c1c([H])c(N2C([H])([H])C([H])([H])C([H])([N+]([H])([H])[H])C([H])([H])C2([H])[H])[n+]([H])c(N2C([H])([H])C([H])([H])[C@]3([H])N(C([H])([H])[C@]4([H])C([H])([H])C([H])([H])[N@@+]([H])(C([H])([H])[H])C([H])([H])C4([H])[H])C(=O)C([H])([H])C([H])([H])[C@@]23[H])c1[H]
IDADRP.xaa_ZINC001164826621_126;-10.3087712;-10.630145;-10.627;72;444.624;KNIKEGWYUPDYCQ-RTWAWAEBSA-P;[H]c1c(OC([H])([H])C2([H])C([H])([H])C([H])([H])[N+]([H])([H])C([H])([H])C2([H])[H])nnc(N2C([H])([H])C([H])([H])[C@]3([H])N(C([H])([H])[C@]4([H])C([H])([H])C([H])([H])[N@@+]([H])(C([H])([H])[H])C([H])([H])C4([H])[H])C(=O)C([H])([H])C([H])([H])[C@@]23[H])c1[H]
IDADRP.xaa_ZINC001164826624_128;-10.1356154;-10.501295;-10.517;72;444.624;KNIKEGWYUPDYCQ-SFTDATJTSA-P;[H]c1c(OC([H])([H])C2([H])C([H])([H])C([H])([H])[N+]([H])([H])C([H])([H])C2([H])[H])nnc(N2C([H])([H])C([H])([H])[C@]3([H])N(C([H])([H])[C@]4([H])C([H])([H])C([H])([H])[N@@+]([H])(C([H])([H])[H])C([H])([H])C4([H])[H])C(=O)C([H])([H])C([H])([H])[C@]23[H])c1[H]
IDADRP.xaa_ZINC001164748803_233;-10.1982191;-10.541138;-10.487;60;435.96;CWRJNCWTBTZBDU-UHFFFAOYSA-P;[H]c1c(Cl)nc(N2C([H])([H])c3c(C(=O)N([H])C([H])([H])C([H])([H])[N+]([H])(C([H])([H])[H])C([H])([H])[H])noc3C([H])([H])C2([H])[H])nc1C1([H])C([H])([H])C([H])([H])[N+]([H])([H])C([H])([H])C1([H])[H]
IECBRN.xaa_ZINC000408754721_82;-10.174361;-10.584894;-10.161;43;447.45;HGPFUMRHOFAOBL-SXGWCWSVSA-N;[H]/C(=C1/SC(N([H])C(=O)C([H])([H])[H])=NC1=O)c1c([H])c([H])c(OS(=O)(=O)c2c([H])c([H])c([H])c([N+](=O)[O-])c2[H])c([H])c1[H]
IFEBRM.xaa_ZINC000409219623_3;-10.1691396;-10.473198;-10.194;52;435.471;UXOBSVKBSHCDCQ-UHFFFAOYSA-M;[H]c1c([H])c([H])c(N([H])c2nc([N-]/N=C3\C(=O)N(C([H])([H])[H])c4c([H])c([H])c([H])c([H])c43)nc(N([H])c3c([H])c([H])c([H])c([H])c3[H])n2)c([H])c1[H]
IFEBRM.xaa_ZINC000008856212_38;-10.2104548;-10.579944;-10.244;51;444.435;OKSUJMYZYKQROD-UHFFFAOYSA-M;[H]c1c([H])c([H])c2c(c1[H])/C(=N/[N-]c1nc(N([H])c3c([H])c([H])c([N+](=O)[O-])c([H])c3[H])nc(N3C([H])([H])C([H])([H])C([H])([H])C3([H])[H])n1)C(=O)N2[H]
IFEBRM.xaa_ZINC000408734763_122;-10.3235856;-10.777372;-9.947;40;425.772;DHUZHXZDYUGKCH-UFWORHAWSA-M;[H]/C(=N\N=c1/nc2n([H])onc-2nc1N([H])c1c([H])c([H])c([H])c(Cl)c1[H])c1c([H])c([N+](=O)[O-])c([H])c([H])c1[O-]
IFEBRM.xaa_ZINC000016195094_125;-10.096578;-10.522487;-10.024;44;439.343;GENGETSYCDWJLC-DNTJNYDQSA-M;[H]/C(=N\N=c1/nc2n([H])onc-2nc1N([H])c1c([H])c([H])c([H])c([H])c1F)c1c([H])c(OC([H])([H])[H])c([O-])c([N+](=O)[O-])c1[H]
IIABMP.xaa_ZINC000005187985_0;-11.4659208;-11.855101;-11.699;83;447.736;XHIRHXNKGZVKIJ-HGKNKRSQSA-Q;[H]/N=C(\C(N([H])[C@]1([H])C([H])([H])C([H])([H])[C@]([H])([C@]2([H])C([H])([H])C([H])([H])[C@]([H])([N+]([H])([H])[H])C([H])([H])C2([H])[H])C([H])([H])C1([H])[H])=[N+]([H])[H])N([H])[C@]1([H])C([H])([H])C([H])([H])[C@]([H])([C@]2([H])C([H])([H])C([H])([H])[C@]([H])([N+]([H])([H])[H])C([H])([H])C2([H])[H])C([H])([H])C1([H])[H]
IJEAMO.xaa_ZINC000001500287_218;-10.084787600000002;-10.345267;-10.904;69;450.603;DFKUDGSHKQMFLA-UHFFFAOYSA-O;[H]c1c([H])c2c(c([H])c1OC([H])([H])C([H])([H])[N+]1([H])C([H])([H])C([H])([H])C([H])([H])C([H])([H])C1([H])[H])C(=N[O-])c1c([H])c(OC([H])([H])C([H])([H])[N+]3([H])C([H])([H])C([H])([H])C([H])([H])C([H])([H])C3([H])[H])c([H])c([H])c1-2
IIBDRO.xaa_ZINC001164964636_15;-10.0703174;-10.596733;-10.218;59;449.51;XDPKLEQDKWIFMU-UHFFFAOYSA-O;[H]c1nc([H])c(C([H])([H])[N@@+]2([H])C([H])([H])C([H])([H])C3(C([H])([H])C([H])([H])N(c4nnc(-c5c([H])c([H])c(F)c([N+](=O)[O-])c5[H])c([H])c4[H])C([H])([H])C3([H])[H])C2([H])[H])c([H])c1[H]
IIBDRO.xaa_ZINC001164630526_25;-10.0396096;-10.554925;-9.797;60;430.532;WUTUZSCODSRDSD-QPPBQGQZSA-O;[H]c1c(-c2c([H])c([H])c(C([H])([H])[H])c([N+](=O)[O-])c2[H])nnc(N2C([H])([H])C([H])([H])C([H])([H])[C@]3([H])C([H])([H])[N@+]([H])(C([H])([H])c4c([H])c([H])c([H])c([H])c4[H])C([H])([H])[C@]23[H])c1[H]
IIBDRO.xaa_ZINC000438361978_28;-10.4377952;-11.088033;-9.61;57;429.5;ZEKKCQFMIOXSMK-QFIPXVFZSA-O;[H]OC([H])([H])[C@]([H])(C([H])([H])c1c([H])c([H])c([H])c([H])c1[H])[N+]([H])([H])C([H])([H])c1c(-c2c([H])c([H])c([N+](=O)[O-])c([H])c2[H])nn(-c2c([H])c([H])c([H])c([H])c2[H])c1[H]
IIBDRO.xaa_ZINC001164623499_42;-10.1501632;-10.625002;-10.733;57;434.495;DHUJPTQAHZSKCO-WMZHIEFXSA-O;[H]c1c(-c2c([H])c([H])c(F)c([N+](=O)[O-])c2[H])nnc(N2C([H])([H])C([H])([H])C([H])([H])[C@@]3([H])C([H])([H])[N@+]([H])(C([H])([H])c4c([H])c([H])c([H])c([H])c4[H])C([H])([H])[C@@]23[H])c1[H]
IIBDRO.xaa_ZINC001164623504_43;-10.1890515;-10.653036;-10.071;57;434.495;DHUJPTQAHZSKCO-XXBNENTESA-O;[H]c1c(-c2c([H])c([H])c(F)c([N+](=O)[O-])c2[H])nnc(N2C([H])([H])C([H])([H])C([H])([H])[C@]3([H])C([H])([H])[N@+]([H])(C([H])([H])c4c([H])c([H])c([H])c([H])c4[H])C([H])([H])[C@]23[H])c1[H]
IIBDRO.xaa_ZINC001164623490_44;-10.0406559;-10.346755;-10.404;57;434.495;DHUJPTQAHZSKCO-AUSIDOKSSA-O;[H]c1c(-c2c([H])c([H])c(F)c([N+](=O)[O-])c2[H])nnc(N2C([H])([H])C([H])([H])C([H])([H])[C@]3([H])C([H])([H])[N@+]([H])(C([H])([H])c4c([H])c([H])c([H])c([H])c4[H])C([H])([H])[C@@]23[H])c1[H]
IIBDRO.xaa_ZINC001461438130_80;-10.4017308;-10.992108;-10.283;60;443.527;VWCQTOTXCGVWLS-QHCPKHFHSA-O;[H]OC([H])([H])[C@]([H])(C([H])([H])c1c([H])c([H])c([H])c([H])c1C([H])([H])[H])[N+]([H])([H])C([H])([H])c1c(-c2c([H])c([H])c([N+](=O)[O-])c([H])c2[H])nn(-c2c([H])c([H])c([H])c([H])c2[H])c1[H]
IIBDRO.xaa_ZINC001620902277_91;-10.6503811;-11.74872;-9.79;60;443.527;BYPDQZJHRUYPPX-QHCPKHFHSA-O;[H]OC([H])([H])[C@]([H])(C([H])([H])c1c([H])c([H])c([H])c(C([H])([H])[H])c1[H])[N+]([H])([H])C([H])([H])c1c(-c2c([H])c([H])c([N+](=O)[O-])c([H])c2[H])nn(-c2c([H])c([H])c([H])c([H])c2[H])c1[H]
IHBARM.xaa_ZINC000008816205_49;-10.1218723;-10.50769;-10.312;44;441.401;AODMKXZKOCRRMS-UHFFFAOYSA-N;[H]c1c([H])c([H])c([N+](=O)[O-])c(N([H])C(=O)c2c([H])c([H])c([H])c(S(=O)(=O)[N-]c3c([H])c([H])c([H])c([N+](=O)[O-])c3[H])c2[H])c1[H]
IHBARM.xaa_ZINC000012655228_101;-10.156977800000002;-10.471676;-10.387;48;430.396;CLFRROAJRVWTCT-MOSHPQCFSA-M;[H]/C(=C(\C(=O)N([H])c1c([H])c([H])c([H])c(C(=O)[O-])c1[H])N([H])C(=O)c1c([H])c([H])c([H])c([H])c1[H])c1c([H])c([H])c([H])c([N+](=O)[O-])c1[H]
IHBARM.xaa_ZINC000009714603_194;-10.0841974;-10.261917;-11.156;51;438.489;FQCCQDWUVRGNOV-UHFFFAOYSA-N;[H]c1c(-c2c([H])c([H])c([H])c([N-]S(=O)(=O)c3c([H])c([H])c([H])c([N+](=O)[O-])c3[H])c2[H])nnc(N2C([H])([H])C([H])([H])C([H])([H])C([H])([H])C2([H])[H])c1[H]
IHBARM.xaa_ZINC000001188442_221;-10.1161803;-10.556095;-9.761;48;430.396;CLFRROAJRVWTCT-DEDYPNTBSA-M;[H]/C(=C(/C(=O)N([H])c1c([H])c([H])c([H])c(C(=O)[O-])c1[H])N([H])C(=O)c1c([H])c([H])c([H])c([H])c1[H])c1c([H])c([H])c([H])c([N+](=O)[O-])c1[H]
IHBARM.xaa_ZINC000096422932_233;-10.0840038;-10.381124;-10.358;53;446.443;XOQWOIRRTHIACR-UHFFFAOYSA-M;[H]/C(=C1\C(=O)N(C([H])([H])c2c([H])c([H])c([H])c([N+](=O)[O-])c2[H])C(=O)N1[H])c1c(C([H])([H])C([H])([H])C([H])([H])[H])[n-]n(-c2c([H])c([H])c([H])c([H])c2[H])c1=O
IHBARM.xaa_ZINC000006142078_239;-10.0562024;-10.59952;-10.43;45;436.429;VOWZKTPOTDPRDF-UHFFFAOYSA-N;[H]Oc1c([H])c([H])c([H])c(N([H])c2nc3c([H])c([H])c([H])c([H])c3nc2[N-]S(=O)(=O)c2c([H])c([H])c([H])c([N+](=O)[O-])c2[H])c1[H]
IHBARM.xaa_ZINC000016349767_247;-10.132151;-10.491043;-10.627;46;446.486;UAWBQPQRQRCEDR-UHFFFAOYSA-N;[H]c1c([H])c(N([H])S(=O)(=O)c2c([H])c([H])c([N-]S(=O)(=O)c3c([H])c([H])c([H])c([N+](=O)[O-])c3[H])c([H])c2[H])c([H])c(C([H])([H])[H])c1[H]
IHBARM.xaa_ZINC000002023112_268;-10.7912092;-11.337202;-10.648;44;441.401;OALUVXLNCXHTEK-UHFFFAOYSA-N;[H]c1c([H])c([N-]S(=O)(=O)c2c([H])c([H])c([H])c(C(=O)N([H])c3c([H])c([H])c([H])c([N+](=O)[O-])c3[H])c2[H])c([H])c([N+](=O)[O-])c1[H]
IEADMP.xaa_ZINC001164893556_98;-10.0192468;-10.746369;-10.38;70;451.059;VCGTYTWWGOZEIU-WMZHIEFXSA-P;[H]c1c(Cl)nc(N2C([H])([H])C([H])([H])[C@@]3(O[C@]([H])(C([H])([H])N4C([H])([H])C([H])([H])[N+]([H])(C([H])([H])[H])C([H])([H])C4([H])[H])C([H])([H])C([H])([H])C3([H])[H])C2([H])[H])nc1C1([H])C([H])([H])C([H])([H])[N+]([H])([H])C([H])([H])C1([H])[H]
IEADMP.xaa_ZINC001164891610_104;-10.0047196;-10.50655;-10.974;75;445.652;UXMAYRCLFSLTBE-UKILVPOCSA-P;[H]c1nc(N2C([H])([H])C([H])([H])[C@@]3(O[C@]([H])(C([H])([H])N4C([H])([H])C([H])([H])[N+]([H])(C([H])([H])[H])C([H])([H])C4([H])[H])C([H])([H])C([H])([H])C3([H])[H])C2([H])[H])c([H])c([H])c1OC([H])([H])C1([H])C([H])([H])C([H])([H])[N+]([H])([H])C([H])([H])C1([H])[H]
IEADMP.xaa_ZINC001164392643_225;-10.0217503;-10.549844;-10.097;65;442.633;NBUPNKHIIGJURV-UHFFFAOYSA-P;[H]N1C(=O)C([H])([H])N(c2nc(C([H])([H])[N+]3([H])C([H])([H])C([H])([H])C([H])([H])C3([H])[H])nc3sc4c(c23)C([H])([H])C([H])([H])C([H])([H])C4([H])[H])C([H])([H])C12C([H])([H])C([H])([H])[N+]([H])([H])C([H])([H])C2([H])[H]
IGBDRO.xaa_ZINC001164866963_88;-10.123802200000002;-10.511913;-9.458;60;447.519;VPNHJIDUSGXSQH-NHCUHLMSSA-O;[H]c1nc([H])c(C([H])([H])O[C@]2([H])C([H])([H])[C@]3([H])C([H])([H])N(c4nnc(-c5c([H])c([H])c(C([H])([H])[H])c([N+](=O)[O-])c5[H])c([H])c4[H])C([H])([H])C([H])([H])[N@+]3([H])C2([H])[H])c([H])c1[H]
IGBDRO.xaa_ZINC001164866964_89;-10.154122999999998;-10.335111;-9.552;60;447.519;VPNHJIDUSGXSQH-RTWAWAEBSA-O;[H]c1nc([H])c(C([H])([H])O[C@@]2([H])C([H])([H])[C@]3([H])C([H])([H])N(c4nnc(-c5c([H])c([H])c(C([H])([H])[H])c([N+](=O)[O-])c5[H])c([H])c4[H])C([H])([H])C([H])([H])[N@+]3([H])C2([H])[H])c([H])c1[H]
IGBDRO.xaa_ZINC001164680676_260;-10.065476;-10.32518;-11.172;64;438.552;HIOPRILQGYPWRX-GOSISDBHSA-O;[H]c1nc(N2C([H])([H])C([H])([H])C3(c4c([H])c([H])c([H])c([H])c4[C@]([H])(C([H])([H])C(=O)N([H])C([H])([H])C([H])([H])[N+]([H])(C([H])([H])[H])C([H])([H])[H])C3([H])[H])C([H])([H])C2([H])[H])c([H])c([N+](=O)[O-])c1[H]
IGBDRO.xaa_ZINC001164680677_261;-10.0803736;-10.59116;-10.5;64;438.552;HIOPRILQGYPWRX-SFHVURJKSA-O;[H]c1nc(N2C([H])([H])C([H])([H])C3(c4c([H])c([H])c([H])c([H])c4[C@@]([H])(C([H])([H])C(=O)N([H])C([H])([H])C([H])([H])[N+]([H])(C([H])([H])[H])C([H])([H])[H])C3([H])[H])C([H])([H])C2([H])[H])c([H])c([N+](=O)[O-])c1[H]
IGBDRO.xaa_ZINC001164685302_263;-10.0087708;-10.175876;-11.086;64;438.552;ZBQREESZQCUQEE-GOSISDBHSA-O;[H]c1c(N2C([H])([H])C([H])([H])C3(c4c([H])c([H])c([H])c([H])c4[C@]([H])(C([H])([H])C(=O)N([H])C([H])([H])C([H])([H])[N+]([H])(C([H])([H])[H])C([H])([H])[H])C3([H])[H])C([H])([H])C2([H])[H])nc([N+](=O)[O-])c([H])c1[H]
IIBARM.xaa_ZINC000012656359_7;-10.216138;-10.460173;-10.262;51;444.423;SLCONXPRTCJBKZ-BKUYFWCQSA-M;[H]/C(=C(\C(=O)N([H])c1c([H])c([H])c([H])c(C(=O)[O-])c1[H])N([H])C(=O)c1c([H])c([H])c(C([H])([H])[H])c([H])c1[H])c1c([H])c([H])c([H])c([N+](=O)[O-])c1[H]
IIBARM.xaa_ZINC000006142077_206;-10.0453852;-10.48106;-10.487;47;434.457;BPXKXZXARNFBNJ-UHFFFAOYSA-N;[H]c1c([H])c(N([H])c2nc3c([H])c([H])c([H])c([H])c3nc2[N-]S(=O)(=O)c2c([H])c([H])c([H])c([N+](=O)[O-])c2[H])c([H])c(C([H])([H])[H])c1[H]
IDADMP.xaa_ZINC001164896668_122;-10.138609399999998;-10.424162;-11.274;74;446.64;RSMBFANVZMCAFE-XUZZJYLKSA-P;[H]c1c(OC([H])([H])C2([H])C([H])([H])C([H])([H])[N+]([H])([H])C([H])([H])C2([H])[H])nnc(N2C([H])([H])C([H])([H])[C@@]3(O[C@]([H])(C([H])([H])N4C([H])([H])C([H])([H])[N+]([H])(C([H])([H])[H])C([H])([H])C4([H])[H])C([H])([H])C([H])([H])C3([H])[H])C2([H])[H])c1[H]
IDADMP.xaa_ZINC001164896663_123;-10.1927664;-10.643982;-11.325;74;446.64;RSMBFANVZMCAFE-URXFXBBRSA-P;[H]c1c(OC([H])([H])C2([H])C([H])([H])C([H])([H])[N+]([H])([H])C([H])([H])C2([H])[H])nnc(N2C([H])([H])C([H])([H])[C@]3(O[C@]([H])(C([H])([H])N4C([H])([H])C([H])([H])[N+]([H])(C([H])([H])[H])C([H])([H])C4([H])[H])C([H])([H])C([H])([H])C3([H])[H])C2([H])[H])c1[H]
IDADMP.xaa_ZINC001164896673_124;-10.1442977;-10.298684;-10.203;74;446.64;RSMBFANVZMCAFE-ZJSXRUAMSA-P;[H]c1c(OC([H])([H])C2([H])C([H])([H])C([H])([H])[N+]([H])([H])C([H])([H])C2([H])[H])nnc(N2C([H])([H])C([H])([H])[C@@]3(O[C@@]([H])(C([H])([H])N4C([H])([H])C([H])([H])[N+]([H])(C([H])([H])[H])C([H])([H])C4([H])[H])C([H])([H])C([H])([H])C3([H])[H])C2([H])[H])c1[H]
IDADMP.xaa_ZINC001164896660_125;-10.0642798;-10.504709;-11.849;74;446.64;RSMBFANVZMCAFE-QPPBQGQZSA-P;[H]c1c(OC([H])([H])C2([H])C([H])([H])C([H])([H])[N+]([H])([H])C([H])([H])C2([H])[H])nnc(N2C([H])([H])C([H])([H])[C@]3(O[C@@]([H])(C([H])([H])N4C([H])([H])C([H])([H])[N+]([H])(C([H])([H])[H])C([H])([H])C4([H])[H])C([H])([H])C([H])([H])C3([H])[H])C2([H])[H])c1[H]
IGBARM.xaa_ZINC000002029756_250;-10.0052634;-10.192984;-10.838;43;432.463;HBNLJNIYXWMEBL-UHFFFAOYSA-M;[H]c1c([H])c(C(=O)N([H])c2c([H])c([H])c(S(=O)(=O)[N-]c3nnc(C([H])([H])C([H])([H])[H])s3)c([H])c2[H])c([H])c([N+](=O)[O-])c1[H]
IGBARM.xaa_ZINC000009010236_264;-10.3415528;-10.756674;-10.074;42;446.45;MPNCCHKUUMEDEH-UHFFFAOYSA-N;[H]c1c([H])c(S(=O)(=O)[N-]c2nnc(C([H])([H])C([H])([H])[H])s2)c([H])c([H])c1N([H])c1c([H])c([H])c([N+](=O)[O-])c2nonc12
ICBARN.xaa_ZINC000004215678_234;-10.7253788;-10.949444;-10.453;42;430.42;MMDWBZHWHFGVHF-UHFFFAOYSA-N;[H]c1c([H])c([N+](=O)[O-])c([H])c(S(=O)(=O)N([H])C([H])([H])C([H])([H])N([H])S(=O)(=O)c2c([H])c([H])c([H])c([N+](=O)[O-])c2[H])c1[H]
IGADMP.xaa_ZINC001164900423_183;-10.0826212;-10.285412;-10.257;59;433.959;QYDWTBMVOUJLTK-PKOBYXMFSA-P;[H]c1c(Cl)nc(N2C([H])([H])C([H])([H])[N@@+]3([H])C([H])([H])[C@]([H])(Oc4c([H])c([H])c([H])c(F)c4[H])C([H])([H])[C@@]3([H])C2([H])[H])nc1C1([H])C([H])([H])C([H])([H])[N+]([H])([H])C([H])([H])C1([H])[H]
IGADMP.xaa_ZINC001164842831_305;-10.019612;-10.701084;-10.408;72;438.64;ZBZJLQOXSDXJLT-QHCPKHFHSA-Q;[H]c1c([H])c([H])c(C([H])([H])[N@+]([H])(C([H])([H])[H])[C@]2([H])C([H])([H])OC3(C([H])([H])C([H])([H])N(c4c([H])c([H])c([H])c(N5C([H])([H])C([H])([H])C([H])([N+]([H])([H])[H])C([H])([H])C5([H])[H])[n+]4[H])C([H])([H])C3([H])[H])C2([H])[H])c([H])c1[H]
IGADMP.xaa_ZINC001164842831_306;-10.0891129;-10.524144;-9.774;71;437.632;ZBZJLQOXSDXJLT-QHCPKHFHSA-P;[H]c1c(N2C([H])([H])C([H])([H])C3(OC([H])([H])[C@@]([H])([N@+]([H])(C([H])([H])[H])C([H])([H])c4c([H])c([H])c([H])c([H])c4[H])C3([H])[H])C([H])([H])C2([H])[H])nc(N2C([H])([H])C([H])([H])C([H])([N+]([H])([H])[H])C([H])([H])C2([H])[H])c([H])c1[H]
IGADMP.xaa_ZINC001164842829_308;-10.2555788;-10.6618805;-9.76;72;438.64;ZBZJLQOXSDXJLT-HSZRJFAPSA-Q;[H]c1c([H])c([H])c(C([H])([H])[N@+]([H])(C([H])([H])[H])[C@@]2([H])C([H])([H])OC3(C([H])([H])C([H])([H])N(c4c([H])c([H])c([H])c(N5C([H])([H])C([H])([H])C([H])([N+]([H])([H])[H])C([H])([H])C5([H])[H])[n+]4[H])C([H])([H])C3([H])[H])C2([H])[H])c([H])c1[H]
IGADMP.xaa_ZINC001164842829_309;-10.3004652;-10.782504;-9.98;71;437.632;ZBZJLQOXSDXJLT-HSZRJFAPSA-P;[H]c1c(N2C([H])([H])C([H])([H])C3(OC([H])([H])[C@]([H])([N@+]([H])(C([H])([H])[H])C([H])([H])c4c([H])c([H])c([H])c([H])c4[H])C3([H])[H])C([H])([H])C2([H])[H])nc(N2C([H])([H])C([H])([H])C([H])([N+]([H])([H])[H])C([H])([H])C2([H])[H])c([H])c1[H]
IGADMP.xaa_ZINC001164842829_310;-10.373848400000002;-10.728986;-9.858;71;437.632;ZBZJLQOXSDXJLT-HSZRJFAPSA-P;[H]c1c(N2C([H])([H])C([H])([H])C3(OC([H])([H])[C@]([H])([N@@+]([H])(C([H])([H])[H])C([H])([H])c4c([H])c([H])c([H])c([H])c4[H])C3([H])[H])C([H])([H])C2([H])[H])nc(N2C([H])([H])C([H])([H])C([H])([N+]([H])([H])[H])C([H])([H])C2([H])[H])c([H])c1[H]
IGADMP.xaa_ZINC001164391149_351;-10.2369042;-10.845057;-10.578;68;443.661;SWSYXEQBIKXTKG-BHIYHBOVSA-P;[H]C1([H])O[C@]2([H])C([H])([H])N(c3nc(C([H])([H])[N+]4([H])C([H])([H])C([H])([H])C([H])([H])C([H])([H])C4([H])[H])nc4sc5c(c34)C([H])([H])C([H])([H])[C@@]([H])(C([H])([H])[H])C5([H])[H])C([H])([H])C([H])([H])[C@@]2([H])[N+]([H])([H])C1([H])[H]
IGADMP.xaa_ZINC001164391150_353;-10.2050926;-11.141367;-10.794;68;443.661;SWSYXEQBIKXTKG-NEWSRXKRSA-P;[H]C1([H])O[C@@]2([H])C([H])([H])N(c3nc(C([H])([H])[N+]4([H])C([H])([H])C([H])([H])C([H])([H])C([H])([H])C4([H])[H])nc4sc5c(c34)C([H])([H])C([H])([H])[C@@]([H])(C([H])([H])[H])C5([H])[H])C([H])([H])C([H])([H])[C@]2([H])[N+]([H])([H])C1([H])[H]
IGADMP.xaa_ZINC001164391153_354;-10.1511832;-11.342036;-11.011;68;443.661;SWSYXEQBIKXTKG-NZSAHSFTSA-P;[H]C1([H])O[C@]2([H])C([H])([H])N(c3nc(C([H])([H])[N+]4([H])C([H])([H])C([H])([H])C([H])([H])C([H])([H])C4([H])[H])nc4sc5c(c34)C([H])([H])C([H])([H])[C@@]([H])(C([H])([H])[H])C5([H])[H])C([H])([H])C([H])([H])[C@]2([H])[N+]([H])([H])C1([H])[H]
IGADMP.xaa_ZINC001164391156_357;-10.0750592;-11.072859;-10.423;68;443.661;SWSYXEQBIKXTKG-QRQLOZEOSA-P;[H]C1([H])O[C@@]2([H])C([H])([H])N(c3nc(C([H])([H])[N+]4([H])C([H])([H])C([H])([H])C([H])([H])C([H])([H])C4([H])[H])nc4sc5c(c34)C([H])([H])C([H])([H])[C@@]([H])(C([H])([H])[H])C5([H])[H])C([H])([H])C([H])([H])[C@@]2([H])[N+]([H])([H])C1([H])[H]
IGADMP.xaa_ZINC001164391747_358;-10.0505105;-10.623545;-10.114;65;429.634;WXAZVKZFJQANEM-QZTJIDSGSA-P;[H]C1([H])O[C@]2([H])C([H])([H])N(c3nc(C([H])([H])[N+]4([H])C([H])([H])C([H])([H])C([H])([H])C([H])([H])C4([H])[H])nc4sc5c(c34)C([H])([H])C([H])([H])C([H])([H])C5([H])[H])C([H])([H])C([H])([H])[C@@]2([H])[N+]([H])([H])C1([H])[H]
IGADMP.xaa_ZINC001164403454_363;-10.355319;-11.41661;-9.085;66;450.656;JJGWWTBYFDHTOJ-FQEVSTJZSA-P;[H]c1sc2nc(C([H])([H])[N+]3([H])C([H])([H])C([H])([H])C([H])([H])C([H])([H])C3([H])[H])nc(N3C([H])([H])C([H])([H])N4C([H])([H])C([H])([H])[N+]([H])([H])C([H])([H])[C@@]4([H])C3([H])[H])c2c1-c1c([H])c([H])c([H])c([H])c1[H]
IGADMP.xaa_ZINC001164403455_364;-10.0541629;-10.632964;-8.857;66;450.656;JJGWWTBYFDHTOJ-HXUWFJFHSA-P;[H]c1sc2nc(C([H])([H])[N+]3([H])C([H])([H])C([H])([H])C([H])([H])C([H])([H])C3([H])[H])nc(N3C([H])([H])C([H])([H])N4C([H])([H])C([H])([H])[N+]([H])([H])C([H])([H])[C@]4([H])C3([H])[H])c2c1-c1c([H])c([H])c([H])c([H])c1[H]
IGADMP.xaa_ZINC001164404243_378;-10.0847276;-10.876806;-11.034;68;443.661;ANGDXDZXWLXKQZ-PKOBYXMFSA-P;[H]C1([H])O[C@]2([H])C([H])([H])[N+]([H])([H])C([H])([H])C([H])([H])[C@@]2([H])C([H])([H])N(c2nc(C([H])([H])[N+]3([H])C([H])([H])C([H])([H])C([H])([H])C([H])([H])C3([H])[H])nc3sc4c(c23)C([H])([H])C([H])([H])C([H])([H])C4([H])[H])C1([H])[H]
IGADMP.xaa_ZINC001164404235_381;-10.051574400000002;-10.676519;-9.649;68;443.661;ANGDXDZXWLXKQZ-MJGOQNOKSA-P;[H]C1([H])O[C@@]2([H])C([H])([H])[N+]([H])([H])C([H])([H])C([H])([H])[C@]2([H])C([H])([H])N(c2nc(C([H])([H])[N+]3([H])C([H])([H])C([H])([H])C([H])([H])C([H])([H])C3([H])[H])nc3sc4c(c23)C([H])([H])C([H])([H])C([H])([H])C4([H])[H])C1([H])[H]
IGADMP.xaa_ZINC001164408488_382;-10.1843598;-10.790557;-11.16;68;443.661;MEXSEYDGMRFAPC-LMMKCTJWSA-P;[H]C1([H])O[C@@]2([H])C([H])([H])[N+]([H])([H])C([H])([H])C([H])([H])[C@]2([H])C([H])([H])N(c2nc(C([H])([H])[N+]3([H])C([H])([H])C([H])([H])C([H])([H])C3([H])[H])nc3sc4c(c23)C([H])([H])C([H])([H])[C@@]([H])(C([H])([H])[H])C4([H])[H])C1([H])[H]
IGADMP.xaa_ZINC001164407777_383;-10.122283;-11.010643;-10.361;68;443.661;JTEYNBRWVUFAFF-PKOBYXMFSA-P;[H]C1([H])O[C@]2([H])C([H])([H])[N+]([H])([H])C([H])([H])C([H])([H])[C@@]2([H])C([H])([H])N(c2nc(C([H])([H])[N@+]3([H])C([H])([H])C([H])([H])[C@@]([H])(C([H])([H])[H])C([H])([H])C3([H])[H])nc3sc4c(c23)C([H])([H])C([H])([H])C4([H])[H])C1([H])[H]
IGADMP.xaa_ZINC001164408499_389;-10.2220054;-10.801714;-11.343;68;443.661;MEXSEYDGMRFAPC-ZIFCJYIRSA-P;[H]C1([H])O[C@]2([H])C([H])([H])[N+]([H])([H])C([H])([H])C([H])([H])[C@@]2([H])C([H])([H])N(c2nc(C([H])([H])[N+]3([H])C([H])([H])C([H])([H])C([H])([H])C3([H])[H])nc3sc4c(c23)C([H])([H])C([H])([H])[C@@]([H])(C([H])([H])[H])C4([H])[H])C1([H])[H]
IGEAMM.xaa_ZINC000100480204_142;-10.7047927;-11.073246;-9.471;36;448.378;TXCCQETZKOADMT-GIDUJCDVSA-M;[H]/C(=N\c1nnc([N-]C(=O)c2c([H])c([N+](=O)[O-])c([H])c([N+](=O)[O-])c2[H])s1)c1sc([N+](=O)[O-])c([H])c1[H]
IGEAMM.xaa_ZINC000016115660_247;-10.1164514;-10.642355;-9.702;48;446.464;HTFKSPCCNJDQDA-NZYROCMPSA-M;[H]/C(=N\N=C1\S[C@]([H])(C([H])([H])C(=O)[O-])C(=O)N1[H])c1c([H])c([H])c([H])c(OC(=O)c2c([H])c([H])c([H])c3c([H])c([H])c([H])c([H])c23)c1[H]
IKEBRO.xaa_ZINC000012635888_124;-10.0185836;-10.854552;-10.178;58;449.603;ZMZIBSCQBHDFJJ-UHFFFAOYSA-N;[H]c1nc([H])c(-c2nnc([S+](C([H])([H])c3c([H])c([H])c([H])c([H])c3[H])C([H])([H])c3c([H])c([H])c([H])c([H])c3[H])n2C([H])([H])c2c([H])c([H])c([H])c([H])c2[H])c([H])c1[H]
IHAARP.xaa_ZINC000012707780_143;-10.4661204;-10.859495;-10.81;68;449.599;XKUFVIADJZEJSZ-QHCPKHFHSA-P;[H]c1c([H])c([H])c(C([H])([H])[N@@+]2([H])C([H])([H])C([H])([H])[C@]([H])(N([H])C(=O)C([H])([H])C([H])([H])[C@]3([H])C([H])([H])C([H])([H])[N@@+]([H])(C([H])([H])c4c([H])c([H])c5nonc5c4[H])C([H])([H])C3([H])[H])C2([H])[H])c([H])c1[H]
IHAARP.xaa_ZINC000012707773_144;-10.6299914;-10.938932;-10.89;68;449.599;XKUFVIADJZEJSZ-HSZRJFAPSA-P;[H]c1c([H])c([H])c(C([H])([H])[N@@+]2([H])C([H])([H])C([H])([H])[C@@]([H])(N([H])C(=O)C([H])([H])C([H])([H])[C@]3([H])C([H])([H])C([H])([H])[N@@+]([H])(C([H])([H])c4c([H])c([H])c5nonc5c4[H])C([H])([H])C3([H])[H])C2([H])[H])c([H])c1[H]
IIADMP.xaa_ZINC001164615841_8;-10.7311876;-11.065897;-10.53;70;441.689;PZNNCRSGAJJCMU-QGZVFWFLSA-P;[H]C1([H])c2c(sc3nc(C([H])([H])[N+]4([H])C([H])([H])C([H])([H])C([H])([H])C([H])([H])C4([H])[H])nc(N4C([H])([H])C([H])([H])C([H])(C5([H])C([H])([H])[N+]([H])([H])C5([H])[H])C([H])([H])C4([H])[H])c23)C([H])([H])[C@]([H])(C([H])([H])[H])C1([H])[H]
IIADMP.xaa_ZINC001164615840_9;-10.7164318;-11.047404;-11.169;70;441.689;PZNNCRSGAJJCMU-KRWDZBQOSA-P;[H]C1([H])c2c(sc3nc(C([H])([H])[N+]4([H])C([H])([H])C([H])([H])C([H])([H])C([H])([H])C4([H])[H])nc(N4C([H])([H])C([H])([H])C([H])(C5([H])C([H])([H])[N+]([H])([H])C5([H])[H])C([H])([H])C4([H])[H])c23)C([H])([H])[C@@]([H])(C([H])([H])[H])C1([H])[H]
IIADMP.xaa_ZINC001164759134_14;-10.1379344;-10.429686;-10.228;73;435.66;GQDHEBMDGPUPCR-UHFFFAOYSA-P;[H]c1c(N2C([H])([H])C([H])([H])C3(C([H])([H])C2([H])[H])C([H])([H])C([H])([H])[N+]([H])(C([H])([H])c2c([H])c([H])c(C([H])([H])[H])c([H])c2[H])C([H])([H])C3([H])[H])nc(N2C([H])([H])C([H])([H])C([H])([N+]([H])([H])[H])C([H])([H])C2([H])[H])c([H])c1[H]
IIADMP.xaa_ZINC001164624450_15;-10.1799047;-10.6252365;-10.336;67;449.668;OBLCTCBLJDNSHW-HFZDXXHNSA-P;[H]c1c([H])c([H])c([C@]2([H])C([H])([H])[N+]([H])([H])C([H])([H])[C@]23C([H])([H])N(c2nc(C([H])([H])[N+]4([H])C([H])([H])C([H])([H])C([H])([H])C4([H])[H])nc4sc(C([H])([H])[H])c(C([H])([H])[H])c24)C([H])([H])C3([H])[H])c([H])c1[H]
IIADMP.xaa_ZINC001164684188_154;-10.5224731;-10.739707;-10.008;65;440.595;MYSDTRPNSPGVTQ-UHFFFAOYSA-P;[H]c1c(-c2c([H])c([H])c([H])c([H])c2[H])nc(-n2nc(C([H])([H])[N@@+]([H])(C([H])([H])[H])C([H])(C([H])([H])[H])C([H])([H])[H])c3c2C([H])([H])[N+]([H])([H])C([H])([H])C3([H])[H])nc1-c1c([H])c([H])c([H])c([H])c1[H]
IIADMP.xaa_ZINC001164684188_155;-10.7084784;-11.153683;-9.9;65;440.595;MYSDTRPNSPGVTQ-UHFFFAOYSA-P;[H]c1c(-c2c([H])c([H])c([H])c([H])c2[H])nc(-n2nc(C([H])([H])[N@+]([H])(C([H])([H])[H])C([H])(C([H])([H])[H])C([H])([H])[H])c3c2C([H])([H])[N+]([H])([H])C([H])([H])C3([H])[H])nc1-c1c([H])c([H])c([H])c([H])c1[H]
IIADMP.xaa_ZINC001164387315_230;-10.5370772;-10.776859;-11.084;67;427.662;MJRCXFJHPAPUKE-INIZCTEOSA-P;[H]C1([H])c2c(sc3nc(C([H])([H])[N+]4([H])C([H])([H])C([H])([H])C([H])([H])C4([H])[H])nc(N4C([H])([H])C([H])([H])C5(C([H])([H])C4([H])[H])C([H])([H])C([H])([N+]([H])([H])[H])C5([H])[H])c23)C([H])([H])[C@@]([H])(C([H])([H])[H])C1([H])[H]
IIADMP.xaa_ZINC001164386949_231;-10.2608481;-11.177965;-11.261;67;427.662;HTNHGUZFHLRFBP-UHFFFAOYSA-P;[H]C1([H])c2sc3nc(C([H])([H])[N@+]4([H])C([H])([H])C([H])([H])[C@@]([H])(C([H])([H])[H])C([H])([H])C4([H])[H])nc(N4C([H])([H])C([H])([H])C5(C([H])([H])C4([H])[H])C([H])([H])C([H])([N+]([H])([H])[H])C5([H])[H])c3c2C([H])([H])C1([H])[H]
IIADMP.xaa_ZINC001164386662_232;-10.4847647;-10.7859955;-11.191;67;427.662;CGPZWDBFUUDOIX-UHFFFAOYSA-P;[H]C1([H])c2sc3nc(C([H])([H])[N+]4([H])C([H])([H])C([H])([H])C([H])([H])C([H])([H])C4([H])[H])nc(N4C([H])([H])C([H])([H])C5(C([H])([H])C4([H])[H])C([H])([H])C([H])([N+]([H])([H])[H])C5([H])[H])c3c2C([H])([H])C([H])([H])C1([H])[H]
IIADMP.xaa_ZINC001164387701_233;-10.559422;-10.841535;-11.051;67;427.662;MJRCXFJHPAPUKE-MRXNPFEDSA-P;[H]C1([H])c2c(sc3nc(C([H])([H])[N+]4([H])C([H])([H])C([H])([H])C([H])([H])C4([H])[H])nc(N4C([H])([H])C([H])([H])C5(C([H])([H])C4([H])[H])C([H])([H])C([H])([N+]([H])([H])[H])C5([H])[H])c23)C([H])([H])[C@]([H])(C([H])([H])[H])C1([H])[H]
IIADMP.xaa_ZINC001164386907_235;-10.0370698;-10.895092;-9.628;67;427.662;HBLUHKLAAZJICC-UHFFFAOYSA-P;[H]C1([H])c2sc3nc(C([H])([H])[N+]4([H])C([H])([H])C([H])([H])C([H])([H])C4([H])[H])nc(N4C([H])([H])C([H])([H])C5(C([H])([H])C4([H])[H])C([H])([H])C([H])([H])C([H])([H])C([H])([H])[N+]5([H])[H])c3c2C([H])([H])C([H])([H])C1([H])[H]
IIADMP.xaa_ZINC001164387576_236;-10.294972;-10.781703;-10.741;66;433.641;IKGNSZGDHBBVBT-MRXNPFEDSA-P;[H]C1([H])c2c(sc3nc(C([H])([H])[N+]4([H])C([H])([H])C([H])([H])C([H])([H])C([H])([H])C4([H])[H])nc(N4C([H])([H])C([H])([H])C(F)(C([H])([H])[N+]([H])([H])[H])C([H])([H])C4([H])[H])c23)C([H])([H])[C@]([H])(C([H])([H])[H])C1([H])[H]
IIADMP.xaa_ZINC001164387575_237;-10.238615200000002;-11.390856;-10.605;66;433.641;IKGNSZGDHBBVBT-INIZCTEOSA-P;[H]C1([H])c2c(sc3nc(C([H])([H])[N+]4([H])C([H])([H])C([H])([H])C([H])([H])C([H])([H])C4([H])[H])nc(N4C([H])([H])C([H])([H])C(F)(C([H])([H])[N+]([H])([H])[H])C([H])([H])C4([H])[H])c23)C([H])([H])[C@@]([H])(C([H])([H])[H])C1([H])[H]
IIADMP.xaa_ZINC001164423145_299;-10.0714334;-10.451245;-10.3;65;447.652;FQCSRAIHGKWLRR-LEWJYISDSA-P;[H]c1c([H])c([H])c2c(c1[H])C([H])([H])[N+]([H])([H])[C@]1([H])C([H])([H])N(c3nc(C([H])([H])[N+]4([H])C([H])([H])C([H])([H])C([H])([H])C4([H])[H])nc4sc5c(c34)C([H])([H])C([H])([H])C([H])([H])C5([H])[H])C([H])([H])[C@@]21[H]
IIADMP.xaa_ZINC001164423147_304;-10.0407166;-10.513453;-9.365;65;447.652;FQCSRAIHGKWLRR-RTWAWAEBSA-P;[H]c1c([H])c([H])c2c(c1[H])C([H])([H])[N+]([H])([H])[C@@]1([H])C([H])([H])N(c3nc(C([H])([H])[N+]4([H])C([H])([H])C([H])([H])C([H])([H])C4([H])[H])nc4sc5c(c34)C([H])([H])C([H])([H])C([H])([H])C5([H])[H])C([H])([H])[C@]21[H]
IFADMP.xaa_ZINC001164809045_139;-10.0360134;-10.177023;-10.236;64;445.011;UMCWCLYCYVTCIK-KCZVDYSFSA-P;[H]c1nc([H])c(C([H])([H])[N@@+]([H])(C([H])([H])[H])[C@]2([H])C([H])([H])N(c3nc(Cl)c([H])c(C4([H])C([H])([H])C([H])([H])[N+]([H])([H])C([H])([H])C4([H])[H])n3)[C@]3([H])C([H])([H])C([H])([H])C([H])([H])O[C@]32[H])c([H])c1[H]
IFADMP.xaa_ZINC001164843384_245;-10.0557478;-10.563588;-10.082;70;438.62;OZXTVRBJHAWBDN-JOCHJYFZSA-P;[H]c1nc(N2C([H])([H])C([H])([H])C3(OC([H])([H])[C@]([H])([N@@+]([H])(C([H])([H])[H])C([H])([H])c4c([H])c([H])c([H])c([H])c4[H])C3([H])[H])C([H])([H])C2([H])[H])nc(N2C([H])([H])C([H])([H])C([H])([N+]([H])([H])[H])C([H])([H])C2([H])[H])c1[H]
IFADMP.xaa_ZINC001164843384_246;-10.2005251;-10.737225;-9.673;71;439.628;OZXTVRBJHAWBDN-JOCHJYFZSA-Q;[H]c1c([H])c([H])c(C([H])([H])[N@@+]([H])(C([H])([H])[H])[C@@]2([H])C([H])([H])OC3(C([H])([H])C([H])([H])N(c4nc(N5C([H])([H])C([H])([H])C([H])([N+]([H])([H])[H])C([H])([H])C5([H])[H])c([H])c([H])[n+]4[H])C([H])([H])C3([H])[H])C2([H])[H])c([H])c1[H]
IFADMP.xaa_ZINC001164843384_247;-10.255601;-10.699993;-9.754;71;439.628;OZXTVRBJHAWBDN-JOCHJYFZSA-Q;[H]c1c([H])c([H])c(C([H])([H])[N@+]([H])(C([H])([H])[H])[C@@]2([H])C([H])([H])OC3(C([H])([H])C([H])([H])N(c4nc(N5C([H])([H])C([H])([H])C([H])([N+]([H])([H])[H])C([H])([H])C5([H])[H])c([H])c([H])[n+]4[H])C([H])([H])C3([H])[H])C2([H])[H])c([H])c1[H]
IFADMP.xaa_ZINC001164839342_255;-10.2091038;-10.42869;-9.977;69;439.604;LEQOWXKTORONQW-OAQYLSRUSA-P;[H]c1c(OC2([H])C([H])([H])C([H])([H])[N+]([H])([H])C([H])([H])C2([H])[H])nnc(N2C([H])([H])C([H])([H])C3(OC([H])([H])[C@]([H])([N@@+]([H])(C([H])([H])[H])C([H])([H])c4c([H])c([H])c([H])c([H])c4[H])C3([H])[H])C([H])([H])C2([H])[H])c1[H]
IFADMP.xaa_ZINC001164389715_276;-10.0374155;-10.769336;-10.343;65;429.634;JKNBRPBAASLVDY-NJAFHUGGSA-P;[H]C1([H])O[C@@]2([H])C([H])([H])N(c3nc(C([H])([H])[N+]4([H])C([H])([H])C([H])([H])C([H])([H])C4([H])[H])nc4sc5c(c34)C([H])([H])C([H])([H])[C@@]([H])(C([H])([H])[H])C5([H])[H])C([H])([H])C([H])([H])[C@]2([H])[N+]([H])([H])C1([H])[H]
IFADMP.xaa_ZINC001164403430_287;-10.0390024;-10.917129;-10.612;66;428.65;ITKTWGLQUMPVIN-KRWDZBQOSA-P;[H]C1([H])c2sc3nc(C([H])([H])[N+]4([H])C([H])([H])C([H])([H])C([H])([H])C([H])([H])C4([H])[H])nc(N4C([H])([H])C([H])([H])N5C([H])([H])C([H])([H])[N+]([H])([H])C([H])([H])[C@@]5([H])C4([H])[H])c3c2C([H])([H])C([H])([H])C1([H])[H]
IFADMP.xaa_ZINC001164403431_288;-10.0205541;-10.802823;-10.238;66;428.65;ITKTWGLQUMPVIN-QGZVFWFLSA-P;[H]C1([H])c2sc3nc(C([H])([H])[N+]4([H])C([H])([H])C([H])([H])C([H])([H])C([H])([H])C4([H])[H])nc(N4C([H])([H])C([H])([H])N5C([H])([H])C([H])([H])[N+]([H])([H])C([H])([H])[C@]5([H])C4([H])[H])c3c2C([H])([H])C([H])([H])C1([H])[H]
IFADMP.xaa_ZINC001164408041_289;-10.1268286;-10.755523;-10.914;66;428.65;XULXUAPRSDGFKA-SJORKVTESA-P;[H]C1([H])c2c(sc3nc(C([H])([H])[N+]4([H])C([H])([H])C([H])([H])C([H])([H])C4([H])[H])nc(N4C([H])([H])C([H])([H])N5C([H])([H])C([H])([H])[N+]([H])([H])C([H])([H])[C@@]5([H])C4([H])[H])c23)C([H])([H])[C@]([H])(C([H])([H])[H])C1([H])[H]
IFADMP.xaa_ZINC001164402707_290;-10.196125;-11.030696;-10.599;69;442.677;GJDYGDWRSFPMTA-QZTJIDSGSA-P;[H]C1([H])c2c(sc3nc(C([H])([H])[N+]4([H])C([H])([H])C([H])([H])C([H])([H])C([H])([H])C4([H])[H])nc(N4C([H])([H])C([H])([H])N5C([H])([H])C([H])([H])[N+]([H])([H])C([H])([H])[C@]5([H])C4([H])[H])c23)C([H])([H])[C@]([H])(C([H])([H])[H])C1([H])[H]
IFADMP.xaa_ZINC001164402710_291;-10.1840167;-11.110949;-11.205;69;442.677;GJDYGDWRSFPMTA-ROUUACIJSA-P;[H]C1([H])c2c(sc3nc(C([H])([H])[N+]4([H])C([H])([H])C([H])([H])C([H])([H])C([H])([H])C4([H])[H])nc(N4C([H])([H])C([H])([H])N5C([H])([H])C([H])([H])[N+]([H])([H])C([H])([H])[C@@]5([H])C4([H])[H])c23)C([H])([H])[C@@]([H])(C([H])([H])[H])C1([H])[H]
IFADMP.xaa_ZINC001164402704_293;-10.2218909;-11.056426;-11.065;69;442.677;GJDYGDWRSFPMTA-MSOLQXFVSA-P;[H]C1([H])c2c(sc3nc(C([H])([H])[N+]4([H])C([H])([H])C([H])([H])C([H])([H])C([H])([H])C4([H])[H])nc(N4C([H])([H])C([H])([H])N5C([H])([H])C([H])([H])[N+]([H])([H])C([H])([H])[C@@]5([H])C4([H])[H])c23)C([H])([H])[C@]([H])(C([H])([H])[H])C1([H])[H]
IFADMP.xaa_ZINC001164408040_295;-10.0876363;-10.832022;-11.045;66;428.65;XULXUAPRSDGFKA-IRXDYDNUSA-P;[H]C1([H])c2c(sc3nc(C([H])([H])[N+]4([H])C([H])([H])C([H])([H])C([H])([H])C4([H])[H])nc(N4C([H])([H])C([H])([H])N5C([H])([H])C([H])([H])[N+]([H])([H])C([H])([H])[C@@]5([H])C4([H])[H])c23)C([H])([H])[C@@]([H])(C([H])([H])[H])C1([H])[H]
IFADMP.xaa_ZINC001164408039_297;-10.0320572;-10.665298;-10.285;66;428.65;XULXUAPRSDGFKA-IAGOWNOFSA-P;[H]C1([H])c2c(sc3nc(C([H])([H])[N+]4([H])C([H])([H])C([H])([H])C([H])([H])C4([H])[H])nc(N4C([H])([H])C([H])([H])N5C([H])([H])C([H])([H])[N+]([H])([H])C([H])([H])[C@]5([H])C4([H])[H])c23)C([H])([H])[C@]([H])(C([H])([H])[H])C1([H])[H]
IFADMP.xaa_ZINC001164402711_298;-10.2257794;-11.133187;-10.757;69;442.677;GJDYGDWRSFPMTA-ZWKOTPCHSA-P;[H]C1([H])c2c(sc3nc(C([H])([H])[N+]4([H])C([H])([H])C([H])([H])C([H])([H])C([H])([H])C4([H])[H])nc(N4C([H])([H])C([H])([H])N5C([H])([H])C([H])([H])[N+]([H])([H])C([H])([H])[C@]5([H])C4([H])[H])c23)C([H])([H])[C@@]([H])(C([H])([H])[H])C1([H])[H]
IFADMP.xaa_ZINC001164410290_315;-10.2133966;-10.751614;-10.04;68;443.661;ZVKYRWZBVATIGU-XVTZWQNCSA-P;[H]OC([H])([H])[C@@]12C([H])([H])N(c3nc(C([H])([H])[N+]4([H])C([H])([H])C([H])([H])C([H])([H])C([H])([H])C4([H])[H])nc4sc5c(c34)C([H])([H])C([H])([H])[C@@]([H])(C([H])([H])[H])C5([H])[H])C([H])([H])[C@]1([H])C([H])([H])[N+]([H])([H])C2([H])[H]
IHBAMN.xaa_ZINC000008816205_39;-10.3602133;-10.7891865;-10.045;45;442.409;KMTSUFVGHSSFCI-UHFFFAOYSA-N;[H]c1c([H])c([H])c([N+](=O)[O-])c(N([H])C(=O)c2c([H])c([H])c([H])c(S(=O)(=O)N([H])c3c([H])c([H])c([H])c([N+](=O)[O-])c3[H])c2[H])c1[H]
IHBAMN.xaa_ZINC000009714603_141;-10.2128736;-10.377551;-10.702;52;439.497;VVALMMYYNDWXDM-UHFFFAOYSA-N;[H]c1c(-c2c([H])c([H])c([H])c(N([H])S(=O)(=O)c3c([H])c([H])c([H])c([N+](=O)[O-])c3[H])c2[H])nnc(N2C([H])([H])C([H])([H])C([H])([H])C([H])([H])C2([H])[H])c1[H]
IHBAMN.xaa_ZINC000002023112_196;-10.903189;-11.22719;-10.364;45;442.409;IIBQWIMIYHROFI-UHFFFAOYSA-N;[H]c1c([H])c(N([H])C(=O)c2c([H])c([H])c([H])c(S(=O)(=O)N([H])c3c([H])c([H])c([H])c([N+](=O)[O-])c3[H])c2[H])c([H])c([N+](=O)[O-])c1[H]
IHADMP.xaa_ZINC001164615901_12;-10.5108188;-10.907036;-10.17;67;427.662;SBSLATQLSYVMIJ-UHFFFAOYSA-P;[H]C1([H])c2sc3nc(C([H])([H])[N+]4([H])C([H])([H])C([H])([H])C([H])([H])C([H])([H])C4([H])[H])nc(N4C([H])([H])C([H])([H])C([H])(C5([H])C([H])([H])[N+]([H])([H])C5([H])[H])C([H])([H])C4([H])[H])c3c2C([H])([H])C([H])([H])C1([H])[H]
IHADMP.xaa_ZINC001164681193_264;-10.6202155;-10.779177;-9.911;64;441.583;CKWPBUASGCOREJ-UHFFFAOYSA-P;[H]c1c([H])c([H])c(-c2nc(-c3c([H])c([H])c([H])c([H])c3[H])nc(-n3nc(C([H])([H])[N@@+]([H])(C([H])([H])[H])C([H])(C([H])([H])[H])C([H])([H])[H])c4c3C([H])([H])[N+]([H])([H])C([H])([H])C4([H])[H])n2)c([H])c1[H]
IHADMP.xaa_ZINC001164681193_265;-10.8111118;-11.317584;-9.947;64;441.583;CKWPBUASGCOREJ-UHFFFAOYSA-P;[H]c1c([H])c([H])c(-c2nc(-c3c([H])c([H])c([H])c([H])c3[H])nc(-n3nc(C([H])([H])[N@+]([H])(C([H])([H])[H])C([H])(C([H])([H])[H])C([H])([H])[H])c4c3C([H])([H])[N+]([H])([H])C([H])([H])C4([H])[H])n2)c([H])c1[H]
IHADMP.xaa_ZINC001164679478_276;-10.2824773;-10.829812;-11.115;64;428.584;BWUZZAFVGIHNNP-UHFFFAOYSA-P;[H]c1c([H])c([H])c(C([H])([H])c2nnc(-n3nc(C([H])([H])[N@@+]([H])(C([H])([H])[H])C([H])(C([H])([H])[H])C([H])([H])[H])c4c3C([H])([H])[N+]([H])([H])C([H])([H])C4([H])[H])c3c([H])c([H])c([H])c([H])c23)c([H])c1[H]
IHADMP.xaa_ZINC001164679478_277;-10.2314444;-10.64367;-10.998;64;428.584;BWUZZAFVGIHNNP-UHFFFAOYSA-P;[H]c1c([H])c([H])c(C([H])([H])c2nnc(-n3nc(C([H])([H])[N@+]([H])(C([H])([H])[H])C([H])(C([H])([H])[H])C([H])([H])[H])c4c3C([H])([H])[N+]([H])([H])C([H])([H])C4([H])[H])c3c([H])c([H])c([H])c([H])c23)c([H])c1[H]
IHADMP.xaa_ZINC001164389457_366;-10.4146903;-11.0307045;-9.162;65;451.64;IOJWXDRHDPGVKC-NHCUHLMSSA-P;[H]c1sc2nc(C([H])([H])[N+]3([H])C([H])([H])C([H])([H])C([H])([H])C([H])([H])C3([H])[H])nc(N3C([H])([H])C([H])([H])[C@]4([H])[C@]([H])(OC([H])([H])C([H])([H])[N+]4([H])[H])C3([H])[H])c2c1-c1c([H])c([H])c([H])c([H])c1[H]
IHADMP.xaa_ZINC001164389460_367;-10.3673702;-11.497376;-8.744;65;451.64;IOJWXDRHDPGVKC-SFTDATJTSA-P;[H]c1sc2nc(C([H])([H])[N+]3([H])C([H])([H])C([H])([H])C([H])([H])C([H])([H])C3([H])[H])nc(N3C([H])([H])C([H])([H])[C@@]4([H])[C@@]([H])(OC([H])([H])C([H])([H])[N+]4([H])[H])C3([H])[H])c2c1-c1c([H])c([H])c([H])c([H])c1[H]
IIAARP.xaa_ZINC000023360801_32;-10.018605;-10.395318;-12.107;72;427.637;XJYXROKRTJDSNJ-NRFANRHFSA-P;[H]c1c([H])c(C([H])([H])N(C([H])([H])C([H])([H])[N+]2([H])C([H])([H])C([H])([H])C([H])([H])C([H])([H])C2([H])[H])C([H])([H])[C@]2([H])C([H])([H])C([H])([H])C([H])([H])[N@@+]([H])(C3([H])C([H])([H])C([H])([H])C([H])([H])C3([H])[H])C2([H])[H])c2nonc2c1[H]
IIAARP.xaa_ZINC000252522976_43;-10.3927013;-11.024005;-11.039;77;450.691;BOLHZOHEUOVICL-CRXYYGHGSA-Q;[H]O[C@]1([H])C([H])([H])C([H])([H])[N@@+]([H])(C([H])([H])c2c([H])c([H])c([H])c([H])c2C([H])([H])[N+]([H])([H])[C@]2([H])C([H])([H])C([H])([H])C([H])([H])C([H])([H])[C@]3([H])C([H])([H])[N@+]([H])(C([H])([H])c4c([H])c([H])c([H])c([H])c4[H])C([H])([H])[C@]32[H])C([H])([H])C1([H])[H]
IIAARP.xaa_ZINC000252522977_44;-10.402731200000002;-10.939711;-11.524;77;450.691;BOLHZOHEUOVICL-WIIGKZCBSA-Q;[H]O[C@]1([H])C([H])([H])C([H])([H])[N@@+]([H])(C([H])([H])c2c([H])c([H])c([H])c([H])c2C([H])([H])[N+]([H])([H])[C@]2([H])C([H])([H])C([H])([H])C([H])([H])C([H])([H])[C@@]3([H])C([H])([H])[N@+]([H])(C([H])([H])c4c([H])c([H])c([H])c([H])c4[H])C([H])([H])[C@]32[H])C([H])([H])C1([H])[H]
IIAARP.xaa_ZINC000225634083_307;-10.4915146;-10.903015;-10.831;77;450.691;BOLHZOHEUOVICL-PIZZNKLWSA-Q;[H]O[C@]1([H])C([H])([H])C([H])([H])[N@@+]([H])(C([H])([H])c2c([H])c([H])c([H])c([H])c2C([H])([H])[N+]([H])([H])[C@]2([H])C([H])([H])C([H])([H])C([H])([H])C([H])([H])[C@@]3([H])C([H])([H])[N@+]([H])(C([H])([H])c4c([H])c([H])c([H])c([H])c4[H])C([H])([H])[C@@]32[H])C([H])([H])C1([H])[H]
IIAARP.xaa_ZINC000225634142_308;-10.3644245;-10.973801;-12.078;77;450.691;BOLHZOHEUOVICL-XNFLFYSQSA-Q;[H]O[C@]1([H])C([H])([H])C([H])([H])[N@@+]([H])(C([H])([H])c2c([H])c([H])c([H])c([H])c2C([H])([H])[N+]([H])([H])[C@]2([H])C([H])([H])C([H])([H])C([H])([H])C([H])([H])[C@]3([H])C([H])([H])[N@+]([H])(C([H])([H])c4c([H])c([H])c([H])c([H])c4[H])C([H])([H])[C@@]32[H])C([H])([H])C1([H])[H]
IGBDRN.xaa_ZINC000012573115_13;-10.3318698;-10.670326;-9.791;51;448.457;LYFIUOZFDSYLNZ-UHFFFAOYSA-N;[H]c1c([H])c(S(=O)(=O)N2C([H])([H])C([H])([H])C([H])(C([H])([H])[H])C([H])([H])C2([H])[H])c([H])c([H])c1N([H])C(=O)c1c([H])c([N+](=O)[O-])c([H])c([N+](=O)[O-])c1[H]
JFEBRM.xaa_ZINC000408721257_7;-10.664136200000002;-10.837729;-10.467;52;469.445;SYSJKMFWCZRVJH-SLEBQGDGSA-N;[H]c1c([H])c(C([H])([H])[H])c([H])c([H])c1N([H])/N=c1\[n-]c2nonc2nc1/N=N/C([H])([H])c1c([H])c([H])c([H])n1-c1c([H])c([H])c([N+](=O)[O-])c([H])c1[H]
JFEBRM.xaa_ZINC000408731183_10;-10.7420565;-11.5265465;-11.386;48;464.378;YHVHXJNXZQBYAQ-DNTJNYDQSA-M;[H]/C(=N\N([H])c1nc2nonc2nc1N([H])c1c([H])c([H])c([H])c(C([H])([H])[H])c1C([H])([H])[H])c1c([H])c([N+](=O)[O-])c([H])c([N+](=O)[O-])c1[O-]
JFEBRM.xaa_ZINC000408735913_11;-10.8928916;-11.312636;-11.095;42;470.769;YIGMHIRVLDDCFV-FBCYGCLPSA-M;[H]/C(=N\N([H])c1nc2nonc2nc1N([H])c1c([H])c([H])c([H])c(Cl)c1[H])c1c([H])c([N+](=O)[O-])c([H])c([N+](=O)[O-])c1[O-]
JJCARO.xaa_ZINC000016949264_19;-10.4201896;-10.589944;-10.572;58;499.085;YSYWMXHWPBILKI-JWGURIENSA-O;[H]c1c([H])c(SC([H])([H])C2=NN(c3nc4c([H])c([H])c([H])c([H])c4s3)C(=O)/C2=C(\N2C([H])([H])C([H])([H])[N+]([H])(C([H])([H])[H])C([H])([H])C2([H])[H])C([H])([H])[H])c([H])c([H])c1Cl
JJCARO.xaa_ZINC000101354366_150;-10.068344;-10.950826;-10.191;64;483.567;WATPQMAWQGUGBL-DKEDDZTCSA-O;[H]O[C@]([H])(C([H])([H])n1c([H])c(/C([H])=C2/C(=O)N(c3c([H])c([H])c([H])c([H])c3[H])N=C2C([H])([H])[H])c2c([H])c([H])c([H])c([H])c21)C([H])([H])[N+]([H])([H])C([H])([H])c1c([H])c([H])c(F)c([H])c1[H]
JJCARO.xaa_ZINC000101354365_151;-10.2221304;-10.67571;-10.31;64;483.567;WATPQMAWQGUGBL-RXKZJVHISA-O;[H]O[C@@]([H])(C([H])([H])n1c([H])c(/C([H])=C2/C(=O)N(c3c([H])c([H])c([H])c([H])c3[H])N=C2C([H])([H])[H])c2c([H])c([H])c([H])c([H])c21)C([H])([H])[N+]([H])([H])C([H])([H])c1c([H])c([H])c(F)c([H])c1[H]
JJCARO.xaa_ZINC000101359920_152;-10.4284606;-10.935687;-10.305;64;465.577;HFIKYBCDMVMSNC-VMBKIOOXSA-O;[H]O[C@@]([H])(C([H])([H])n1c([H])c(/C([H])=C2/C(=O)N(c3c([H])c([H])c([H])c([H])c3[H])N=C2C([H])([H])[H])c2c([H])c([H])c([H])c([H])c21)C([H])([H])[N+]([H])([H])C([H])([H])c1c([H])c([H])c([H])c([H])c1[H]
JJCARO.xaa_ZINC000101359923_153;-10.2580166;-11.163254;-10.303;64;465.577;HFIKYBCDMVMSNC-YABZZONLSA-O;[H]O[C@]([H])(C([H])([H])n1c([H])c(/C([H])=C2/C(=O)N(c3c([H])c([H])c([H])c([H])c3[H])N=C2C([H])([H])[H])c2c([H])c([H])c([H])c([H])c21)C([H])([H])[N+]([H])([H])C([H])([H])c1c([H])c([H])c([H])c([H])c1[H]
JJCARO.xaa_ZINC000101366248_154;-10.108414299999998;-10.292305;-9.812;67;479.604;AASCVVRBCAYONM-UPKGHWAZSA-O;[H]O[C@@]([H])(C([H])([H])n1c([H])c(/C([H])=C2/C(=O)N(c3c([H])c([H])c([H])c([H])c3[H])N=C2C([H])([H])[H])c2c([H])c([H])c([H])c([H])c21)C([H])([H])[N@@+]([H])(C([H])([H])[H])C([H])([H])c1c([H])c([H])c([H])c([H])c1[H]
JKAAMP.xaa_ZINC000009645516_47;-10.1766992;-10.635732;-11.201;65;493.026;ATEFTIKCLNZSBH-SANMLTNESA-P;[H]c1c([H])c([H])c(-c2nnc([C@]([H])(c3c([H])c([H])c(F)c([H])c3[H])[N+]([H])([H])C([H])([H])[C@]3([H])C([H])([H])C([H])([H])[N@@+]([H])(C([H])([H])c4c([H])c([H])c(Cl)c([H])c4[H])C([H])([H])C3([H])[H])o2)c([H])c1[H]
JKAAMP.xaa_ZINC000009645513_48;-10.1407208;-10.573001;-11.056;65;493.026;ATEFTIKCLNZSBH-AREMUKBSSA-P;[H]c1c([H])c([H])c(-c2nnc([C@@]([H])(c3c([H])c([H])c(F)c([H])c3[H])[N+]([H])([H])C([H])([H])[C@]3([H])C([H])([H])C([H])([H])[N@@+]([H])(C([H])([H])c4c([H])c([H])c(Cl)c([H])c4[H])C([H])([H])C3([H])[H])o2)c([H])c1[H]
JKAAMP.xaa_ZINC000046055634_77;-10.1602116;-10.663797;-9.843;74;495.111;WJUGMOCEZLHVBW-SANMLTNESA-P;[H]c1c([H])c(Cl)c([H])c(C([H])([H])n2c(C([H])([H])[N@+]3([H])C([H])([H])C([H])([H])[C@@]([H])(C(=O)N([H])C([H])([H])[C@]4([H])C([H])([H])C([H])([H])C([H])([H])[N@+]4([H])C([H])([H])C([H])([H])[H])C([H])([H])C3([H])[H])c([H])c3c([H])c([H])c([H])c([H])c32)c1[H]
JKAAMP.xaa_ZINC000034837018_171;-10.0775266;-10.836548;-9.536;74;482.116;XZKDOVGCUXDEAI-UHFFFAOYSA-P;[H]c1c([H])c([H])c(C([H])([H])[N@@+]([H])(C([H])([H])c2c(C([H])([H])C([H])([H])C([H])([H])[H])nn(-c3c([H])c([H])c([H])c(Cl)c3[H])c2N2C([H])([H])C([H])([H])[N+]([H])(C([H])([H])[H])C([H])([H])C2([H])[H])C([H])(C([H])([H])[H])C([H])([H])[H])c([H])c1[H]
JKAAMP.xaa_ZINC000035372090_179;-11.0535046;-11.74081;-10.331;74;499.663;ZFNFJXYJTLTYSI-UHFFFAOYSA-P;[H]c1c([H])c([H])c(-c2nnc(-c3nc(N([H])C([H])([H])C([H])([H])C([H])([H])[N@+]4([H])C([H])([H])C([H])([H])[C@@]([H])([N+]5([H])C([H])([H])C([H])([H])C([H])([H])C([H])([H])C5([H])[H])C([H])([H])C4([H])[H])c4c([H])c([H])c([H])c([H])c4n3)o2)c([H])c1[H]
JIBARO.xaa_ZINC000009959392_8;-10.3156128;-10.608053;-10.146;65;485.568;LMZWGQLRHOPQAH-UHFFFAOYSA-O;[H]c1c([H])c([H])c(C([H])([H])[N+]2([H])C([H])([H])C([H])([H])N(C([H])([H])c3nc4c([H])c(N([H])C(=O)c5c([H])c([H])c([H])c([N+](=O)[O-])c5[H])c([H])c([H])c4n3C([H])([H])[H])C([H])([H])C2([H])[H])c([H])c1[H]
JIBARO.xaa_ZINC000017179105_58;-11.014986;-11.414748;-9.579;69;498.607;VTBWKUVXXSMHPR-NDEPHWFRSA-O;[H]c1c([H])c([H])c(C2=NN(C(=O)C([H])([H])C([H])([H])N3C([H])([H])C([H])([H])[N+]([H])(C([H])([H])c4c([H])c([H])c([H])c([H])c4[H])C([H])([H])C3([H])[H])[C@]([H])(c3c([H])c([H])c([H])c([N+](=O)[O-])c3[H])C2([H])[H])c([H])c1[H]
JIBARO.xaa_ZINC000017179102_59;-11.0104813;-11.459208;-9.933;69;498.607;VTBWKUVXXSMHPR-MUUNZHRXSA-O;[H]c1c([H])c([H])c(C2=NN(C(=O)C([H])([H])C([H])([H])N3C([H])([H])C([H])([H])[N+]([H])(C([H])([H])c4c([H])c([H])c([H])c([H])c4[H])C([H])([H])C3([H])[H])[C@@]([H])(c3c([H])c([H])c([H])c([N+](=O)[O-])c3[H])C2([H])[H])c([H])c1[H]
JIBARO.xaa_ZINC000009585502_85;-10.128618499999998;-10.6192255;-9.894;66;462.574;PJBIBTJGAVYUQX-UHFFFAOYSA-O;[H]c1c([H])c([H])c(-n2nc(-c3c([H])c([H])c([N+](=O)[O-])c([H])c3[H])c(C([H])([H])C(=O)N([H])C([H])([H])C3([N+]([H])(C([H])([H])[H])C([H])([H])[H])C([H])([H])C([H])([H])C([H])([H])C([H])([H])C3([H])[H])c2[H])c([H])c1[H]
JIBARO.xaa_ZINC000008397216_103;-10.0167244;-10.47909;-10.03;55;452.922;GPXBTXVAQNCDFE-RCCKNPSSSA-O;[H]/C(=C1/C(=O)N=C2N1c1c([H])c([H])c([H])c([H])c1N2C([H])([H])C([H])([H])[N+]1([H])C([H])([H])C([H])([H])C([H])([H])C([H])([H])C1([H])[H])c1c([H])c([N+](=O)[O-])c([H])c([H])c1Cl
JIBARO.xaa_ZINC000057222829_108;-10.252810899999998;-10.706511;-9.842;65;489.552;SEWAREYODAZHMR-UHFFFAOYSA-O;[H]c1c([H])c([H])c(C([H])([H])[N+]2([H])C([H])([H])C([H])([H])N(c3c([H])c([H])c(C(=O)OC([H])([H])[H])c([H])c3N([H])C(=O)c3c([H])c([H])c([H])c([N+](=O)[O-])c3C([H])([H])[H])C([H])([H])C2([H])[H])c([H])c1[H]
JIBARO.xaa_ZINC000057222990_111;-10.042675;-10.566597;-9.987;65;489.552;IESSMZCAHPMEHT-UHFFFAOYSA-O;[H]c1c([H])c([H])c(C([H])([H])[N+]2([H])C([H])([H])C([H])([H])N(c3c([H])c([H])c(C(=O)OC([H])([H])C([H])([H])[H])c([H])c3N([H])C(=O)c3c([H])c([H])c([H])c([N+](=O)[O-])c3[H])C([H])([H])C2([H])[H])c([H])c1[H]
JIBARO.xaa_ZINC000057264327_112;-10.3546946;-10.52124;-10.377;65;485.568;QIKCLWQVIVGXGA-UHFFFAOYSA-O;[H]c1c([H])c([H])c(N2C([H])([H])C([H])([H])[N+]([H])(C([H])([H])C([H])([H])c3nc4c([H])c(N([H])C(=O)c5c([H])c([H])c([H])c([N+](=O)[O-])c5[H])c([H])c([H])c4n3C([H])([H])[H])C([H])([H])C2([H])[H])c([H])c1[H]
JIBARO.xaa_ZINC000009016022_191;-10.3664286;-10.748098;-10.579;68;499.595;TYWMUAVRCGJEHR-UHFFFAOYSA-O;[H]c1c([H])c(C(=O)N([H])c2c([H])c([H])c3c(nc(C([H])([H])C([H])([H])[N+]4([H])C([H])([H])C([H])([H])N(c5c([H])c([H])c(C([H])([H])[H])c([H])c5[H])C([H])([H])C4([H])[H])n3C([H])([H])[H])c2[H])c([H])c([N+](=O)[O-])c1[H]
JKBBRO.xaa_ZINC000018088003_191;-10.5433898;-11.330264;-10.123;75;457.686;IZLNCLWMFBBEFY-QVAGMWBUSA-O;[H]c1c2nc3c([H])c([H])c([H])c([H])c3n(C3([H])C([H])([H])C([H])([H])C([H])([H])C([H])([H])C3([H])[H])c-2c([H])/c(=[N+](/[H])C2([H])C([H])([H])C([H])([H])C([H])([H])C([H])([H])C2([H])[H])c1N([H])C1([H])C([H])([H])C([H])([H])C([H])([H])C([H])([H])C1([H])[H]
JKBBRO.xaa_ZINC000020522461_194;-11.3603994;-11.817093;-10.357;60;486.508;QORFEXLDLPXXPR-UHFFFAOYSA-O;[H]c1c([H])c([H])c(C([H])([H])[N@+]2([H])C([H])([H])C([H])([H])[C@](c3noc(-c4c([H])c([N+](=O)[O-])c([H])c([N+](=O)[O-])c4[H])n3)(c3c([H])c([H])c([H])c([H])c3[H])C([H])([H])C2([H])[H])c([H])c1[H]
JKBBRO.xaa_ZINC000044873374_215;-10.0190426;-10.368843;-10.009;64;456.566;NPTACGGHULBTLH-ZXVVBBHZSA-O;[H]/C(=C(\C(=O)N([H])C([H])([H])c1c([H])c([H])c(C([H])([H])[N+]2([H])C([H])([H])C([H])([H])C([H])([H])C([H])([H])C2([H])[H])c([H])c1[H])c1c([H])c([H])c([H])c([H])c1[H])c1c([H])c([H])c([H])c([N+](=O)[O-])c1[H]
JKBBRO.xaa_ZINC000104266591_223;-10.1066173;-10.735948;-9.397;75;457.686;IZLNCLWMFBBEFY-MXNGAVTRSA-O;[H]c1c2nc3c([H])c([H])c([H])c([H])c3n(C3([H])C([H])([H])C([H])([H])C([H])([H])C([H])([H])C3([H])[H])c-2c([H])/c(=[N+](\[H])C2([H])C([H])([H])C([H])([H])C([H])([H])C([H])([H])C2([H])[H])c1N([H])C1([H])C([H])([H])C([H])([H])C([H])([H])C([H])([H])C1([H])[H]
JKBBRO.xaa_ZINC000022739377_236;-10.0396663;-10.389369;-9.126;63;483.548;HSRLIRVSXSLBNE-UHFFFAOYSA-O;[H]c1c(C(=O)N([H])c2c([H])c([H])c(N3C([H])([H])C([H])([H])[N+]([H])(C([H])([H])c4c([H])c([H])c([H])c([H])c4[H])C([H])([H])C3([H])[H])c([H])c2[H])oc(-c2c([H])c([H])c([H])c([N+](=O)[O-])c2[H])c1[H]
JKBBRO.xaa_ZINC000224646056_237;-10.0688506;-10.372408;-10.512;64;456.566;NTWQCWVWGGFANB-ZXVVBBHZSA-O;[H]/C(=C(\C(=O)N([H])C([H])([H])c1c([H])c([H])c([H])c(C([H])([H])[N+]2([H])C([H])([H])C([H])([H])C([H])([H])C([H])([H])C2([H])[H])c1[H])c1c([H])c([H])c([H])c([H])c1[H])c1c([H])c([H])c([H])c([N+](=O)[O-])c1[H]
JKBBRO.xaa_ZINC000224807291_238;-10.159098;-10.26244;-10.175;64;456.566;HCAIYDPBCIJKSY-ZXVVBBHZSA-O;[H]/C(=C(\C(=O)N([H])C([H])([H])c1c([H])c([H])c([H])c([H])c1C([H])([H])[N+]1([H])C([H])([H])C([H])([H])C([H])([H])C([H])([H])C1([H])[H])c1c([H])c([H])c([H])c([H])c1[H])c1c([H])c([H])c([H])c([N+](=O)[O-])c1[H]
JJBDMN.xaa_ZINC001436435722_84;-10.1463808;-10.465659;-10.11;65;455.624;YREBXCOOLPEOIN-JOCHJYFZSA-N;[H]c1c([H])c([H])c(C([H])([H])C([H])([H])C([H])([H])N2C([H])([H])C([H])([H])N(C(=O)C([H])([H])Sc3c([H])c([H])c([H])c([H])c3[N+](=O)[O-])[C@]([H])(C([H])([H])C([H])(C([H])([H])[H])C([H])([H])[H])C2([H])[H])c([H])c1[H]
JJBDMN.xaa_ZINC001440825814_372;-10.0259308;-10.183889;-9.947;53;451.504;GGLULPDHRPQKQX-UHFFFAOYSA-N;[H]c1c([H])c(N([H])C(=O)c2c([H])c([H])c(N([H])S(=O)(=O)c3c([H])c([H])c([H])c([N+](=O)[O-])c3[H])c([H])c2[H])c2c(c1[H])C([H])([H])C([H])([H])C([H])([H])C2([H])[H]
JEEARM.xaa_ZINC000008762088_146;-10.348322800000002;-10.806106;-9.003;51;476.447;OGSHMSGSIPBBDC-QZQOTICOSA-M;[H]c1c([H])c([N+](=O)[O-])c([H])c(C([H])([H])/N=N/c2c([H])c([H])c(S(=O)(=O)N3C([H])([H])C([H])([H])C([H])(C(=O)[O-])C([H])([H])C3([H])[H])c([H])c2[N+](=O)[O-])c1[H]
JFBARO.xaa_ZINC000009708765_186;-10.2300884;-10.645084;-11.465;65;489.556;UGWIMPXKVCYOOY-DEOSSOPVSA-O;[H]c1nc([H])c([C@@]([H])(N2C([H])([H])C([H])([H])[N+]([H])(C([H])([H])c3c([H])c([H])c([H])c([H])c3[H])C([H])([H])C2([H])[H])C([H])([H])N([H])C(=O)C(=O)N([H])c2c([H])c([H])c([H])c([N+](=O)[O-])c2[H])c([H])c1[H]
JFBARO.xaa_ZINC000009708766_318;-10.264844;-10.636994;-10.197;65;489.556;UGWIMPXKVCYOOY-XMMPIXPASA-O;[H]c1nc([H])c([C@]([H])(N2C([H])([H])C([H])([H])[N+]([H])(C([H])([H])c3c([H])c([H])c([H])c([H])c3[H])C([H])([H])C2([H])[H])C([H])([H])N([H])C(=O)C(=O)N([H])c2c([H])c([H])c([H])c([N+](=O)[O-])c2[H])c([H])c1[H]
JJEBMN.xaa_ZINC000408725097_36;-10.7500192;-10.95058;-10.001;46;463.431;JDBIUGRTCXLBOG-WSDLNYQXSA-N;[H]/C(=N\N=c1/sc2c([H])c([H])c([H])c([H])c2n1[H])c1c([H])c([H])c(OC(=O)c2c([H])c([N+](=O)[O-])c([H])c([N+](=O)[O-])c2[H])c([H])c1[H]
JJEBMN.xaa_ZINC000409067532_129;-10.0861004;-10.437609;-9.591;53;477.502;YSGGSOQSTKUKFY-ZMOGYAJESA-N;[H]/C(=N\N=c1/sc2c([H])c([H])c([H])c([H])c2n1[H])c1c([H])c([H])c(OC([H])([H])C(=O)N([H])c2c([H])c([H])c([H])c([N+](=O)[O-])c2[H])c(OC([H])([H])[H])c1[H]
JJEBMN.xaa_ZINC000409114118_165;-10.2125907;-10.759403;-7.992;51;496.461;CKHPMSZYGFPFOR-WSDLNYQXSA-N;[H]/C(=N\N([H])c1c([H])c([H])c([N+](=O)[O-])c([H])c1[N+](=O)[O-])c1c([H])c([N+](=O)[O-])c([H])c([H])c1Sc1c([H])c([H])c([H])c([H])c1N([H])C(=O)C([H])([H])[H]
JJEBMN.xaa_ZINC000033921342_258;-10.6274563;-11.11632;-10.412;53;452.906;GTTDYEYTHKSWCJ-WEMUOSSPSA-N;[H]c1c([H])c([H])c(N([H])c2nc(/N=N/C([H])([H])c3c([H])c([N+](=O)[O-])c([H])c([H])c3Cl)nc(N3C([H])([H])C([H])([H])C([H])([H])C([H])([H])C3([H])[H])n2)c([H])c1[H]
JHBARO.xaa_ZINC000009860264_0;-10.074005;-10.83755;-11.119;70;497.627;FSSSAJAPGPVFJR-FQEVSTJZSA-O;[H]c1c([H])c([H])c(-c2nc3c4c([H])c([H])c([H])c([H])c4n4c(C([H])([H])C([H])([H])C([H])([H])C(=O)N([H])C([H])([H])C([H])([H])[N@@+]5([H])C([H])([H])C([H])([H])C([H])([H])C([H])([H])[C@]5([H])C([H])([H])[H])nnc4n3n2)c([H])c1[H]
JHBARO.xaa_ZINC000009860263_1;-10.0665364;-10.829618;-10.693;70;497.627;FSSSAJAPGPVFJR-HXUWFJFHSA-O;[H]c1c([H])c([H])c(-c2nc3c4c([H])c([H])c([H])c([H])c4n4c(C([H])([H])C([H])([H])C([H])([H])C(=O)N([H])C([H])([H])C([H])([H])[N@@+]5([H])C([H])([H])C([H])([H])C([H])([H])C([H])([H])[C@@]5([H])C([H])([H])[H])nnc4n3n2)c([H])c1[H]
JHBARO.xaa_ZINC000009957511_9;-10.1912244;-10.401558;-11.018;58;486.526;KLGRPPMKDXJOTQ-OAQYLSRUSA-O;[H]c1oc([C@@]([H])(C([H])([H])N([H])C(=O)c2c([H])c([H])c(OS(=O)(=O)c3c([H])c([H])c([H])c([N+](=O)[O-])c3[H])c([H])c2[H])[N+]2([H])C([H])([H])C([H])([H])C([H])([H])C2([H])[H])c([H])c1[H]
JHBARO.xaa_ZINC000009957506_10;-10.3218086;-10.607734;-10.781;58;486.526;KLGRPPMKDXJOTQ-NRFANRHFSA-O;[H]c1oc([C@]([H])(C([H])([H])N([H])C(=O)c2c([H])c([H])c(OS(=O)(=O)c3c([H])c([H])c([H])c([N+](=O)[O-])c3[H])c([H])c2[H])[N+]2([H])C([H])([H])C([H])([H])C([H])([H])C2([H])[H])c([H])c1[H]
JHBARO.xaa_ZINC000012775022_45;-10.2350653;-10.427146;-11.713;61;496.565;IPNFSFAELBDYFG-UHFFFAOYSA-O;[H]c1c([H])c([H])c(C([H])([H])[N@+]2([H])C([H])([H])C([H])([H])[C@@]([H])(N([H])C(=O)c3c([H])c([H])c(OS(=O)(=O)c4c([H])c([H])c([H])c([N+](=O)[O-])c4[H])c([H])c3[H])C([H])([H])C2([H])[H])c([H])c1[H]
JHBARO.xaa_ZINC000057222823_112;-10.3052884;-10.716762;-9.841;62;475.525;LIPAZFFYNVSOCV-UHFFFAOYSA-O;[H]c1c([H])c([H])c(C([H])([H])[N+]2([H])C([H])([H])C([H])([H])N(c3c([H])c([H])c(C(=O)OC([H])([H])[H])c([H])c3N([H])C(=O)c3c([H])c([H])c([H])c([N+](=O)[O-])c3[H])C([H])([H])C2([H])[H])c([H])c1[H]
JHBARO.xaa_ZINC000069929643_160;-10.0141112;-10.254194;-9.229;63;481.598;UBVQNICEPKGQMY-UHFFFAOYSA-O;[H]c1c([H])c([N+](=O)[O-])c([H])c(S(=O)(=O)N2C([H])([H])C([H])([H])C([H])([H])C2([H])[H])c1N1C([H])([H])C([H])([H])[N+]([H])(C([H])([H])c2c([H])c([H])c([H])c3c([H])c([H])c([H])c([H])c23)C([H])([H])C1([H])[H]
JHBARO.xaa_ZINC000036340249_183;-10.0185461;-10.476863;-9.308;66;462.574;KFYZYYFGLUVTGA-HSZRJFAPSA-O;[H]O[C@]([H])(C([H])([H])C([H])([H])[H])C([H])([H])[N+]1([H])C([H])([H])C([H])([H])N(c2nc(-c3c([H])c([H])c([H])c([H])c3[H])nc(C([H])([H])[H])c2C([H])([H])c2c([H])c([H])c([N+](=O)[O-])c([H])c2[H])C([H])([H])C1([H])[H]
JIAAMP.xaa_ZINC000014754617_1;-10.3914708;-10.825623;-10.593;80;479.713;JFVPHFVPRMMJHV-VWLOTQADSA-P;[H]c1c([H])c([H])c(C([H])([H])[N@+]2([H])C([H])([H])C([H])([H])[C@@]([H])([N+]([H])([H])[C@]3([H])C([H])([H])c4c(C(=O)N(C([H])([H])[H])C([H])([H])[H])nn(C([H])([H])C5([H])C([H])([H])C([H])([H])C([H])([H])C([H])([H])C5([H])[H])c4C([H])([H])C3([H])[H])C([H])([H])C2([H])[H])c([H])c1[H]
JIAAMP.xaa_ZINC000014754616_2;-10.442407200000002;-11.131069;-10.356;80;479.713;JFVPHFVPRMMJHV-RUZDIDTESA-P;[H]c1c([H])c([H])c(C([H])([H])[N@+]2([H])C([H])([H])C([H])([H])[C@@]([H])([N+]([H])([H])[C@@]3([H])C([H])([H])c4c(C(=O)N(C([H])([H])[H])C([H])([H])[H])nn(C([H])([H])C5([H])C([H])([H])C([H])([H])C([H])([H])C([H])([H])C5([H])[H])c4C([H])([H])C3([H])[H])C([H])([H])C2([H])[H])c([H])c1[H]
JIAAMP.xaa_ZINC000245225574_9;-10.4183302;-11.027712;-9.937;78;490.692;YJRMUQWVGCWAGH-XTEPFMGCSA-P;[H]c1c([H])c([H])c(N([H])C(=O)C2([H])C([H])([H])C([H])([H])N(C(=O)C([H])([H])[N@+]3([H])C([H])([H])C([H])([H])C([H])([H])[C@]3([H])[C@@]3([H])C([H])([H])C([H])([H])C([H])([H])[N@@+]([H])(C([H])([H])c4c([H])c([H])c([H])c([H])c4[H])C3([H])[H])C([H])([H])C2([H])[H])c([H])c1[H]
JIAAMP.xaa_ZINC000245225574_10;-10.5501514;-11.095281;-11.258;78;490.692;YJRMUQWVGCWAGH-XTEPFMGCSA-P;[H]c1c([H])c([H])c(N([H])C(=O)C2([H])C([H])([H])C([H])([H])N(C(=O)C([H])([H])[N@@+]3([H])C([H])([H])C([H])([H])C([H])([H])[C@]3([H])[C@@]3([H])C([H])([H])C([H])([H])C([H])([H])[N@@+]([H])(C([H])([H])c4c([H])c([H])c([H])c([H])c4[H])C3([H])[H])C([H])([H])C2([H])[H])c([H])c1[H]
JIAAMP.xaa_ZINC000017318256_33;-10.1053654;-10.387139;-10.625;67;455.606;RJDIOPDFXJFLPO-UHFFFAOYSA-P;[H]c1nc([H])c(-c2nn(C([H])([H])c3c([H])c([H])c([H])c([H])c3[H])c([H])c2C([H])([H])[N+]([H])([H])C([H])([H])c2c([H])c([H])c(C([H])([H])[N+]3([H])C([H])([H])C([H])([H])OC([H])([H])C3([H])[H])c([H])c2[H])c([H])c1[H]
JIAAMP.xaa_ZINC000058027758_46;-10.2894692;-11.019506;-11.258;78;490.692;YJRMUQWVGCWAGH-XCZPVHLTSA-P;[H]c1c([H])c([H])c(N([H])C(=O)C2([H])C([H])([H])C([H])([H])N(C(=O)C([H])([H])[N@+]3([H])C([H])([H])C([H])([H])C([H])([H])[C@@]3([H])[C@@]3([H])C([H])([H])C([H])([H])C([H])([H])[N@@+]([H])(C([H])([H])c4c([H])c([H])c([H])c([H])c4[H])C3([H])[H])C([H])([H])C2([H])[H])c([H])c1[H]
JIAAMP.xaa_ZINC000058027758_47;-10.373968;-11.398317;-10.244;78;490.692;YJRMUQWVGCWAGH-XCZPVHLTSA-P;[H]c1c([H])c([H])c(N([H])C(=O)C2([H])C([H])([H])C([H])([H])N(C(=O)C([H])([H])[N@@+]3([H])C([H])([H])C([H])([H])C([H])([H])[C@@]3([H])[C@@]3([H])C([H])([H])C([H])([H])C([H])([H])[N@@+]([H])(C([H])([H])c4c([H])c([H])c([H])c([H])c4[H])C3([H])[H])C([H])([H])C2([H])[H])c([H])c1[H]
JIAAMP.xaa_ZINC000058027758_48;-10.0119856;-10.724369;-10.964;78;490.692;YJRMUQWVGCWAGH-XCZPVHLTSA-P;[H]c1c([H])c([H])c(N([H])C(=O)C2([H])C([H])([H])C([H])([H])N(C(=O)C([H])([H])[N@+]3([H])C([H])([H])C([H])([H])C([H])([H])[C@@]3([H])[C@@]3([H])C([H])([H])C([H])([H])C([H])([H])[N@+]([H])(C([H])([H])c4c([H])c([H])c([H])c([H])c4[H])C3([H])[H])C([H])([H])C2([H])[H])c([H])c1[H]
JIAAMP.xaa_ZINC000058027758_49;-10.248281;-11.039039;-10.11;78;490.692;YJRMUQWVGCWAGH-XCZPVHLTSA-P;[H]c1c([H])c([H])c(N([H])C(=O)C2([H])C([H])([H])C([H])([H])N(C(=O)C([H])([H])[N@+]3([H])C([H])([H])C([H])([H])C([H])([H])[C@@]3([H])[C@@]3([H])C([H])([H])C([H])([H])C([H])([H])[N@@+]([H])(C([H])([H])c4c([H])c([H])c([H])c([H])c4[H])C3([H])[H])C([H])([H])C2([H])[H])c([H])c1[H]
JIAAMP.xaa_ZINC000058027769_50;-10.1646242;-10.416076;-11.23;78;490.692;YJRMUQWVGCWAGH-IAPPQJPRSA-P;[H]c1c([H])c([H])c(N([H])C(=O)C2([H])C([H])([H])C([H])([H])N(C(=O)C([H])([H])[N@+]3([H])C([H])([H])C([H])([H])C([H])([H])[C@@]3([H])[C@]3([H])C([H])([H])C([H])([H])C([H])([H])[N@+]([H])(C([H])([H])c4c([H])c([H])c([H])c([H])c4[H])C3([H])[H])C([H])([H])C2([H])[H])c([H])c1[H]
JIAAMP.xaa_ZINC000058027769_51;-10.3193998;-11.037422;-10.624;78;490.692;YJRMUQWVGCWAGH-IAPPQJPRSA-P;[H]c1c([H])c([H])c(N([H])C(=O)C2([H])C([H])([H])C([H])([H])N(C(=O)C([H])([H])[N@@+]3([H])C([H])([H])C([H])([H])C([H])([H])[C@@]3([H])[C@]3([H])C([H])([H])C([H])([H])C([H])([H])[N@+]([H])(C([H])([H])c4c([H])c([H])c([H])c([H])c4[H])C3([H])[H])C([H])([H])C2([H])[H])c([H])c1[H]
JIAAMP.xaa_ZINC000058027769_52;-10.1031706;-10.538526;-11.241;78;490.692;YJRMUQWVGCWAGH-IAPPQJPRSA-P;[H]c1c([H])c([H])c(N([H])C(=O)C2([H])C([H])([H])C([H])([H])N(C(=O)C([H])([H])[N@+]3([H])C([H])([H])C([H])([H])C([H])([H])[C@@]3([H])[C@]3([H])C([H])([H])C([H])([H])C([H])([H])[N@+]([H])(C([H])([H])c4c([H])c([H])c([H])c([H])c4[H])C3([H])[H])C([H])([H])C2([H])[H])c([H])c1[H]
JIAAMP.xaa_ZINC000014531461_128;-10.0197852;-10.548006;-10.958;81;491.72;WVYZRLGAYVHIFB-RFYMFKDESA-P;[H]c1c([H])c([H])c(C([H])([H])C([H])([H])[N@@+]2([H])C([H])([H])[C@]([H])(C(=O)N([H])C([H])([H])C([H])([H])[C@@]3([H])C([H])([H])C([H])([H])C([H])([H])[N@@+]3([H])C([H])([H])[H])C([H])([H])[C@]([H])(C([H])([H])Oc3c([H])c([H])c4c(c3[H])C([H])([H])C([H])([H])C4([H])[H])C2([H])[H])c([H])c1[H]
JIAAMP.xaa_ZINC000109050693_154;-10.113614000000002;-10.421694;-9.79;78;490.692;YJRMUQWVGCWAGH-IXCJQBJRSA-P;[H]c1c([H])c([H])c(N([H])C(=O)C2([H])C([H])([H])C([H])([H])N(C(=O)C([H])([H])[N@+]3([H])C([H])([H])C([H])([H])C([H])([H])[C@]3([H])[C@]3([H])C([H])([H])C([H])([H])C([H])([H])[N@+]([H])(C([H])([H])c4c([H])c([H])c([H])c([H])c4[H])C3([H])[H])C([H])([H])C2([H])[H])c([H])c1[H]
JIAAMP.xaa_ZINC000109050693_155;-10.5743662;-10.848083;-11.389;78;490.692;YJRMUQWVGCWAGH-IXCJQBJRSA-P;[H]c1c([H])c([H])c(N([H])C(=O)C2([H])C([H])([H])C([H])([H])N(C(=O)C([H])([H])[N@@+]3([H])C([H])([H])C([H])([H])C([H])([H])[C@]3([H])[C@]3([H])C([H])([H])C([H])([H])C([H])([H])[N@+]([H])(C([H])([H])c4c([H])c([H])c([H])c([H])c4[H])C3([H])[H])C([H])([H])C2([H])[H])c([H])c1[H]
JIAAMP.xaa_ZINC000109050693_156;-10.2199266;-11.268752;-9.822;78;490.692;YJRMUQWVGCWAGH-IXCJQBJRSA-P;[H]c1c([H])c([H])c(N([H])C(=O)C2([H])C([H])([H])C([H])([H])N(C(=O)C([H])([H])[N@+]3([H])C([H])([H])C([H])([H])C([H])([H])[C@]3([H])[C@]3([H])C([H])([H])C([H])([H])C([H])([H])[N@+]([H])(C([H])([H])c4c([H])c([H])c([H])c([H])c4[H])C3([H])[H])C([H])([H])C2([H])[H])c([H])c1[H]
JKBARO.xaa_ZINC000253388926_46;-10.0154218;-10.3508;-10.202;70;466.602;OPDPTJWOXORRGO-HOFKKMOUSA-O;[H]c1c([H])c(OC([H])([H])[H])c([H])c([C@]2([H])C([H])([H])[N@+]([H])(C([H])([H])c3c([H])c([H])c([N+](=O)[O-])c([H])c3[H])C([H])([H])[C@@]2([H])C([H])([H])N(C(=O)C([H])([H])[H])C2([H])C([H])([H])C([H])([H])C([H])([H])C([H])([H])C2([H])[H])c1[H]
JKBARO.xaa_ZINC000009380120_56;-10.8382878;-11.206619;-10.308;70;497.619;TWLCRJTTZNDZFH-LJAQVGFWSA-O;[H]c1c([H])c([H])c(C2=NN(C(=O)C([H])([H])C([H])([H])[N@+]3([H])C([H])([H])C([H])([H])[C@@]([H])(C([H])([H])c4c([H])c([H])c([H])c([H])c4[H])C([H])([H])C3([H])[H])[C@]([H])(c3c([H])c([H])c([H])c([N+](=O)[O-])c3[H])C2([H])[H])c([H])c1[H]
JKBARO.xaa_ZINC000009380121_57;-10.8557029;-11.103216;-10.224;70;497.619;TWLCRJTTZNDZFH-GDLZYMKVSA-O;[H]c1c([H])c([H])c(C2=NN(C(=O)C([H])([H])C([H])([H])[N@+]3([H])C([H])([H])C([H])([H])[C@@]([H])(C([H])([H])c4c([H])c([H])c([H])c([H])c4[H])C([H])([H])C3([H])[H])[C@@]([H])(c3c([H])c([H])c([H])c([N+](=O)[O-])c3[H])C2([H])[H])c([H])c1[H]
JKBARO.xaa_ZINC000016949678_70;-10.0061306;-10.247141;-11.014;80;500.75;MGHLOQFXADVOMU-DWNUCVIGSA-O;[H]c1c([H])c2c(c([H])c1C([H])(C([H])([H])[H])C([H])([H])[H])C([H])([H])C([H])([H])[C@@]1([H])[C@]2(C([H])([H])[H])C([H])([H])C([H])([H])C([H])([H])[C@@]1(C([H])([H])[H])C([H])([H])[N+]([H])([H])C([H])([H])c1c([H])c([H])c2c([H])c([H])c3c([H])c([H])c([H])c4c([H])c([H])c1c2c34
JKBARO.xaa_ZINC000044229681_105;-10.1132525;-10.951558;-10.817;74;485.695;QXZCSGDPXZSPCP-IWGRKNQJSA-N;[H]/C(=C(/[H])C([H])([H])[N+]1(C([H])([H])/C([H])=C(\[H])c2c([H])c([H])c([H])c([H])c2[H])C([H])([H])C([H])([H])N(C([H])(c2c([H])c([H])c([H])c([H])c2[H])c2c([H])c([H])c([H])c([H])c2[H])C([H])([H])C1([H])[H])c1c([H])c([H])c([H])c([H])c1[H]
JKBARO.xaa_ZINC000008432973_127;-10.200906800000002;-10.667909;-10.116;60;474.544;ZMYXWEKKTKTMSH-UHFFFAOYSA-O;[H]C1=C(N(c2c([H])c([H])c([H])c([H])c2[H])C([H])([H])c2c([H])c([H])c([N+](=O)[O-])c([H])c2[H])[N+]([H])=C([H])C(c2c([H])c([H])c([H])c([H])c2[H])=NN1c1c([H])c([H])c([H])c([H])c1[H]
JKBARO.xaa_ZINC000034697582_153;-10.4482523;-11.022344;-9.737;70;484.62;HKASLQJAAIFZSH-YTMVLYRLSA-O;[H]c1c([H])c([H])c(C([H])([H])[C@]2([H])C([H])([H])C([H])([H])[N@@+]([H])(C([H])([H])[C@@]3([H])C([H])([H])N(C(=O)c4c([H])c([H])c([N+](=O)[O-])c([H])c4[H])C([H])([H])[C@@]3([H])c3c([H])c([H])c([H])c([H])c3[H])C([H])([H])C2([H])[H])c([H])c1[H]
JKBARO.xaa_ZINC000034697580_154;-10.4092004;-10.840126;-9.479;70;484.62;HKASLQJAAIFZSH-PXJZQJOASA-O;[H]c1c([H])c([H])c(C([H])([H])[C@]2([H])C([H])([H])C([H])([H])[N@@+]([H])(C([H])([H])[C@]3([H])C([H])([H])N(C(=O)c4c([H])c([H])c([N+](=O)[O-])c([H])c4[H])C([H])([H])[C@@]3([H])c3c([H])c([H])c([H])c([H])c3[H])C([H])([H])C2([H])[H])c([H])c1[H]
JKBARO.xaa_ZINC000034697577_155;-10.2917906;-10.60071;-9.329;70;484.62;HKASLQJAAIFZSH-LMSSTIIKSA-O;[H]c1c([H])c([H])c(C([H])([H])[C@]2([H])C([H])([H])C([H])([H])[N@@+]([H])(C([H])([H])[C@@]3([H])C([H])([H])N(C(=O)c4c([H])c([H])c([N+](=O)[O-])c([H])c4[H])C([H])([H])[C@]3([H])c3c([H])c([H])c([H])c([H])c3[H])C([H])([H])C2([H])[H])c([H])c1[H]
JKBARO.xaa_ZINC000035908187_192;-11.0023594;-11.538165;-10.599;72;499.635;YRBIFVHBJNRDEX-MHZLTWQESA-O;[H]c1c([H])c([H])c(C([H])([H])N(C(=O)C([H])([H])[C@@]([H])(c2c([H])c([H])c([H])c([N+](=O)[O-])c2[H])c2c([H])n([H])c3c(C([H])([H])C([H])([H])[H])c([H])c([H])c([H])c23)C([H])([H])C([H])([H])[N+]([H])(C([H])([H])[H])C([H])([H])[H])c([H])c1[H]
JKBARO.xaa_ZINC000035908188_193;-10.9412652;-11.450913;-10.805;72;499.635;YRBIFVHBJNRDEX-HHHXNRCGSA-O;[H]c1c([H])c([H])c(C([H])([H])N(C(=O)C([H])([H])[C@]([H])(c2c([H])c([H])c([H])c([N+](=O)[O-])c2[H])c2c([H])n([H])c3c(C([H])([H])C([H])([H])[H])c([H])c([H])c([H])c23)C([H])([H])C([H])([H])[N+]([H])(C([H])([H])[H])C([H])([H])[H])c([H])c1[H]
JKBARO.xaa_ZINC000037379707_204;-10.0642078;-10.343788;-8.988;57;476.384;KYQRLHPRLNMKKE-KRWDZBQOSA-O;[H]c1c([H])c([C@@]([H])(c2c([H])n([H])c3c([H])c([H])c([N+](=O)[O-])c([H])c23)C([H])([H])C(=O)N([H])C([H])([H])C([H])([H])[N+]2([H])C([H])([H])C([H])([H])C([H])([H])C2([H])[H])c([H])c(Cl)c1Cl
JKBARO.xaa_ZINC000170618966_236;-10.1971436;-10.885695;-9.999;70;497.619;JUOMISJNJFFCQK-GDLZYMKVSA-O;[H]c1c([H])c([H])c(C2=NN(C(=O)C([H])([H])C([H])([H])[N@+]3([H])C([H])([H])C([H])([H])[C@@]([H])(C([H])([H])c4c([H])c([H])c([H])c([H])c4[H])C([H])([H])C3([H])[H])[C@@]([H])(c3c([H])c([H])c([H])c([H])c3[N+](=O)[O-])C2([H])[H])c([H])c1[H]
JKBARO.xaa_ZINC000170618965_237;-10.2420211;-10.923874;-9.356;70;497.619;JUOMISJNJFFCQK-LJAQVGFWSA-O;[H]c1c([H])c([H])c(C2=NN(C(=O)C([H])([H])C([H])([H])[N@+]3([H])C([H])([H])C([H])([H])[C@@]([H])(C([H])([H])c4c([H])c([H])c([H])c([H])c4[H])C([H])([H])C3([H])[H])[C@]([H])(c3c([H])c([H])c([H])c([H])c3[N+](=O)[O-])C2([H])[H])c([H])c1[H]
JGAAMP.xaa_ZINC000009269482_10;-10.3016374;-10.77463;-11.85;75;487.718;MYTXRJYABMTUAH-UHFFFAOYSA-P;[H]c1c([H])c(C(=O)N([H])C([H])([H])C([H])([H])C([H])([H])[N@+]2([H])C([H])([H])C([H])([H])[C@@]([H])([N+]3([H])C([H])([H])C([H])([H])C([H])([H])C([H])([H])C3([H])[H])C([H])([H])C2([H])[H])n(-c2nnc(N3C([H])([H])C([H])([H])C([H])([H])C([H])([H])C3([H])[H])s2)c1[H]
JGAAMP.xaa_ZINC000014747192_12;-10.1413533;-10.957049;-11.19;75;476.665;QAYRMJYZVJOLSL-CMTIAEDTSA-P;[H]c1c([H])c([H])c(C([H])([H])[N@@+]2([H])C([H])([H])[C@@]([H])(C(=O)N3C([H])([H])C([H])([H])[C@@]([H])([N+]([H])(C([H])([H])[H])C([H])([H])[H])C3([H])[H])C([H])([H])[C@@]([H])(C(=O)N([H])c3c([H])c([H])c4c(c3[H])C([H])([H])C([H])([H])C4([H])[H])C2([H])[H])c([H])c1[H]
JGAAMP.xaa_ZINC000033069183_28;-10.0118234;-10.417475;-10.383;72;453.631;FDQVTRCZXBOLAE-UHFFFAOYSA-P;[H]C1=C(c2noc(C([H])([H])C([H])([H])C(=O)N([H])C([H])([H])[C@]3([H])C([H])([H])C([H])([H])[N@@+]([H])(C([H])([H])c4c([H])c(C([H])([H])[H])c([H])c([H])c4C([H])([H])[H])C([H])([H])C3([H])[H])n2)C([H])([H])C([H])([H])[N@+]([H])(C([H])([H])[H])C1([H])[H]
JGAAMP.xaa_ZINC000014747193_29;-10.131328;-10.520821;-12.206;75;476.665;QAYRMJYZVJOLSL-OBDYRVMHSA-P;[H]c1c([H])c([H])c(C([H])([H])[N@@+]2([H])C([H])([H])[C@@]([H])(C(=O)N3C([H])([H])C([H])([H])[C@]([H])([N+]([H])(C([H])([H])[H])C([H])([H])[H])C3([H])[H])C([H])([H])[C@@]([H])(C(=O)N([H])c3c([H])c([H])c4c(c3[H])C([H])([H])C([H])([H])C4([H])[H])C2([H])[H])c([H])c1[H]
JGAAMP.xaa_ZINC000014535325_62;-10.3052214;-10.925508;-10.275;71;463.626;DZQMFPHITKFDSA-QFIPXVFZSA-P;[H]c1c(C([H])([H])[H])oc(C([H])([H])N([H])C(=O)c2nn(C([H])([H])[H])c3c2C([H])([H])[C@@]([H])([N+]([H])([H])[C@]2([H])C([H])([H])C([H])([H])[N@@+]([H])(C([H])([H])c4c([H])c([H])c([H])c([H])c4[H])C([H])([H])C2([H])[H])C([H])([H])C3([H])[H])c1[H]
JGAAMP.xaa_ZINC000064836183_89;-10.307993200000002;-10.476845;-10.083;71;498.631;LDEZOXWJDNPCDA-UHFFFAOYSA-P;[H]c1nn2c(=O)c3c(n(C([H])([H])[H])c2c1C(=O)N([H])c1c([H])c([H])c([H])c(C([H])([H])[N+]2([H])C([H])([H])C([H])([H])C([H])([H])C2([H])[H])c1[H])C([H])([H])C([H])([H])[N@@+]([H])(C([H])([H])c1c([H])c([H])c([H])c([H])c1[H])C3([H])[H]
JGAAMP.xaa_ZINC000020235414_109;-10.1685826;-10.906046;-10.77;76;488.68;KIGATMGLBQJYPY-VWLOTQADSA-P;[H]c1c([H])c([H])c(C([H])([H])[H])c(-c2c([H])c([H])c([H])c(C([H])([H])[N@@+]3([H])C([H])([H])C([H])([H])c4nnc(C([H])([H])C([H])([H])N([H])C(=O)[C@@]5([H])C([H])([H])C([H])([H])C([H])([H])[N@@+]([H])(C([H])([H])[H])C5([H])[H])n4C([H])([H])C3([H])[H])c2[H])c1[H]
JGAAMP.xaa_ZINC000020235414_110;-10.1566692;-10.6038475;-11.095;76;488.68;KIGATMGLBQJYPY-VWLOTQADSA-P;[H]c1c([H])c([H])c(C([H])([H])[H])c(-c2c([H])c([H])c([H])c(C([H])([H])[N@+]3([H])C([H])([H])C([H])([H])c4nnc(C([H])([H])C([H])([H])N([H])C(=O)[C@@]5([H])C([H])([H])C([H])([H])C([H])([H])[N@@+]([H])(C([H])([H])[H])C5([H])[H])n4C([H])([H])C3([H])[H])c2[H])c1[H]
JGAAMP.xaa_ZINC000020235410_112;-10.1059256;-10.720646;-11.186;76;488.68;KIGATMGLBQJYPY-RUZDIDTESA-P;[H]c1c([H])c([H])c(C([H])([H])[H])c(-c2c([H])c([H])c([H])c(C([H])([H])[N@@+]3([H])C([H])([H])C([H])([H])c4nnc(C([H])([H])C([H])([H])N([H])C(=O)[C@]5([H])C([H])([H])C([H])([H])C([H])([H])[N@+]([H])(C([H])([H])[H])C5([H])[H])n4C([H])([H])C3([H])[H])c2[H])c1[H]
JGAAMP.xaa_ZINC000020235410_113;-10.1131288;-10.493409;-11.175;76;488.68;KIGATMGLBQJYPY-RUZDIDTESA-P;[H]c1c([H])c([H])c(C([H])([H])[H])c(-c2c([H])c([H])c([H])c(C([H])([H])[N@+]3([H])C([H])([H])C([H])([H])c4nnc(C([H])([H])C([H])([H])N([H])C(=O)[C@]5([H])C([H])([H])C([H])([H])C([H])([H])[N@+]([H])(C([H])([H])[H])C5([H])[H])n4C([H])([H])C3([H])[H])c2[H])c1[H]
JGAAMP.xaa_ZINC000014535324_141;-10.3049501;-11.2636595;-10.526;71;463.626;DZQMFPHITKFDSA-JOCHJYFZSA-P;[H]c1c(C([H])([H])[H])oc(C([H])([H])N([H])C(=O)c2nn(C([H])([H])[H])c3c2C([H])([H])[C@]([H])([N+]([H])([H])[C@]2([H])C([H])([H])C([H])([H])[N@@+]([H])(C([H])([H])c4c([H])c([H])c([H])c([H])c4[H])C([H])([H])C2([H])[H])C([H])([H])C3([H])[H])c1[H]
JGAAMP.xaa_ZINC000014536730_145;-10.0034804;-10.450038;-10.135;81;499.7;TWIOSUZMKRTELR-GMAHTHKFSA-P;[H]c1c([H])c(C([H])([H])C([H])([H])[C@]([H])(C([H])([H])[H])[N@@+]2([H])C([H])([H])c3c(C(=O)N([H])C([H])([H])[C@]4([H])C([H])([H])C([H])([H])C([H])([H])[N@+]4([H])C([H])([H])C([H])([H])[H])nn(C([H])([H])C([H])([H])OC([H])([H])[H])c3C([H])([H])C2([H])[H])c([H])c([H])c1OC([H])([H])[H]
JGAAMP.xaa_ZINC000014743340_193;-10.1670243;-10.562253;-10.02;71;459.638;NKKRBUHRSZECSE-XMMPIXPASA-P;[H]c1c([H])c([H])c(C([H])([H])n2nc(C(=O)N([H])C([H])([H])[H])c3c2C([H])([H])C([H])([H])[C@@]([H])([N+]([H])([H])[C@]2([H])C([H])([H])C([H])([H])[N@@+]([H])(C([H])([H])c4c([H])c([H])c([H])c([H])c4[H])C([H])([H])C2([H])[H])C3([H])[H])c([H])c1[H]
JGAAMP.xaa_ZINC000014743341_194;-10.031868;-10.614234;-10.011;71;459.638;NKKRBUHRSZECSE-DEOSSOPVSA-P;[H]c1c([H])c([H])c(C([H])([H])n2nc(C(=O)N([H])C([H])([H])[H])c3c2C([H])([H])C([H])([H])[C@]([H])([N+]([H])([H])[C@]2([H])C([H])([H])C([H])([H])[N@@+]([H])(C([H])([H])c4c([H])c([H])c([H])c([H])c4[H])C([H])([H])C2([H])[H])C3([H])[H])c([H])c1[H]
JFEAMO.xaa_ZINC000014921262_155;-10.3489475;-10.497235;-10.088;64;494.536;YNCPCMAJCOSCEE-RMLRFSFXSA-O;[H]c1c([H])c(C([H])([H])/N=N/c2nc(N([H])c3c([H])c([H])c([N+](=O)[O-])c([H])c3[H])nc(N3C([H])([H])C([H])([H])[N+]([H])(C([H])([H])[H])C([H])([H])C3([H])[H])n2)c([H])c(OC([H])([H])[H])c1OC([H])([H])[H]
JIEBMN.xaa_ZINC000408720876_17;-10.1566966;-10.37527;-10.082;53;462.445;CKVRBBKJBMOMLP-RMLRFSFXSA-N;[H]c1c(-c2c([H])c([H])c([H])c([N+](=O)[O-])c2[H])oc(C([H])([H])/N=N/c2nc(N([H])c3c([H])c([H])c(F)c([H])c3[H])nc(N(C([H])([H])[H])C([H])([H])[H])n2)c1[H]
JIEBMN.xaa_ZINC000016043589_197;-10.2106044;-10.715532;-9.971;46;475.87;NVUWMDAWLJELRE-QURGRASLSA-N;[H]c1c([H])c(Cl)c([H])c(N([H])S(=O)(=O)c2c([H])c([H])c(/N=N/C([H])([H])c3c([H])c([H])c([N+](=O)[O-])c([H])c3[H])c([N+](=O)[O-])c2[H])c1[H]
JIEBMN.xaa_ZINC000033499857_199;-11.531381200000002;-12.33541;-10.182;50;456.422;RLMWCAGFQVCHIH-RNIAWFEPSA-N;[H]/C(=N\N([H])c1nnc(N([H])/N=C(\[H])c2c([H])c([H])c([H])c([N+](=O)[O-])c2[H])c2c([H])c([H])c([H])c([H])c12)c1c([H])c([H])c([H])c([N+](=O)[O-])c1[H]
JIEBMN.xaa_ZINC000016525481_200;-11.531381200000002;-12.33541;-9.98;50;456.422;RLMWCAGFQVCHIH-RNIAWFEPSA-N;[H]/C(=N\N([H])c1nnc(N([H])/N=C(\[H])c2c([H])c([H])c([H])c([N+](=O)[O-])c2[H])c2c([H])c([H])c([H])c([H])c12)c1c([H])c([H])c([H])c([N+](=O)[O-])c1[H]
JIEBMN.xaa_ZINC000033499858_202;-11.531381200000002;-12.33541;-10.234;50;456.422;RLMWCAGFQVCHIH-RNIAWFEPSA-N;[H]/C(=N\N([H])c1nnc(N([H])/N=C(\[H])c2c([H])c([H])c([H])c([N+](=O)[O-])c2[H])c2c([H])c([H])c([H])c([H])c12)c1c([H])c([H])c([H])c([N+](=O)[O-])c1[H]
JIEBMN.xaa_ZINC000006473870_226;-10.5124738;-10.884158;-9.469;58;486.492;OHSGMWOUCJBZSB-QCWLDUFUSA-N;[H]c1c(-c2c([H])c([H])c([H])c([H])c2[N+](=O)[O-])oc(C([H])([H])/N=N/c2nc(N([H])c3c([H])c([H])c([H])c([H])c3[H])nc(N3C([H])([H])C([H])([H])OC([H])([H])C3([H])[H])n2)c1[H]
JHAAMP.xaa_ZINC000014732436_1;-10.0626394;-10.461715;-9.758;74;473.665;USJZFPMKIFANFR-RUZDIDTESA-P;[H]c1c([H])c([H])c(C([H])([H])n2nc(C(=O)N(C([H])([H])[H])C([H])([H])[H])c3c2C([H])([H])C([H])([H])[C@@]([H])([N+]([H])([H])[C@]2([H])C([H])([H])C([H])([H])[N@@+]([H])(C([H])([H])c4c([H])c([H])c([H])c([H])c4[H])C([H])([H])C2([H])[H])C3([H])[H])c([H])c1[H]
JHAAMP.xaa_ZINC000032916223_55;-10.5629432;-11.492167;-11.248;76;486.73;USUMZHDJPYNNHN-UHFFFAOYSA-P;[H]N([H])C(=O)[C@]1([H])C([H])([H])C([H])([H])[N@@+]([H])(C([H])([H])C([H])([H])C([H])([H])C([H])([H])N([H])c2nc(C([H])([H])[N+]3([H])C([H])([H])C([H])([H])C([H])([H])C([H])([H])C3([H])[H])nc3sc4c(c23)C([H])([H])C([H])([H])C([H])([H])C4([H])[H])C([H])([H])C1([H])[H]
JHAAMP.xaa_ZINC000014751701_57;-10.1356949;-10.5326605;-11.185;75;485.676;QROIQXWFJDKDTQ-AREMUKBSSA-P;[H]c1c([H])c([H])c(C([H])([H])[N@+]2([H])C([H])([H])C([H])([H])[C@@]([H])([N+]([H])([H])[C@@]3([H])C([H])([H])c4c(C(=O)N5C([H])([H])c6c([H])c([H])c([H])c([H])c6C([H])([H])C5([H])[H])nn(C([H])([H])[H])c4C([H])([H])C3([H])[H])C([H])([H])C2([H])[H])c([H])c1[H]
JHAAMP.xaa_ZINC000014751699_58;-10.258526;-10.575394;-10.568;75;485.676;QROIQXWFJDKDTQ-SANMLTNESA-P;[H]c1c([H])c([H])c(C([H])([H])[N@+]2([H])C([H])([H])C([H])([H])[C@@]([H])([N+]([H])([H])[C@]3([H])C([H])([H])c4c(C(=O)N5C([H])([H])c6c([H])c([H])c([H])c([H])c6C([H])([H])C5([H])[H])nn(C([H])([H])[H])c4C([H])([H])C3([H])[H])C([H])([H])C2([H])[H])c([H])c1[H]
JHAAMP.xaa_ZINC000014753823_59;-10.2371108;-10.992207;-10.794;71;477.628;ARUDGTWDJIUVPU-XMMPIXPASA-P;[H]c1c([H])c([H])c(C([H])([H])[N@+]2([H])C([H])([H])C([H])([H])[C@@]([H])([N+]([H])([H])[C@@]3([H])C([H])([H])c4c(C(=O)N([H])C([H])([H])c5c([H])c([H])c(F)c([H])c5[H])nn(C([H])([H])[H])c4C([H])([H])C3([H])[H])C([H])([H])C2([H])[H])c([H])c1[H]
JHAAMP.xaa_ZINC000014753821_60;-10.3696376;-10.864332;-10.5;71;477.628;ARUDGTWDJIUVPU-DEOSSOPVSA-P;[H]c1c([H])c([H])c(C([H])([H])[N@+]2([H])C([H])([H])C([H])([H])[C@@]([H])([N+]([H])([H])[C@]3([H])C([H])([H])c4c(C(=O)N([H])C([H])([H])c5c([H])c([H])c(F)c([H])c5[H])nn(C([H])([H])[H])c4C([H])([H])C3([H])[H])C([H])([H])C2([H])[H])c([H])c1[H]
JHAAMP.xaa_ZINC000011974099_178;-10.0429732;-10.283456;-10.972;70;499.059;YKHWLDHRIYPFQA-SFHVURJKSA-P;[H]c1c(-c2c([H])c([H])c([H])c([H])c2Cl)oc(C([H])([H])[N@+]2([H])C([H])([H])C([H])([H])c3nnc([C@@]([H])(N([H])C(=O)[C@]4([H])C([H])([H])C([H])([H])[N@@+]([H])(C([H])([H])[H])C([H])([H])C4([H])[H])C([H])([H])[H])n3C([H])([H])C2([H])[H])c1[H]
JHAAMP.xaa_ZINC000011974090_179;-10.0069718;-10.237486;-10.742;70;499.059;YKHWLDHRIYPFQA-GOSISDBHSA-P;[H]c1c(-c2c([H])c([H])c([H])c([H])c2Cl)oc(C([H])([H])[N@+]2([H])C([H])([H])C([H])([H])c3nnc([C@]([H])(N([H])C(=O)[C@]4([H])C([H])([H])C([H])([H])[N@@+]([H])(C([H])([H])[H])C([H])([H])C4([H])[H])C([H])([H])[H])n3C([H])([H])C2([H])[H])c1[H]
JHAAMP.xaa_ZINC000014745950_188;-10.447902;-10.812419;-10.431;77;465.686;RLNRLYIUNFOXJP-XMMPIXPASA-P;[H]c1c([H])c([H])c(C([H])([H])[N@+]2([H])C([H])([H])C([H])([H])[C@@]([H])([N+]([H])([H])[C@@]3([H])C([H])([H])c4c(C(=O)N([H])C([H])([H])[H])nn(C([H])([H])C5([H])C([H])([H])C([H])([H])C([H])([H])C([H])([H])C5([H])[H])c4C([H])([H])C3([H])[H])C([H])([H])C2([H])[H])c([H])c1[H]
JHAAMP.xaa_ZINC000014745951_189;-10.4236352;-10.888736;-10.518;77;465.686;RLNRLYIUNFOXJP-DEOSSOPVSA-P;[H]c1c([H])c([H])c(C([H])([H])[N@+]2([H])C([H])([H])C([H])([H])[C@@]([H])([N+]([H])([H])[C@]3([H])C([H])([H])c4c(C(=O)N([H])C([H])([H])[H])nn(C([H])([H])C5([H])C([H])([H])C([H])([H])C([H])([H])C([H])([H])C5([H])[H])c4C([H])([H])C3([H])[H])C([H])([H])C2([H])[H])c([H])c1[H]
JHAAMP.xaa_ZINC000015671827_190;-10.6293862;-10.993231;-12.709;78;501.745;PMQOUOXGBGSUKG-UHFFFAOYSA-P;[H]c1c([H])c(C(=O)N([H])C([H])([H])C([H])([H])C([H])([H])[N@+]2([H])C([H])([H])C([H])([H])[C@@]([H])([N+]3([H])C([H])([H])C([H])([H])C([H])([H])C([H])([H])C3([H])[H])C([H])([H])C2([H])[H])n(-c2nnc(N3C([H])([H])C([H])([H])C([H])([H])C([H])([H])C([H])([H])C3([H])[H])s2)c1[H]
JICARO.xaa_ZINC000033129400_4;-10.0439728;-10.355081;-10.553;71;487.628;CETPAXIOYYJJFA-UHFFFAOYSA-O;[H]c1c([H])c(C([H])([H])N([H])C(=O)C([H])([H])n2c([H])c(-c3nnc(C([H])([H])[N@+]4([H])C([H])([H])C([H])([H])[C@@]([H])(C([H])([H])[H])C([H])([H])C4([H])[H])o3)c3c([H])c([H])c([H])c([H])c32)c([H])c([H])c1N(C([H])([H])[H])C([H])([H])[H]
JICAMM.xaa_ZINC000001230471_43;-10.0743925;-10.88772;-10.279;60;455.491;BAVNXLNTSPMAED-UHFFFAOYSA-M;[H]C(=C1C(=O)N(C2([H])C([H])([H])C([H])([H])C([H])([H])C([H])([H])C2([H])[H])C(=O)N(C2([H])C([H])([H])C([H])([H])C([H])([H])C([H])([H])C2([H])[H])C1=O)N([H])c1c([H])c([N+](=O)[O-])c([H])c([H])c1[O-]
JICAMM.xaa_ZINC000012801691_67;-10.1410536;-10.407845;-11.116;59;494.549;WDIQYFSBENHVOI-UHFFFAOYSA-N;[H]Oc1c([H])c([H])c([N-]S(=O)(=O)c2c([H])c([H])c([H])c([N+](=O)[O-])c2[H])c([H])c1C(=O)N1C([H])([H])C([H])([H])C([H])(C([H])([H])c2c([H])c([H])c([H])c([H])c2[H])C([H])([H])C1([H])[H]
JICAMM.xaa_ZINC000102570481_289;-10.1586908;-10.516617;-10.965;51;487.883;XJSWNNTVEPBATK-PDGQHHTCSA-N;[H]/C(=C1/C(=O)N(c2nn[n-]n2)N=C1C([H])([H])[H])c1oc(-c2c([H])c([H])c(Cl)c(C(=O)OC([H])([H])c3c([H])c([H])c([H])c([H])c3[H])c2[H])c([H])c1[H]
JHEBMN.xaa_ZINC000408724886_9;-10.001229599999998;-10.287374;-10.11;58;486.492;BZIOUCPFBWGZQQ-MFKUBSTISA-N;[H]Oc1c(OC([H])([H])C([H])([H])[H])c([H])c([N+](=O)[O-])c([H])c1/C([H])=N/N([H])c1nc(N([H])c2c([H])c([H])c([H])c([H])c2[H])nc(N([H])c2c([H])c([H])c([H])c([H])c2[H])n1
JHEBMN.xaa_ZINC000009090630_87;-10.2274432;-10.651716;-10.557;55;490.563;AYKLEBGLLGJQPE-PPRFWAEMSA-N;[H]/C(=N\N=C1\S[C@]([H])(C([H])([H])C([H])([H])C([H])([H])C([H])([H])[H])C(=O)N1[H])c1c([H])c([H])c([H])c(OS(=O)(=O)c2c([H])c([H])c(C([H])([H])[H])c([N+](=O)[O-])c2[H])c1[H]
JHEBMN.xaa_ZINC000009090629_132;-10.2274432;-10.651716;-10.54;55;490.563;AYKLEBGLLGJQPE-PPRFWAEMSA-N;[H]/C(=N\N=C1\S[C@]([H])(C([H])([H])C([H])([H])C([H])([H])C([H])([H])[H])C(=O)N1[H])c1c([H])c([H])c([H])c(OS(=O)(=O)c2c([H])c([H])c(C([H])([H])[H])c([N+](=O)[O-])c2[H])c1[H]
JHEBMN.xaa_ZINC000015162321_153;-10.129755;-10.533445;-9.743;51;472.868;GPRMESXPMSAHSX-WEMUOSSPSA-N;[H]c1c([H])c(N([H])c2nc(/N=N/C([H])([H])c3c([H])c([N+](=O)[O-])c([H])c([H])c3Cl)nc(N3C([H])([H])C([H])([H])OC([H])([H])C3([H])[H])n2)c([H])c([H])c1F
JHEBMN.xaa_ZINC000015676038_223;-10.2398768;-10.709293;-10.564;50;456.422;SHWQQDJKEREXHN-IBGZPJMESA-N;[H]c1c([H])c(C#N)c([H])c(N([H])C(=O)N2C([H])([H])c3c(nc([H])n3[H])C([H])([H])[C@@]2([H])c2nc(-c3c([H])c([H])c([H])c([N+](=O)[O-])c3[H])no2)c1[H]
JHBDMN.xaa_ZINC001306405295_302;-10.013827799999998;-10.720913;-9.914;73;486.617;CQZWJANBFWUPJX-XAPVIXHLSA-N;[H]c1c([H])c(-c2nnc(N3C([H])([H])C([H])([H])N(C([H])([H])C([H])([H])OC([H])([H])[H])[C@]([H])(C([H])([H])C([H])([H])[H])C3([H])[H])n2C([H])([H])[C@@]2([H])C([H])([H])[C@]([H])(C([H])([H])[H])O[C@]([H])(C([H])([H])[H])C2([H])[H])c([H])c([N+](=O)[O-])c1[H]
JGEAMO.xaa_ZINC000334160599_96;-10.4887942;-10.981104;-10.473;57;484.928;BIEKBERRJFWJOG-WEMUOSSPSA-O;[H]Oc1c([H])c([H])c(Cl)c([H])c1C([H])([H])/N=N/c1nc(N([H])c2c([H])c([H])c([N+](=O)[O-])c([H])c2[H])nc(N2C([H])([H])C([H])([H])[N+]([H])(C([H])([H])[H])C([H])([H])C2([H])[H])n1
JGEAMO.xaa_ZINC000008872723_262;-10.5742008;-10.784912;-10.149;60;473.521;APCCQKOLGWNXSX-QCWLDUFUSA-O;[H]c1c([H])c([N+](=O)[O-])c([H])c([H])c1N([H])c1nc(/N=N/C([H])([H])c2c([H])n([H])c3c([H])c([H])c([H])c([H])c23)nc(N2C([H])([H])C([H])([H])[N+]([H])(C([H])([H])[H])C([H])([H])C2([H])[H])n1
JKCBMM.xaa_ZINC000058849982_147;-10.0220326;-10.230977;-10.168;52;480.953;SLTLKUORYVVPLP-YZUZCNPQSA-N;[H]C1=C([H])[C@]2([H])c3c([H])c(S(=O)(=O)[N-]c4c([H])c([H])c([H])c([N+](=O)[O-])c4[H])c([H])c([H])c3N([H])[C@]([H])(c3c([H])c([H])c([H])c(Cl)c3[H])[C@]2([H])C1([H])[H]
JKCBMM.xaa_ZINC000058850021_149;-10.8352382;-11.179925;-10.539;54;491.505;CGDUXTMNOHBRJX-YZUZCNPQSA-N;[H]C1=C([H])[C@]2([H])c3c([H])c(S(=O)(=O)[N-]c4c([H])c([H])c([H])c([N+](=O)[O-])c4[H])c([H])c([H])c3N([H])[C@]([H])(c3c([H])c([H])c([H])c([N+](=O)[O-])c3[H])[C@]2([H])C1([H])[H]
JKCBMM.xaa_ZINC000058850028_150;-10.2975012;-10.713768;-9.597;54;491.505;SXAJBEPZTCWPRA-YZUZCNPQSA-N;[H]C1=C([H])[C@]2([H])c3c([H])c(S(=O)(=O)[N-]c4c([H])c([H])c([H])c([N+](=O)[O-])c4[H])c([H])c([H])c3N([H])[C@]([H])(c3c([H])c([H])c([N+](=O)[O-])c([H])c3[H])[C@]2([H])C1([H])[H]
JGCBRL.xaa_ZINC000033397253_183;-10.0491124;-10.503217;-10.217;49;457.398;GMIGMSZIBUOAMD-MOSHPQCFSA-L;[H]/C(=C1\C(=O)[N-]N(c2c([H])c([H])c([H])c([H])c2[H])C1=O)c1c([H])c([N+](=O)[O-])c([H])c([H])c1OC([H])([H])c1c([H])c([H])c([H])c(C(=O)[O-])c1[H]
JGCBMN.xaa_ZINC000408998473_82;-10.2180866;-10.70104;-10.38;53;491.416;UPDXXGJPFCWZDL-UHFFFAOYSA-N;[H]C(=C1C(=O)N([H])C(=O)N([H])C1=O)c1c([H])c(C([H])([H])[H])n(-c2c([H])c([H])c(Oc3c([H])c([H])c([N+](=O)[O-])c([H])c3[N+](=O)[O-])c([H])c2[H])c1C([H])([H])[H]
JGCBMN.xaa_ZINC000409185546_160;-10.1276507;-10.448863;-11.124;52;499.932;MHYFYLABBOTWSU-UHFFFAOYSA-N;[H]C(=C1C(=O)N([H])C(=O)N([H])C1=O)c1oc(C([H])([H])N(C([H])([H])c2c([H])c([H])c([H])c([H])c2[H])S(=O)(=O)c2c([H])c([H])c(Cl)c([H])c2[H])c([H])c1[H]
JGCBMN.xaa_ZINC000409185911_162;-10.1160148;-10.227054;-11.157;52;499.932;SKJUWHWNCNFVKF-UHFFFAOYSA-N;[H]C(=C1C(=O)N([H])C(=O)N([H])C1=O)c1oc(C([H])([H])N(C([H])([H])c2c([H])c([H])c(Cl)c([H])c2[H])S(=O)(=O)c2c([H])c([H])c([H])c([H])c2[H])c([H])c1[H]
JHBAMN.xaa_ZINC000009957506_14;-10.0555578;-10.275795;-10.714;57;485.518;KLGRPPMKDXJOTQ-NRFANRHFSA-N;[H]c1oc([C@@]([H])(N2C([H])([H])C([H])([H])C([H])([H])C2([H])[H])C([H])([H])N([H])C(=O)c2c([H])c([H])c(OS(=O)(=O)c3c([H])c([H])c([H])c([N+](=O)[O-])c3[H])c([H])c2[H])c([H])c1[H]
JHBAMN.xaa_ZINC000006088935_49;-10.0367174;-10.275695;-10.252;48;456.436;GHSNPFVQQKAHDL-UHFFFAOYSA-N;[H]c1c([H])c([H])c([N+](=O)[O-])c(N([H])C(=O)c2c([H])c([H])c([H])c(S(=O)(=O)N([H])c3c([H])c([N+](=O)[O-])c([H])c([H])c3C([H])([H])[H])c2[H])c1[H]
JHBAMN.xaa_ZINC000057222823_190;-10.1348512;-10.651888;-9.892;61;474.517;LIPAZFFYNVSOCV-UHFFFAOYSA-N;[H]c1c([H])c([H])c(C([H])([H])N2C([H])([H])C([H])([H])N(c3c([H])c([H])c(C(=O)OC([H])([H])[H])c([H])c3N([H])C(=O)c3c([H])c([H])c([H])c([N+](=O)[O-])c3[H])C([H])([H])C2([H])[H])c([H])c1[H]
JHBAMN.xaa_ZINC000002913563_306;-10.0016876;-10.288862;-11.033;45;455.883;UAIMYJNFYCKVFC-UHFFFAOYSA-N;[H]c1c([H])c(C(=O)C([H])([H])Sc2nc3nn([H])c([H])c3c(=O)n2-c2c([H])c([H])c(C([H])([H])[H])c(Cl)c2[H])c([H])c([N+](=O)[O-])c1[H]
JIBBRM.xaa_ZINC000408906551_21;-10.1158921;-10.610452;-10.327;52;474.54;YLDKDVSWROIFCF-UHFFFAOYSA-N;[H]c1c([H])c(S(=O)(=O)N([H])c2c([H])c([H])c(C([H])([H])[H])c(C([H])([H])[H])c2[H])c([H])c([H])c1[N-]S(=O)(=O)c1c([H])c([H])c(C([H])([H])[H])c([N+](=O)[O-])c1[H]
JIBBRM.xaa_ZINC000408917601_23;-10.0563972;-10.373543;-10.127;38;479.244;YFKCHYPERKCAPS-MKMNVTDBSA-M;[H]/C(=C1\SC(=O)N(C([H])([H])c2c([H])c([H])c([H])c([N+](=O)[O-])c2[H])C1=O)c1c([H])c([N+](=O)[O-])c([H])c(Br)c1[O-]
JIBBRM.xaa_ZINC000033405873_110;-10.2786894;-10.486396;-10.405;56;477.453;QHJGUECEBZVYJY-UQESYKPISA-M;[H]/C(=C1/C2=NN(C(=O)C([H])([H])C([H])([H])C(=O)[O-])[C@@]([H])(c3c([H])c([H])c([H])c([N+](=O)[O-])c3[H])[C@]2([H])C([H])([H])C([H])([H])C1([H])[H])c1c([H])c([H])c([H])c([N+](=O)[O-])c1[H]
JIBBRM.xaa_ZINC000035341102_136;-10.046948099999998;-10.541661;-9.477;38;479.244;BNIFZGSLANTCEP-VGOFMYFVSA-M;[H]/C(=C1\SC(=O)N(C([H])([H])c2c([H])c([H])c([H])c([N+](=O)[O-])c2[H])C1=O)c1c([H])c(Br)c([O-])c([N+](=O)[O-])c1[H]
JIBBRM.xaa_ZINC000014396787_147;-10.1066628;-10.426263;-10.816;52;474.54;YBPKVTWWUXNUIQ-UHFFFAOYSA-N;[H]c1c([H])c(S(=O)(=O)N([H])c2c([H])c([H])c(C([H])([H])[H])c(C([H])([H])[H])c2[H])c([H])c([H])c1[N-]S(=O)(=O)c1c([H])c([N+](=O)[O-])c([H])c([H])c1C([H])([H])[H]
JIBBRM.xaa_ZINC000108093732_173;-10.0048507;-10.3398695;-10.542;46;480.931;NRSRIVADZGUJEA-UHFFFAOYSA-N;[H]c1c([H])c([N+](=O)[O-])c([H])c(S(=O)(=O)[N-]c2c([H])c([H])c(S(=O)(=O)N([H])c3c([H])c(Cl)c([H])c([H])c3C([H])([H])[H])c([H])c2[H])c1[H]
JJEBMM.xaa_ZINC000408720631_8;-10.0321814;-10.550216;-11.114;49;494.322;MVACOMOYHYJDGH-XLVZBRSZSA-N;[H]c1c(-c2c([H])c([H])c(Cl)c([H])c2Cl)oc(C([H])([H])/N=N/c2nc3nonc3[n-]/c2=N\N([H])c2c([H])c([H])c(C([H])([H])[H])c([H])c2[H])c1[H]
JJEBMM.xaa_ZINC000408725199_9;-10.5422488;-10.942772;-11.242;56;491.491;UBVLSBYSBLDUNM-WPWMEQJKSA-N;[H]/C(=N\[N-]c1nc(N([H])c2c([H])c([H])c([H])c([H])c2[H])nc(N([H])c2c([H])c([H])c([H])c([H])c2[H])n1)c1oc(-c2c([H])c([H])c([H])c([H])c2[N+](=O)[O-])c([H])c1[H]
JJEBMM.xaa_ZINC000408725352_10;-10.4062048;-11.237355;-10.455;59;483.512;NPVXUFRIDRRYHT-WGOQTCKBSA-N;[H]/C(=N\[N-]c1nc(N([H])c2c([H])c([H])c([H])c([H])c2[H])nc(N2C([H])([H])C([H])([H])C([H])([H])C2([H])[H])n1)c1oc(-c2c([H])c([H])c([N+](=O)[O-])c([H])c2C([H])([H])[H])c([H])c1[H]
JJEBMM.xaa_ZINC000408727503_11;-10.0857494;-10.555069;-10.59;62;497.539;MUIQJJXRCRBYRP-WPWMEQJKSA-N;[H]/C(=N\[N-]c1nc(N([H])c2c([H])c([H])c([H])c([H])c2[H])nc(N2C([H])([H])C([H])([H])C([H])([H])C([H])([H])C2([H])[H])n1)c1oc(-c2c([H])c([H])c([N+](=O)[O-])c(C([H])([H])[H])c2[H])c([H])c1[H]
JJEBMM.xaa_ZINC000408728008_12;-10.4669108;-11.216008;-10.831;62;497.539;IHKFRCMBHWOSBO-WPWMEQJKSA-N;[H]/C(=N\[N-]c1nc(N([H])c2c([H])c([H])c([H])c([H])c2[H])nc(N2C([H])([H])C([H])([H])C([H])([H])C([H])([H])C2([H])[H])n1)c1oc(-c2c([H])c([H])c([N+](=O)[O-])c([H])c2C([H])([H])[H])c([H])c1[H]
JJEBMM.xaa_ZINC000012622578_30;-11.0865787;-11.879142;-9.842;48;488.889;QXWNTTQIOWJAGC-IKYLFJRQSA-N;[H]c1c([H])c([H])c([N-]S(=O)(=O)c2c([H])c([N+](=O)[O-])c([H])c([H])c2/N=N/[C@@]([H])(c2c([H])c([H])c([H])c([N+](=O)[O-])c2[H])C([H])([H])[H])c(Cl)c1[H]
JJEBMM.xaa_ZINC000012650513_60;-10.4299916;-10.981804;-9.336;48;488.889;JKEGSTKBTBYLAI-IKYLFJRQSA-N;[H]c1c([H])c([N+](=O)[O-])c([H])c([C@]([H])(/N=N/c2c([H])c([H])c(S(=O)(=O)[N-]c3c([H])c([H])c(Cl)c([H])c3[H])c([H])c2[N+](=O)[O-])C([H])([H])[H])c1[H]
JJEBMM.xaa_ZINC000409211813_102;-10.192137399999998;-10.957779;-11.618;62;497.539;GKFDSXIFIYZRGP-WPWMEQJKSA-N;[H]/C(=N\[N-]c1nc(N([H])c2c([H])c([H])c([H])c([H])c2[H])nc(N2C([H])([H])C([H])([H])C([H])([H])C([H])([H])C2([H])[H])n1)c1oc(-c2c([H])c([H])c(C([H])([H])[H])c([H])c2[N+](=O)[O-])c([H])c1[H]
JJEBMM.xaa_ZINC000409212767_103;-10.150158200000002;-11.106612;-11.095;59;483.512;HRTFLOQMMJBXCD-WGOQTCKBSA-N;[H]/C(=N\[N-]c1nc(N([H])c2c([H])c([H])c([H])c([H])c2[H])nc(N2C([H])([H])C([H])([H])C([H])([H])C2([H])[H])n1)c1oc(-c2c([H])c([H])c(C([H])([H])[H])c([H])c2[N+](=O)[O-])c([H])c1[H]
JJEBMM.xaa_ZINC000025155960_117;-10.0411968;-10.326683;-9.924;52;489.489;LNJAQNNURXOZGX-OCEACIFDSA-M;[H]c1c([H])c([H])c(N([H])S(=O)(=O)c2c([H])c([H])c(/N=N/C([H])([H])c3c([H])c([H])c([H])c4c([H])c([H])c([H])c([H])c34)c([N+](=O)[O-])c2[H])c(C(=O)[O-])c1[H]
JJEBMM.xaa_ZINC000030295620_132;-10.2832034;-10.674186;-9.745;57;468.497;HIWORIUEOCVRRI-GKPLWNPISA-M;[H]c1c(-c2c([H])c([H])c([H])c([H])c2C(=O)[O-])oc(C([H])([H])/N=N/c2nc(N([H])c3c([H])c([H])c([H])c([H])c3[H])nc(N3C([H])([H])C([H])([H])C([H])([H])C3([H])[H])n2)c1[H]
JJEBMM.xaa_ZINC000059402196_134;-10.4299916;-10.981804;-9.329;48;488.889;JKEGSTKBTBYLAI-IKYLFJRQSA-N;[H]c1c([H])c([N+](=O)[O-])c([H])c([C@]([H])(/N=N/c2c([H])c([H])c(S(=O)(=O)[N-]c3c([H])c([H])c(Cl)c([H])c3[H])c([H])c2[N+](=O)[O-])C([H])([H])[H])c1[H]
JJEBMM.xaa_ZINC000033686849_139;-11.0865787;-11.879142;-9.889;48;488.889;QXWNTTQIOWJAGC-IKYLFJRQSA-N;[H]c1c([H])c([H])c([N-]S(=O)(=O)c2c([H])c([N+](=O)[O-])c([H])c([H])c2/N=N/[C@@]([H])(c2c([H])c([H])c([H])c([N+](=O)[O-])c2[H])C([H])([H])[H])c(Cl)c1[H]
JJEBMM.xaa_ZINC000009508615_145;-10.0106826;-10.306652;-10.971;51;493.55;MCYFLCXZFFPMGL-SFWGXRLZSA-N;[H]/N=C1/N=C(c2c([H])c([H])c([H])c([H])c2[H])/C(=N\N([H])c2c([H])c([H])c([N-]S(=O)(=O)c3c([H])c([H])c(C([H])([H])[H])c([N+](=O)[O-])c3[H])c([H])c2[H])S1
JJEBMM.xaa_ZINC000102949430_166;-10.038965;-10.197539;-10.912;51;493.55;MCYFLCXZFFPMGL-SSGQJBGUSA-N;[H]/N=C1/N=C(c2c([H])c([H])c([H])c([H])c2[H])/C(=N/N([H])c2c([H])c([H])c([N-]S(=O)(=O)c3c([H])c([H])c(C([H])([H])[H])c([N+](=O)[O-])c3[H])c([H])c2[H])S1
JFBAMN.xaa_ZINC000001662834_159;-10.4885324;-11.064949;-9.957;49;472.439;AMYNTEMFHMIBMZ-UHFFFAOYSA-N;[H]c1c(C([H])([H])[H])nc(N([H])S(=O)(=O)c2c([H])c([H])c(N([H])C(=O)c3c([H])c([N+](=O)[O-])c([H])c([N+](=O)[O-])c3[H])c([H])c2[H])nc1C([H])([H])[H]
JFBAMN.xaa_ZINC000002779341_192;-10.4621357;-10.837735;-9.602;46;458.412;SRSNQARBGNJJGR-UHFFFAOYSA-N;[H]c1nc(N([H])S(=O)(=O)c2c([H])c([H])c(N([H])C(=O)c3c([H])c([N+](=O)[O-])c([H])c([N+](=O)[O-])c3[H])c([H])c2[H])nc(C([H])([H])[H])c1[H]
JFBAMN.xaa_ZINC000009708765_205;-10.0448256;-10.624968;-10.652;64;488.548;UGWIMPXKVCYOOY-DEOSSOPVSA-N;[H]c1nc([H])c([C@@]([H])(N2C([H])([H])C([H])([H])N(C([H])([H])c3c([H])c([H])c([H])c([H])c3[H])C([H])([H])C2([H])[H])C([H])([H])N([H])C(=O)C(=O)N([H])c2c([H])c([H])c([H])c([N+](=O)[O-])c2[H])c([H])c1[H]
JFBAMN.xaa_ZINC000009708766_342;-10.0130079;-10.398091;-9.858;64;488.548;UGWIMPXKVCYOOY-XMMPIXPASA-N;[H]c1nc([H])c([C@]([H])(N2C([H])([H])C([H])([H])N(C([H])([H])c3c([H])c([H])c([H])c([H])c3[H])C([H])([H])C2([H])[H])C([H])([H])N([H])C(=O)C(=O)N([H])c2c([H])c([H])c([H])c([N+](=O)[O-])c2[H])c([H])c1[H]
JICBRL.xaa_ZINC000001025816_0;-10.1533748;-10.749493;-11.244;49;462.425;HWKKUBZNCCERHH-UHFFFAOYSA-N;[H]c1c([H])c([H])c(-c2nonc2[N-]C2([N-]c3nonc3-c3c([H])c([H])c([H])c([H])c3[H])C(=O)c3c([H])c([H])c([H])c([H])c3C2=O)c([H])c1[H]
JICBRL.xaa_ZINC000026787033_316;-10.0192185;-10.5248995;-12.34;50;474.516;SVOXJASHQQKHLG-UHFFFAOYSA-M;[H]c1c([H])c([H])c(S(=O)(=O)c2c([H])c([N-]S(=O)(=O)c3c([H])c([H])c([H])c([N+](=O)[O-])c3[H])c([H])c(C([H])(C([H])([H])[H])C([H])([H])[H])c2[O-])c([H])c1[H]
JICBRL.xaa_ZINC000033421047_323;-10.1257616;-10.527464;-9.187;51;485.408;RNVHWHUAQLVZNR-UDWIEESQSA-L;[H]/C(=C1/C(=O)[N-]C(=O)N(c2c([H])c([H])c([H])c([N+](=O)[O-])c2[H])C1=O)c1c([H])c([H])c(OC([H])([H])c2c([H])c([H])c([H])c([H])c2[H])c(C(=O)[O-])c1[H]
JKBARM.xaa_ZINC000012560331_14;-10.1807364;-10.6568;-8.851;58;480.5;SLQDOJHPBKTUGO-QIMZYXORSA-M;[H]/C(=C1\C2=NN(C(=O)c3c([H])c([H])c([H])c([N+](=O)[O-])c3C(=O)[O-])[C@@]([H])(c3c([H])c([H])c([H])c([H])c3[H])[C@]2([H])C([H])([H])C([H])([H])C1([H])[H])c1c([H])c([H])c([H])c([H])c1[H]
JKBARM.xaa_ZINC000012560334_15;-10.0103912;-10.456249;-9.15;58;480.5;SLQDOJHPBKTUGO-BBQUYBJZSA-M;[H]/C(=C1\C2=NN(C(=O)c3c([H])c([H])c([H])c([N+](=O)[O-])c3C(=O)[O-])[C@]([H])(c3c([H])c([H])c([H])c([H])c3[H])[C@]2([H])C([H])([H])C([H])([H])C1([H])[H])c1c([H])c([H])c([H])c([H])c1[H]
JKBARM.xaa_ZINC000012560332_16;-10.0401078;-10.490009;-8.799;58;480.5;SLQDOJHPBKTUGO-JYSRXCGNSA-M;[H]/C(=C1\C2=NN(C(=O)c3c([H])c([H])c([H])c([N+](=O)[O-])c3C(=O)[O-])[C@@]([H])(c3c([H])c([H])c([H])c([H])c3[H])[C@@]2([H])C([H])([H])C([H])([H])C1([H])[H])c1c([H])c([H])c([H])c([H])c1[H]
JKBARM.xaa_ZINC000012560336_17;-10.144637;-10.642125;-9.578;58;480.5;SLQDOJHPBKTUGO-HAAWYONQSA-M;[H]/C(=C1\C2=NN(C(=O)c3c([H])c([H])c([H])c([N+](=O)[O-])c3C(=O)[O-])[C@]([H])(c3c([H])c([H])c([H])c([H])c3[H])[C@@]2([H])C([H])([H])C([H])([H])C1([H])[H])c1c([H])c([H])c([H])c([H])c1[H]
JKBARM.xaa_ZINC000241965493_18;-10.3646432;-11.148486;-11.587;61;479.578;RNLXBEUIVXKJPH-QVJSAIJNSA-N;[H]c1c([H])c([N+](=O)[O-])c([H])c(S(=O)(=O)[N-]c2c([H])c3c(c4c([H])c([H])c([H])c([H])c24)O[C@]2([H])C([H])([H])C([H])([H])[C@@]([H])(C(C([H])([H])[H])(C([H])([H])[H])C([H])([H])[H])C([H])([H])[C@]32[H])c1[H]
JKBARM.xaa_ZINC000006142747_36;-10.3090638;-10.657443;-12.887;62;491.589;UWYSPSFSKQQTKG-QGZVFWFLSA-N;[H]c1c([H])c(C([H])([H])[H])c(S(=O)(=O)[N-]c2c([H])c3c4c(oc3c3c([H])c([H])c([H])c([H])c23)C([H])([H])C([H])([H])[C@@]([H])(C(C([H])([H])[H])(C([H])([H])[H])C([H])([H])[H])C4([H])[H])c([H])c1[N+](=O)[O-]
JKBARM.xaa_ZINC000006142746_37;-10.2875418;-10.641029;-13.023;62;491.589;UWYSPSFSKQQTKG-KRWDZBQOSA-N;[H]c1c([H])c(C([H])([H])[H])c(S(=O)(=O)[N-]c2c([H])c3c4c(oc3c3c([H])c([H])c([H])c([H])c23)C([H])([H])C([H])([H])[C@]([H])(C(C([H])([H])[H])(C([H])([H])[H])C([H])([H])[H])C4([H])[H])c([H])c1[N+](=O)[O-]
JKBARM.xaa_ZINC000004149964_39;-10.154567;-10.524326;-11.986;55;477.518;FUYXJERNUORBAO-UHFFFAOYSA-N;[H]c1c([H])c(C([H])([H])[H])c(S(=O)(=O)[N-]c2c([H])c3c4c(oc3c3c([H])c([H])c([H])c([H])c23)C([H])([H])C(C([H])([H])[H])(C([H])([H])[H])C([H])([H])C4=O)c([H])c1[N+](=O)[O-]
JKBARM.xaa_ZINC000027527580_97;-10.452822;-10.984765;-10.385;49;495.518;BFINCVJKQXGSOO-UHFFFAOYSA-N;[H]c1sc(-c2c([H])c([H])c([H])c([H])c2[H])nc1-c1c([H])c([H])c([H])c([N-]S(=O)(=O)c2c([H])c([N+](=O)[O-])c(C([H])([H])[H])c([N+](=O)[O-])c2[H])c1[H]
JKBARM.xaa_ZINC000027530955_99;-10.2937377;-10.758031;-11.105;50;469.926;HHRMNBOHXSKYCH-ZDUSSCGKSA-N;[H]c1c([H])c(S(=O)(=O)[N-]c2c([H])c3c4c(oc3c3c([H])c([H])c([H])c([H])c23)C([H])([H])[C@@]([H])(C([H])([H])[H])C([H])([H])C4([H])[H])c([H])c([N+](=O)[O-])c1Cl
JKBARM.xaa_ZINC000027530954_100;-10.294166;-10.75473;-10.677;50;469.926;HHRMNBOHXSKYCH-CYBMUJFWSA-N;[H]c1c([H])c(S(=O)(=O)[N-]c2c([H])c3c4c(oc3c3c([H])c([H])c([H])c([H])c23)C([H])([H])[C@]([H])(C([H])([H])[H])C([H])([H])C4([H])[H])c([H])c([N+](=O)[O-])c1Cl
JKBARM.xaa_ZINC000013124913_109;-10.2120931;-10.679464;-9.998;60;486.504;WTIURLIPNRJVDD-HAHDFKILSA-M;[H]/C(=C(\C(=O)N([H])c1c([H])c([H])c([H])c(C(=O)[O-])c1[H])N([H])C(=O)c1c([H])c([H])c(C(C([H])([H])[H])(C([H])([H])[H])C([H])([H])[H])c([H])c1[H])c1c([H])c([H])c([H])c([N+](=O)[O-])c1[H]
JKBARM.xaa_ZINC000008765756_112;-10.6266966;-10.991293;-13.0;62;491.589;SEBSZVYFZSIUCF-QGZVFWFLSA-N;[H]c1c([H])c([N+](=O)[O-])c([H])c(S(=O)(=O)[N-]c2c([H])c3c4c(oc3c3c([H])c([H])c([H])c([H])c23)C([H])([H])C([H])([H])[C@@]([H])(C(C([H])([H])[H])(C([H])([H])[H])C([H])([H])C([H])([H])[H])C4([H])[H])c1[H]
JKBARM.xaa_ZINC000003877666_113;-10.0367322;-10.3383;-10.971;46;469.882;QPWVIKKOHWIMLP-UHFFFAOYSA-N;[H]c1c([H])c(S(=O)(=O)[N-]c2c([H])c3c4c(oc3c3c([H])c([H])c([H])c([H])c23)C([H])([H])C([H])([H])C([H])([H])C4=O)c([H])c([N+](=O)[O-])c1Cl
JKBARM.xaa_ZINC000004008753_115;-10.0951611;-10.682287;-11.538;55;481.506;AUXXUPMKNOGDQY-UHFFFAOYSA-N;[H]c1c([H])c([N+](=O)[O-])c([H])c(S(=O)(=O)[N-]c2c([H])c3c(C(=O)OC([H])([H])C([H])([H])C([H])([H])C([H])([H])[H])c(C([H])([H])[H])oc3c3c([H])c([H])c([H])c([H])c23)c1[H]
JKBARM.xaa_ZINC000004013116_119;-10.0634137;-10.494898;-11.748;56;493.517;DTMSAEUZRJYVIB-UHFFFAOYSA-N;[H]c1c([H])c(S(=O)(=O)[N-]c2c([H])c3c4c(oc3c3c([H])c([H])c([H])c([H])c23)C([H])([H])C(C([H])([H])[H])(C([H])([H])[H])C([H])([H])C4=O)c([H])c([N+](=O)[O-])c1OC([H])([H])[H]
JKBARM.xaa_ZINC000016156580_126;-10.2871452;-10.635474;-10.203;52;489.485;CVYRCHADQLUNNA-LPYMAVHISA-M;[H]/C(=C1\SC(=O)N(C([H])([H])c2c([H])c([H])c([H])c([N+](=O)[O-])c2[H])C1=O)c1c([H])c([H])c(OC([H])([H])c2c([H])c([H])c([H])c(C(=O)[O-])c2[H])c([H])c1[H]
JKBARM.xaa_ZINC000002921415_132;-10.1033778;-10.376021;-11.535;52;464.526;PMSVQFOHRJWQFE-UHFFFAOYSA-M;[H]c1c([H])c([H])c(Sc2c([H])c([H])c(-c3c(-c4c([H])c([H])c([H])c([H])c4[H])nc(-c4c([H])c([N+](=O)[O-])c([H])c([H])c4[O-])n3[H])c([H])c2[H])c([H])c1[H]
JKBARM.xaa_ZINC000002991551_134;-10.6024079;-11.103781;-10.15;52;489.485;CVYRCHADQLUNNA-XKZIYDEJSA-M;[H]/C(=C1/SC(=O)N(C([H])([H])c2c([H])c([H])c([H])c([N+](=O)[O-])c2[H])C1=O)c1c([H])c([H])c(OC([H])([H])c2c([H])c([H])c([H])c(C(=O)[O-])c2[H])c([H])c1[H]
JKBARM.xaa_ZINC000003038218_135;-10.534946199999998;-10.894133;-10.726;60;494.951;LNJRIROYYHQXNX-UHFFFAOYSA-M;[H]c1c([H])c(Oc2c([H])c(Oc3c([H])c([H])c(C([H])([H])C([H])([H])C(=O)[O-])c([H])c3[H])c([H])c([N+](=O)[O-])c2[H])c(C2([H])C([H])([H])C([H])([H])C([H])([H])C([H])([H])C2([H])[H])c([H])c1Cl
JKBARM.xaa_ZINC000006088610_140;-10.4188026;-10.826195;-11.751;52;463.491;UVCORPBNMNAWJY-UHFFFAOYSA-N;[H]c1c([H])c([N+](=O)[O-])c([H])c(S(=O)(=O)[N-]c2c([H])c3c4c(oc3c3c([H])c([H])c([H])c([H])c23)C([H])([H])C(C([H])([H])[H])(C([H])([H])[H])C([H])([H])C4=O)c1[H]
JKBARM.xaa_ZINC000006142076_143;-10.6170082;-10.988858;-11.633;50;470.49;KOVIZISQURMONU-UHFFFAOYSA-N;[H]c1c([H])c([N+](=O)[O-])c([H])c(S(=O)(=O)[N-]c2nc3c([H])c([H])c([H])c([H])c3nc2N([H])c2c([H])c([H])c([H])c3c([H])c([H])c([H])c([H])c23)c1[H]
JKBARM.xaa_ZINC000006446741_149;-10.4183382;-10.8319;-11.947;53;460.469;SOAKVRAWTGFOEW-UHFFFAOYSA-M;[H]c1c([H])c([H])c(C(=O)c2c([H])c([H])c([H])c(-c3c(-c4c([H])c([H])c([H])c([H])c4[H])nc(-c4c([H])c([N+](=O)[O-])c([H])c([H])c4[O-])n3[H])c2[H])c([H])c1[H]
JKBARM.xaa_ZINC000006446742_150;-10.5457376;-10.864183;-10.668;52;464.526;HQMCDKZUYNXSCK-UHFFFAOYSA-M;[H]c1c([H])c([H])c(Sc2c([H])c([H])c([H])c(-c3c(-c4c([H])c([H])c([H])c([H])c4[H])nc(-c4c([H])c([N+](=O)[O-])c([H])c([H])c4[O-])n3[H])c2[H])c([H])c1[H]
JKBARM.xaa_ZINC000004130718_155;-10.3264788;-10.635604;-10.799;52;497.936;ZRCNCSLNTAPOLP-UHFFFAOYSA-N;[H]c1c([H])c(S(=O)(=O)[N-]c2c([H])c3c4c(oc3c3c([H])c([H])c([H])c([H])c23)C([H])([H])C(C([H])([H])[H])(C([H])([H])[H])C([H])([H])C4=O)c([H])c([N+](=O)[O-])c1Cl
JKBARM.xaa_ZINC000004149968_161;-10.2199672;-10.564231;-11.658;55;477.518;HVSIOJLPQKGNNV-UHFFFAOYSA-N;[H]c1c([H])c(S(=O)(=O)[N-]c2c([H])c3c4c(oc3c3c([H])c([H])c([H])c([H])c23)C([H])([H])C(C([H])([H])[H])(C([H])([H])[H])C([H])([H])C4=O)c([H])c([N+](=O)[O-])c1C([H])([H])[H]
JKBARM.xaa_ZINC000008766434_178;-10.6273366;-10.990171;-13.036;62;491.589;SEBSZVYFZSIUCF-KRWDZBQOSA-N;[H]c1c([H])c([N+](=O)[O-])c([H])c(S(=O)(=O)[N-]c2c([H])c3c4c(oc3c3c([H])c([H])c([H])c([H])c23)C([H])([H])C([H])([H])[C@]([H])(C(C([H])([H])[H])(C([H])([H])[H])C([H])([H])C([H])([H])[H])C4([H])[H])c1[H]
JKBARM.xaa_ZINC000034903661_179;-10.1363683;-10.885619;-10.299;60;493.565;JUABAHPMROTWIU-UHFFFAOYSA-M;[H]c1nc(N(C(=O)c2c([H])c([H])c([H])c([H])c2[N-]S(=O)(=O)c2c([H])c([H])c(C([H])([H])[H])c([N+](=O)[O-])c2[H])C2([H])C([H])([H])C([H])([H])C([H])([H])C([H])([H])C2([H])[H])c([H])c([H])c1[H]
JKBARM.xaa_ZINC000014358154_201;-10.211021;-10.381764;-11.901;58;495.533;JNFXMAOPTSZPEM-UHFFFAOYSA-M;[H]c1c([H])c(C(=O)[N-]C(=O)C([H])([H])OC(=O)c2oc3c([H])c([H])c([H])c([H])c3c2C([H])([H])SC2([H])C([H])([H])C([H])([H])C([H])([H])C([H])([H])C2([H])[H])c([H])c([N+](=O)[O-])c1[H]
JKBARM.xaa_ZINC000004642467_206;-10.0314587;-10.432071;-10.277;47;468.902;HMTVFHIFZCTDQI-UHFFFAOYSA-N;[H]c1c([H])c(C([H])([H])[H])c([H])c(S(=O)(=O)[N-]c2nc3c([H])c([H])c([H])c([H])c3nc2N([H])c2c([H])c([H])c(Cl)c([N+](=O)[O-])c2[H])c1[H]
JKBARM.xaa_ZINC000102201970_211;-10.3880716;-11.331075;-11.781;61;479.578;RNLXBEUIVXKJPH-WONHAXNMSA-N;[H]c1c([H])c([N+](=O)[O-])c([H])c(S(=O)(=O)[N-]c2c([H])c3c(c4c([H])c([H])c([H])c([H])c24)O[C@@]2([H])C([H])([H])C([H])([H])[C@@]([H])(C(C([H])([H])[H])(C([H])([H])[H])C([H])([H])[H])C([H])([H])[C@]32[H])c1[H]
JKBARM.xaa_ZINC000008974115_218;-10.1850196;-10.70969;-11.562;58;495.533;HYQXVMJLFDWVAY-UHFFFAOYSA-N;[H]c1c([H])c([N+](=O)[O-])c([H])c(S(=O)(=O)[N-]c2c([H])c3c(C(=O)OC([H])([H])C([H])([H])C([H])([H])C([H])([H])C([H])([H])[H])c(C([H])([H])[H])oc3c3c([H])c([H])c([H])c([H])c23)c1[H]
JKBARM.xaa_ZINC000008974188_220;-10.6016684;-11.072841;-12.625;61;479.578;RNLXBEUIVXKJPH-FBJLLXQBSA-N;[H]c1c([H])c([N+](=O)[O-])c([H])c(S(=O)(=O)[N-]c2c([H])c3c(c4c([H])c([H])c([H])c([H])c24)O[C@]2([H])C([H])([H])C([H])([H])[C@@]([H])(C(C([H])([H])[H])(C([H])([H])[H])C([H])([H])[H])C([H])([H])[C@@]32[H])c1[H]
JKBARM.xaa_ZINC000008974208_221;-10.0004407;-10.572235;-11.452;53;449.508;AIIKHHIPMRBCOF-AWEZNQCLSA-N;[H]c1c([H])c(S(=O)(=O)[N-]c2c([H])c3c4c(oc3c3c([H])c([H])c([H])c([H])c23)C([H])([H])C([H])([H])[C@]([H])(C([H])([H])[H])C4([H])[H])c([H])c([N+](=O)[O-])c1C([H])([H])[H]
JKBARM.xaa_ZINC000008974209_222;-10.0029998;-10.565405;-11.527;53;449.508;AIIKHHIPMRBCOF-CQSZACIVSA-N;[H]c1c([H])c(S(=O)(=O)[N-]c2c([H])c3c4c(oc3c3c([H])c([H])c([H])c([H])c23)C([H])([H])C([H])([H])[C@@]([H])(C([H])([H])[H])C4([H])[H])c([H])c([N+](=O)[O-])c1C([H])([H])[H]
JKBARM.xaa_ZINC000008974192_223;-10.571513200000002;-11.12837;-10.169;61;479.578;RNLXBEUIVXKJPH-YOJAFSQSSA-N;[H]c1c([H])c([N+](=O)[O-])c([H])c(S(=O)(=O)[N-]c2c([H])c3c(c4c([H])c([H])c([H])c([H])c24)O[C@@]2([H])C([H])([H])C([H])([H])[C@@]([H])(C(C([H])([H])[H])(C([H])([H])[H])C([H])([H])[H])C([H])([H])[C@@]32[H])c1[H]
JKBARM.xaa_ZINC000015015803_228;-10.4255284;-10.928425;-11.136;49;492.924;CKYFPLVYQKQLPG-NRFANRHFSA-M;[H]c1c([H])c([H])c(C([H])([H])Sc2nnc3c(n2)O[C@@]([H])(c2c([H])c([H])c([O-])c([N+](=O)[O-])c2[H])N([H])c2c([H])c([H])c([H])c([H])c2-3)c(Cl)c1[H]
JKBARM.xaa_ZINC000015015802_229;-10.4313854;-10.929215;-11.112;49;492.924;CKYFPLVYQKQLPG-OAQYLSRUSA-M;[H]c1c([H])c([H])c(C([H])([H])Sc2nnc3c(n2)O[C@]([H])(c2c([H])c([H])c([O-])c([N+](=O)[O-])c2[H])N([H])c2c([H])c([H])c([H])c([H])c2-3)c(Cl)c1[H]
JKBARM.xaa_ZINC000004531441_235;-10.1944524;-10.386849;-9.449;48;459.463;YXSZMGRRQVQJAV-UHFFFAOYSA-N;[H]c1c([H])c([H])c(-c2c([H])c([H])c(C(=O)c3nc([N-]c4c([H])c([H])c([N+](=O)[O-])c([H])c4[N+](=O)[O-])sc3C([H])([H])[H])c([H])c2[H])c([H])c1[H]
JKBARM.xaa_ZINC000015732081_240;-10.0388584;-10.238135;-10.811;54;492.624;JHSDSGRTYBDQFA-UHFFFAOYSA-N;[H]c1c([N-]S(=O)(=O)c2c([H])c([H])c3c(c2[H])N([H])C(=O)C([H])([H])C([H])([H])S3)c([H])c([N+](=O)[O-])c([H])c1SC1([H])C([H])([H])C([H])([H])C([H])([H])C([H])([H])C1([H])[H]
JKBARM.xaa_ZINC000012523927_241;-10.412575;-10.862667;-11.605;50;470.49;KJDDVUMDOHTIPM-UHFFFAOYSA-N;[H]c1c([H])c([N+](=O)[O-])c([H])c(S(=O)(=O)[N-]c2nc3c([H])c([H])c([H])c([H])c3nc2N([H])c2c([H])c([H])c3c([H])c([H])c([H])c([H])c3c2[H])c1[H]
JGEDMP.xaa_ZINC001305049951_9;-10.0558068;-10.916619;-10.587;75;467.662;KSSDGFWMTCBSMT-VSKRKVRLSA-P;[H]c1c([H])c(C#N)c([H])c(-c2nnc(N(C([H])([H])[H])C([H])([H])C([H])([H])[N@+]3([H])C([H])([H])[C@]([H])(C([H])([H])[H])O[C@]([H])(C([H])([H])[H])C3([H])[H])n2C([H])([H])C([H])([H])[N@+]2([H])C([H])([H])C([H])([H])C([H])([H])[C@@]([H])(C([H])([H])[H])C2([H])[H])c1[H]
JGEDMP.xaa_ZINC001305049951_10;-10.0622162;-10.620789;-10.784;75;467.662;KSSDGFWMTCBSMT-VSKRKVRLSA-P;[H]c1c([H])c(C#N)c([H])c(-c2nnc(N(C([H])([H])[H])C([H])([H])C([H])([H])[N@+]3([H])C([H])([H])[C@]([H])(C([H])([H])[H])O[C@]([H])(C([H])([H])[H])C3([H])[H])n2C([H])([H])C([H])([H])[N@@+]2([H])C([H])([H])C([H])([H])C([H])([H])[C@@]([H])(C([H])([H])[H])C2([H])[H])c1[H]
JGEDMP.xaa_ZINC001305049951_11;-10.3137744;-10.777765;-10.21;75;467.662;KSSDGFWMTCBSMT-VSKRKVRLSA-P;[H]c1c([H])c(C#N)c([H])c(-c2nnc(N(C([H])([H])[H])C([H])([H])C([H])([H])[N@@+]3([H])C([H])([H])[C@]([H])(C([H])([H])[H])O[C@]([H])(C([H])([H])[H])C3([H])[H])n2C([H])([H])C([H])([H])[N@@+]2([H])C([H])([H])C([H])([H])C([H])([H])[C@@]([H])(C([H])([H])[H])C2([H])[H])c1[H]
JGEDMP.xaa_ZINC001305053334_20;-10.0946842;-10.550789;-10.031;75;467.662;YHBJZEWTXXECMY-OAQYLSRUSA-P;[H]c1c([H])c(-c2nnc(N(C([H])([H])[H])C([H])([H])C([H])([H])[N@+]3([H])C([H])([H])C([H])([H])OC(C([H])([H])[H])(C([H])([H])[H])C3([H])[H])n2C([H])([H])C([H])([H])[N@@+]2([H])C([H])([H])C([H])([H])C([H])([H])[C@@]([H])(C([H])([H])[H])C2([H])[H])c([H])c([H])c1C#N
JGEDMP.xaa_ZINC001298727797_77;-10.092431;-10.718883;-10.748;78;481.689;IRUQNRATGHZOTN-UHFFFAOYSA-P;[H]c1c([H])c(C#N)c([H])c(-c2nnc(N(C([H])([H])[H])C([H])([H])C([H])([H])[N@+]3([H])C([H])([H])C([H])([H])OC(C([H])([H])[H])(C([H])([H])[H])C3([H])[H])n2C([H])([H])C([H])([H])[N@@+]2([H])C([H])([H])C([H])([H])C([H])([H])C(C([H])([H])[H])(C([H])([H])[H])C2([H])[H])c1[H]
JGEDMP.xaa_ZINC001298727797_78;-10.0624934;-10.8834;-10.618;78;481.689;IRUQNRATGHZOTN-UHFFFAOYSA-P;[H]c1c([H])c(C#N)c([H])c(-c2nnc(N(C([H])([H])[H])C([H])([H])C([H])([H])[N@@+]3([H])C([H])([H])C([H])([H])OC(C([H])([H])[H])(C([H])([H])[H])C3([H])[H])n2C([H])([H])C([H])([H])[N@@+]2([H])C([H])([H])C([H])([H])C([H])([H])C(C([H])([H])[H])(C([H])([H])[H])C2([H])[H])c1[H]
JGEDMP.xaa_ZINC001298727797_79;-10.0668862;-10.540364;-10.489;78;481.689;IRUQNRATGHZOTN-UHFFFAOYSA-P;[H]c1c([H])c(C#N)c([H])c(-c2nnc(N(C([H])([H])[H])C([H])([H])C([H])([H])[N@@+]3([H])C([H])([H])C([H])([H])OC(C([H])([H])[H])(C([H])([H])[H])C3([H])[H])n2C([H])([H])C([H])([H])[N@+]2([H])C([H])([H])C([H])([H])C([H])([H])C(C([H])([H])[H])(C([H])([H])[H])C2([H])[H])c1[H]
JGEDMP.xaa_ZINC001298727797_80;-10.0624934;-10.8834;-10.606;78;481.689;IRUQNRATGHZOTN-UHFFFAOYSA-P;[H]c1c([H])c(C#N)c([H])c(-c2nnc(N(C([H])([H])[H])C([H])([H])C([H])([H])[N@@+]3([H])C([H])([H])C([H])([H])OC(C([H])([H])[H])(C([H])([H])[H])C3([H])[H])n2C([H])([H])C([H])([H])[N@@+]2([H])C([H])([H])C([H])([H])C([H])([H])C(C([H])([H])[H])(C([H])([H])[H])C2([H])[H])c1[H]
JGEAMM.xaa_ZINC000015774665_203;-10.336987;-10.746012;-9.946;49;459.398;OOBDTTICXUQMQI-UHFFFAOYSA-M;[H]c1c([H])c([H])c(N([H])C(=O)C([H])([H])N2C(=O)/C(=N\[N-]c3c([H])c([H])c([N+](=O)[O-])c([H])c3[N+](=O)[O-])c3c([H])c([H])c([H])c([H])c32)c([H])c1[H]
JIBAMN.xaa_ZINC000003014720_68;-10.8738276;-11.043689;-10.422;45;476.854;OWDPXJVMBMUZAD-UHFFFAOYSA-N;[H]c1c([H])c(N([H])C(=O)c2c([H])c(S(=O)(=O)N([H])c3c([H])c([H])c([H])c([N+](=O)[O-])c3[H])c([H])c([H])c2Cl)c([H])c([N+](=O)[O-])c1[H]
JIBAMN.xaa_ZINC000015685990_167;-10.1114134;-10.5984;-10.529;44;492.307;OZNIMYCGTQQCKS-UHFFFAOYSA-N;[H]Oc1c([H])c([H])c([H])c(N([H])S(=O)(=O)c2c([H])c(C(=O)N([H])c3c([H])c([H])c([H])c([N+](=O)[O-])c3[H])c([H])c([H])c2Br)c1[H]
JIBAMN.xaa_ZINC000009762498_189;-10.3594704;-10.746934;-10.384;59;493.947;CEOXLYMRGCBIRS-DEOSSOPVSA-N;[H]c1c([H])c([H])c(C([H])([H])C2([H])C([H])([H])C([H])([H])N(C(=O)[C@]([H])(C(=O)c3c([H])c([H])c([H])c([N+](=O)[O-])c3[H])n3c([H])c(Cl)c([H])c([H])c3=O)C([H])([H])C2([H])[H])c([H])c1[H]
JIBAMN.xaa_ZINC000057222829_205;-10.0794684;-10.375536;-10.011;64;488.544;SEWAREYODAZHMR-UHFFFAOYSA-N;[H]c1c([H])c([H])c(C([H])([H])N2C([H])([H])C([H])([H])N(c3c([H])c([H])c(C(=O)OC([H])([H])[H])c([H])c3N([H])C(=O)c3c([H])c([H])c([H])c([N+](=O)[O-])c3C([H])([H])[H])C([H])([H])C2([H])[H])c([H])c1[H]
JIBAMN.xaa_ZINC000013941029_224;-10.4045717;-11.0917225;-10.166;59;493.947;CEOXLYMRGCBIRS-XMMPIXPASA-N;[H]c1c([H])c([H])c(C([H])([H])C2([H])C([H])([H])C([H])([H])N(C(=O)[C@@]([H])(C(=O)c3c([H])c([H])c([H])c([N+](=O)[O-])c3[H])n3c([H])c(Cl)c([H])c([H])c3=O)C([H])([H])C2([H])[H])c([H])c1[H]
JIBAMN.xaa_ZINC000020134197_232;-10.012109;-10.480349;-9.361;55;496.505;PTWCJLJSIJQUKE-LJQANCHMSA-N;[H]c1c([H])c(C([H])([H])Sc2nc3n(n2)[C@]([H])(c2c([H])c([H])c([N+](=O)[O-])c([H])c2[H])C(C(=O)OC([H])([H])C([H])([H])[H])=C(C([H])([H])[H])N3[H])c([H])c([H])c1[N+](=O)[O-]
JIBAMN.xaa_ZINC000020134201_233;-10.0067459;-10.4505415;-9.648;55;496.505;PTWCJLJSIJQUKE-IBGZPJMESA-N;[H]c1c([H])c(C([H])([H])Sc2nc3n(n2)[C@@]([H])(c2c([H])c([H])c([N+](=O)[O-])c([H])c2[H])C(C(=O)OC([H])([H])C([H])([H])[H])=C(C([H])([H])[H])N3[H])c([H])c([H])c1[N+](=O)[O-]
JIBAMN.xaa_ZINC000096422929_276;-10.1280934;-10.36965;-9.658;54;481.896;BUIUZKZJGHABDG-NDENLUEZSA-N;[H]/C(=C1\C(=O)N(C([H])([H])c2c([H])c([H])c([H])c([N+](=O)[O-])c2[H])C(=O)N1[H])c1c(C([H])([H])C([H])([H])C([H])([H])[H])n([H])n(-c2c([H])c([H])c([H])c(Cl)c2[H])c1=O
JIBAMN.xaa_ZINC000000859506_290;-10.0140268;-10.1643095;-9.703;43;476.308;ANPLMQVZNTUZRC-UHFFFAOYSA-N;[H]c1c([H])c([H])c(N([H])S(=O)(=O)c2c([H])c(C(=O)N([H])c3c([H])c([H])c([H])c([N+](=O)[O-])c3[H])c([H])c([H])c2Br)c([H])c1[H]
JGBAMN.xaa_ZINC000009013712_236;-10.0594657;-10.316772;-10.317;63;485.548;NXTGPKFWJUUCSG-UHFFFAOYSA-N;[H]c1nc(N2C([H])([H])C([H])([H])N(C([H])([H])C([H])([H])c3nc4c([H])c(N([H])C(=O)c5c([H])c([H])c([H])c([N+](=O)[O-])c5[H])c([H])c([H])c4n3C([H])([H])[H])C([H])([H])C2([H])[H])c([H])c([H])c1[H]
JJBARM.xaa_ZINC000096422940_36;-10.15956;-10.744474;-11.089;57;494.487;UWVGJQNZBHUGTL-UHFFFAOYSA-M;[H]/C(=C1\C(=O)N(C([H])([H])c2c([H])c([H])c([H])c(C([H])([H])[H])c2[H])C(=O)N1[H])c1c(-c2c([H])c([H])c([H])c([H])c2[H])[n-]n(-c2c([H])c([H])c([N+](=O)[O-])c([H])c2[H])c1=O
JJBARM.xaa_ZINC000019843152_156;-10.013226;-10.291655;-10.69;53;488.505;MPHGOCBNRDVBTO-JOCHJYFZSA-M;[H]c1c([H])c([H])c(C([H])([H])Sc2nnc3c(n2)O[C@]([H])(c2c([H])c(OC([H])([H])[H])c([O-])c([N+](=O)[O-])c2[H])N([H])c2c([H])c([H])c([H])c([H])c2-3)c([H])c1[H]
JJBARM.xaa_ZINC000019843154_157;-10.0138764;-10.289473;-11.419;53;488.505;MPHGOCBNRDVBTO-QFIPXVFZSA-M;[H]c1c([H])c([H])c(C([H])([H])Sc2nnc3c(n2)O[C@@]([H])(c2c([H])c(OC([H])([H])[H])c([O-])c([N+](=O)[O-])c2[H])N([H])c2c([H])c([H])c([H])c([H])c2-3)c([H])c1[H]
JJBARM.xaa_ZINC000095470958_191;-10.1142594;-10.717342;-10.919;47;470.373;YNPLATXTQCFETQ-UHFFFAOYSA-M;[H]c1c([H])c([H])c([N+](=O)[O-])c(Oc2c([H])c([H])c3c4c(c([H])c([H])c([H])c24)C(=O)N(c2c([H])c([N+](=O)[O-])c([H])c([H])c2[O-])C3=O)c1[H]
JJBARM.xaa_ZINC000015016360_224;-10.353403;-10.878827;-10.425;49;458.479;LQJHYOKXLDIOOS-OAQYLSRUSA-M;[H]c1c([H])c([H])c(C([H])([H])Sc2nnc3c(n2)O[C@]([H])(c2c([H])c([H])c([O-])c([N+](=O)[O-])c2[H])N([H])c2c([H])c([H])c([H])c([H])c2-3)c([H])c1[H]
JJBARM.xaa_ZINC000015016361_225;-10.3538951;-10.879021;-10.596;49;458.479;LQJHYOKXLDIOOS-NRFANRHFSA-M;[H]c1c([H])c([H])c(C([H])([H])Sc2nnc3c(n2)O[C@@]([H])(c2c([H])c([H])c([O-])c([N+](=O)[O-])c2[H])N([H])c2c([H])c([H])c([H])c([H])c2-3)c([H])c1[H]
JJBARM.xaa_ZINC000008997049_227;-10.3229124;-10.739761;-11.306;49;471.478;VFVLGFUEEDLVFC-UHFFFAOYSA-N;[H]c1nc2c([H])c([H])c(N([H])c3nc4c([H])c([H])c([H])c([H])c4nc3[N-]S(=O)(=O)c3c([H])c([H])c([H])c([N+](=O)[O-])c3[H])c([H])c2c([H])c1[H]
JJBARM.xaa_ZINC000015671162_247;-10.2839694;-10.51532;-10.759;50;461.479;UFWABBSBROQZQN-UHFFFAOYSA-N;[H]c1c(-c2c([H])c([H])c([H])c([H])c2[H])nc([N-]S(=O)(=O)c2c([H])c([H])c([H])c([N+](=O)[O-])c2[H])nc1-c1c([H])c([H])c(OC([H])([H])[H])c([H])c1[H]
JKEBMM.xaa_ZINC000408726116_20;-10.0018612;-10.411351;-10.506;54;493.378;MUBMFVNHEGUDDQ-JFLMPSFJSA-N;[H]/C(=N\[N-]c1nc(N([H])c2c([H])c([H])c([H])c([H])c2[H])nc(N2C([H])([H])C([H])([H])C([H])([H])C2([H])[H])n1)c1oc(-c2c([H])c([H])c([H])c(Cl)c2Cl)c([H])c1[H]
JKEBMM.xaa_ZINC000012621796_49;-10.2414092;-10.981356;-10.084;52;493.952;XPKQUZXBBHDJHC-ZGKJFVQXSA-N;[H]c1c([H])c([H])c([N-]S(=O)(=O)c2c([H])c([N+](=O)[O-])c([H])c([H])c2/N=N/[C@@]([H])(c2c([H])c([H])c3c([H])c([H])c([H])c([H])c3c2[H])C([H])([H])[H])c(Cl)c1[H]
JKEBMM.xaa_ZINC000408976475_87;-10.2470077;-10.908407;-10.527;66;498.586;RCCUWHVQPFNGIU-OCSSWDANSA-N;[H]/C(=N\[N-]c1nc(N([H])c2c([H])c([H])c([H])c(C([H])([H])[H])c2C([H])([H])[H])nc(N2C([H])([H])C([H])([H])C([H])(C([H])([H])[H])C([H])([H])C2([H])[H])n1)c1oc(-c2c([H])c([H])c(F)c([H])c2[H])c([H])c1[H]
JKEBMM.xaa_ZINC000043208574_138;-10.0741664;-10.339954;-11.522;68;460.602;QAWBFDBDTWCYDM-UHFFFAOYSA-M;[H]C1=C(c2nc(C3([H])C([H])([H])C(C([H])([H])[H])(C([H])([H])[H])OC(C([H])([H])[H])(C([H])([H])[H])C3([H])[H])c([H])c([H])c2N([H])C(=O)c2nc(C#N)c([H])[n-]2)C([H])([H])C([H])([H])C(C([H])([H])[H])(C([H])([H])[H])C1([H])[H]
JKEBMM.xaa_ZINC000049807400_163;-10.507367;-10.944664;-11.131;60;482.524;QEKFGIJDEBXAOR-QVAGMWBUSA-M;[H]c1c(-c2c([H])c([H])c([H])c(C(=O)[O-])c2[H])oc(C([H])([H])/N=N/c2nc(N([H])c3c([H])c([H])c([H])c([H])c3[H])nc(N3C([H])([H])C([H])([H])C([H])([H])C([H])([H])C3([H])[H])n2)c1[H]
JKEBMM.xaa_ZINC000013149063_185;-10.2894034;-10.746029;-9.742;57;496.525;DUABDMLFJPCFMS-QDVZYSMTSA-N;[H]c1c([H])c(S(=O)(=O)[N-]c2c([H])c([H])c(C([H])([H])[H])c([H])c2C([H])([H])[H])c([H])c([N+](=O)[O-])c1/N=N/[C@]([H])(c1c([H])c([H])c(C([H])([H])[H])c([N+](=O)[O-])c1[H])C([H])([H])[H]
JKEBMM.xaa_ZINC000009695148_186;-10.2068138;-10.659548;-10.974;52;493.956;WOPVHBYRXUPDEK-DHRITJCHSA-N;[H]/C(=N\N([H])c1nnc(SC([H])([H])c2c([H])c([H])c([N+](=O)[O-])c([H])c2[H])[n-]1)c1c([H])c([H])c([H])c([H])c1OC([H])([H])c1c([H])c([H])c([H])c([H])c1Cl
JKEBMM.xaa_ZINC000033383683_204;-10.2414092;-10.981356;-10.068;52;493.952;XPKQUZXBBHDJHC-ZGKJFVQXSA-N;[H]c1c([H])c([H])c([N-]S(=O)(=O)c2c([H])c([N+](=O)[O-])c([H])c([H])c2/N=N/[C@@]([H])(c2c([H])c([H])c3c([H])c([H])c([H])c([H])c3c2[H])C([H])([H])[H])c(Cl)c1[H]
JHBBRM.xaa_ZINC000408915296_19;-10.0131864;-10.424643;-10.115;49;460.513;ZCHZGVGYGAAKAD-UHFFFAOYSA-N;[H]c1c([H])c(N([H])S(=O)(=O)c2c([H])c([H])c([N-]S(=O)(=O)c3c([H])c([H])c(C([H])([H])[H])c([N+](=O)[O-])c3[H])c([H])c2[H])c([H])c(C([H])([H])[H])c1[H]
JHBBRM.xaa_ZINC000408922811_20;-10.0564399;-10.485394;-10.004;51;485.454;KDOOPQSKZUHDHV-UHFFFAOYSA-N;[H]c1c([H])c(C([H])([H])[H])c([H])c([N-]S(=O)(=O)c2c([H])c([H])c(N([H])C(=O)c3c([H])c([N+](=O)[O-])c([H])c([N+](=O)[O-])c3[H])c([H])c2[H])c1OC([H])([H])[H]
JHBBRM.xaa_ZINC000020457229_117;-10.91544;-11.203076;-9.56;46;449.355;MOVVQNQYCBDBNV-UHFFFAOYSA-M;[H]c1c([H])c(C(=O)N([H])c2c([H])c(C(=O)[O-])c([H])c(N([H])C(=O)c3c([H])c([H])c([H])c([N+](=O)[O-])c3[H])c2[H])c([H])c([N+](=O)[O-])c1[H]
JHBBRM.xaa_ZINC000142841948_183;-10.2406396;-10.692764;-10.132;53;480.525;MTJIZKBBRQHNMH-LWUPDDLQSA-M;[H]/C(c1c([H])c([H])c([O-])c([N+](=O)[O-])c1[H])=c1/sc2n(c1=O)[C@]([H])(c1c([H])c([H])c([H])c([H])c1[H])C1=C(N=2)c2c([H])c([H])c([H])c([H])c2C([H])([H])C1([H])[H]
JHBBRM.xaa_ZINC000142842155_184;-10.1137384;-10.640633;-10.261;53;480.525;MTJIZKBBRQHNMH-GJFKPFFXSA-M;[H]/C(c1c([H])c([H])c([O-])c([N+](=O)[O-])c1[H])=c1/sc2n(c1=O)[C@@]([H])(c1c([H])c([H])c([H])c([H])c1[H])C1=C(N=2)c2c([H])c([H])c([H])c([H])c2C([H])([H])C1([H])[H]
JIBARM.xaa_ZINC000096400881_54;-10.0745321;-10.366462;-10.04;56;477.453;QHJGUECEBZVYJY-JZGIEPQVSA-M;[H]/C(=C1/C2=NN(C(=O)C([H])([H])C([H])([H])C(=O)[O-])[C@]([H])(c3c([H])c([H])c([H])c([N+](=O)[O-])c3[H])[C@@]2([H])C([H])([H])C([H])([H])C1([H])[H])c1c([H])c([H])c([H])c([N+](=O)[O-])c1[H]
JIBARM.xaa_ZINC000009311635_62;-10.1428858;-10.515343;-9.585;38;479.244;BNIFZGSLANTCEP-AUWJEWJLSA-M;[H]/C(=C1/SC(=O)N(C([H])([H])c2c([H])c([H])c([H])c([N+](=O)[O-])c2[H])C1=O)c1c([H])c(Br)c([O-])c([N+](=O)[O-])c1[H]
JIBARM.xaa_ZINC000002846316_86;-10.2557298;-10.565851;-10.134;51;457.422;JVWBAUKOGXNOAK-UHFFFAOYSA-M;[H]c1c([H])c([H])c(-n2nc(-c3c([H])c([H])c(OC([H])([H])[H])c([N+](=O)[O-])c3[H])c(C(=O)N([H])c3c([H])c([H])c([H])c(C(=O)[O-])c3[H])c2[H])c([H])c1[H]
JIBARM.xaa_ZINC000002955993_88;-10.2637628;-10.596127;-10.021;48;464.841;DENSTBCUHZMADB-UDWIEESQSA-M;[H]/C(=C(/C(=O)N([H])c1c([H])c([H])c([H])c(C(=O)[O-])c1[H])N([H])C(=O)c1c([H])c([H])c([H])c([H])c1Cl)c1c([H])c([H])c([H])c([N+](=O)[O-])c1[H]
JIBARM.xaa_ZINC000003014720_97;-10.7950358;-11.01862;-10.667;44;475.846;MNJSCFCJQLZNLH-UHFFFAOYSA-N;[H]c1c([H])c([N-]S(=O)(=O)c2c([H])c([H])c(Cl)c(C(=O)N([H])c3c([H])c([H])c([H])c([N+](=O)[O-])c3[H])c2[H])c([H])c([N+](=O)[O-])c1[H]
JIBARM.xaa_ZINC000027528423_127;-10.50324;-11.145451;-9.69;50;470.849;QFJQRKAFTNNUEA-UHFFFAOYSA-M;[H]c1c(C(=O)[N-]n2c(C3([H])C([H])([H])C([H])([H])C([H])([H])C([H])([H])C3([H])[H])nc3c([H])c([H])c([H])c([H])c3c2=O)c(Cl)c([N+](=O)[O-])c([H])c1[N+](=O)[O-]
JIBARM.xaa_ZINC000019076851_163;-10.0760835;-10.493696;-11.597;45;478.495;YMLFPZXZOYPMGD-UHFFFAOYSA-N;[H]c1c([H])c([N+](=O)[O-])c([H])c(S(=O)(=O)[N-]c2nc3c([H])c([H])c([H])c([H])c3nc2N([H])c2c([H])c([H])c3nsnc3c2[H])c1[H]
JIBARM.xaa_ZINC000013304271_187;-10.411618999999998;-10.902857;-9.191;56;477.453;QHJGUECEBZVYJY-KVFJLLSGSA-M;[H]/C(=C1\C2=NN(C(=O)C([H])([H])C([H])([H])C(=O)[O-])[C@@]([H])(c3c([H])c([H])c([H])c([N+](=O)[O-])c3[H])[C@@]2([H])C([H])([H])C([H])([H])C1([H])[H])c1c([H])c([H])c([H])c([N+](=O)[O-])c1[H]
JIBARM.xaa_ZINC000013304280_188;-10.6367161;-11.0082245;-10.094;56;477.453;QHJGUECEBZVYJY-CTKMWPNLSA-M;[H]/C(=C1\C2=NN(C(=O)C([H])([H])C([H])([H])C(=O)[O-])[C@]([H])(c3c([H])c([H])c([H])c([N+](=O)[O-])c3[H])[C@@]2([H])C([H])([H])C([H])([H])C1([H])[H])c1c([H])c([H])c([H])c([N+](=O)[O-])c1[H]
JIBARM.xaa_ZINC000015685990_189;-10.128238200000002;-10.481796;-10.536;43;491.299;HBSOMSZHAUSVGA-UHFFFAOYSA-N;[H]Oc1c([H])c([H])c([H])c([N-]S(=O)(=O)c2c([H])c(C(=O)N([H])c3c([H])c([H])c([H])c([N+](=O)[O-])c3[H])c([H])c([H])c2Br)c1[H]
JIBARM.xaa_ZINC000001163392_200;-10.3086024;-10.481293;-10.171;50;480.412;FXNUAURXBXXGAI-UHFFFAOYSA-M;[H]c1c([H])c(C(=O)[O-])c([H])c(N([H])C(=O)c2c([H])c([H])c([H])c(N3C(=O)c4c([H])c([H])c([H])c5c([N+](=O)[O-])c([H])c([H])c(c45)C3=O)c2[H])c1[H]
JIBARM.xaa_ZINC000016383148_201;-10.3755528;-10.645677;-11.255;49;482.519;FDEBVFTZFPJDMD-UHFFFAOYSA-N;[H]c1c([H])c([N+](=O)[O-])c([H])c(S(=O)(=O)[N-]c2c([H])c([H])c(S(=O)(=O)N([H])c3c([H])c([H])c([H])c4c([H])c([H])c([H])c([H])c34)c([H])c2[H])c1[H]
JIBARM.xaa_ZINC000006089001_210;-10.1477247;-10.6275425;-10.638;44;475.846;GJKZOONNLZGANN-UHFFFAOYSA-N;[H]c1c([H])c([H])c([N+](=O)[O-])c(N([H])C(=O)c2c([H])c(S(=O)(=O)[N-]c3c([H])c([H])c([H])c([N+](=O)[O-])c3[H])c([H])c([H])c2Cl)c1[H]
JIBARM.xaa_ZINC000009612645_222;-10.0114968;-10.277851;-10.444;56;480.522;HTLZKOYDEZVMIV-OAQYLSRUSA-N;[H]c1c([H])c([H])c2c(c1[H])C([H])([H])C([H])([H])C([H])([H])[C@@]2([H])N([H])C(=O)c1c([H])c([H])c([H])c(S(=O)(=O)[N-]c2c([H])c([N+](=O)[O-])c([H])c([H])c2OC([H])([H])[H])c1[H]
JIBARM.xaa_ZINC000016382141_229;-10.1848279;-10.483898;-10.119;56;454.528;VAECJRSLTZQFDS-FWWHLXPUSA-M;[H]c1c([H])c([H])c(C(=O)N([H])[C@]23C([H])([H])[C@@]4([H])C([H])([H])[C@]([H])(C([H])([H])[C@]([H])(C4([H])[H])C2([H])[H])C3([H])[H])c([N-]S(=O)(=O)c2c([H])c([H])c([H])c([N+](=O)[O-])c2[H])c1[H]
JIBARM.xaa_ZINC000009762498_230;-10.0994074;-10.744351;-9.824;58;492.939;DGSJAMUDEPKXEQ-OCOZRVBESA-M;[H]c1c([H])c([H])c(C([H])([H])C2([H])C([H])([H])C([H])([H])N(C(=O)/C(=C(\[O-])c3c([H])c([H])c([H])c([N+](=O)[O-])c3[H])n3c([H])c(Cl)c([H])c([H])c3=O)C([H])([H])C2([H])[H])c([H])c1[H]
JIBARM.xaa_ZINC000013304275_243;-10.3781708;-10.726099;-9.652;56;477.453;QHJGUECEBZVYJY-HMUPJJMOSA-M;[H]/C(=C1\C2=NN(C(=O)C([H])([H])C([H])([H])C(=O)[O-])[C@]([H])(c3c([H])c([H])c([H])c([N+](=O)[O-])c3[H])[C@]2([H])C([H])([H])C([H])([H])C1([H])[H])c1c([H])c([H])c([H])c([N+](=O)[O-])c1[H]
JIBARM.xaa_ZINC000013304267_245;-10.7094478;-10.992168;-10.392;56;477.453;QHJGUECEBZVYJY-YGRFAQMLSA-M;[H]/C(=C1\C2=NN(C(=O)C([H])([H])C([H])([H])C(=O)[O-])[C@@]([H])(c3c([H])c([H])c([H])c([N+](=O)[O-])c3[H])[C@]2([H])C([H])([H])C([H])([H])C1([H])[H])c1c([H])c([H])c([H])c([N+](=O)[O-])c1[H]
JIBARM.xaa_ZINC000013941029_255;-10.0994074;-10.744351;-9.625;58;492.939;DGSJAMUDEPKXEQ-OCOZRVBESA-M;[H]c1c([H])c([H])c(C([H])([H])C2([H])C([H])([H])C([H])([H])N(C(=O)/C(=C(\[O-])c3c([H])c([H])c([H])c([N+](=O)[O-])c3[H])n3c([H])c(Cl)c([H])c([H])c3=O)C([H])([H])C2([H])[H])c([H])c1[H]
JIBARM.xaa_ZINC000096422929_276;-10.4739653;-10.73718;-10.619;53;480.888;BJACSCXDGRRIKM-UHFFFAOYSA-M;[H]/C(=C1\C(=O)N(C([H])([H])c2c([H])c([H])c([H])c([N+](=O)[O-])c2[H])C(=O)N1[H])c1c(C([H])([H])C([H])([H])C([H])([H])[H])[n-]n(-c2c([H])c([H])c([H])c(Cl)c2[H])c1=O
JIBARM.xaa_ZINC000096422930_278;-10.0482522;-10.22855;-10.33;53;480.888;WEXAEGPOGZQCQS-UHFFFAOYSA-M;[H]/C(=C1\C(=O)N(C([H])([H])c2c([H])c([H])c([N+](=O)[O-])c([H])c2[H])C(=O)N1[H])c1c(C([H])([H])C([H])([H])C([H])([H])[H])[n-]n(-c2c([H])c([H])c([H])c(Cl)c2[H])c1=O
JIBARM.xaa_ZINC000100246337_279;-10.0717744;-10.519397;-9.072;46;466.342;VAZANIDHDGBFOE-UHFFFAOYSA-M;[H]c1c([H])c(C(=O)[O-])c([H])c(N([H])C(=O)c2c([H])c([H])c(N([H])c3c([N+](=O)[O-])c([H])c([N+](=O)[O-])c([H])c3[N+](=O)[O-])c([H])c2[H])c1[H]
JIBARM.xaa_ZINC000102263201_298;-10.2047423;-10.447374;-10.073;59;481.554;IUFULGDTFWIZGU-FNTHXKTLSA-M;[H]c1c([H])c([H])c([N+](=O)[O-])c([N-]c2nc(C([H])([H])[H])c(C(=O)C([H])([H])C(=O)C(=O)N([H])[C@]34C([H])([H])[C@@]5([H])C([H])([H])[C@]([H])(C([H])([H])[C@]([H])(C5([H])[H])C3([H])[H])C4([H])[H])s2)c1[H]
JIBARM.xaa_ZINC000008951414_304;-10.2563087;-10.56728;-11.535;49;462.467;DUBYPSYVMJXEQM-UHFFFAOYSA-N;[H]c1c([H])c(C(=O)C([H])([H])[H])c([H])c(N([H])c2nc3c([H])c([H])c([H])c([H])c3nc2[N-]S(=O)(=O)c2c([H])c([H])c([H])c([N+](=O)[O-])c2[H])c1[H]
JIBARM.xaa_ZINC000016320103_310;-10.2014746;-10.419106;-10.372;55;480.95;TUHUCNLSVTWITI-UHFFFAOYSA-N;[H]c1c([H])c([N-]S(=O)(=O)c2c([H])c(OC([H])([H])C(=O)N([H])C3([H])C([H])([H])C([H])([H])C([H])([H])C([H])([H])C3([H])[H])c(C([H])([H])[H])c([H])c2Cl)c([H])c([N+](=O)[O-])c1[H]
JICARL.xaa_ZINC000016246998_116;-10.0068364;-10.499185;-10.045;51;485.408;ZQSVAROXTWJMHX-UDWIEESQSA-L;[H]/C(=C1/C(=O)[N-]C(=O)N(c2c([H])c([H])c([H])c([N+](=O)[O-])c2[H])C1=O)c1c([H])c([H])c([H])c([H])c1OC([H])([H])c1c([H])c([H])c(C(=O)[O-])c([H])c1[H]
JICARL.xaa_ZINC000016688274_163;-10.2239028;-10.785173;-10.532;52;471.425;FLRGWAPKGAYXJQ-ODLFYWEKSA-L;[H]/C(=C1/C(=O)N(c2c([H])c([H])c([H])c(C(=O)[O-])c2[H])N=C1c1c([H])c([H])c([H])c([H])c1[H])c1c([H])c(OC([H])([H])C([H])([H])[H])c([O-])c([N+](=O)[O-])c1[H]
JKBBRM.xaa_ZINC000408960900_25;-10.1279176;-10.417798;-9.705;52;489.485;POEWZZZUEBTUPV-XKZIYDEJSA-M;[H]/C(=C1/SC(=O)N(C([H])([H])c2c([H])c([H])c([H])c([N+](=O)[O-])c2[H])C1=O)c1c([H])c([H])c([H])c([H])c1OC([H])([H])c1c([H])c([H])c(C(=O)[O-])c([H])c1[H]
JKBBRM.xaa_ZINC000408995800_40;-10.02474;-10.49317;-10.461;52;487.447;NKTSZXKQTMFJOU-UHFFFAOYSA-M;[H]c1c([H])c(C(=O)[O-])c([H])c(-c2c([N+](=O)[O-])c([H])c3c4c(c([H])c([H])c([H])c24)C(=O)N(c2c([H])c([H])c([H])c4c([H])c([H])c([H])c([H])c24)C3=O)c1[H]
JKBBRM.xaa_ZINC000408545685_79;-10.0902287;-10.2504425;-10.026;51;472.93;JXGZBNOXIFSVOM-UHFFFAOYSA-N;[H]c1c([H])c(N([H])C(=O)c2c([H])c([H])c(Cl)c(S(=O)(=O)[N-]c3c([H])c([H])c(C([H])([H])[H])c(C([H])([H])[H])c3[H])c2[H])c(C([H])([H])[H])c([N+](=O)[O-])c1[H]
JKBBRM.xaa_ZINC000408546772_80;-10.048273599999998;-10.238043;-10.194;51;472.93;LGDWVWSXFVXOFK-UHFFFAOYSA-N;[H]c1c([H])c(N([H])C(=O)c2c([H])c([H])c(Cl)c(S(=O)(=O)[N-]c3c([H])c(C([H])([H])[H])c([H])c(C([H])([H])[H])c3[H])c2[H])c(C([H])([H])[H])c([N+](=O)[O-])c1[H]
JKBBRM.xaa_ZINC000032116767_116;-10.191053;-10.427803;-10.208;42;498.225;VBYKLHKLDLTPGO-UHFFFAOYSA-M;[H]c1c([H])c(-c2nc3c([H])c(N([H])C(=O)c4c([H])c([N+](=O)[O-])c([H])c([N+](=O)[O-])c4[H])c([H])c([H])c3o2)c([H])c(Br)c1[O-]
JKBBRM.xaa_ZINC000008870271_148;-10.5117148;-11.07526;-12.658;59;477.562;QOBKBBCKCRCJSD-MRXNPFEDSA-N;[H]c1c([H])c([N+](=O)[O-])c([H])c(S(=O)(=O)[N-]c2c([H])c3c4c(oc3c3c([H])c([H])c([H])c([H])c23)C([H])([H])C([H])([H])[C@@]([H])(C(C([H])([H])[H])(C([H])([H])[H])C([H])([H])[H])C4([H])[H])c1[H]
JKBBRM.xaa_ZINC000008870272_149;-10.5096736;-11.077734;-12.79;59;477.562;QOBKBBCKCRCJSD-INIZCTEOSA-N;[H]c1c([H])c([N+](=O)[O-])c([H])c(S(=O)(=O)[N-]c2c([H])c3c4c(oc3c3c([H])c([H])c([H])c([H])c23)C([H])([H])C([H])([H])[C@]([H])(C(C([H])([H])[H])(C([H])([H])[H])C([H])([H])[H])C4([H])[H])c1[H]
JKBBRM.xaa_ZINC000008974207_159;-10.023433399999998;-10.480923;-12.139;53;449.508;DGVDZXLHRPGKLB-CQSZACIVSA-N;[H]c1c([H])c(C([H])([H])[H])c(S(=O)(=O)[N-]c2c([H])c3c4c(oc3c3c([H])c([H])c([H])c([H])c23)C([H])([H])C([H])([H])[C@@]([H])(C([H])([H])[H])C4([H])[H])c([H])c1[N+](=O)[O-]
JKBBRM.xaa_ZINC000008974206_160;-10.0097482;-10.47763;-12.132;53;449.508;DGVDZXLHRPGKLB-AWEZNQCLSA-N;[H]c1c([H])c(C([H])([H])[H])c(S(=O)(=O)[N-]c2c([H])c3c4c(oc3c3c([H])c([H])c([H])c([H])c23)C([H])([H])C([H])([H])[C@]([H])(C([H])([H])[H])C4([H])[H])c([H])c1[N+](=O)[O-]
JKBBRM.xaa_ZINC000211511444_169;-10.044623;-10.402581;-9.46;55;490.517;CULOKHKCEUPFHZ-TVXVBNPNSA-M;[H]/C(C(=O)N([H])c1c([H])c([H])c(S[C@]([H])(C(=O)N([H])c2c([H])c([H])c([N+](=O)[O-])c([H])c2[H])c2c([H])c([H])c([H])c([H])c2[H])c([H])c1[H])=C(\C(=O)[O-])C([H])([H])[H]
JKBBRM.xaa_ZINC000218904347_170;-10.396004;-11.005819;-10.674;53;485.428;IOBHTRTWFGXPLF-UHFFFAOYSA-M;[H]c1c([H])c(-c2c([H])c([H])c(OC([H])(Oc3c([H])c([H])c(-c4c([H])c([H])c([H])c([N+](=O)[O-])c4[H])c([H])c3[H])C(=O)[O-])c([H])c2[H])c([H])c([N+](=O)[O-])c1[H]
JKBBRM.xaa_ZINC000408631611_186;-10.2014156;-10.607358;-10.289;51;494.461;FZVKYZVXEQUCAJ-NDENLUEZSA-M;[H]/C(=C(/Sc1nnc(-c2c([H])c(OC([H])([H])[H])c([H])c(OC([H])([H])[H])c2[H])o1)C(=O)[O-])c1oc(-c2c([H])c([H])c([H])c([N+](=O)[O-])c2[H])c([H])c1[H]
JKBBRM.xaa_ZINC000408631713_191;-10.1121485;-10.421389;-11.057;50;470.486;AYYCTPPMAPZAED-QRVIBDJDSA-M;[H]/C(=C(/Sc1nc2c([H])c([H])c([H])c([H])c2o1)C(=O)[O-])c1c([H])n(C([H])([H])c2c([H])c([H])c([N+](=O)[O-])c([H])c2[H])c2c([H])c([H])c([H])c([H])c12
JKBBRM.xaa_ZINC000408632325_204;-10.0490642;-10.441081;-10.805;51;469.502;DJSVUUORBGHEAK-QRVIBDJDSA-M;[H]/C(=C(/Sc1nc2c([H])c([H])c([H])c([H])c2n1[H])C(=O)[O-])c1c([H])n(C([H])([H])c2c([H])c([H])c([N+](=O)[O-])c([H])c2[H])c2c([H])c([H])c([H])c([H])c12
JCBARN.xaa_ZINC000032810148_199;-10.0135241;-10.422052;-9.87;56;479.453;XZIPRUFYPDHFFT-UHFFFAOYSA-N;[H]c1c(C(=O)N([H])[H])c([H])c(N([H])C(=O)C([H])([H])n2c(=O)c(N3C([H])([H])C([H])([H])C([H])([H])C3([H])[H])nc3c([H])c([H])c([N+](=O)[O-])c([H])c32)c([H])c1C(=O)N([H])[H]
JJCAMO.xaa_ZINC000101366248_172;-10.015796600000002;-10.229944;-9.798;67;479.604;AASCVVRBCAYONM-UPKGHWAZSA-O;[H]O[C@@]([H])(C([H])([H])n1c([H])c(/C([H])=C2/C(=O)N(c3c([H])c([H])c([H])c([H])c3[H])N=C2C([H])([H])[H])c2c([H])c([H])c([H])c([H])c21)C([H])([H])[N@+]([H])(C([H])([H])[H])C([H])([H])c1c([H])c([H])c([H])c([H])c1[H]
JGBARM.xaa_ZINC000001787735_52;-10.507974099999998;-10.7523155;-10.386;46;460.404;FYXRYZPLTHFBOZ-UHFFFAOYSA-M;[H]c1c([H])c(S(=O)(=O)[N-]c2onc(C([H])([H])[H])c2C([H])([H])[H])c([H])c([H])c1N([H])C(=O)c1c([H])c([N+](=O)[O-])c([H])c([N+](=O)[O-])c1[H]
JGBARM.xaa_ZINC000002965359_61;-10.0124638;-10.144691;-10.588;47;458.501;LTTQGBOXGILCGK-IZZDOVSWSA-M;[H]/C(C(=O)N([H])c1c([H])c([H])c(S(=O)(=O)[N-]c2nnc(C([H])([H])C([H])([H])[H])s2)c([H])c1[H])=C(/[H])c1c([H])c([H])c([H])c([N+](=O)[O-])c1[H]
JGBARM.xaa_ZINC000065562957_203;-10.116878;-10.33532;-11.451;51;477.482;DXXPSZLUUQEWPX-UHFFFAOYSA-M;[H]c1c([H])c([H])c(-c2nnc(C([H])([H])N([H])C(=O)c3c([H])c([H])c([N-]S(=O)(=O)c4c([H])c([H])c([H])c([N+](=O)[O-])c4[H])c([H])c3[H])n2[H])c([H])c1[H]
JGBARM.xaa_ZINC000100742093_235;-10.1968717;-10.496071;-10.831;54;497.443;ZRTYINWIXMOPKL-UHFFFAOYSA-M;[H]c1c([H])c([H])c(-c2[n-]n(C(=O)c3c([H])c([H])c([N+](=O)[O-])c([H])c3[H])c(=O)c2C(=O)C(=O)N([H])c2c([H])c([H])c([H])c(C(=O)C([H])([H])[H])c2[H])c([H])c1[H]
JGBARM.xaa_ZINC000100742096_236;-10.1968717;-10.496071;-10.829;54;497.443;ZRTYINWIXMOPKL-UHFFFAOYSA-M;[H]c1c([H])c([H])c(-c2[n-]n(C(=O)c3c([H])c([H])c([N+](=O)[O-])c([H])c3[H])c(=O)c2C(=O)C(=O)N([H])c2c([H])c([H])c([H])c(C(=O)C([H])([H])[H])c2[H])c([H])c1[H]
JGBAMO.xaa_ZINC000015835984_2;-10.2918914;-11.052206;-9.657;62;495.581;LWXNDAGSTXLAHN-UHFFFAOYSA-O;[H]c1c([H])c([H])c(C([H])([H])[N+]2([H])C([H])([H])C([H])([H])N(C(=O)C([H])([H])N(c3c([H])c([H])c([N+](=O)[O-])c([H])c3[H])S(=O)(=O)c3c([H])c([H])c([H])c([H])c3[H])C([H])([H])C2([H])[H])c([H])c1[H]
JGBAMO.xaa_ZINC000012565111_19;-10.0026754;-10.277617;-10.842;73;482.671;NCQBFDWPUNRQIQ-YYDVJCTNSA-O;[H]c1c([H])c(S(=O)(=O)N([H])[C@]2([H])C([H])([H])C([H])([H])[C@]([H])(C([H])([H])[H])C([H])([H])C2([H])[H])c([H])c([N+](=O)[O-])c1N([H])C([H])([H])[C@]([H])(N1C([H])([H])C([H])([H])[N+]([H])(C([H])([H])[H])C([H])([H])C1([H])[H])C([H])(C([H])([H])[H])C([H])([H])[H]
JGBAMO.xaa_ZINC000012565113_20;-10.0220964;-10.580279;-9.388;73;482.671;NCQBFDWPUNRQIQ-SELNLUPBSA-O;[H]c1c([H])c(S(=O)(=O)N([H])[C@]2([H])C([H])([H])C([H])([H])[C@]([H])(C([H])([H])[H])C([H])([H])C2([H])[H])c([H])c([N+](=O)[O-])c1N([H])C([H])([H])[C@@]([H])(N1C([H])([H])C([H])([H])[N+]([H])(C([H])([H])[H])C([H])([H])C1([H])[H])C([H])(C([H])([H])[H])C([H])([H])[H]
JGBAMO.xaa_ZINC000017357722_71;-10.476523599999998;-10.709488;-10.604;58;482.538;WTKFVFCARFRJFP-UHFFFAOYSA-O;[H]c1c([H])c([H])c(C([H])([H])[N+]2([H])C([H])([H])C([H])([H])N(C(=O)c3c([H])c([H])c(OS(=O)(=O)c4c([H])c([H])c([H])c([N+](=O)[O-])c4[H])c([H])c3[H])C([H])([H])C2([H])[H])c([H])c1[H]
JGBAMO.xaa_ZINC000027527423_72;-10.712461800000002;-11.071833;-10.759;61;472.525;WYIKADAHXBUDPV-UHFFFAOYSA-O;[H]OC([H])([H])C([H])([H])[N+]1([H])C([H])([H])C([H])([H])N(c2c([H])c([H])c([N+](=O)[O-])c([H])c2-n2nc(-c3c([H])c([H])c([H])c([H])c3[H])c3c([H])c([H])c([H])c([H])c3c2=O)C([H])([H])C1([H])[H]
JGBAMO.xaa_ZINC000013148172_77;-10.8401436;-11.624208;-10.039;62;495.581;MJUTZUQBTRHJDF-UHFFFAOYSA-O;[H]c1c([H])c([H])c(C([H])([H])[N+]2([H])C([H])([H])C([H])([H])N(C(=O)C([H])([H])N(c3c([H])c([H])c([H])c([N+](=O)[O-])c3[H])S(=O)(=O)c3c([H])c([H])c([H])c([H])c3[H])C([H])([H])C2([H])[H])c([H])c1[H]
JGBAMO.xaa_ZINC000048287965_215;-10.1787538;-10.538469;-10.366;73;482.671;DXWVPHYSLOXILA-PUZFROQSSA-O;[H]c1c([H])c(S(=O)(=O)N([H])[C@]2([H])C([H])([H])C([H])([H])[C@]([H])(C([H])([H])[H])C([H])([H])C2([H])[H])c([H])c([N+](=O)[O-])c1N([H])C([H])([H])C1([H])C([H])([H])C([H])([H])N(C([H])([H])C([H])([H])[N+]([H])(C([H])([H])[H])C([H])([H])[H])C([H])([H])C1([H])[H]
JJBAMN.xaa_ZINC000001196811_31;-10.1178526;-10.306718;-9.729;46;490.335;COLDFXVWIPETGP-UHFFFAOYSA-N;[H]c1c([H])c(N([H])C(=O)c2c([H])c([H])c(Br)c(S(=O)(=O)N([H])c3c([H])c([H])c(C([H])([H])[H])c([H])c3[H])c2[H])c([H])c([N+](=O)[O-])c1[H]
JJBAMN.xaa_ZINC000046007432_62;-10.043646;-10.426831;-9.935;67;498.587;DLTYUZOKSKJYFA-UHFFFAOYSA-N;[H]c1c([H])c([H])c(C([H])([H])N2C([H])([H])C([H])([H])N(C([H])([H])c3nc4c([H])c(N([H])C(=O)c5c([H])c([H])c([H])c([N+](=O)[O-])c5[H])c([H])c([H])c4n3C([H])([H])C([H])([H])[H])C([H])([H])C2([H])[H])c([H])c1[H]
JJBAMN.xaa_ZINC000009587025_107;-10.0239408;-10.247577;-10.9;47;496.328;NDERVYNTMZYUJU-UHFFFAOYSA-N;[H]c1c([H])c(C(=O)N([H])c2c([H])c([H])c(OC([H])([H])[H])c(N([H])S(=O)(=O)c3c([H])c([H])c(Cl)c(Cl)c3[H])c2[H])c([H])c([N+](=O)[O-])c1[H]
JHBARM.xaa_ZINC000006088935_68;-10.1012973;-10.538415;-10.165;47;455.428;ASZBFKNCVPZERB-UHFFFAOYSA-N;[H]c1c([H])c([H])c([N+](=O)[O-])c(N([H])C(=O)c2c([H])c([H])c([H])c(S(=O)(=O)[N-]c3c([H])c([N+](=O)[O-])c([H])c([H])c3C([H])([H])[H])c2[H])c1[H]
JHBARM.xaa_ZINC000009313156_70;-10.0976294;-10.327574;-11.035;48;476.45;OJDRJXZZMXGMEM-UHFFFAOYSA-M;[H]c1c([H])c([N+](=O)[O-])c([H])c(S(=O)(=O)[N-]c2nc3c([H])c([H])c([H])c([H])c3nc2N([H])c2c([H])c([H])c3c(c2[H])C([H])([H])OC3=O)c1[H]
JHBARM.xaa_ZINC000016312549_145;-10.2481616;-10.695727;-10.742;49;460.513;HEWGXFWPELKDCV-UHFFFAOYSA-N;[H]c1c([H])c([N+](=O)[O-])c([H])c(S(=O)(=O)[N-]c2c([H])c([H])c(S(=O)(=O)N([H])c3c([H])c([H])c(C([H])([H])[H])c(C([H])([H])[H])c3[H])c([H])c2[H])c1[H]
JHBARM.xaa_ZINC000003569864_165;-10.2308808;-10.403229;-10.213;48;489.417;OLNLPZMJKLGOTD-UHFFFAOYSA-N;[H]c1c([H])c(C(=O)N([H])c2c([H])c([H])c(F)c([N+](=O)[O-])c2[H])c([H])c(S(=O)(=O)[N-]c2c([H])c([N+](=O)[O-])c([H])c([H])c2OC([H])([H])[H])c1[H]
JHBARM.xaa_ZINC000002860330_195;-10.312983;-10.408839;-10.279;45;474.858;SLKHPDIIBHYULP-UHFFFAOYSA-M;[H]c1c([H])c(C(=O)[O-])c([H])c(N([H])S(=O)(=O)c2c([H])c([H])c(Cl)c(C(=O)N([H])c3c([H])c([H])c([H])c([N+](=O)[O-])c3[H])c2[H])c1[H]
JHBARM.xaa_ZINC000002860268_197;-10.299195;-10.518244;-9.857;48;454.44;GMRUIAMPSLWXPN-UHFFFAOYSA-M;[H]c1c([H])c(C(=O)[O-])c([H])c(N([H])S(=O)(=O)c2c([H])c(C(=O)N([H])c3c([H])c([H])c([H])c([N+](=O)[O-])c3[H])c([H])c([H])c2C([H])([H])[H])c1[H]
JHBARM.xaa_ZINC000016384212_205;-10.0096482;-10.303694;-10.548;43;466.904;PEQFTKQWRYIRML-UHFFFAOYSA-N;[H]c1c([H])c([H])c(N([H])S(=O)(=O)c2c([H])c([H])c([N-]S(=O)(=O)c3c([H])c([H])c([H])c([N+](=O)[O-])c3[H])c([H])c2[H])c(Cl)c1[H]
JHBARM.xaa_ZINC000036144767_214;-10.040959;-10.640528;-10.001;50;486.554;HSAIMDQWNORJNI-VZIOXZNFSA-M;[H]/C(c1c([H])c([H])c([O-])c([N+](=O)[O-])c1[H])=c1/sc2n(c1=O)[C@]([H])(c1sc([H])c([H])c1[H])C1=C(N=2)c2c([H])c([H])c([H])c([H])c2C([H])([H])C1([H])[H]
JHBARM.xaa_ZINC000009714628_218;-10.2915502;-10.632736;-10.661;53;483.486;MWKSXIHTECPZSH-UHFFFAOYSA-N;[H]c1c(-c2c([H])c([H])c([H])c([N-]S(=O)(=O)c3c([H])c([N+](=O)[O-])c(C([H])([H])[H])c([N+](=O)[O-])c3[H])c2[H])nnc(N2C([H])([H])C([H])([H])C([H])([H])C2([H])[H])c1[H]
JHBARM.xaa_ZINC000012523921_227;-10.2642705;-10.538741;-10.505;50;495.453;MUTDWIJMZHKNIF-UHFFFAOYSA-N;[H]c1c([H])c([N+](=O)[O-])c([H])c(S(=O)(=O)[N-]c2nc3c([H])c([H])c([H])c([H])c3nc2N([H])c2c([H])c([N+](=O)[O-])c([H])c([H])c2OC([H])([H])[H])c1[H]
JHBARM.xaa_ZINC000027528036_241;-10.1760365;-10.544182;-8.618;41;470.83;QUKFVAHYZROZHW-UHFFFAOYSA-M;[H]c1sc(-c2nc3c([H])c([H])c([H])c([H])c3c(=O)n2[N-]C(=O)c2c([H])c([N+](=O)[O-])c([H])c([N+](=O)[O-])c2Cl)c([H])c1[H]
JHBAMO.xaa_ZINC000009860264_0;-10.0570448;-10.811572;-10.793;70;497.627;FSSSAJAPGPVFJR-FQEVSTJZSA-O;[H]c1c([H])c([H])c(-c2nc3c4c([H])c([H])c([H])c([H])c4n4c(C([H])([H])C([H])([H])C([H])([H])C(=O)N([H])C([H])([H])C([H])([H])[N@+]5([H])C([H])([H])C([H])([H])C([H])([H])C([H])([H])[C@]5([H])C([H])([H])[H])nnc4n3n2)c([H])c1[H]
JHBAMO.xaa_ZINC000009860263_1;-10.0745544;-10.84454;-10.759;70;497.627;FSSSAJAPGPVFJR-HXUWFJFHSA-O;[H]c1c([H])c([H])c(-c2nc3c4c([H])c([H])c([H])c([H])c4n4c(C([H])([H])C([H])([H])C([H])([H])C(=O)N([H])C([H])([H])C([H])([H])[N@+]5([H])C([H])([H])C([H])([H])C([H])([H])C([H])([H])[C@@]5([H])C([H])([H])[H])nnc4n3n2)c([H])c1[H]
JHBAMO.xaa_ZINC000012744053_45;-10.3149303;-10.675069;-10.627;70;492.6;SQTYFNVUXUJQGR-RUZDIDTESA-O;[H]c1c([H])c([H])c(-n2nc(-c3c([H])c([H])c([N+](=O)[O-])c([H])c3[H])c(C([H])([H])C(=O)N([H])C([H])([H])[C@@]([H])(C([H])([H])C([H])(C([H])([H])[H])C([H])([H])[H])[N+]3([H])C([H])([H])C([H])([H])OC([H])([H])C3([H])[H])c2[H])c([H])c1[H]
JHBAMO.xaa_ZINC000024757652_53;-10.0202013;-10.703835;-9.677;66;501.007;LEIHSQCPZRTCTH-XMMPIXPASA-O;[H]c1c([H])c([H])c([C@]([H])(C(=O)N([H])c2c([H])c([H])c(Cl)c([N+](=O)[O-])c2[H])N2C([H])([H])C([H])([H])C([H])([H])[N@@+]([H])(C([H])([H])C(=O)N3C([H])([H])C([H])([H])C([H])([H])C3([H])[H])C([H])([H])C2([H])[H])c([H])c1[H]
JHBAMO.xaa_ZINC000032903208_116;-10.157304;-10.379557;-10.82;58;452.56;MXWCFPDSNMIQIL-UHFFFAOYSA-O;[H]c1sc(-c2c([H])c([H])c([H])c([H])c2[H])nc1C([H])([H])N1C([H])([H])C([H])([H])[N+]([H])(C([H])([H])C([H])([H])C(=O)N([H])c2c([H])c([H])c([H])c([N+](=O)[O-])c2[H])C([H])([H])C1([H])[H]
JHBAMO.xaa_ZINC000037379688_206;-10.8631898;-11.35442;-9.213;59;452.491;JTKKZKCTKKOTRI-LJQANCHMSA-O;[H]c1c([H])c([N+](=O)[O-])c([H])c([C@]([H])(c2c([H])n([H])c3c([H])c([H])c([N+](=O)[O-])c([H])c23)C([H])([H])C(=O)N2C([H])([H])C([H])([H])[N+]([H])(C([H])([H])C([H])([H])[H])C([H])([H])C2([H])[H])c1[H]
JHBAMO.xaa_ZINC000037379685_207;-10.7863008;-11.195972;-9.598;59;452.491;JTKKZKCTKKOTRI-IBGZPJMESA-O;[H]c1c([H])c([N+](=O)[O-])c([H])c([C@@]([H])(c2c([H])n([H])c3c([H])c([H])c([N+](=O)[O-])c([H])c23)C([H])([H])C(=O)N2C([H])([H])C([H])([H])[N+]([H])(C([H])([H])C([H])([H])[H])C([H])([H])C2([H])[H])c1[H]
JHBAMO.xaa_ZINC000012462270_211;-10.7963368;-11.158057;-11.316;67;500.579;FEXBAQZAPNATFJ-UHFFFAOYSA-O;[H]OC([H])([H])C([H])([H])[N+]1([H])C([H])([H])C([H])([H])N(c2c([H])c([H])c([N+](=O)[O-])c([H])c2-n2nc(-c3c([H])c([H])c(C([H])([H])[H])c(C([H])([H])[H])c3[H])c3c([H])c([H])c([H])c([H])c3c2=O)C([H])([H])C1([H])[H]
JFBAMO.xaa_ZINC000009631086_201;-10.3996442;-10.816706;-10.195;64;488.59;CYAJMCASGXENMM-UHFFFAOYSA-O;[H]c1c([H])c(C(=O)N([H])c2c([H])c(S(=O)(=O)N3C([H])([H])C([H])([H])C([H])([H])C([H])([H])C3([H])[H])c([H])c([H])c2N2C([H])([H])C([H])([H])[N+]([H])(C([H])([H])[H])C([H])([H])C2([H])[H])c([H])c([N+](=O)[O-])c1[H]
JFBAMO.xaa_ZINC000034756275_227;-10.1860018;-10.959434;-10.641;72;494.62;DJRLKLWHSXTHDY-UHFFFAOYSA-O;[H]c1c([H])c(C([H])([H])[H])c([N+](=O)[O-])c([H])c1C(=O)N1C([H])([H])c2c(N3C([H])([H])C([H])([H])C([H])(C([H])([H])[H])C([H])([H])C3([H])[H])nc(N3C([H])([H])C([H])([H])[N+]([H])(C([H])([H])[H])C([H])([H])C3([H])[H])nc2C([H])([H])C1([H])[H]
JKBAMN.xaa_ZINC000001076786_4;-10.1498477;-10.582979;-10.816;52;473.938;DWAPQMUZVPFGNH-UHFFFAOYSA-N;[H]c1c([H])c(N([H])S(=O)(=O)c2c([H])c(C(=O)N([H])c3c([H])c([N+](=O)[O-])c([H])c([H])c3C([H])([H])[H])c([H])c([H])c2Cl)c(C([H])([H])[H])c(C([H])([H])[H])c1[H]
JKBAMN.xaa_ZINC000012523918_9;-10.0633336;-10.588436;-10.549;56;499.976;JTDKSVVSQVXQLR-XMMPIXPASA-N;[H]c1c([H])c([H])c2c(c1[H])N(C([H])([H])[H])[C@]1(Oc3c([H])c([H])c(N([H])S(=O)(=O)c4c([H])c([N+](=O)[O-])c([H])c([H])c4Cl)c([H])c3C1([H])[H])C2(C([H])([H])[H])C([H])([H])[H]
JKBAMN.xaa_ZINC000241965493_14;-10.212608200000002;-11.033327;-11.396;62;480.586;UTHVRYMNNMKNFX-QVJSAIJNSA-N;[H]c1c([H])c([N+](=O)[O-])c([H])c(S(=O)(=O)N([H])c2c([H])c3c(c4c([H])c([H])c([H])c([H])c24)O[C@]2([H])C([H])([H])C([H])([H])[C@@]([H])(C(C([H])([H])[H])(C([H])([H])[H])C([H])([H])[H])C([H])([H])[C@]32[H])c1[H]
JKBAMN.xaa_ZINC000006142747_32;-10.096718999999998;-10.407265;-12.308;63;492.597;OCQHQCBXNJJLBJ-QGZVFWFLSA-N;[H]c1c([H])c(C([H])([H])[H])c(S(=O)(=O)N([H])c2c([H])c3c4c(oc3c3c([H])c([H])c([H])c([H])c23)C([H])([H])C([H])([H])[C@@]([H])(C(C([H])([H])[H])(C([H])([H])[H])C([H])([H])[H])C4([H])[H])c([H])c1[N+](=O)[O-]
JKBAMN.xaa_ZINC000006142746_34;-10.0474297;-10.328635;-12.436;63;492.597;OCQHQCBXNJJLBJ-KRWDZBQOSA-N;[H]c1c([H])c(C([H])([H])[H])c(S(=O)(=O)N([H])c2c([H])c3c4c(oc3c3c([H])c([H])c([H])c([H])c23)C([H])([H])C([H])([H])[C@]([H])(C(C([H])([H])[H])(C([H])([H])[H])C([H])([H])[H])C4([H])[H])c([H])c1[N+](=O)[O-]
JKBAMN.xaa_ZINC000013081142_77;-11.1515948;-11.698068;-10.645;53;488.459;QLSAXYITFFHZGZ-UHFFFAOYSA-N;[H]c1c([H])c([H])c(-c2c(-c3c([H])c([H])c4c(c3[H])C(=O)c3c([H])c([N+](=O)[O-])c([H])c([H])c3-4)nc(-c3c([H])c([H])c([H])c([N+](=O)[O-])c3[H])n2[H])c([H])c1[H]
JKBAMN.xaa_ZINC000027530955_84;-10.004453600000002;-10.426775;-10.758;51;470.934;STJGLISOYHGTEB-ZDUSSCGKSA-N;[H]c1c([H])c(S(=O)(=O)N([H])c2c([H])c3c4c(oc3c3c([H])c([H])c([H])c([H])c23)C([H])([H])[C@@]([H])(C([H])([H])[H])C([H])([H])C4([H])[H])c([H])c([N+](=O)[O-])c1Cl
JKBAMN.xaa_ZINC000008765756_99;-10.4401032;-10.656316;-12.41;63;492.597;QKSIJQJGBNDHSE-QGZVFWFLSA-N;[H]c1c([H])c([N+](=O)[O-])c([H])c(S(=O)(=O)N([H])c2c([H])c3c4c(oc3c3c([H])c([H])c([H])c([H])c23)C([H])([H])C([H])([H])[C@@]([H])(C(C([H])([H])[H])(C([H])([H])[H])C([H])([H])C([H])([H])[H])C4([H])[H])c1[H]
JKBAMN.xaa_ZINC000006146752_140;-10.025619;-10.387926;-10.597;52;494.554;CAACYGLLVKRWAJ-UHFFFAOYSA-N;[H]c1sc(N([H])C(=O)c2c([H])c([H])c([H])c([H])c2N([H])S(=O)(=O)c2c([H])c([H])c(C([H])([H])[H])c([H])c2[H])nc1-c1c([H])c([H])c([H])c([N+](=O)[O-])c1[H]
JKBAMN.xaa_ZINC000008435337_155;-10.3644334;-10.708068;-10.514;43;465.263;BAZRDGWJHVSSQQ-UHFFFAOYSA-N;[H]c1c([H])c([H])c(-c2c(-c3c([H])c([H])c([H])c([N+](=O)[O-])c3[H])nc(-c3c([H])c([H])c(Br)c([N+](=O)[O-])c3[H])n2[H])c([H])c1[H]
JKBAMN.xaa_ZINC000008766434_183;-10.4077188;-10.659052;-12.454;63;492.597;QKSIJQJGBNDHSE-KRWDZBQOSA-N;[H]c1c([H])c([N+](=O)[O-])c([H])c(S(=O)(=O)N([H])c2c([H])c3c4c(oc3c3c([H])c([H])c([H])c([H])c23)C([H])([H])C([H])([H])[C@]([H])(C(C([H])([H])[H])(C([H])([H])[H])C([H])([H])C([H])([H])[H])C4([H])[H])c1[H]
JKBAMN.xaa_ZINC000008854742_203;-10.4219658;-10.975286;-9.8;53;462.465;UYFKFULCISMLQF-UHFFFAOYSA-N;[H]c1c([H])c([H])c(-c2c(-c3c([H])c([H])c(-c4c([H])c([H])c([N+](=O)[O-])c([H])c4[H])c([H])c3[H])nc(-c3c([H])c([H])c([H])c([N+](=O)[O-])c3[H])n2[H])c([H])c1[H]
JKBAMN.xaa_ZINC000014358154_218;-10.054367;-10.192938;-11.888;59;496.541;JNFXMAOPTSZPEM-UHFFFAOYSA-N;[H]c1c([H])c(C(=O)N([H])C(=O)C([H])([H])OC(=O)c2oc3c([H])c([H])c([H])c([H])c3c2C([H])([H])SC2([H])C([H])([H])C([H])([H])C([H])([H])C([H])([H])C2([H])[H])c([H])c([N+](=O)[O-])c1[H]
JKBAMN.xaa_ZINC000102201970_223;-10.1722919;-10.72765;-11.239;62;480.586;UTHVRYMNNMKNFX-WONHAXNMSA-N;[H]c1c([H])c([N+](=O)[O-])c([H])c(S(=O)(=O)N([H])c2c([H])c3c(c4c([H])c([H])c([H])c([H])c24)O[C@@]2([H])C([H])([H])C([H])([H])[C@@]([H])(C(C([H])([H])[H])(C([H])([H])[H])C([H])([H])[H])C([H])([H])[C@]32[H])c1[H]
JKBAMN.xaa_ZINC000008974188_241;-10.236680799999998;-10.4870405;-12.175;62;480.586;UTHVRYMNNMKNFX-FBJLLXQBSA-N;[H]c1c([H])c([N+](=O)[O-])c([H])c(S(=O)(=O)N([H])c2c([H])c3c(c4c([H])c([H])c([H])c([H])c24)O[C@]2([H])C([H])([H])C([H])([H])[C@@]([H])(C(C([H])([H])[H])(C([H])([H])[H])C([H])([H])[H])C([H])([H])[C@@]32[H])c1[H]
JKBAMN.xaa_ZINC000008974192_244;-10.2538308;-10.762904;-10.71;62;480.586;UTHVRYMNNMKNFX-YOJAFSQSSA-N;[H]c1c([H])c([N+](=O)[O-])c([H])c(S(=O)(=O)N([H])c2c([H])c3c(c4c([H])c([H])c([H])c([H])c24)O[C@@]2([H])C([H])([H])C([H])([H])[C@@]([H])(C(C([H])([H])[H])(C([H])([H])[H])C([H])([H])[H])C([H])([H])[C@@]32[H])c1[H]
JKBAMN.xaa_ZINC000008995791_253;-10.5449142;-10.875534;-11.399;53;463.468;RHCLGVWKCDFULW-UHFFFAOYSA-N;[H]c1c([H])c([H])c(-c2c(-c3c([H])c([H])c(C(=O)c4c([H])c([H])c(F)c([H])c4[H])c([H])c3[H])nc(-c3c([H])c([H])c([H])c([N+](=O)[O-])c3[H])n2[H])c([H])c1[H]
JKBAMN.xaa_ZINC000015732081_273;-10.2653796;-10.802474;-10.51;55;493.632;RRPSTYWRNXURBZ-UHFFFAOYSA-N;[H]c1c([H])c(S(=O)(=O)N([H])c2c([H])c(SC3([H])C([H])([H])C([H])([H])C([H])([H])C([H])([H])C3([H])[H])c([H])c([N+](=O)[O-])c2[H])c([H])c2c1SC([H])([H])C([H])([H])C(=O)N2[H]
JKCAMO.xaa_ZINC000245276832_22;-10.2003402;-10.814587;-12.521;75;487.668;XCNFDXWXYANXTE-PLACYPQZSA-O;[H]c1c([H])c([H])c2c(c1[H])C(=O)c1c(N([H])C([H])([H])C([H])([H])[N@@+]3([H])C([H])([H])[C@@]([H])(C([H])([H])[H])C([H])([H])[C@@]([H])(C([H])([H])[H])C3([H])[H])c([H])c(N3C([H])([H])[C@]([H])(C([H])([H])[H])C([H])([H])[C@@]([H])(C([H])([H])[H])C3([H])[H])c3noc-2c13
JKCAMO.xaa_ZINC000009641448_137;-10.1737264;-10.656108;-12.14;75;487.668;XCNFDXWXYANXTE-FXELSEDVSA-O;[H]c1c([H])c([H])c2c(c1[H])C(=O)c1c(N([H])C([H])([H])C([H])([H])[N@@+]3([H])C([H])([H])[C@@]([H])(C([H])([H])[H])C([H])([H])[C@@]([H])(C([H])([H])[H])C3([H])[H])c([H])c(N3C([H])([H])[C@]([H])(C([H])([H])[H])C([H])([H])[C@]([H])(C([H])([H])[H])C3([H])[H])c3noc-2c13
JKCAMO.xaa_ZINC000009641513_138;-10.0701686;-11.140351;-12.306;72;473.641;ICACSFAJLUEXLS-BGYRXZFFSA-O;[H]c1c([H])c([H])c2c(c1[H])C(=O)c1c(N([H])C([H])([H])C([H])([H])[N@@+]3([H])C([H])([H])[C@@]([H])(C([H])([H])[H])C([H])([H])[C@@]([H])(C([H])([H])[H])C3([H])[H])c([H])c(N3C([H])([H])C([H])([H])C([H])([H])C([H])([H])C([H])([H])C3([H])[H])c3noc-2c13
JKCAMO.xaa_ZINC000034698888_183;-10.3582096;-10.807119;-9.681;75;483.676;QVFPWRVXWCGSRK-POURPWNDSA-O;[H]Oc1c([H])c([H])c([H])c([H])c1C([H])([H])[N@@+]1([H])C([H])([H])[C@]([H])(C([H])([H])N(C(=O)c2c([H])c([H])c([H])c([H])c2[H])C2([H])C([H])([H])C([H])([H])C([H])([H])C([H])([H])C2([H])[H])[C@]([H])(c2c([H])c([H])c([H])c([H])c2C([H])([H])[H])C1([H])[H]
JKCAMO.xaa_ZINC000103643147_224;-10.2738176;-10.761569;-12.43;75;487.668;XCNFDXWXYANXTE-WOZUAGRISA-O;[H]c1c([H])c([H])c2c(c1[H])C(=O)c1c(N([H])C([H])([H])C([H])([H])[N@@+]3([H])C([H])([H])[C@@]([H])(C([H])([H])[H])C([H])([H])[C@@]([H])(C([H])([H])[H])C3([H])[H])c([H])c(N3C([H])([H])[C@@]([H])(C([H])([H])[H])C([H])([H])[C@]([H])(C([H])([H])[H])C3([H])[H])c3noc-2c13
KFEARM.xaa_ZINC000253487235_48;-10.202649;-10.825293;-10.06;90;681.715;HDTGZBPEDNNDJK-DHKXHHKSSA-M;[H]O[C@]1(C(=O)C([H])([H])OC(=O)C([H])([H])C([H])([H])C(=O)N([H])[C@]([H])(C(=O)OC([H])([H])[H])C([H])([H])c2c([H])c([H])c([O-])c([N+](=O)[O-])c2[H])C([H])([H])C([H])([H])[C@]2([H])[C@@]3([H])C([H])([H])C([H])([H])C4=C([H])C(=O)C([H])([H])C([H])([H])[C@]4(C([H])([H])[H])[C@]3([H])C(=O)C([H])([H])[C@@]21C([H])([H])[H]
KFEARM.xaa_ZINC000253503085_85;-10.0358004;-10.720583;-11.962;100;718.824;DFRXHIAUDQUDMM-UKMAFNORSA-M;[H]O[C@]1(C(=O)C([H])([H])OC(=O)C([H])([H])C([H])([H])C(=O)N([H])[C@]([H])(C(=O)N([H])[C@@]([H])(C(=O)[O-])C([H])([H])c2c([H])n([H])c3c([H])c([H])c([H])c([H])c23)C([H])([H])[H])C([H])([H])C([H])([H])[C@]2([H])[C@]3([H])C([H])([H])C([H])([H])C4=C([H])C(=O)C([H])([H])C([H])([H])[C@]4(C([H])([H])[H])[C@]3([H])[C@]([H])(O[H])C([H])([H])[C@@]21C([H])([H])[H]
KFEARM.xaa_ZINC000253503078_86;-10.3195978;-11.14127;-11.707;100;718.824;DFRXHIAUDQUDMM-MLSSNKCHSA-M;[H]O[C@@]1([H])C([H])([H])[C@@]2(C([H])([H])[H])[C@]([H])(C([H])([H])C([H])([H])[C@]2(O[H])C(=O)C([H])([H])OC(=O)C([H])([H])C([H])([H])C(=O)N([H])[C@]([H])(C(=O)N([H])[C@]([H])(C(=O)[O-])C([H])([H])c2c([H])n([H])c3c([H])c([H])c([H])c([H])c23)C([H])([H])[H])[C@]2([H])C([H])([H])C([H])([H])C3=C([H])C(=O)C([H])([H])C([H])([H])[C@]3(C([H])([H])[H])[C@@]21[H]
KFEARM.xaa_ZINC000253503080_87;-10.2230795;-11.066413;-10.791;100;718.824;DFRXHIAUDQUDMM-PHDYPGLSSA-M;[H]O[C@]1(C(=O)C([H])([H])OC(=O)C([H])([H])C([H])([H])C(=O)N([H])[C@]([H])(C(=O)N([H])[C@]([H])(C(=O)[O-])C([H])([H])c2c([H])n([H])c3c([H])c([H])c([H])c([H])c23)C([H])([H])[H])C([H])([H])C([H])([H])[C@]2([H])[C@]3([H])C([H])([H])C([H])([H])C4=C([H])C(=O)C([H])([H])C([H])([H])[C@]4(C([H])([H])[H])[C@]3([H])[C@]([H])(O[H])C([H])([H])[C@@]21C([H])([H])[H]
KFEARM.xaa_ZINC000253503083_88;-10.1259646;-10.838604;-12.712;100;718.824;DFRXHIAUDQUDMM-QDUVFIENSA-M;[H]O[C@@]1([H])C([H])([H])[C@@]2(C([H])([H])[H])[C@]([H])(C([H])([H])C([H])([H])[C@]2(O[H])C(=O)C([H])([H])OC(=O)C([H])([H])C([H])([H])C(=O)N([H])[C@]([H])(C(=O)N([H])[C@@]([H])(C(=O)[O-])C([H])([H])c2c([H])n([H])c3c([H])c([H])c([H])c([H])c23)C([H])([H])[H])[C@]2([H])C([H])([H])C([H])([H])C3=C([H])C(=O)C([H])([H])C([H])([H])[C@]3(C([H])([H])[H])[C@@]21[H]
KFEARM.xaa_ZINC000253503216_95;-10.036678;-10.495675;-11.713;92;683.731;JYOBYKXWDWDTOD-QHKYGRLFSA-M;[H]O[C@]1(C(=O)C([H])([H])OC(=O)C([H])([H])C([H])([H])C(=O)N([H])[C@]([H])(C(=O)OC([H])([H])[H])C([H])([H])c2c([H])c([H])c([O-])c([N+](=O)[O-])c2[H])C([H])([H])C([H])([H])[C@]2([H])[C@]3([H])C([H])([H])C([H])([H])C4=C([H])C(=O)C([H])([H])C([H])([H])[C@]4(C([H])([H])[H])[C@@]3([H])[C@]([H])(O[H])C([H])([H])[C@@]21C([H])([H])[H]
KFEARM.xaa_ZINC000253503910_109;-10.2983568;-10.843331;-11.599;90;681.715;HDTGZBPEDNNDJK-BGCFCDGCSA-M;[H]O[C@]1(C(=O)C([H])([H])OC(=O)C([H])([H])C([H])([H])C(=O)N([H])[C@]([H])(C(=O)OC([H])([H])[H])C([H])([H])c2c([H])c([H])c([O-])c([N+](=O)[O-])c2[H])C([H])([H])C([H])([H])[C@]2([H])[C@]3([H])C([H])([H])C([H])([H])C4=C([H])C(=O)C([H])([H])C([H])([H])[C@]4(C([H])([H])[H])[C@@]3([H])C(=O)C([H])([H])[C@@]21C([H])([H])[H]
KFEARM.xaa_ZINC000253503914_111;-10.2059006;-11.04245;-12.28;90;681.715;HDTGZBPEDNNDJK-KEYHDSLESA-M;[H]O[C@]1(C(=O)C([H])([H])OC(=O)C([H])([H])C([H])([H])C(=O)N([H])[C@]([H])(C(=O)OC([H])([H])[H])C([H])([H])c2c([H])c([H])c([O-])c([N+](=O)[O-])c2[H])C([H])([H])C([H])([H])[C@]2([H])[C@@]3([H])C([H])([H])C([H])([H])C4=C([H])C(=O)C([H])([H])C([H])([H])[C@]4(C([H])([H])[H])[C@@]3([H])C(=O)C([H])([H])[C@@]21C([H])([H])[H]
KFEARM.xaa_ZINC000253503917_112;-10.2266754;-11.350895;-10.991;90;681.715;HDTGZBPEDNNDJK-VNCGWKBUSA-M;[H]O[C@]1(C(=O)C([H])([H])OC(=O)C([H])([H])C([H])([H])C(=O)N([H])[C@]([H])(C(=O)OC([H])([H])[H])C([H])([H])c2c([H])c([H])c([O-])c([N+](=O)[O-])c2[H])C([H])([H])C([H])([H])[C@]2([H])[C@]3([H])C([H])([H])C([H])([H])C4=C([H])C(=O)C([H])([H])C([H])([H])[C@]4(C([H])([H])[H])[C@]3([H])C(=O)C([H])([H])[C@@]21C([H])([H])[H]
KFEARM.xaa_ZINC000254478958_166;-10.757210699999998;-11.079444;-11.042;87;667.688;LOYTWJIBXQKVSE-NOCDJFEPSA-M;[H]O[C@]1(C(=O)C([H])([H])OC(=O)C([H])([H])C([H])([H])C(=O)N([H])[C@@]([H])(C(=O)[O-])[C@]([H])(O[H])c2c([H])c([H])c([H])c([N+](=O)[O-])c2[H])C([H])([H])C([H])([H])[C@@]2([H])[C@@]3([H])C([H])([H])C([H])([H])C4=C([H])C(=O)C([H])([H])C([H])([H])[C@]4(C([H])([H])[H])[C@]3([H])C(=O)C([H])([H])[C@@]21C([H])([H])[H]
KFEARM.xaa_ZINC000254478955_167;-10.7266777;-11.029958;-10.646;87;667.688;LOYTWJIBXQKVSE-BMWFJILKSA-M;[H]O[C@@]([H])(c1c([H])c([H])c([H])c([N+](=O)[O-])c1[H])[C@]([H])(C(=O)[O-])N([H])C(=O)C([H])([H])C([H])([H])C(=O)OC([H])([H])C(=O)[C@@]1(O[H])C([H])([H])C([H])([H])[C@@]2([H])[C@@]3([H])C([H])([H])C([H])([H])C4=C([H])C(=O)C([H])([H])C([H])([H])[C@]4(C([H])([H])[H])[C@]3([H])C(=O)C([H])([H])[C@@]21C([H])([H])[H]
KFEARM.xaa_ZINC000254478956_168;-10.6306926;-10.979951;-10.114;87;667.688;LOYTWJIBXQKVSE-BTCDJAFTSA-M;[H]O[C@@]([H])(c1c([H])c([H])c([H])c([N+](=O)[O-])c1[H])[C@@]([H])(C(=O)[O-])N([H])C(=O)C([H])([H])C([H])([H])C(=O)OC([H])([H])C(=O)[C@@]1(O[H])C([H])([H])C([H])([H])[C@@]2([H])[C@@]3([H])C([H])([H])C([H])([H])C4=C([H])C(=O)C([H])([H])C([H])([H])[C@]4(C([H])([H])[H])[C@]3([H])C(=O)C([H])([H])[C@@]21C([H])([H])[H]
KFEARM.xaa_ZINC000254478957_169;-10.651471;-11.04973;-10.095;87;667.688;LOYTWJIBXQKVSE-MBNIBHKUSA-M;[H]O[C@]1(C(=O)C([H])([H])OC(=O)C([H])([H])C([H])([H])C(=O)N([H])[C@]([H])(C(=O)[O-])[C@]([H])(O[H])c2c([H])c([H])c([H])c([N+](=O)[O-])c2[H])C([H])([H])C([H])([H])[C@@]2([H])[C@@]3([H])C([H])([H])C([H])([H])C4=C([H])C(=O)C([H])([H])C([H])([H])[C@]4(C([H])([H])[H])[C@]3([H])C(=O)C([H])([H])[C@@]21C([H])([H])[H]
KFEARM.xaa_ZINC000079216841_256;-10.3506778;-10.825493;-11.283;90;681.715;HDTGZBPEDNNDJK-POSQULBESA-M;[H]O[C@]1(C(=O)C([H])([H])OC(=O)C([H])([H])C([H])([H])C(=O)N([H])[C@@]([H])(C(=O)OC([H])([H])[H])C([H])([H])c2c([H])c([H])c([O-])c([N+](=O)[O-])c2[H])C([H])([H])C([H])([H])[C@@]2([H])[C@]3([H])C([H])([H])C([H])([H])C4=C([H])C(=O)C([H])([H])C([H])([H])[C@]4(C([H])([H])[H])[C@@]3([H])C(=O)C([H])([H])[C@@]21C([H])([H])[H]
KFEARM.xaa_ZINC000079216839_257;-10.1705931;-10.6531315;-11.142;90;681.715;HDTGZBPEDNNDJK-ULSOWZHHSA-M;[H]O[C@]1(C(=O)C([H])([H])OC(=O)C([H])([H])C([H])([H])C(=O)N([H])[C@]([H])(C(=O)OC([H])([H])[H])C([H])([H])c2c([H])c([H])c([O-])c([N+](=O)[O-])c2[H])C([H])([H])C([H])([H])[C@@]2([H])[C@]3([H])C([H])([H])C([H])([H])C4=C([H])C(=O)C([H])([H])C([H])([H])[C@]4(C([H])([H])[H])[C@@]3([H])C(=O)C([H])([H])[C@@]21C([H])([H])[H]
KKEARL.xaa_ZINC000008399330_0;-11.4360892;-12.034721;-9.128;73;644.643;AITRIMUKCVUSEG-FPFARLDVSA-L;[H]/C(=N\c1c([H])c([H])c(C2(c3c([H])c([H])c(/N=C(\[H])c4c([H])c([N+](=O)[O-])c([H])c([H])c4[O-])c([H])c3[H])c3c([H])c([H])c([H])c([H])c3-c3c([H])c([H])c([H])c([H])c32)c([H])c1[H])c1c([H])c([N+](=O)[O-])c([H])c([H])c1[O-]
KKEARL.xaa_ZINC000097984638_3;-10.563116999999998;-11.233379;-11.537;74;729.62;IQLNODJBXJMNBF-LOYHVIPDSA-N;[H]C([H])=C1[C@@]([H])(C(=O)N([H])c2c([H])c([H])c(Cl)c(S(=O)(=O)[N-]c3c([H])c([H])c(OC([H])([H])[H])c([H])c3[H])c2[H])[C@]1([H])C(=O)N([H])c1c([H])c([H])c(Cl)c(S(=O)(=O)[N-]c2c([H])c([H])c(OC([H])([H])[H])c([H])c2[H])c1[H]
KKEARL.xaa_ZINC000097984639_5;-10.5170461;-10.958111;-11.791;74;729.62;IQLNODJBXJMNBF-KYJUHHDHSA-N;[H]C([H])=C1[C@]([H])(C(=O)N([H])c2c([H])c([H])c(Cl)c(S(=O)(=O)[N-]c3c([H])c([H])c(OC([H])([H])[H])c([H])c3[H])c2[H])[C@@]1([H])C(=O)N([H])c1c([H])c([H])c(Cl)c(S(=O)(=O)[N-]c2c([H])c([H])c(OC([H])([H])[H])c([H])c2[H])c1[H]
KKEARL.xaa_ZINC000097984748_6;-10.741889;-11.346379;-11.478;66;738.458;JDTWYFVLVCJLIY-HNRBIFIRSA-N;[H]C([H])=C1[C@]([H])(C(=O)N([H])c2c([H])c([H])c(Cl)c(S(=O)(=O)[N-]c3c([H])c([H])c([H])c(Cl)c3[H])c2[H])[C@]1([H])C(=O)N([H])c1c([H])c([H])c(Cl)c(S(=O)(=O)[N-]c2c([H])c([H])c([H])c(Cl)c2[H])c1[H]
KKEARL.xaa_ZINC000097984749_7;-11.8917425;-12.324722;-12.006;66;738.458;JDTWYFVLVCJLIY-VSGBNLITSA-N;[H]C([H])=C1[C@@]([H])(C(=O)N([H])c2c([H])c([H])c(Cl)c(S(=O)(=O)[N-]c3c([H])c([H])c([H])c(Cl)c3[H])c2[H])[C@]1([H])C(=O)N([H])c1c([H])c([H])c(Cl)c(S(=O)(=O)[N-]c2c([H])c([H])c([H])c(Cl)c2[H])c1[H]
KKEARL.xaa_ZINC000097984750_8;-11.858436;-12.14573;-12.442;66;738.458;JDTWYFVLVCJLIY-NSOVKSMOSA-N;[H]C([H])=C1[C@]([H])(C(=O)N([H])c2c([H])c([H])c(Cl)c(S(=O)(=O)[N-]c3c([H])c([H])c([H])c(Cl)c3[H])c2[H])[C@@]1([H])C(=O)N([H])c1c([H])c([H])c(Cl)c(S(=O)(=O)[N-]c2c([H])c([H])c([H])c(Cl)c2[H])c1[H]
KKEARL.xaa_ZINC000097984751_9;-11.4069073;-11.948381;-11.125;74;729.62;PATMZWZWAWCHKQ-LOYHVIPDSA-N;[H]C([H])=C1[C@@]([H])(C(=O)N([H])c2c([H])c([H])c(Cl)c(S(=O)(=O)[N-]c3c([H])c([H])c([H])c([H])c3OC([H])([H])[H])c2[H])[C@]1([H])C(=O)N([H])c1c([H])c([H])c(Cl)c(S(=O)(=O)[N-]c2c([H])c([H])c([H])c([H])c2OC([H])([H])[H])c1[H]
KKEARL.xaa_ZINC000008426876_10;-10.1653376;-10.39177;-10.818;51;746.051;OKIKXDSJDNFRPA-VVKIDXDZSA-L;[H]/C(=N\c1c([H])c([H])c(-c2nc3c([H])c(/N=C(\[H])c4c([H])c(Br)c([H])c(Br)c4[O-])c([H])c([H])c3n2[H])c([H])c1[H])c1c([H])c(Br)c([H])c(Br)c1[O-]
KKEARL.xaa_ZINC000008426983_11;-10.1709602;-10.879084;-11.965;51;908.053;BBUFBQQGIQABGP-KBVBXEEASA-L;[H]/C(=N\c1c([H])c([H])c(C([H])([H])c2c([H])c([H])c(/N=C(\[H])c3c([H])c(I)c([H])c(I)c3[O-])c([H])c2[H])c([H])c1[H])c1c([H])c(I)c([H])c(I)c1[O-]
KKEARL.xaa_ZINC000102798637_23;-10.8720554;-11.581562;-9.665;104;630.914;OQEOVYKKGASRBH-WPIUDQPWSA-L;[H]C1([H])C([H])([H])[C@](C(=O)[O-])(C([H])([H])[H])[C@@]2([H])C([H])([H])C([H])([H])[C@@]34C([H])([H])/C(=N/N=C5/C([H])([H])[C@]67C([H])([H])C([H])([H])[C@]8([H])[C@@](C(=O)[O-])(C([H])([H])[H])C([H])([H])C([H])([H])C([H])([H])[C@@]8(C([H])([H])[H])[C@]6([H])C([H])([H])C([H])([H])[C@@]5(C([H])([H])[H])C7([H])[H])[C@@](C([H])([H])[H])(C([H])([H])C([H])([H])[C@@]3([H])[C@]2(C([H])([H])[H])C1([H])[H])C4([H])[H]
KKEARL.xaa_ZINC000102798631_24;-10.5085404;-11.23606;-8.825;104;630.914;OQEOVYKKGASRBH-IBLRSTCRSA-L;[H]C1([H])C([H])([H])[C@](C(=O)[O-])(C([H])([H])[H])[C@@]2([H])C([H])([H])C([H])([H])[C@@]34C([H])([H])/C(=N/N=C5/C([H])([H])[C@]67C([H])([H])C([H])([H])[C@]8([H])[C@@](C(=O)[O-])(C([H])([H])[H])C([H])([H])C([H])([H])C([H])([H])[C@@]8(C([H])([H])[H])[C@@]6([H])C([H])([H])C([H])([H])[C@@]5(C([H])([H])[H])C7([H])[H])[C@@](C([H])([H])[H])(C([H])([H])C([H])([H])[C@]3([H])[C@]2(C([H])([H])[H])C1([H])[H])C4([H])[H]
KKEARL.xaa_ZINC000195752407_37;-10.548071;-10.996533;-9.972;76;832.832;ZBRAQYLCGKQFEU-HVMBLDELSA-J;[H]c1c([H])c(/N=N/c2c(N([H])[H])c([H])c3c([H])c(S(=O)(=O)[O-])c([H])c([H])c3c2[H])c([H])c(S(=O)(=O)[O-])c1C#Cc1c([H])c([H])c(/N=N/c2c(N([H])[H])c([H])c3c([H])c(S(=O)(=O)[O-])c([H])c([H])c3c2[H])c([H])c1S(=O)(=O)[O-]
KKEARL.xaa_ZINC000109981739_38;-11.5453122;-11.924622;-10.091;53;542.485;WDORNDLENXOULL-OCHFTUDZSA-L;[H]/C(=N\c1c([H])c([H])c2c(c1[H])S(=O)(=O)c1c([H])c(/N=C(\[H])c3c([H])c([H])c([H])c([N+](=O)[O-])c3[O-])c([H])c([H])c1-2)c1c([H])c([H])c([H])c([N+](=O)[O-])c1[O-]
KKEARL.xaa_ZINC000263630743_39;-11.259239399999998;-11.775271;-11.056;59;586.611;LXIOLKSZSFCIPH-ZQHSETAFSA-M;[H]c1sc(-n2nc(-c3c([H])c([H])c([H])c([H])c3[H])c(C([H])([H])/N=N/c3c([H])c([H])c([N+](=O)[O-])c([H])c3S(=O)(=O)[N-]c3c([H])c([H])c([H])c([H])c3C(=O)[O-])c2[H])c([H])c1[H]
KKEARL.xaa_ZINC000098050354_41;-10.6507278;-11.119187;-10.773;98;717.889;ABXSQQYMCQUAJD-UHFFFAOYSA-L;[H]c1c([H])c([H])c(Oc2c([H])c([H])c(-n3[n-]c(C([H])([H])C([H])([H])C([H])([H])C([H])([H])C([H])([H])C([H])([H])C([H])([H])C([H])([H])C([H])([H])C([H])([H])C([H])([H])C([H])([H])C([H])([H])C([H])([H])C([H])([H])C([H])([H])C([H])([H])[H])c(/N=N/c4c([H])c([H])c([N+](=O)[O-])c([H])c4[H])c3=O)c([H])c2S(=O)(=O)[O-])c([H])c1[H]
KKEARL.xaa_ZINC000098050355_42;-10.1025082;-10.344921;-10.4;96;707.337;INHIKZSALLWCAN-UHFFFAOYSA-L;[H]c1c([H])c([H])c(Oc2c([H])c([H])c(-n3[n-]c(C([H])([H])C([H])([H])C([H])([H])C([H])([H])C([H])([H])C([H])([H])C([H])([H])C([H])([H])C([H])([H])C([H])([H])C([H])([H])C([H])([H])C([H])([H])C([H])([H])C([H])([H])C([H])([H])C([H])([H])[H])c(/N=N/c4c([H])c([H])c(Cl)c([H])c4[H])c3=O)c([H])c2S(=O)(=O)[O-])c([H])c1[H]
KKEARL.xaa_ZINC000100006071_45;-10.0173818;-10.709004;-10.67;60;581.635;KRKDMLIHHDEEDN-UHFFFAOYSA-L;[H]c1sc(-n2[n-]c(-c3c([H])c([H])c([H])c([H])c3[H])c(/N=N/c3c([H])c([H])c4c([H])c([H])c([H])c([H])c4c3S(=O)(=O)[O-])c2=O)nc1-c1c([H])c([H])c(OC([H])([H])[H])c([H])c1[H]
KKEARL.xaa_ZINC000100038598_48;-10.5064704;-11.053437;-10.538;68;566.566;OACOKFJXYWTPCA-PHEQNACWSA-L;[H]/C(C(=O)c1c([H])c([H])c([H])c(N([H])C(=O)C([H])([H])C([H])([H])C(=O)[O-])c1[H])=C(/[H])c1c([H])c([H])c(/C([H])=C(\[H])C(=O)c2c([H])c([H])c([H])c(N([H])C(=O)C([H])([H])C([H])([H])C(=O)[O-])c2[H])c([H])c1[H]
KKEARL.xaa_ZINC000100040360_49;-10.0166935;-10.78082;-10.398;77;548.687;JRJSQHJDELXRHA-UHFFFAOYSA-L;[H]c1c([H])c([H])c(-n2[n-]c(C([H])([H])[H])c(C([H])(c3c([H])c([H])c([H])c([H])c3OC([H])([H])C([H])([H])C([H])([H])C([H])([H])C([H])([H])C([H])([H])C([H])([H])[H])c3c(C([H])([H])[H])[n-]n(-c4c([H])c([H])c([H])c([H])c4[H])c3=O)c2=O)c([H])c1[H]
KKEARL.xaa_ZINC000252591669_62;-10.1709602;-10.879084;-11.96;51;908.053;BBUFBQQGIQABGP-KBVBXEEASA-L;[H]/C(=N\c1c([H])c([H])c(C([H])([H])c2c([H])c([H])c(/N=C(\[H])c3c([H])c(I)c([H])c(I)c3[O-])c([H])c2[H])c([H])c1[H])c1c([H])c(I)c([H])c(I)c1[O-]
KKEARL.xaa_ZINC000252607874_67;-10.153592899999998;-10.422602;-9.278;54;922.08;HFXGNXXPJBALCR-AWNSZPOUSA-L;[H]/C(=N\c1c([H])c([H])c(-c2c([H])c([H])c(/N=C(\[H])c3c([H])c(I)c([H])c(I)c3[O-])c(C([H])([H])[H])c2[H])c([H])c1C([H])([H])[H])c1c([H])c(I)c([H])c(I)c1[O-]
KKEARL.xaa_ZINC000252617746_70;-10.1476391;-10.589827;-12.299;57;748.107;KZGFCBNQHCKMRJ-UEHCFGNHSA-L;[H]/C(=N\c1c([H])c([H])c(C(c2c([H])c([H])c(/N=C(\[H])c3c([H])c(Br)c([H])c(Br)c3[O-])c([H])c2[H])(C([H])([H])[H])C([H])([H])[H])c([H])c1[H])c1c([H])c(Br)c([H])c(Br)c1[O-]
KKEARL.xaa_ZINC000252623105_71;-10.1653376;-10.39177;-10.815;51;746.051;OKIKXDSJDNFRPA-VVKIDXDZSA-L;[H]/C(=N\c1c([H])c([H])c(-c2nc3c([H])c(/N=C(\[H])c4c([H])c(Br)c([H])c(Br)c4[O-])c([H])c([H])c3n2[H])c([H])c1[H])c1c([H])c(Br)c([H])c(Br)c1[O-]
KKEARL.xaa_ZINC000252640949_77;-10.3455064;-10.66683;-8.927;56;954.078;YYIUTKFMFDKCPY-AWNSZPOUSA-L;[H]/C(=N\c1c([H])c([H])c(-c2c([H])c([H])c(/N=C(\[H])c3c([H])c(I)c([H])c(I)c3[O-])c(OC([H])([H])[H])c2[H])c([H])c1OC([H])([H])[H])c1c([H])c(I)c([H])c(I)c1[O-]
KKEARL.xaa_ZINC000003083721_80;-10.1829066;-10.509891;-9.427;60;540.488;WEUPSVQWWHBYHN-CMNXJCJSSA-L;[H]/C(=N\c1c([H])c([H])c(-c2c([H])c([H])c(/N=C(\[H])c3c([H])c(OC([H])([H])[H])c([H])c([N+](=O)[O-])c3[O-])c([H])c2[H])c([H])c1[H])c1c([H])c(OC([H])([H])[H])c([H])c([N+](=O)[O-])c1[O-]
KKEARL.xaa_ZINC000003091140_81;-10.6735525;-11.035744;-10.713;57;526.461;SSECRULXHDRPDE-RABJZLPGSA-L;[H]Oc1c([H])c([H])c(C([H])([H])c2c([H])c([H])c(O[H])c(/N=C(\[H])c3c([H])c([N+](=O)[O-])c([H])c([H])c3[O-])c2[H])c([H])c1/N=C(\[H])c1c([H])c([N+](=O)[O-])c([H])c([H])c1[O-]
KKEARL.xaa_ZINC000003091136_83;-10.8565744;-11.237914;-10.699;57;526.461;SKCYXHWQMKRBOX-RABJZLPGSA-L;[H]Oc1c([H])c([H])c(C([H])([H])c2c([H])c([H])c(O[H])c(/N=C(\[H])c3c([H])c([H])c([H])c([N+](=O)[O-])c3[O-])c2[H])c([H])c1/N=C(\[H])c1c([H])c([H])c([H])c([N+](=O)[O-])c1[O-]
KKEARL.xaa_ZINC000253502191_90;-10.8438658;-11.44732;-12.195;110;736.946;MONAOJUXJOXWQB-AWKGWFNVSA-L;[H]C([H])=C(C([H])([H])[H])[C@]1([H])C([H])([H])C([H])([H])[C@]2(C([H])([H])OC(=O)c3c([H])c([H])c([H])c([H])c3C(=O)[O-])C([H])([H])C([H])([H])[C@]3(C([H])([H])[H])[C@]([H])(C([H])([H])C([H])([H])[C@]4([H])[C@]5(C([H])([H])[H])C([H])([H])C([H])([H])[C@]([H])(OC(=O)c6c([H])c([H])c([H])c([H])c6C(=O)[O-])C(C([H])([H])[H])(C([H])([H])[H])[C@]5([H])C([H])([H])C([H])([H])[C@]43C([H])([H])[H])[C@@]21[H]
KKEARL.xaa_ZINC000253502195_91;-10.595002;-11.191638;-13.131;110;736.946;MONAOJUXJOXWQB-OJYRIWIHSA-L;[H]C([H])=C(C([H])([H])[H])[C@]1([H])C([H])([H])C([H])([H])[C@]2(C([H])([H])OC(=O)c3c([H])c([H])c([H])c([H])c3C(=O)[O-])C([H])([H])C([H])([H])[C@]3(C([H])([H])[H])[C@]([H])(C([H])([H])C([H])([H])[C@]4([H])[C@]5(C([H])([H])[H])C([H])([H])C([H])([H])[C@]([H])(OC(=O)c6c([H])c([H])c([H])c([H])c6C(=O)[O-])C(C([H])([H])[H])(C([H])([H])[H])[C@]5([H])C([H])([H])C([H])([H])[C@]43C([H])([H])[H])[C@]21[H]
KKEARL.xaa_ZINC000253502194_92;-10.643292;-11.026765;-11.668;110;736.946;MONAOJUXJOXWQB-JBPCIKSESA-L;[H]C([H])=C(C([H])([H])[H])[C@]1([H])C([H])([H])C([H])([H])[C@]2(C([H])([H])OC(=O)c3c([H])c([H])c([H])c([H])c3C(=O)[O-])C([H])([H])C([H])([H])[C@]3(C([H])([H])[H])[C@]([H])(C([H])([H])C([H])([H])[C@]4([H])[C@]5(C([H])([H])[H])C([H])([H])C([H])([H])[C@]([H])(OC(=O)c6c([H])c([H])c([H])c([H])c6C(=O)[O-])C(C([H])([H])[H])(C([H])([H])[H])[C@@]5([H])C([H])([H])C([H])([H])[C@]43C([H])([H])[H])[C@]21[H]
KKEARL.xaa_ZINC000253502198_93;-10.545055;-11.209139;-11.48;110;736.946;MONAOJUXJOXWQB-PXWKLCRDSA-L;[H]C([H])=C(C([H])([H])[H])[C@]1([H])C([H])([H])C([H])([H])[C@]2(C([H])([H])OC(=O)c3c([H])c([H])c([H])c([H])c3C(=O)[O-])C([H])([H])C([H])([H])[C@]3(C([H])([H])[H])[C@]([H])(C([H])([H])C([H])([H])[C@]4([H])[C@]5(C([H])([H])[H])C([H])([H])C([H])([H])[C@]([H])(OC(=O)c6c([H])c([H])c([H])c([H])c6C(=O)[O-])C(C([H])([H])[H])(C([H])([H])[H])[C@@]5([H])C([H])([H])C([H])([H])[C@]43C([H])([H])[H])[C@@]21[H]
KKEARL.xaa_ZINC000003143341_94;-10.8995246;-11.764687;-12.226;63;570.579;ARKSAIBQKFLNCZ-LTTYKRRRSA-L;[H]/C(=N\c1c([H])c(S(=O)(=O)c2c([H])c([H])c([O-])c(/N=C(\[H])c3c([H])c([H])c([H])c(OC(=O)C([H])([H])[H])c3[H])c2[H])c([H])c([H])c1[O-])c1c([H])c([H])c([H])c(OC(=O)C([H])([H])[H])c1[H]
KKEARL.xaa_ZINC000003194721_102;-10.6747704;-10.880468;-10.348;58;508.49;IWYTZBPPVWMVPP-CMNXJCJSSA-L;[H]/C(=N\c1c([H])c([H])c(-c2c([H])c([H])c(/N=C(\[H])c3c([H])c([N+](=O)[O-])c([H])c([H])c3[O-])c(C([H])([H])[H])c2[H])c([H])c1C([H])([H])[H])c1c([H])c([N+](=O)[O-])c([H])c([H])c1[O-]
KKEARL.xaa_ZINC000254799559_103;-10.6049686;-11.051273;-10.47;110;786.992;XKTXDXPRXNUAMR-AESNPLDJSA-L;[H]Oc1c([H])c([H])c(C(=O)[O-])c([H])c1N([H])/N=C1\C([H])=C(C(=O)N([H])c2c([H])c(S(=O)(=O)[O-])c([H])c([H])c2N(C([H])([H])[H])C([H])([H])C([H])([H])C([H])([H])C([H])([H])C([H])([H])C([H])([H])C([H])([H])C([H])([H])C([H])([H])C([H])([H])C([H])([H])C([H])([H])C([H])([H])C([H])([H])C([H])([H])C([H])([H])C([H])([H])C([H])([H])[H])C(=O)c2c([H])c([H])c([H])c([H])c21
KKEARL.xaa_ZINC000254904501_104;-10.003397;-10.361415;-10.738;101;766.361;NBJAYBJEYOBVRO-UHFFFAOYSA-L;[H]Oc1c([H])c([H])c(/N=N/c2c(N([H])C(=O)C([H])([H])C([H])([H])C([H])([H])C([H])([H])C([H])([H])C([H])([H])C([H])([H])C([H])([H])C([H])([H])C([H])([H])C([H])([H])C([H])([H])C([H])([H])C([H])([H])C([H])([H])C([H])([H])C([H])([H])[H])[n-]n(-c3c([H])c([H])c(Oc4c([H])c([H])c([H])c([H])c4[H])c(S(=O)(=O)[O-])c3[H])c2=O)c(Cl)c1[H]
KKEARL.xaa_ZINC000254904497_105;-10.003397;-10.361415;-10.621;101;766.361;NBJAYBJEYOBVRO-UHFFFAOYSA-L;[H]Oc1c([H])c([H])c(/N=N/c2c(N([H])C(=O)C([H])([H])C([H])([H])C([H])([H])C([H])([H])C([H])([H])C([H])([H])C([H])([H])C([H])([H])C([H])([H])C([H])([H])C([H])([H])C([H])([H])C([H])([H])C([H])([H])C([H])([H])C([H])([H])C([H])([H])[H])[n-]n(-c3c([H])c([H])c(Oc4c([H])c([H])c([H])c([H])c4[H])c(S(=O)(=O)[O-])c3[H])c2=O)c(Cl)c1[H]
KKEARL.xaa_ZINC000257198939_106;-10.8463622;-11.655661;-13.249;110;736.946;MONAOJUXJOXWQB-SFPHBOFTSA-L;[H]C([H])=C(C([H])([H])[H])[C@]1([H])C([H])([H])C([H])([H])[C@]2(C([H])([H])OC(=O)c3c([H])c([H])c([H])c([H])c3C(=O)[O-])C([H])([H])C([H])([H])[C@]3(C([H])([H])[H])[C@]([H])(C([H])([H])C([H])([H])[C@]4([H])[C@@]5(C([H])([H])[H])C([H])([H])C([H])([H])[C@]([H])(OC(=O)c6c([H])c([H])c([H])c([H])c6C(=O)[O-])C(C([H])([H])[H])(C([H])([H])[H])[C@@]5([H])C([H])([H])C([H])([H])[C@]43C([H])([H])[H])[C@]21[H]
KKEARL.xaa_ZINC000100494590_111;-10.4630282;-11.214009;-10.799;55;544.501;DPPZNPXRQPQJNB-DPCVLPDWSA-L;[H]/C(=N\c1c([H])c(S(=O)(=O)c2c([H])c([H])c([O-])c(/N=C(\[H])c3c([H])c([H])c([N+](=O)[O-])c([H])c3[H])c2[H])c([H])c([H])c1[O-])c1c([H])c([H])c([N+](=O)[O-])c([H])c1[H]
KKEARL.xaa_ZINC000106322721_112;-10.1226396;-11.002351;-10.152;72;522.602;VDPJAAUEUBWIOZ-CKAVWYQXSA-L;[H]/C(=N/[C@@]1([H])C([H])([H])C([H])([H])C([H])([H])C([H])([H])[C@@]1([H])/N=C(/[H])c1c([H])c(C(C([H])([H])[H])(C([H])([H])[H])C([H])([H])[H])c([H])c([N+](=O)[O-])c1[O-])c1c([H])c(C(C([H])([H])[H])(C([H])([H])[H])C([H])([H])[H])c([H])c([N+](=O)[O-])c1[O-]
KKEARL.xaa_ZINC000106322725_114;-10.2719748;-10.791448;-10.277;72;522.602;VDPJAAUEUBWIOZ-SQVGAXTMSA-L;[H]/C(=N/[C@]1([H])C([H])([H])C([H])([H])C([H])([H])C([H])([H])[C@]1([H])/N=C(\[H])c1c([H])c(C(C([H])([H])[H])(C([H])([H])[H])C([H])([H])[H])c([H])c([N+](=O)[O-])c1[O-])c1c([H])c(C(C([H])([H])[H])(C([H])([H])[H])C([H])([H])[H])c([H])c([N+](=O)[O-])c1[O-]
KKEARL.xaa_ZINC000106444901_115;-10.706384;-11.388209;-10.996;72;522.602;QGPWJWZLXCSOBQ-FCGJPVOJSA-L;[H]/C(=N/[C@@]1([H])C([H])([H])C([H])([H])C([H])([H])C([H])([H])[C@@]1([H])/N=C(\[H])c1c([H])c([N+](=O)[O-])c([H])c(C(C([H])([H])[H])(C([H])([H])[H])C([H])([H])[H])c1[O-])c1c([H])c([N+](=O)[O-])c([H])c(C(C([H])([H])[H])(C([H])([H])[H])C([H])([H])[H])c1[O-]
KKEARL.xaa_ZINC000106444905_117;-10.6891202;-11.39805;-9.925;72;522.602;QGPWJWZLXCSOBQ-SRVPEEEPSA-L;[H]/C(=N/[C@]1([H])C([H])([H])C([H])([H])C([H])([H])C([H])([H])[C@]1([H])/N=C(\[H])c1c([H])c([N+](=O)[O-])c([H])c(C(C([H])([H])[H])(C([H])([H])[H])C([H])([H])[H])c1[O-])c1c([H])c([N+](=O)[O-])c([H])c(C(C([H])([H])[H])(C([H])([H])[H])C([H])([H])[H])c1[O-]
KKEARL.xaa_ZINC000108421636_119;-12.1363514;-13.48558;-11.865;82;620.706;RURYPXMORBPALD-SHCKEFRVSA-L;[H]/C(=N\[C@@]([H])(c1c([H])c([H])c([H])c([H])c1[H])[C@]([H])(/N=C(\[H])c1c([H])c([N+](=O)[O-])c([H])c(C(C([H])([H])[H])(C([H])([H])[H])C([H])([H])[H])c1[O-])c1c([H])c([H])c([H])c([H])c1[H])c1c([H])c([N+](=O)[O-])c([H])c(C(C([H])([H])[H])(C([H])([H])[H])C([H])([H])[H])c1[O-]
KKEARL.xaa_ZINC000004013845_123;-10.4159774;-10.986866;-11.491;66;568.542;VTIWRZZQGPZXIF-GKTLAHRSSA-L;[H]/C(=N\c1c([H])c([H])c([H])c([H])c1OC([H])([H])C([H])([H])C([H])([H])C([H])([H])Oc1c([H])c([H])c([H])c([H])c1/N=C(\[H])c1c([H])c([H])c([H])c([N+](=O)[O-])c1[O-])c1c([H])c([H])c([H])c([N+](=O)[O-])c1[O-]
KKEARL.xaa_ZINC000004013853_124;-11.2660137;-12.1137905;-13.272;91;696.757;CRBVZTJKUPLBQR-DBMXBCQFSA-L;[H]/C(=N\c1c([H])c(C(C([H])([H])[H])(C([H])([H])[H])C([H])([H])[H])c([H])c([H])c1OC([H])([H])C([H])([H])OC([H])([H])C([H])([H])Oc1c([H])c([H])c(C(C([H])([H])[H])(C([H])([H])[H])C([H])([H])[H])c([H])c1/N=C(\[H])c1c([H])c([H])c([H])c([N+](=O)[O-])c1[O-])c1c([H])c([H])c([H])c([N+](=O)[O-])c1[O-]
KKEARL.xaa_ZINC000004015253_125;-10.922243;-11.65192;-13.281;91;696.757;KASFPDAQDLAMSV-DBMXBCQFSA-L;[H]/C(=N\c1c([H])c(C(C([H])([H])[H])(C([H])([H])[H])C([H])([H])[H])c([H])c([H])c1OC([H])([H])C([H])([H])OC([H])([H])C([H])([H])Oc1c([H])c([H])c(C(C([H])([H])[H])(C([H])([H])[H])C([H])([H])[H])c([H])c1/N=C(\[H])c1c([H])c([N+](=O)[O-])c([H])c([H])c1[O-])c1c([H])c([N+](=O)[O-])c([H])c([H])c1[O-]
KKEARL.xaa_ZINC000150339300_137;-10.3754709;-11.406113;-12.636;83;662.699;ASXYSCXZTPXIBB-YTTGMZPUSA-L;[H]c1c([H])c([H])c(C([H])([H])OC(=O)/N=C(\[N-]C(=O)OC([H])([H])c2c([H])c([H])c([H])c([H])c2[H])N([H])C([H])([H])C([H])([H])C([H])([H])[C@@]([H])(C(=O)[O-])N([H])C(=O)OC([H])([H])C2([H])c3c([H])c([H])c([H])c([H])c3-c3c([H])c([H])c([H])c([H])c32)c([H])c1[H]
KKEARL.xaa_ZINC000150339552_139;-11.150657399999998;-12.159051;-11.786;83;688.809;XBKXXYIOOZWSQI-PJUICVFASA-L;[H]/C(=N\c1c([H])c(S(=O)(=O)c2c([H])c([H])c([O-])c(/N=C(\[H])c3c([H])c([H])c4c(c3[H])c3c([H])c([H])c([H])c([H])c3n4C([H])([H])C([H])([H])[H])c2[H])c([H])c([H])c1[O-])c1c([H])c([H])c2c(c1[H])c1c([H])c([H])c([H])c([H])c1n2C([H])([H])C([H])([H])[H]
KKEARL.xaa_ZINC000103658754_145;-10.7327386;-11.016726;-11.389;82;620.706;RURYPXMORBPALD-YUPNCPBMSA-L;[H]/C(=N/[C@]([H])(c1c([H])c([H])c([H])c([H])c1[H])[C@]([H])(/N=C(\[H])c1c([H])c([N+](=O)[O-])c([H])c(C(C([H])([H])[H])(C([H])([H])[H])C([H])([H])[H])c1[O-])c1c([H])c([H])c([H])c([H])c1[H])c1c([H])c([N+](=O)[O-])c([H])c(C(C([H])([H])[H])(C([H])([H])[H])C([H])([H])[H])c1[O-]
KKEARL.xaa_ZINC000150351843_151;-12.091148;-12.251319;-10.374;61;616.455;SEMOWJGMXGAODI-UUYAOZHUSA-L;[H]Oc1c([H])c([H])c(C([H])([H])c2c([H])c([H])c(O[H])c(/N=C(\[H])c3c([H])c([N+](=O)[O-])c([H])c([N+](=O)[O-])c3[O-])c2[H])c([H])c1/N=C(\[H])c1c([H])c([N+](=O)[O-])c([H])c([N+](=O)[O-])c1[O-]
KKEARL.xaa_ZINC000103728099_160;-10.6105922;-12.195295;-10.863;72;594.766;PKLBWVCAVWDFFY-UHFFFAOYSA-L;[H]c1c([H])c(C([H])(C([H])([H])[H])C([H])([H])[H])c([H])c([H])c1-c1nc(SC([H])([H])C([H])([H])C([H])([H])C([H])([H])Sc2nc(-c3c([H])c([H])c(C([H])(C([H])([H])[H])C([H])([H])[H])c([H])c3[H])c(C#N)c(=O)[n-]2)[n-]c(=O)c1C#N
KKEARL.xaa_ZINC000150386533_163;-10.220746600000002;-10.619716;-10.604;97;688.891;XEBXLXSCOVYTIQ-UHFFFAOYSA-L;[H]Oc1c([H])c([H])c([H])c([H])c1/N=N/c1c(C([H])([H])C([H])([H])C([H])([H])C([H])([H])C([H])([H])C([H])([H])C([H])([H])C([H])([H])C([H])([H])C([H])([H])C([H])([H])C([H])([H])C([H])([H])C([H])([H])C([H])([H])C([H])([H])C([H])([H])[H])[n-]n(-c2c([H])c([H])c(Oc3c([H])c([H])c([H])c([H])c3[H])c(S(=O)(=O)[O-])c2[H])c1=O
KKEARL.xaa_ZINC000150386540_164;-10.003397;-10.361415;-10.344;101;766.361;NBJAYBJEYOBVRO-UHFFFAOYSA-L;[H]Oc1c([H])c([H])c(/N=N/c2c(N([H])C(=O)C([H])([H])C([H])([H])C([H])([H])C([H])([H])C([H])([H])C([H])([H])C([H])([H])C([H])([H])C([H])([H])C([H])([H])C([H])([H])C([H])([H])C([H])([H])C([H])([H])C([H])([H])C([H])([H])C([H])([H])[H])[n-]n(-c3c([H])c([H])c(Oc4c([H])c([H])c([H])c([H])c4[H])c(S(=O)(=O)[O-])c3[H])c2=O)c(Cl)c1[H]
KKEARL.xaa_ZINC000150386534_165;-10.220746600000002;-10.619716;-9.992;97;688.891;XEBXLXSCOVYTIQ-UHFFFAOYSA-L;[H]Oc1c([H])c([H])c([H])c([H])c1/N=N/c1c(C([H])([H])C([H])([H])C([H])([H])C([H])([H])C([H])([H])C([H])([H])C([H])([H])C([H])([H])C([H])([H])C([H])([H])C([H])([H])C([H])([H])C([H])([H])C([H])([H])C([H])([H])C([H])([H])C([H])([H])[H])[n-]n(-c2c([H])c([H])c(Oc3c([H])c([H])c([H])c([H])c3[H])c(S(=O)(=O)[O-])c2[H])c1=O
KKEARL.xaa_ZINC000150386539_166;-10.003397;-10.361415;-10.823;101;766.361;NBJAYBJEYOBVRO-UHFFFAOYSA-L;[H]Oc1c([H])c([H])c(/N=N/c2c(N([H])C(=O)C([H])([H])C([H])([H])C([H])([H])C([H])([H])C([H])([H])C([H])([H])C([H])([H])C([H])([H])C([H])([H])C([H])([H])C([H])([H])C([H])([H])C([H])([H])C([H])([H])C([H])([H])C([H])([H])C([H])([H])[H])[n-]n(-c3c([H])c([H])c(Oc4c([H])c([H])c([H])c([H])c4[H])c(S(=O)(=O)[O-])c3[H])c2=O)c(Cl)c1[H]
KKEARL.xaa_ZINC000150386765_167;-10.3770072;-10.485443;-11.237;97;688.891;FMEASYNWKYSXIU-UHFFFAOYSA-L;[H]Oc1c([H])c([H])c([H])c(/N=N/c2c(C([H])([H])C([H])([H])C([H])([H])C([H])([H])C([H])([H])C([H])([H])C([H])([H])C([H])([H])C([H])([H])C([H])([H])C([H])([H])C([H])([H])C([H])([H])C([H])([H])C([H])([H])C([H])([H])C([H])([H])[H])[n-]n(-c3c([H])c([H])c(Oc4c([H])c([H])c([H])c([H])c4[H])c(S(=O)(=O)[O-])c3[H])c2=O)c1[H]
KKEARL.xaa_ZINC000150386767_168;-10.028361;-10.456402;-10.685;106;788.944;BZLQSDGWLPDDJQ-UHFFFAOYSA-K;[H]c1c([H])c([H])c(Oc2c([H])c([H])c(-n3[n-]c(N([H])C(=O)C([H])([H])C([H])([H])C([H])([H])C([H])([H])C([H])([H])C([H])([H])C([H])([H])C([H])([H])C([H])([H])C([H])([H])C([H])([H])C([H])([H])C([H])([H])C([H])([H])C([H])([H])C([H])([H])C([H])([H])[H])c(/N=N/c4c([H])c(C(=O)OC([H])([H])[H])c([H])c([H])c4[O-])c3=O)c([H])c2S(=O)(=O)[O-])c([H])c1[H]
KKEARL.xaa_ZINC000150386766_170;-10.6507278;-11.119187;-10.718;98;717.889;ABXSQQYMCQUAJD-UHFFFAOYSA-L;[H]c1c([H])c([H])c(Oc2c([H])c([H])c(-n3[n-]c(C([H])([H])C([H])([H])C([H])([H])C([H])([H])C([H])([H])C([H])([H])C([H])([H])C([H])([H])C([H])([H])C([H])([H])C([H])([H])C([H])([H])C([H])([H])C([H])([H])C([H])([H])C([H])([H])C([H])([H])[H])c(/N=N/c4c([H])c([H])c([N+](=O)[O-])c([H])c4[H])c3=O)c([H])c2S(=O)(=O)[O-])c([H])c1[H]
KKEARL.xaa_ZINC000150390420_173;-10.3293122;-10.927032;-9.24;90;679.672;BWFPPIJUUNGFFU-UHFFFAOYSA-K;[H]c1c(C(=O)[O-])c([H])c(N(C(=O)c2c([H])c(Br)c3c([H])c([H])c([H])c([H])c3c2[O-])C([H])([H])C([H])([H])C([H])([H])C([H])([H])C([H])([H])C([H])([H])C([H])([H])C([H])([H])C([H])([H])C([H])([H])C([H])([H])C([H])([H])C([H])([H])C([H])([H])C([H])([H])C([H])([H])C([H])([H])C([H])([H])[H])c([H])c1C(=O)[O-]
KKEARL.xaa_ZINC000150397809_184;-10.0596704;-10.35815;-9.515;106;821.393;PSYMCNSNUJSENZ-YBWFWFAJSA-L;[H]Oc1c([H])c(Cl)c(N([H])/N=C2\C([H])=C(C(=O)N([H])c3c([H])c([H])c(N([H])C(=O)C([H])([H])C([H])([H])C([H])([H])C([H])([H])C([H])([H])C([H])([H])C([H])([H])C([H])([H])C([H])([H])C([H])([H])C([H])([H])C([H])([H])C([H])([H])C([H])([H])C([H])([H])C([H])([H])C([H])([H])[H])c(S(=O)(=O)[O-])c3[H])C(=O)c3c([H])c([H])c([H])c([H])c32)c([H])c1C(=O)[O-]
KKEARL.xaa_ZINC000150398243_185;-10.1164545;-10.352246;-10.462;104;715.961;PLEJGRRBCWKDME-UHFFFAOYSA-L;[H]c1c([H])c([H])c(Oc2c([H])c([H])c(-n3[n-]c(C([H])([H])C([H])([H])C([H])([H])C([H])([H])C([H])([H])C([H])([H])C([H])([H])C([H])([H])C([H])([H])C([H])([H])C([H])([H])C([H])([H])C([H])([H])C([H])([H])C([H])([H])C([H])([H])C([H])([H])[H])c(/N=N/c4c([H])c([H])c([H])c([H])c4N(C([H])([H])[H])C([H])([H])[H])c3=O)c([H])c2S(=O)(=O)[O-])c([H])c1[H]
KKEARL.xaa_ZINC000150398245_186;-10.1164545;-10.352246;-10.101;104;715.961;PLEJGRRBCWKDME-UHFFFAOYSA-L;[H]c1c([H])c([H])c(Oc2c([H])c([H])c(-n3[n-]c(C([H])([H])C([H])([H])C([H])([H])C([H])([H])C([H])([H])C([H])([H])C([H])([H])C([H])([H])C([H])([H])C([H])([H])C([H])([H])C([H])([H])C([H])([H])C([H])([H])C([H])([H])C([H])([H])C([H])([H])[H])c(/N=N/c4c([H])c([H])c([H])c([H])c4N(C([H])([H])[H])C([H])([H])[H])c3=O)c([H])c2S(=O)(=O)[O-])c([H])c1[H]
KKEARL.xaa_ZINC000150398520_190;-10.0235882;-10.317048;-11.468;49;722.025;DUKADOPRWIQVPZ-GCFMLEDASA-L;[H]/C(=N\c1c([H])c([H])c(Oc2c([H])c([H])c(/N=C(\[H])c3c([H])c(Br)c([H])c(Br)c3[O-])c([H])c2[H])c([H])c1[H])c1c([H])c(Br)c([H])c(Br)c1[O-]
KKEARL.xaa_ZINC000150398264_191;-10.2056517;-10.651944;-11.146;104;732.944;VZBTZUPLRSQSDF-UHFFFAOYSA-L;[H]c1c([H])c([H])c(Oc2c([H])c([H])c(-n3[n-]c(C([H])([H])C([H])([H])C([H])([H])C([H])([H])C([H])([H])C([H])([H])C([H])([H])C([H])([H])C([H])([H])C([H])([H])C([H])([H])C([H])([H])C([H])([H])C([H])([H])C([H])([H])C([H])([H])C([H])([H])[H])c(/N=N/c4c([H])c(OC([H])([H])[H])c([H])c([H])c4OC([H])([H])[H])c3=O)c([H])c2S(=O)(=O)[O-])c([H])c1[H]
KKEARL.xaa_ZINC000150398266_193;-10.2056517;-10.651944;-11.031;104;732.944;VZBTZUPLRSQSDF-UHFFFAOYSA-L;[H]c1c([H])c([H])c(Oc2c([H])c([H])c(-n3[n-]c(C([H])([H])C([H])([H])C([H])([H])C([H])([H])C([H])([H])C([H])([H])C([H])([H])C([H])([H])C([H])([H])C([H])([H])C([H])([H])C([H])([H])C([H])([H])C([H])([H])C([H])([H])C([H])([H])C([H])([H])[H])c(/N=N/c4c([H])c(OC([H])([H])[H])c([H])c([H])c4OC([H])([H])[H])c3=O)c([H])c2S(=O)(=O)[O-])c([H])c1[H]
KKEARL.xaa_ZINC000150398277_194;-10.549036;-10.995891;-11.154;98;715.893;UJKFAEMHFDSIJX-UHFFFAOYSA-K;[H]c1c([H])c([H])c(Oc2c([H])c([H])c(-n3[n-]c(C([H])([H])C([H])([H])C([H])([H])C([H])([H])C([H])([H])C([H])([H])C([H])([H])C([H])([H])C([H])([H])C([H])([H])C([H])([H])C([H])([H])C([H])([H])C([H])([H])C([H])([H])C([H])([H])C([H])([H])[H])c(/N=N/c4c([H])c([H])c([H])c(C(=O)[O-])c4[H])c3=O)c([H])c2S(=O)(=O)[O-])c([H])c1[H]
KKEARL.xaa_ZINC000150398274_195;-10.549036;-10.995891;-11.461;98;715.893;UJKFAEMHFDSIJX-UHFFFAOYSA-K;[H]c1c([H])c([H])c(Oc2c([H])c([H])c(-n3[n-]c(C([H])([H])C([H])([H])C([H])([H])C([H])([H])C([H])([H])C([H])([H])C([H])([H])C([H])([H])C([H])([H])C([H])([H])C([H])([H])C([H])([H])C([H])([H])C([H])([H])C([H])([H])C([H])([H])C([H])([H])[H])c(/N=N/c4c([H])c([H])c([H])c(C(=O)[O-])c4[H])c3=O)c([H])c2S(=O)(=O)[O-])c([H])c1[H]
KKEARL.xaa_ZINC000150402619_197;-10.1025082;-10.344921;-10.206;96;707.337;INHIKZSALLWCAN-UHFFFAOYSA-L;[H]c1c([H])c([H])c(Oc2c([H])c([H])c(-n3[n-]c(C([H])([H])C([H])([H])C([H])([H])C([H])([H])C([H])([H])C([H])([H])C([H])([H])C([H])([H])C([H])([H])C([H])([H])C([H])([H])C([H])([H])C([H])([H])C([H])([H])C([H])([H])C([H])([H])C([H])([H])[H])c(/N=N/c4c([H])c([H])c(Cl)c([H])c4[H])c3=O)c([H])c2S(=O)(=O)[O-])c([H])c1[H]
KKEARL.xaa_ZINC000150406306_199;-10.001240999999998;-10.740935;-11.841;51;814.053;VHFPMVSEDDRLLZ-KBVBXEEASA-L;[H]/C(=N\c1c([H])c([H])c(C([H])([H])c2c([H])c([H])c(/N=C(\[H])c3c([H])c(Br)c([H])c(I)c3[O-])c([H])c2[H])c([H])c1[H])c1c([H])c(Br)c([H])c(I)c1[O-]
KKEARL.xaa_ZINC000150408800_200;-11.6641016;-12.411471;-7.987;80;752.648;KFHVWBXPBHARCS-OGBZJDJUSA-L;[H]/C(C(=O)c1c([H])c([H])c(N([H])C(=O)c2c([H])c([N+](=O)[O-])c([H])c([H])c2C(=O)[O-])c([H])c1[H])=C(/[H])c1c([H])c([H])c(/C([H])=C(\[H])C(=O)c2c([H])c([H])c(N([H])C(=O)c3c([H])c([N+](=O)[O-])c([H])c([H])c3C(=O)[O-])c([H])c2[H])c([H])c1[H]
KKEARL.xaa_ZINC000150427934_202;-10.8684954;-11.076307;-12.365;57;684.253;IMNISECEJFCZDI-SLLOIGAGSA-L;[H]Oc1c([H])c([H])c(C([H])([H])c2c([H])c([H])c(/N=C(\[H])c3c([H])c([N+](=O)[O-])c([H])c(Br)c3[O-])c(O[H])c2[H])c([H])c1/N=C(\[H])c1c([H])c([N+](=O)[O-])c([H])c(Br)c1[O-]
KKEARL.xaa_ZINC000150482586_217;-10.6740442;-11.588919;-13.04;72;837.722;RJIRCHSBQHAUJQ-UHFFFAOYSA-L;[H]c1oc(-c2oc(N(C(=O)c3c([H])c([H])c([H])c([H])c3[N-]S(=O)(=O)c3sc(Cl)c([H])c3[H])C(=O)c3c([H])c([H])c([H])c([H])c3[N-]S(=O)(=O)c3sc(Cl)c([H])c3[H])c(C#N)c2-c2oc([H])c([H])c2[H])c([H])c1[H]
KKEARL.xaa_ZINC000150572321_226;-10.2817494;-10.826673;-9.986;104;765.995;ZZEVVCVOZNJWOS-IFEQKJQJSA-L;[H]c1c([H])c(-c2c([H])/c(=N\N([H])S(=O)(=O)c3c([H])c(C(=O)[O-])c([H])c([H])c3OC([H])([H])C([H])([H])C([H])([H])C([H])([H])C([H])([H])C([H])([H])C([H])([H])C([H])([H])C([H])([H])C([H])([H])C([H])([H])C([H])([H])C([H])([H])C([H])([H])C([H])([H])C([H])([H])[H])c3c([H])c(S(=O)(=O)[O-])c([H])c([H])c3n2C([H])([H])[H])c([H])c(C([H])([H])[H])c1[H]
KKEARL.xaa_ZINC000150591583_229;-10.5755126;-10.953869;-11.513;76;662.662;MUDPTLMITXANRF-IXFOVKCUSA-L;[H]c1c([H])c([H])c2c(c1[H])/C(=N/N([H])c1c([H])c([H])c(C(=O)[O-])c([H])c1[H])C(=O)N2C([H])([H])c1c([H])c([H])c(C([H])([H])N2C(=O)/C(=N\N([H])c3c([H])c([H])c(C(=O)[O-])c([H])c3[H])c3c([H])c([H])c([H])c([H])c32)c([H])c1[H]
KKEARL.xaa_ZINC000068572914_238;-12.4793627;-13.250983;-11.18;65;604.543;KMIXSLAMXSUIJQ-NMGZYESXSA-L;[H]c1c([H])c([H])c(N(c2nc(/N=N/C([H])([H])c3c([H])c([H])c([H])c([N+](=O)[O-])c3[O-])nc(/N=N/C([H])([H])c3c([H])c([H])c([H])c([N+](=O)[O-])c3[O-])n2)c2c([H])c([H])c([H])c([H])c2[H])c([H])c1[H]
KKEARL.xaa_ZINC000079216736_252;-10.9779329;-11.3803005;-12.952;110;736.946;MONAOJUXJOXWQB-KRJYVQBISA-L;[H]C([H])=C(C([H])([H])[H])[C@]1([H])C([H])([H])C([H])([H])[C@]2(C([H])([H])OC(=O)c3c([H])c([H])c([H])c([H])c3C(=O)[O-])C([H])([H])C([H])([H])[C@]3(C([H])([H])[H])[C@@]([H])(C([H])([H])C([H])([H])[C@]4([H])[C@@]5(C([H])([H])[H])C([H])([H])C([H])([H])[C@]([H])(OC(=O)c6c([H])c([H])c([H])c([H])c6C(=O)[O-])C(C([H])([H])[H])(C([H])([H])[H])[C@]5([H])C([H])([H])C([H])([H])[C@]43C([H])([H])[H])[C@@]21[H]
KKEARL.xaa_ZINC000079216734_253;-11.0744186;-11.372654;-11.9;110;736.946;MONAOJUXJOXWQB-ZNQRMFOOSA-L;[H]C([H])=C(C([H])([H])[H])[C@]1([H])C([H])([H])C([H])([H])[C@]2(C([H])([H])OC(=O)c3c([H])c([H])c([H])c([H])c3C(=O)[O-])C([H])([H])C([H])([H])[C@]3(C([H])([H])[H])[C@]([H])(C([H])([H])C([H])([H])[C@]4([H])[C@@]5(C([H])([H])[H])C([H])([H])C([H])([H])[C@]([H])(OC(=O)c6c([H])c([H])c([H])c([H])c6C(=O)[O-])C(C([H])([H])[H])(C([H])([H])[H])[C@]5([H])C([H])([H])C([H])([H])[C@]43C([H])([H])[H])[C@@]21[H]
KKEARL.xaa_ZINC000079216738_254;-11.0172585;-11.303522;-12.244;110;736.946;MONAOJUXJOXWQB-XWNXHASXSA-L;[H]C([H])=C(C([H])([H])[H])[C@]1([H])C([H])([H])C([H])([H])[C@]2(C([H])([H])OC(=O)c3c([H])c([H])c([H])c([H])c3C(=O)[O-])C([H])([H])C([H])([H])[C@]3(C([H])([H])[H])[C@]([H])(C([H])([H])C([H])([H])[C@]4([H])[C@@]5(C([H])([H])[H])C([H])([H])C([H])([H])[C@]([H])(OC(=O)c6c([H])c([H])c([H])c([H])c6C(=O)[O-])C(C([H])([H])[H])(C([H])([H])[H])[C@@]5([H])C([H])([H])C([H])([H])[C@]43C([H])([H])[H])[C@@]21[H]
KKEARL.xaa_ZINC000079216740_255;-11.0948445;-11.5923395;-12.727;110;736.946;MONAOJUXJOXWQB-GSHILPIBSA-L;[H]C([H])=C(C([H])([H])[H])[C@]1([H])C([H])([H])C([H])([H])[C@]2(C([H])([H])OC(=O)c3c([H])c([H])c([H])c([H])c3C(=O)[O-])C([H])([H])C([H])([H])[C@]3(C([H])([H])[H])[C@@]([H])(C([H])([H])C([H])([H])[C@]4([H])[C@@]5(C([H])([H])[H])C([H])([H])C([H])([H])[C@]([H])(OC(=O)c6c([H])c([H])c([H])c([H])c6C(=O)[O-])C(C([H])([H])[H])(C([H])([H])[H])[C@@]5([H])C([H])([H])C([H])([H])[C@]43C([H])([H])[H])[C@@]21[H]
KKEARL.xaa_ZINC000085867408_261;-10.2143672;-10.626969;-10.11;103;741.858;FJGPDGQXRAXQJH-UHFFFAOYSA-K;[H]c1c([H])c(C(=O)[O-])c(N([H])C(=O)C([H])([H])C(=O)c2c([H])c([H])c(N([H])C(=O)C([H])([H])C([H])([H])C([H])([H])C([H])([H])C([H])([H])C([H])([H])C([H])([H])C([H])([H])C([H])([H])C([H])([H])C([H])([H])C([H])([H])C([H])([H])C([H])([H])C([H])([H])C([H])([H])C([H])([H])[H])c([H])c2[H])c([H])c1Oc1c([H])c(C(=O)[O-])c([H])c(C(=O)[O-])c1[H]
KKEARL.xaa_ZINC000095754834_269;-10.8177148;-11.118732;-12.245;110;736.946;MONAOJUXJOXWQB-QSWDHQFTSA-L;[H]C([H])=C(C([H])([H])[H])[C@]1([H])C([H])([H])C([H])([H])[C@]2(C([H])([H])OC(=O)c3c([H])c([H])c([H])c([H])c3C(=O)[O-])C([H])([H])C([H])([H])[C@]3(C([H])([H])[H])[C@]([H])(C([H])([H])C([H])([H])[C@]4([H])[C@@]5(C([H])([H])[H])C([H])([H])C([H])([H])[C@]([H])(OC(=O)c6c([H])c([H])c([H])c([H])c6C(=O)[O-])C(C([H])([H])[H])(C([H])([H])[H])[C@]5([H])C([H])([H])C([H])([H])[C@]43C([H])([H])[H])[C@]21[H]
KKEARL.xaa_ZINC000001866914_271;-10.444489;-10.695957;-11.16;57;570.681;MQMMDCJBVHZCGK-UHFFFAOYSA-M;[H]c1nc([N-]S(=O)(=O)c2c([H])c([H])c(/N=C(/c3c(-c4c([H])c([H])c([H])c([H])c4[H])[n-]n(-c4nc5c([H])c([H])c([H])c([H])c5s4)c3=O)C([H])([H])[H])c([H])c2[H])sc1[H]
KKEARL.xaa_ZINC000012576410_273;-10.7317972;-11.192817;-10.204;53;505.446;IYNGYVGQHYHIHW-RABJZLPGSA-L;[H]/C(=N\c1c([H])c([H])c2c([H])c3c([H])c([H])c(/N=C(\[H])c4c([H])c([N+](=O)[O-])c([H])c([H])c4[O-])c([H])c3nc2c1[H])c1c([H])c([N+](=O)[O-])c([H])c([H])c1[O-]
KKEARL.xaa_ZINC000096569889_274;-10.965557;-11.805594;-10.894;72;522.602;QGPWJWZLXCSOBQ-PJCVNQFGSA-L;[H]/C(=N\[C@@]1([H])C([H])([H])C([H])([H])C([H])([H])C([H])([H])[C@@]1([H])/N=C(\[H])c1c([H])c([N+](=O)[O-])c([H])c(C(C([H])([H])[H])(C([H])([H])[H])C([H])([H])[H])c1[O-])c1c([H])c([N+](=O)[O-])c([H])c(C(C([H])([H])[H])(C([H])([H])[H])C([H])([H])[H])c1[O-]
KKEARL.xaa_ZINC000101667526_294;-10.337104899999998;-10.540191;-8.255;42;562.13;MGSCMWQPWSCNHH-WDBPGAOMSA-L;[H]/C(=N\c1c([H])c([H])c(/N=C(\[H])c2c([H])c(Br)c([H])c([N+](=O)[O-])c2[O-])c([H])c1[H])c1c([H])c(Br)c([H])c([N+](=O)[O-])c1[O-]
KKEARL.xaa_ZINC000101667635_295;-10.7138417;-11.189468;-9.652;42;562.13;BSUINOFHKXBAOU-WDBPGAOMSA-L;[H]/C(=N\c1c([H])c([H])c([H])c([H])c1/N=C(\[H])c1c([H])c(Br)c([H])c([N+](=O)[O-])c1[O-])c1c([H])c(Br)c([H])c([N+](=O)[O-])c1[O-]
KKEARL.xaa_ZINC000002832001_296;-12.3156765;-13.092354;-11.652;55;544.501;AMAWLUNNVWHEON-DPCVLPDWSA-L;[H]/C(=N\c1c([H])c(S(=O)(=O)c2c([H])c([H])c([O-])c(/N=C(\[H])c3c([H])c([H])c([H])c([N+](=O)[O-])c3[H])c2[H])c([H])c([H])c1[O-])c1c([H])c([H])c([H])c([N+](=O)[O-])c1[H]
KKEARL.xaa_ZINC000101680136_298;-10.6256112;-11.416695;-9.044;104;630.914;OQEOVYKKGASRBH-DNKFKMMLSA-L;[H]C1([H])C([H])([H])[C@](C(=O)[O-])(C([H])([H])[H])[C@@]2([H])C([H])([H])C([H])([H])[C@@]34C([H])([H])/C(=N/N=C5/C([H])([H])[C@]67C([H])([H])C([H])([H])[C@]8([H])[C@@](C(=O)[O-])(C([H])([H])[H])C([H])([H])C([H])([H])C([H])([H])[C@@]8(C([H])([H])[H])[C@]6([H])C([H])([H])C([H])([H])[C@@]5(C([H])([H])[H])C7([H])[H])[C@@](C([H])([H])[H])(C([H])([H])C([H])([H])[C@]3([H])[C@]2(C([H])([H])[H])C1([H])[H])C4([H])[H]
KKEARL.xaa_ZINC000254287214_305;-10.3424965;-10.699327;-10.801;56;530.518;XNZXPSWBXUSTAY-BYYHNAKLSA-M;[H]c1c([H])c([H])c(Oc2c([H])c([H])c(C([H])([H])/N=N/c3c([H])c([H])c(S(=O)(=O)[N-]c4c([H])c([H])c([H])c([H])c4C(=O)[O-])c([H])c3[N+](=O)[O-])c([H])c2[H])c([H])c1[H]
KKEARL.xaa_ZINC000254292393_307;-11.186498599999998;-11.571136;-11.256;66;610.608;XPFYFADHVGIQAJ-QNEJGDQOSA-M;[H]c1c([H])c([H])c(-n2nc(-c3c([H])c([H])c(OC([H])([H])[H])c([H])c3[H])c(C([H])([H])/N=N/c3c([H])c([H])c(S(=O)(=O)[N-]c4c([H])c([H])c([H])c([H])c4C(=O)[O-])c([H])c3[N+](=O)[O-])c2[H])c([H])c1[H]
KKEARL.xaa_ZINC000162537151_312;-11.1130692;-11.621086;-11.571;85;761.876;RXAOLKMWSLUXOR-UHFFFAOYSA-K;[H]C1=C([H])C(=C(c2c([H])c([H])c(N(C([H])([H])c3c([H])c([H])c([H])c(S(=O)(=O)[O-])c3[H])C([H])([H])C([H])([H])[H])c([H])c2[H])c2c([H])c([H])c(N(C([H])([H])c3c([H])c([H])c([H])c(S(=O)(=O)[O-])c3[H])C([H])([H])C([H])([H])[H])c([H])c2[H])C(S(=O)(=O)[O-])=C([H])C1=O
KKEARL.xaa_ZINC000254487821_314;-10.8403964;-11.195519;-11.858;59;586.611;NZIVCMAHGPCQED-ZQHSETAFSA-M;[H]c1sc(-c2nn(-c3c([H])c([H])c([H])c([H])c3[H])c([H])c2C([H])([H])/N=N/c2c([H])c([H])c(S(=O)(=O)[N-]c3c([H])c([H])c([H])c([H])c3C(=O)[O-])c([H])c2[N+](=O)[O-])c([H])c1[H]
KKEARL.xaa_ZINC000254507792_315;-10.5653918;-11.075331;-11.522;64;588.54;KWJPEQLVRXQAQJ-IHXWQEJPSA-L;[H]/C(=N\c1c([H])c([H])c2c(nc([H])n2C([H])([H])C([H])([H])n2c([H])nc3c([H])c([H])c(/N=C(\[H])c4c([H])c([H])c([H])c([N+](=O)[O-])c4[O-])c([H])c32)c1[H])c1c([H])c([H])c([H])c([N+](=O)[O-])c1[O-]
KKEARL.xaa_ZINC000254515471_318;-11.359829;-11.5655;-11.963;62;580.582;IIQMZHAFJLAQSN-NVQSTNCTSA-M;[H]c1c([H])c([H])c(-c2nn(-c3c([H])c([H])c([H])c([H])c3[H])c([H])c2C([H])([H])/N=N/c2c([H])c([H])c(S(=O)(=O)[N-]c3c([H])c([H])c([H])c([H])c3C(=O)[O-])c([H])c2[N+](=O)[O-])c([H])c1[H]
KKEARL.xaa_ZINC000254589076_328;-10.8462697;-11.378999;-10.782;59;544.545;GCZWOGPERZDMNX-ZQHSETAFSA-M;[H]c1c([H])c([H])c(C([H])([H])Oc2c([H])c([H])c([H])c(C([H])([H])/N=N/c3c([H])c([H])c(S(=O)(=O)[N-]c4c([H])c([H])c([H])c([H])c4C(=O)[O-])c([H])c3[N+](=O)[O-])c2[H])c([H])c1[H]
KKEARL.xaa_ZINC000254594166_329;-11.1279484;-11.522356;-11.153;59;586.611;AMLPJYUKQPIUSA-ZQHSETAFSA-M;[H]c1sc(-c2nn(-c3c([H])c([H])c([H])c([H])c3[H])c([H])c2C([H])([H])/N=N/c2c([H])c([H])c([N+](=O)[O-])c([H])c2S(=O)(=O)[N-]c2c([H])c([H])c([H])c([H])c2C(=O)[O-])c([H])c1[H]
KKEARL.xaa_ZINC000097960179_330;-10.4776301;-10.968813;-10.997;44;679.988;QARARCSUPYDYQM-UYKANAEJSA-L;[H]/C(=N\c1c([H])c([H])c([H])c2c(/N=C(\[H])c3c([H])c(Br)c([H])c(Br)c3[O-])c([H])c([H])c([H])c12)c1c([H])c(Br)c([H])c(Br)c1[O-]
KKEARL.xaa_ZINC000254756897_339;-10.1990626;-10.795155;-10.957;64;564.576;GSSHLPWKYYZTHT-UNMOGBHFSA-M;[H]c1c([H])c([H])c(OC([H])([H])[H])c([N-]S(=O)(=O)c2c([H])c([H])c(/N=N/[C@@]([H])(C([H])([H])[H])C([H])([H])C([H])([H])c3c([H])c([H])c4oc(C(=O)[O-])c(C([H])([H])[H])c4c3[H])c([N+](=O)[O-])c2[H])c1[H]
KKEARL.xaa_ZINC000097961973_341;-11.026783;-11.382076;-11.677;76;662.654;QHCGPTHXFDDQRZ-FLFKKZLDSA-L;[H]/C(C(=O)c1c([H])c([H])c([H])c(N([H])C(=O)c2c([H])c([H])c([H])c([H])c2C(=O)[O-])c1[H])=C(/[H])c1c([H])c([H])c(/C([H])=C(\[H])C(=O)c2c([H])c([H])c([H])c(N([H])C(=O)c3c([H])c([H])c([H])c([H])c3C(=O)[O-])c2[H])c([H])c1[H]
KKEARL.xaa_ZINC000254838415_342;-10.2090406;-10.545961;-10.729;57;538.541;NCYWSBNRJQKULD-QVIHXGFCSA-M;[H]c1c([H])c([H])c(C(=O)[O-])c([N-]S(=O)(=O)c2c([H])c([H])c(/N=N/C([H])([H])c3c4c([H])c([H])c([H])c([H])c4c([H])c4c([H])c([H])c([H])c([H])c34)c([N+](=O)[O-])c2[H])c1[H]
KKEARL.xaa_ZINC000097962872_345;-10.7589272;-11.147978;-9.556;109;750.937;QMRWBKZGNBIFNF-YSYMSCJYSA-L;[H]Oc1c([H])c([H])c(C(=O)[O-])c([H])c1N([H])/N=C1\C([H])=C(C(=O)N([H])c2c([H])c(C(=O)[O-])c([H])c([H])c2N(C([H])([H])[H])C([H])([H])C([H])([H])C([H])([H])C([H])([H])C([H])([H])C([H])([H])C([H])([H])C([H])([H])C([H])([H])C([H])([H])C([H])([H])C([H])([H])C([H])([H])C([H])([H])C([H])([H])C([H])([H])C([H])([H])C([H])([H])[H])C(=O)c2c([H])c([H])c([H])c([H])c21
KKEARL.xaa_ZINC000254895394_346;-10.2657816;-10.686237;-10.841;59;553.556;ITBNFSGBUMHMFS-OWWNRXNESA-M;[H]c1c([H])c([H])c(-c2c(C([H])([H])/N=N/c3c([H])c([H])c(S(=O)(=O)[N-]c4c([H])c([H])c([H])c([H])c4C(=O)[O-])c([H])c3[N+](=O)[O-])c3c([H])c([H])c([H])c([H])c3n2[H])c([H])c1[H]
KKEARL.xaa_ZINC000097964156_348;-10.3770072;-10.485443;-11.228;97;688.891;FMEASYNWKYSXIU-UHFFFAOYSA-L;[H]Oc1c([H])c([H])c([H])c(/N=N/c2c(C([H])([H])C([H])([H])C([H])([H])C([H])([H])C([H])([H])C([H])([H])C([H])([H])C([H])([H])C([H])([H])C([H])([H])C([H])([H])C([H])([H])C([H])([H])C([H])([H])C([H])([H])C([H])([H])C([H])([H])[H])[n-]n(-c3c([H])c([H])c(Oc4c([H])c([H])c([H])c([H])c4[H])c(S(=O)(=O)[O-])c3[H])c2=O)c1[H]
KKEARL.xaa_ZINC000150484975_355;-10.2165024;-10.785166;-6.446;79;660.729;LZMHLOQAOZOASX-DWBUZRECSA-L;[H]/C(=N\c1c([H])c([H])c(C([H])([H])c2c([H])c([H])c(/N=C(\[H])c3c([H])c([H])c(C#Cc4c([H])c([H])c([H])c([H])c4[H])c([H])c3[H])c(C(=O)[O-])c2[H])c([H])c1C(=O)[O-])c1c([H])c([H])c(C#Cc2c([H])c([H])c([H])c([H])c2[H])c([H])c1[H]
KKEARL.xaa_ZINC000097965580_358;-10.028361;-10.456402;-10.796;106;788.944;BZLQSDGWLPDDJQ-UHFFFAOYSA-K;[H]c1c([H])c([H])c(Oc2c([H])c([H])c(-n3[n-]c(N([H])C(=O)C([H])([H])C([H])([H])C([H])([H])C([H])([H])C([H])([H])C([H])([H])C([H])([H])C([H])([H])C([H])([H])C([H])([H])C([H])([H])C([H])([H])C([H])([H])C([H])([H])C([H])([H])C([H])([H])C([H])([H])[H])c(/N=N/c4c([H])c(C(=O)OC([H])([H])[H])c([H])c([H])c4[O-])c3=O)c([H])c2S(=O)(=O)[O-])c([H])c1[H]
KKEARL.xaa_ZINC000150495896_359;-10.090661;-10.609879;-10.111;96;672.888;XLIJQISZTYRLFZ-UHFFFAOYSA-L;[H]c1c([H])c([H])c2c(N([H])C(=O)C([H])([H])C([H])([H])C([H])([H])C([H])([H])C([H])([H])C([H])([H])C([H])([H])C([H])([H])C([H])([H])C([H])([H])C([H])([H])C([H])([H])C([H])([H])C([H])([H])C([H])([H])C([H])([H])C([H])([H])[H])c(N([H])C(=O)c3c([H])c(S(=O)(=O)[O-])c4c([H])c([H])c([H])c([H])c4c3[O-])c([H])c([H])c2c1[H]
KKEARL.xaa_ZINC000097976807_374;-10.2968117;-10.968454;-10.653;74;729.62;PATMZWZWAWCHKQ-RNPORBBMSA-N;[H]C([H])=C1[C@]([H])(C(=O)N([H])c2c([H])c([H])c(Cl)c(S(=O)(=O)[N-]c3c([H])c([H])c([H])c([H])c3OC([H])([H])[H])c2[H])[C@]1([H])C(=O)N([H])c1c([H])c([H])c(Cl)c(S(=O)(=O)[N-]c2c([H])c([H])c([H])c([H])c2OC([H])([H])[H])c1[H]
KKEARL.xaa_ZINC000097976808_375;-11.3712328;-11.916505;-10.969;74;729.62;PATMZWZWAWCHKQ-KYJUHHDHSA-N;[H]C([H])=C1[C@]([H])(C(=O)N([H])c2c([H])c([H])c(Cl)c(S(=O)(=O)[N-]c3c([H])c([H])c([H])c([H])c3OC([H])([H])[H])c2[H])[C@@]1([H])C(=O)N([H])c1c([H])c([H])c(Cl)c(S(=O)(=O)[N-]c2c([H])c([H])c([H])c([H])c2OC([H])([H])[H])c1[H]
KKEARL.xaa_ZINC000008397863_381;-11.1414828;-12.676366;-10.245;72;522.602;QGPWJWZLXCSOBQ-YVCJSRETSA-L;[H]/C(=N\[C@]1([H])C([H])([H])C([H])([H])C([H])([H])C([H])([H])[C@@]1([H])/N=C(\[H])c1c([H])c([N+](=O)[O-])c([H])c(C(C([H])([H])[H])(C([H])([H])[H])C([H])([H])[H])c1[O-])c1c([H])c([N+](=O)[O-])c([H])c(C(C([H])([H])[H])(C([H])([H])[H])C([H])([H])[H])c1[O-]
KKEARL.xaa_ZINC000008397868_382;-12.515627;-13.325912;-10.767;82;620.706;RURYPXMORBPALD-KUNPSIRNSA-L;[H]/C(=N\[C@]([H])(c1c([H])c([H])c([H])c([H])c1[H])[C@]([H])(/N=C(\[H])c1c([H])c([N+](=O)[O-])c([H])c(C(C([H])([H])[H])(C([H])([H])[H])C([H])([H])[H])c1[O-])c1c([H])c([H])c([H])c([H])c1[H])c1c([H])c([N+](=O)[O-])c([H])c(C(C([H])([H])[H])(C([H])([H])[H])C([H])([H])[H])c1[O-]
KKEARL.xaa_ZINC000008397858_383;-10.3326134;-11.187752;-10.265;72;522.602;VDPJAAUEUBWIOZ-YUNQNTEUSA-L;[H]/C(=N\[C@]1([H])C([H])([H])C([H])([H])C([H])([H])C([H])([H])[C@@]1([H])/N=C(\[H])c1c([H])c(C(C([H])([H])[H])(C([H])([H])[H])C([H])([H])[H])c([H])c([N+](=O)[O-])c1[O-])c1c([H])c(C(C([H])([H])[H])(C([H])([H])[H])C([H])([H])[H])c([H])c([N+](=O)[O-])c1[O-]
KJCBMM.xaa_ZINC000103921142_159;-10.577848;-10.909764;-11.062;63;568.595;ILCIXJAXXLXQHG-UHFFFAOYSA-M;[H]c1nc(N([H])S(=O)(=O)c2c([H])c([H])c(/N=C(/c3c(-c4c([H])c([H])c([H])c([H])c4[H])[n-]n(-c4c([H])c([H])c([N+](=O)[O-])c([H])c4[H])c3=O)C([H])([H])[H])c([H])c2[H])nc(C([H])([H])[H])c1[H]
KJCBMM.xaa_ZINC000103921114_160;-10.2066582;-10.787605;-11.628;61;523.598;DLRANAGQSFNUFF-UHFFFAOYSA-M;[H]c1nc(N([H])S(=O)(=O)c2c([H])c([H])c(/N=C(/c3c(-c4c([H])c([H])c([H])c([H])c4[H])[n-]n(-c4c([H])c([H])c([H])c([H])c4[H])c3=O)C([H])([H])[H])c([H])c2[H])nc(C([H])([H])[H])c1[H]
KJCBMM.xaa_ZINC000103921236_162;-10.2467342;-10.719273;-10.761;61;553.58;SQNSLDYUILYONX-UHFFFAOYSA-M;[H]c1nc(N([H])S(=O)(=O)c2c([H])c([H])c(/N=C(/c3c(-c4c([H])c([H])c([H])c([H])c4[H])[n-]n(-c4c([H])c([H])c([N+](=O)[O-])c([H])c4[H])c3=O)C([H])([H])[H])c([H])c2[H])c([H])c([H])c1[H]
KJCBMM.xaa_ZINC000103922583_166;-10.4758649;-11.005274;-11.025;67;598.621;YZGJSJVLUKCFBW-UHFFFAOYSA-M;[H]c1nc(N([H])S(=O)(=O)c2c([H])c([H])c(/N=C(/c3c(-c4c([H])c([H])c(OC([H])([H])[H])c([H])c4[H])[n-]n(-c4c([H])c([H])c([N+](=O)[O-])c([H])c4[H])c3=O)C([H])([H])[H])c([H])c2[H])nc(C([H])([H])[H])c1[H]
KJCBMM.xaa_ZINC000103922560_167;-10.1817484;-10.694221;-11.24;65;553.624;PGVRKLVGCVKCSX-UHFFFAOYSA-M;[H]c1nc(N([H])S(=O)(=O)c2c([H])c([H])c(/N=C(/c3c(-c4c([H])c([H])c(OC([H])([H])[H])c([H])c4[H])[n-]n(-c4c([H])c([H])c([H])c([H])c4[H])c3=O)C([H])([H])[H])c([H])c2[H])nc(C([H])([H])[H])c1[H]
KDABRM.xaa_ZINC000012485085_131;-10.8447264;-11.226553;-11.421;59;507.56;VWYMFBKWNFUYDE-UHFFFAOYSA-M;[H]c1c([H])c([H])c(-c2nnn(C([H])([H])[H])n2)c([N-]S(=O)(=O)c2c([H])c([H])c([H])c([H])c2-c2nnn(C([H])([H])C(=O)N([H])C3([H])C([H])([H])C([H])([H])C([H])([H])C3([H])[H])n2)c1[H]
KDABMO.xaa_ZINC000242463692_10;-10.2015674;-10.805004;-10.044;96;592.794;DHQFYEJMFMYGCV-RGBOLSRASA-O;[H]OC([H])([H])[C@@]1([H])O[C@@]([H])(O[C@]2([H])C([H])([H])C([H])([H])[C@]3(C([H])([H])[H])[C@@]4([H])C([H])([H])[C@]5([H])[C@@]([H])(C([H])([H])C([H])([H])[C@]6([H])[C@]5([H])C([H])([H])[N@+]5([H])C([H])([H])[C@@]([H])(C([H])([H])[H])C([H])([H])C([H])([H])[C@@]5([H])[C@]6(O[H])C([H])([H])[H])[C@]4([H])C([H])([H])C(=O)[C@@]3([H])C2([H])[H])[C@]([H])(O[H])[C@@]([H])(O[H])[C@]1([H])O[H]
KDABMO.xaa_ZINC000157199175_297;-11.1224958;-11.986591;-10.397;101;735.874;WQRNORSFILUUTE-UHFFFAOYSA-O;[H]c1c([H])c([H])c(C([H])([H])N2C([H])([H])C([H])([H])N(c3nc4c(c(=O)n([H])c(=O)n4C([H])([H])[H])n3C([H])([H])[C@]([H])(C([H])([H])[H])C([H])([H])n3c(N4C([H])([H])C([H])([H])[N+]([H])(C([H])([H])c5c([H])c([H])c([H])c([H])c5[H])C([H])([H])C4([H])[H])nc4c3c(=O)n([H])c(=O)n4C([H])([H])[H])C([H])([H])C2([H])[H])c([H])c1[H]
KDABMO.xaa_ZINC000079214513_327;-10.0688176;-10.633;-10.314;96;592.794;DHQFYEJMFMYGCV-VRSJZOOHSA-O;[H]OC([H])([H])[C@@]1([H])O[C@@]([H])(O[C@]2([H])C([H])([H])C([H])([H])[C@]3(C([H])([H])[H])[C@@]4([H])C([H])([H])[C@]5([H])[C@@]([H])(C([H])([H])C([H])([H])[C@@]6([H])[C@@]5([H])C([H])([H])[N@+]5([H])C([H])([H])[C@@]([H])(C([H])([H])[H])C([H])([H])C([H])([H])[C@@]5([H])[C@]6(O[H])C([H])([H])[H])[C@]4([H])C([H])([H])C(=O)[C@@]3([H])C2([H])[H])[C@]([H])(O[H])[C@@]([H])(O[H])[C@]1([H])O[H]
KECARN.xaa_ZINC000008777603_37;-10.220695;-11.175165;-10.185;72;564.664;JSTUPTFNWLHMLW-QEMKNDADSA-N;[H]/C(=C1/C(=O)N(C([H])([H])[H])c2c([H])c([H])c(S(=O)(=O)N3C([H])([H])C([H])([H])OC([H])([H])C3([H])[H])c([H])c21)c1c([H])n(C([H])([H])C(=O)N([H])C([H])([H])[C@]2([H])OC([H])([H])C([H])([H])C2([H])[H])c2c([H])c([H])c([H])c([H])c12
KECARN.xaa_ZINC000008777600_38;-10.1889298;-11.062986;-10.217;72;564.664;JSTUPTFNWLHMLW-BABSMXRMSA-N;[H]/C(=C1/C(=O)N(C([H])([H])[H])c2c([H])c([H])c(S(=O)(=O)N3C([H])([H])C([H])([H])OC([H])([H])C3([H])[H])c([H])c21)c1c([H])n(C([H])([H])C(=O)N([H])C([H])([H])[C@@]2([H])OC([H])([H])C([H])([H])C2([H])[H])c2c([H])c([H])c([H])c([H])c12
KECARN.xaa_ZINC000253499752_116;-10.2933295;-10.525522;-11.084;87;626.703;ZKPRSFXPAYNIJS-RKFLPCAWSA-N;[H]OC([H])([H])[C@]1([H])O[C@]([H])(Oc2c([H])c([H])c(-c3c([H])oc4c(C([H])([H])[N+]5([H])C([H])([H])C([H])([H])C([H])([H])C([H])([H])C5([H])[H])c([O-])c(C([H])([H])[N+]5([H])C([H])([H])C([H])([H])C([H])([H])C([H])([H])C5([H])[H])c([O-])c4c3=O)c([H])c2[H])[C@@]([H])(O[H])[C@]([H])(O[H])[C@@]1([H])O[H]
KGADRO.xaa_ZINC000514375352_154;-10.4909439;-10.7438965;-11.814;68;530.696;OVXHYOUAEIXJKQ-QFIPXVFZSA-O;[H]c1c([H])c([H])c([C@]([H])(C([H])([H])N([H])C(=O)C([H])([H])Sc2nnc(-c3c([H])c([H])c([H])c(S(=O)(=O)N4C([H])([H])C([H])([H])C([H])([H])C([H])([H])C4([H])[H])c3[H])o2)[N+]([H])(C([H])([H])[H])C([H])([H])[H])c([H])c1[H]
KGADRO.xaa_ZINC000514375351_155;-10.475366;-10.745052;-10.117;68;530.696;OVXHYOUAEIXJKQ-JOCHJYFZSA-O;[H]c1c([H])c([H])c([C@@]([H])(C([H])([H])N([H])C(=O)C([H])([H])Sc2nnc(-c3c([H])c([H])c([H])c(S(=O)(=O)N4C([H])([H])C([H])([H])C([H])([H])C([H])([H])C4([H])[H])c3[H])o2)[N+]([H])(C([H])([H])[H])C([H])([H])[H])c([H])c1[H]
KGADRO.xaa_ZINC000514374799_157;-10.0323161;-10.3020525;-10.395;80;636.842;HMTMUENVXPTQMD-UHFFFAOYSA-O;[H]c1c([H])c(N([H])C(=O)C([H])([H])Sc2nc3sc4c(c3c(=O)n2C([H])([H])C([H])([H])C([H])([H])[N+]([H])(C([H])([H])[H])C([H])([H])[H])C([H])([H])C([H])([H])C([H])([H])C4([H])[H])c([H])c(S(=O)(=O)N2C([H])([H])C([H])([H])OC([H])([H])C2([H])[H])c1OC([H])([H])[H]
KGADRO.xaa_ZINC001170713035_332;-10.0126792;-10.643575;-10.461;52;501.017;OETQMHIYRJFYKP-UHFFFAOYSA-O;[H]c1sc2nc(Cl)c(S(=O)(=O)n3c([H])c(C([H])([H])C([H])([H])N([H])c4nnc5c(c4[H])C([H])([H])[N+]([H])([H])C5([H])[H])c4c([H])c([H])c([H])c([H])c43)n2c1[H]
KEAAMN.xaa_ZINC000257355019_95;-12.8257598;-13.183531;-13.164;103;770.891;JFMKMZZAVDKJAH-HXBDVKLNSA-N;[H]Oc1c([H])c([H])c(C([H])([H])[C@]([H])(C(=O)N([H])[C@]([H])(C(=O)N([H])[C@]([H])(C(=O)N([H])[C@]([H])(C(=O)N([H])[C@]([H])(C(=O)N([H])[H])C([H])([H])c2c([H])c([H])c([H])c([H])c2[H])C([H])([H])c2c([H])n([H])c3c([H])c([H])c([H])c([H])c23)C([H])([H])[H])C([H])([H])c2c([H])n([H])c3c([H])c([H])c([H])c([H])c23)N([H])[H])c([H])c1[H]
KEAAMN.xaa_ZINC000257355018_96;-12.5017653;-13.0083275;-12.457;103;770.891;JFMKMZZAVDKJAH-CIUYEGCZSA-N;[H]Oc1c([H])c([H])c(C([H])([H])[C@]([H])(C(=O)N([H])[C@]([H])(C(=O)N([H])[C@]([H])(C(=O)N([H])[C@@]([H])(C(=O)N([H])[C@]([H])(C(=O)N([H])[H])C([H])([H])c2c([H])c([H])c([H])c([H])c2[H])C([H])([H])c2c([H])n([H])c3c([H])c([H])c([H])c([H])c23)C([H])([H])[H])C([H])([H])c2c([H])n([H])c3c([H])c([H])c([H])c([H])c23)N([H])[H])c([H])c1[H]
KEAAMN.xaa_ZINC000004066726_192;-11.3098132;-11.882111;-10.992;101;741.846;UDQCJOWXMPDCJZ-XFCANUNOSA-N;[H]c1nc([H])n([H])c1C([H])([H])[C@@]([H])(C(=O)N([H])[H])N([H])C(=O)C([H])([H])N([H])C(=O)[C@@]([H])(N([H])C(=O)[C@]([H])(N([H])C(=O)OC(C([H])([H])[H])(C([H])([H])[H])C([H])([H])[H])C([H])([H])OC([H])([H])c1c([H])c([H])c([H])c([H])c1[H])C([H])([H])c1c([H])c([H])c(OC([H])([H])c2c([H])c([H])c([H])c([H])c2[H])c([H])c1[H]
KEAAMN.xaa_ZINC000004066728_193;-11.6384664;-12.719119;-11.66;101;741.846;UDQCJOWXMPDCJZ-WIHCDAFUSA-N;[H]c1nc([H])n([H])c1C([H])([H])[C@@]([H])(C(=O)N([H])[H])N([H])C(=O)C([H])([H])N([H])C(=O)[C@]([H])(N([H])C(=O)[C@]([H])(N([H])C(=O)OC(C([H])([H])[H])(C([H])([H])[H])C([H])([H])[H])C([H])([H])OC([H])([H])c1c([H])c([H])c([H])c([H])c1[H])C([H])([H])c1c([H])c([H])c(OC([H])([H])c2c([H])c([H])c([H])c([H])c2[H])c([H])c1[H]
KEAAMN.xaa_ZINC000085893593_277;-10.0163624;-10.527594;-12.926;103;786.839;KRVIIMWSCXORIQ-NHKHRBQYSA-N;[H]Oc1c([H])c(OC([H])([H])C(=O)N([H])[C@]([H])(C(=O)N([H])[C@@]([H])(C(=O)N([H])[C@]([H])(C(=O)[O-])C([H])([H])C([H])([H])C([H])([H])N([H])C(N([H])[H])=[N+]([H])[H])C([H])([H])C([H])(C([H])([H])[H])C([H])([H])[H])C([H])([H])c2c([H])c([H])c([H])c([H])c2[H])c([H])c2oc([H])c(-c3c([H])c([H])c4c(c3[H])OC([H])([H])C([H])([H])O4)c(=O)c12
KEAAMN.xaa_ZINC000095610653_291;-12.6097328;-13.059313;-12.682;103;770.891;JFMKMZZAVDKJAH-HUJSHWAMSA-N;[H]Oc1c([H])c([H])c(C([H])([H])[C@]([H])(C(=O)N([H])[C@]([H])(C(=O)N([H])[C@]([H])(C(=O)N([H])[C@]([H])(C(=O)N([H])[C@@]([H])(C(=O)N([H])[H])C([H])([H])c2c([H])c([H])c([H])c([H])c2[H])C([H])([H])c2c([H])n([H])c3c([H])c([H])c([H])c([H])c23)C([H])([H])[H])C([H])([H])c2c([H])n([H])c3c([H])c([H])c([H])c([H])c23)N([H])[H])c([H])c1[H]
KEAAMN.xaa_ZINC000095610655_292;-12.4188796;-13.09337;-12.282;103;770.891;JFMKMZZAVDKJAH-ZWTCKWFUSA-N;[H]Oc1c([H])c([H])c(C([H])([H])[C@]([H])(C(=O)N([H])[C@]([H])(C(=O)N([H])[C@]([H])(C(=O)N([H])[C@@]([H])(C(=O)N([H])[C@@]([H])(C(=O)N([H])[H])C([H])([H])c2c([H])c([H])c([H])c([H])c2[H])C([H])([H])c2c([H])n([H])c3c([H])c([H])c([H])c([H])c23)C([H])([H])[H])C([H])([H])c2c([H])n([H])c3c([H])c([H])c([H])c([H])c23)N([H])[H])c([H])c1[H]
KKBARO.xaa_ZINC000102681189_1;-10.5401418;-11.041422;-10.454;81;559.706;JDTGKWZYLQSCRC-QABMSTFYSA-O;[H]c1c([H])c([N+](=O)[O-])c([H])c([C@]([H])(c2c([H])n(C([H])([H])c3c([H])c([H])c(F)c([H])c3[H])c3c([H])c([H])c([H])c([H])c23)C([H])([H])C(=O)N([H])[C@@]([H])(C([H])([H])[H])C([H])([H])C([H])([H])C([H])([H])[N+]([H])(C([H])([H])C([H])([H])[H])C([H])([H])C([H])([H])[H])c1[H]
KKBARO.xaa_ZINC000102681182_2;-10.6495196;-10.978163;-9.833;81;559.706;JDTGKWZYLQSCRC-HLADLETHSA-O;[H]c1c([H])c([N+](=O)[O-])c([H])c([C@@]([H])(c2c([H])n(C([H])([H])c3c([H])c([H])c(F)c([H])c3[H])c3c([H])c([H])c([H])c([H])c23)C([H])([H])C(=O)N([H])[C@]([H])(C([H])([H])[H])C([H])([H])C([H])([H])C([H])([H])[N+]([H])(C([H])([H])C([H])([H])[H])C([H])([H])C([H])([H])[H])c1[H]
KKBARO.xaa_ZINC000102681187_3;-10.4968434;-10.844719;-9.694;81;559.706;JDTGKWZYLQSCRC-AYWVHJORSA-O;[H]c1c([H])c([N+](=O)[O-])c([H])c([C@]([H])(c2c([H])n(C([H])([H])c3c([H])c([H])c(F)c([H])c3[H])c3c([H])c([H])c([H])c([H])c23)C([H])([H])C(=O)N([H])[C@]([H])(C([H])([H])[H])C([H])([H])C([H])([H])C([H])([H])[N+]([H])(C([H])([H])C([H])([H])[H])C([H])([H])C([H])([H])[H])c1[H]
KKBARO.xaa_ZINC000102681185_4;-10.5066226;-11.199432;-10.247;81;559.706;JDTGKWZYLQSCRC-NGQVCNFZSA-O;[H]c1c([H])c([N+](=O)[O-])c([H])c([C@@]([H])(c2c([H])n(C([H])([H])c3c([H])c([H])c(F)c([H])c3[H])c3c([H])c([H])c([H])c([H])c23)C([H])([H])C(=O)N([H])[C@@]([H])(C([H])([H])[H])C([H])([H])C([H])([H])C([H])([H])[N+]([H])(C([H])([H])C([H])([H])[H])C([H])([H])C([H])([H])[H])c1[H]
KKBARO.xaa_ZINC000102704697_5;-10.1176606;-10.545674;-10.991;77;595.818;ALWIBHSJBUWDPU-UHFFFAOYSA-O;[H]c1sc(N([H])c2c([H])c([H])c([H])c([H])c2[H])nc1C([H])([H])[N+]1(C([H])([H])c2nc(N([H])c3c([H])c([H])c([H])c([H])c3[H])sc2[H])C([H])([H])C([H])([H])C([H])(C(=O)N([H])C([H])([H])c2c([H])c([H])c([H])c([H])c2[H])C([H])([H])C1([H])[H]
KKBARO.xaa_ZINC000097995670_10;-10.1932482;-10.664733;-11.245;72;555.611;SSTVHCNXKXWZLR-UHFFFAOYSA-O;[H]c1c(C(=O)N([H])c2c([H])c(C(=O)OC([H])([H])C([H])([H])[H])c([H])c([H])c2N2C([H])([H])C([H])([H])[N+]([H])(C([H])([H])c3c([H])c([H])c([H])c([H])c3[H])C([H])([H])C2([H])[H])oc(-c2c([H])c([H])c([H])c([N+](=O)[O-])c2[H])c1[H]
KKBARO.xaa_ZINC000035872580_13;-10.4491232;-10.806877;-9.668;70;515.609;NZOFNYLWVYTALK-SANMLTNESA-O;[H]c1c([H])c([H])c(C([H])([H])n2c([H])c([C@]([H])(c3c([H])c([H])c(F)c([H])c3[H])C([H])([H])C(=O)N([H])C([H])([H])C([H])([H])[N+]3([H])C([H])([H])C([H])([H])C([H])([H])C3([H])[H])c3c([H])c([N+](=O)[O-])c([H])c([H])c32)c([H])c1[H]
KKBARO.xaa_ZINC000035872509_14;-11.0211611;-11.394461;-10.351;73;511.646;MHZANOLKUPLUSC-MHZLTWQESA-O;[H]c1c([H])c([H])c(C([H])([H])n2c([H])c([C@]([H])(c3c([H])c([H])c([H])c([H])c3[H])C([H])([H])C(=O)N([H])C([H])([H])C([H])([H])[N+]3([H])C([H])([H])C([H])([H])C([H])([H])C([H])([H])C3([H])[H])c3c([H])c([N+](=O)[O-])c([H])c([H])c32)c([H])c1[H]
KKBARO.xaa_ZINC000035872510_15;-10.9461051;-11.372662;-10.262;73;511.646;MHZANOLKUPLUSC-HHHXNRCGSA-O;[H]c1c([H])c([H])c(C([H])([H])n2c([H])c([C@@]([H])(c3c([H])c([H])c([H])c([H])c3[H])C([H])([H])C(=O)N([H])C([H])([H])C([H])([H])[N+]3([H])C([H])([H])C([H])([H])C([H])([H])C([H])([H])C3([H])[H])c3c([H])c([N+](=O)[O-])c([H])c([H])c32)c([H])c1[H]
KKBARO.xaa_ZINC000035872630_16;-10.5161894;-11.003792;-10.037;70;515.609;CJKPVJWYWHGTGM-SANMLTNESA-O;[H]c1c([H])c([H])c(C([H])([H])n2c([H])c([C@]([H])(c3c([H])c([H])c([H])c(F)c3[H])C([H])([H])C(=O)N([H])C([H])([H])C([H])([H])[N+]3([H])C([H])([H])C([H])([H])C([H])([H])C3([H])[H])c3c([H])c([N+](=O)[O-])c([H])c([H])c32)c([H])c1[H]
KKBARO.xaa_ZINC000035872581_17;-10.3920956;-10.892074;-9.89;70;515.609;NZOFNYLWVYTALK-AREMUKBSSA-O;[H]c1c([H])c([H])c(C([H])([H])n2c([H])c([C@@]([H])(c3c([H])c([H])c(F)c([H])c3[H])C([H])([H])C(=O)N([H])C([H])([H])C([H])([H])[N+]3([H])C([H])([H])C([H])([H])C([H])([H])C3([H])[H])c3c([H])c([N+](=O)[O-])c([H])c([H])c32)c([H])c1[H]
KKBARO.xaa_ZINC000035872632_18;-10.8184172;-11.271389;-10.369;73;529.636;ASANPMOADHPCJC-MHZLTWQESA-O;[H]c1c([H])c([H])c(C([H])([H])n2c([H])c([C@]([H])(c3c([H])c([H])c([H])c(F)c3[H])C([H])([H])C(=O)N([H])C([H])([H])C([H])([H])[N+]3([H])C([H])([H])C([H])([H])C([H])([H])C([H])([H])C3([H])[H])c3c([H])c([N+](=O)[O-])c([H])c([H])c32)c([H])c1[H]
KKBARO.xaa_ZINC000035872582_19;-10.7301638;-11.088395;-10.494;73;529.636;MWJIZYZQCYNQRV-MHZLTWQESA-O;[H]c1c([H])c([H])c(C([H])([H])n2c([H])c([C@]([H])(c3c([H])c([H])c(F)c([H])c3[H])C([H])([H])C(=O)N([H])C([H])([H])C([H])([H])[N+]3([H])C([H])([H])C([H])([H])C([H])([H])C([H])([H])C3([H])[H])c3c([H])c([N+](=O)[O-])c([H])c([H])c32)c([H])c1[H]
KKBARO.xaa_ZINC000035872583_20;-10.6857079;-11.132452;-10.649;73;529.636;MWJIZYZQCYNQRV-HHHXNRCGSA-O;[H]c1c([H])c([H])c(C([H])([H])n2c([H])c([C@@]([H])(c3c([H])c([H])c(F)c([H])c3[H])C([H])([H])C(=O)N([H])C([H])([H])C([H])([H])[N+]3([H])C([H])([H])C([H])([H])C([H])([H])C([H])([H])C3([H])[H])c3c([H])c([N+](=O)[O-])c([H])c([H])c32)c([H])c1[H]
KKBARO.xaa_ZINC000035872633_21;-10.7837704;-11.304324;-10.209;73;529.636;ASANPMOADHPCJC-HHHXNRCGSA-O;[H]c1c([H])c([H])c(C([H])([H])n2c([H])c([C@@]([H])(c3c([H])c([H])c([H])c(F)c3[H])C([H])([H])C(=O)N([H])C([H])([H])C([H])([H])[N+]3([H])C([H])([H])C([H])([H])C([H])([H])C([H])([H])C3([H])[H])c3c([H])c([N+](=O)[O-])c([H])c([H])c32)c([H])c1[H]
KKBARO.xaa_ZINC000035872631_22;-10.475928800000002;-11.117419;-9.876;70;515.609;CJKPVJWYWHGTGM-AREMUKBSSA-O;[H]c1c([H])c([H])c(C([H])([H])n2c([H])c([C@@]([H])(c3c([H])c([H])c([H])c(F)c3[H])C([H])([H])C(=O)N([H])C([H])([H])C([H])([H])[N+]3([H])C([H])([H])C([H])([H])C([H])([H])C3([H])[H])c3c([H])c([N+](=O)[O-])c([H])c([H])c32)c([H])c1[H]
KKBARO.xaa_ZINC000098021429_23;-10.3033513;-10.8540325;-10.354;81;559.706;REMJZRLLWPAPJI-PWUYWRBVSA-O;[H]c1c([H])c([H])c(C([H])([H])n2c([H])c([C@@]([H])(c3c([H])c([H])c(F)c([H])c3[H])C([H])([H])C(=O)N([H])[C@@]([H])(C([H])([H])[H])C([H])([H])C([H])([H])C([H])([H])[N+]([H])(C([H])([H])C([H])([H])[H])C([H])([H])C([H])([H])[H])c3c([H])c([N+](=O)[O-])c([H])c([H])c32)c([H])c1[H]
KKBARO.xaa_ZINC000098021426_24;-10.3313058;-10.800038;-10.016;81;559.706;REMJZRLLWPAPJI-GIGWZHCTSA-O;[H]c1c([H])c([H])c(C([H])([H])n2c([H])c([C@]([H])(c3c([H])c([H])c(F)c([H])c3[H])C([H])([H])C(=O)N([H])[C@]([H])(C([H])([H])[H])C([H])([H])C([H])([H])C([H])([H])[N+]([H])(C([H])([H])C([H])([H])[H])C([H])([H])C([H])([H])[H])c3c([H])c([N+](=O)[O-])c([H])c([H])c32)c([H])c1[H]
KKBARO.xaa_ZINC000098021427_25;-10.242113;-10.820256;-10.388;81;559.706;REMJZRLLWPAPJI-OUTSHDOLSA-O;[H]c1c([H])c([H])c(C([H])([H])n2c([H])c([C@]([H])(c3c([H])c([H])c(F)c([H])c3[H])C([H])([H])C(=O)N([H])[C@@]([H])(C([H])([H])[H])C([H])([H])C([H])([H])C([H])([H])[N+]([H])(C([H])([H])C([H])([H])[H])C([H])([H])C([H])([H])[H])c3c([H])c([N+](=O)[O-])c([H])c([H])c32)c([H])c1[H]
KKBARO.xaa_ZINC000098021428_26;-10.2955398;-10.541924;-10.145;81;559.706;REMJZRLLWPAPJI-FUFSCUOVSA-O;[H]c1c([H])c([H])c(C([H])([H])n2c([H])c([C@@]([H])(c3c([H])c([H])c(F)c([H])c3[H])C([H])([H])C(=O)N([H])[C@]([H])(C([H])([H])[H])C([H])([H])C([H])([H])C([H])([H])[N+]([H])(C([H])([H])C([H])([H])[H])C([H])([H])C([H])([H])[H])c3c([H])c([N+](=O)[O-])c([H])c([H])c32)c([H])c1[H]
KKBARO.xaa_ZINC000098021521_27;-10.4752818;-11.023269;-9.978;81;559.706;NLXSFTPEFKKGCI-GIGWZHCTSA-O;[H]c1c([H])c([H])c(C([H])([H])n2c([H])c([C@]([H])(c3c([H])c([H])c([H])c(F)c3[H])C([H])([H])C(=O)N([H])[C@]([H])(C([H])([H])[H])C([H])([H])C([H])([H])C([H])([H])[N+]([H])(C([H])([H])C([H])([H])[H])C([H])([H])C([H])([H])[H])c3c([H])c([N+](=O)[O-])c([H])c([H])c32)c([H])c1[H]
KKBARO.xaa_ZINC000098021524_28;-10.4462614;-11.133463;-10.158;81;559.706;NLXSFTPEFKKGCI-PWUYWRBVSA-O;[H]c1c([H])c([H])c(C([H])([H])n2c([H])c([C@@]([H])(c3c([H])c([H])c([H])c(F)c3[H])C([H])([H])C(=O)N([H])[C@@]([H])(C([H])([H])[H])C([H])([H])C([H])([H])C([H])([H])[N+]([H])(C([H])([H])C([H])([H])[H])C([H])([H])C([H])([H])[H])c3c([H])c([N+](=O)[O-])c([H])c([H])c32)c([H])c1[H]
KKBARO.xaa_ZINC000098021522_29;-10.3644034;-11.009853;-10.236;81;559.706;NLXSFTPEFKKGCI-OUTSHDOLSA-O;[H]c1c([H])c([H])c(C([H])([H])n2c([H])c([C@]([H])(c3c([H])c([H])c([H])c(F)c3[H])C([H])([H])C(=O)N([H])[C@@]([H])(C([H])([H])[H])C([H])([H])C([H])([H])C([H])([H])[N+]([H])(C([H])([H])C([H])([H])[H])C([H])([H])C([H])([H])[H])c3c([H])c([N+](=O)[O-])c([H])c([H])c32)c([H])c1[H]
KKBARO.xaa_ZINC000098021523_30;-10.4234904;-10.7891655;-9.571;81;559.706;NLXSFTPEFKKGCI-FUFSCUOVSA-O;[H]c1c([H])c([H])c(C([H])([H])n2c([H])c([C@@]([H])(c3c([H])c([H])c([H])c(F)c3[H])C([H])([H])C(=O)N([H])[C@]([H])(C([H])([H])[H])C([H])([H])C([H])([H])C([H])([H])[N+]([H])(C([H])([H])C([H])([H])[H])C([H])([H])C([H])([H])[H])c3c([H])c([N+](=O)[O-])c([H])c([H])c32)c([H])c1[H]
KKBARO.xaa_ZINC000098022863_31;-10.5606006;-10.93785;-9.694;81;541.716;VZELHTYQSAXZBK-VAVYLYDRSA-O;[H]c1c([H])c([H])c(C([H])([H])n2c([H])c([C@@]([H])(c3c([H])c([H])c([H])c([H])c3[H])C([H])([H])C(=O)N([H])[C@]([H])(C([H])([H])[H])C([H])([H])C([H])([H])C([H])([H])[N+]([H])(C([H])([H])C([H])([H])[H])C([H])([H])C([H])([H])[H])c3c([H])c([N+](=O)[O-])c([H])c([H])c32)c([H])c1[H]
KKBARO.xaa_ZINC000098022861_32;-10.6072016;-11.018157;-9.898;81;541.716;VZELHTYQSAXZBK-IRPSRAIASA-O;[H]c1c([H])c([H])c(C([H])([H])n2c([H])c([C@]([H])(c3c([H])c([H])c([H])c([H])c3[H])C([H])([H])C(=O)N([H])[C@]([H])(C([H])([H])[H])C([H])([H])C([H])([H])C([H])([H])[N+]([H])(C([H])([H])C([H])([H])[H])C([H])([H])C([H])([H])[H])c3c([H])c([N+](=O)[O-])c([H])c([H])c32)c([H])c1[H]
KKBARO.xaa_ZINC000098022864_33;-10.5383314;-11.106553;-10.123;81;541.716;VZELHTYQSAXZBK-ABYGYWHVSA-O;[H]c1c([H])c([H])c(C([H])([H])n2c([H])c([C@@]([H])(c3c([H])c([H])c([H])c([H])c3[H])C([H])([H])C(=O)N([H])[C@@]([H])(C([H])([H])[H])C([H])([H])C([H])([H])C([H])([H])[N+]([H])(C([H])([H])C([H])([H])[H])C([H])([H])C([H])([H])[H])c3c([H])c([N+](=O)[O-])c([H])c([H])c32)c([H])c1[H]
KKBARO.xaa_ZINC000098022862_34;-10.5524158;-11.224151;-9.881;81;541.716;VZELHTYQSAXZBK-SVEHJYQDSA-O;[H]c1c([H])c([H])c(C([H])([H])n2c([H])c([C@]([H])(c3c([H])c([H])c([H])c([H])c3[H])C([H])([H])C(=O)N([H])[C@@]([H])(C([H])([H])[H])C([H])([H])C([H])([H])C([H])([H])[N+]([H])(C([H])([H])C([H])([H])[H])C([H])([H])C([H])([H])[H])c3c([H])c([N+](=O)[O-])c([H])c([H])c32)c([H])c1[H]
KKBARO.xaa_ZINC000098022876_35;-11.1552672;-11.879153;-10.808;79;557.69;BZXOVINCXFGNGR-GIGWZHCTSA-O;[H]c1c([H])c([H])c(C([H])([H])n2c([H])c([C@]([H])(c3c([H])c([H])c([H])c(F)c3[H])C([H])([H])C(=O)N([H])C([H])([H])C([H])([H])C([H])([H])[N@@+]3([H])C([H])([H])C([H])([H])C([H])([H])C([H])([H])[C@@]3([H])C([H])([H])[H])c3c([H])c([N+](=O)[O-])c([H])c([H])c32)c([H])c1[H]
KKBARO.xaa_ZINC000098022877_36;-11.1289168;-11.782899;-10.029;79;557.69;BZXOVINCXFGNGR-OUTSHDOLSA-O;[H]c1c([H])c([H])c(C([H])([H])n2c([H])c([C@]([H])(c3c([H])c([H])c([H])c(F)c3[H])C([H])([H])C(=O)N([H])C([H])([H])C([H])([H])C([H])([H])[N@@+]3([H])C([H])([H])C([H])([H])C([H])([H])C([H])([H])[C@]3([H])C([H])([H])[H])c3c([H])c([N+](=O)[O-])c([H])c([H])c32)c([H])c1[H]
KKBARO.xaa_ZINC000102919367_42;-10.015927;-10.925521;-8.74;80;572.67;FYXDJQFXSRYRLG-FICSEENJSA-O;[H]C1=C([N+]2([H])C([H])([H])C([H])([H])OC([H])([H])C2([H])[H])[C@]([H])([P@](=Nc2c([H])c([H])c([N+](=O)[O-])c([H])c2[H])(c2c([H])c([H])c([H])c([H])c2[H])N2C([H])([H])C([H])([H])N(c3c([H])c([H])c([H])c([H])c3[H])C([H])([H])C2([H])[H])C([H])([H])C([H])([H])C1([H])[H]
KKBARO.xaa_ZINC000098048275_48;-10.9384212;-11.515751;-11.729;79;563.744;XOEYANGOTQNOTN-DNQXCXABSA-O;[H]c1c([H])c([C@]([H])(C([H])([H])[H])C([H])([H])C([H])([H])[N@+]([H])(C([H])([H])[H])C([H])([H])C([H])([H])[C@]([H])(c2c([H])c([H])c(S(=O)(=O)N([H])C([H])([H])C([H])([H])c3c([H])n([H])c4c([H])c([H])c([H])c([H])c34)c([H])c2[H])C([H])([H])[H])c([H])c([H])c1[N+](=O)[O-]
KKBARO.xaa_ZINC000098048274_49;-10.9051582;-11.402288;-11.454;79;563.744;XOEYANGOTQNOTN-BJKOFHAPSA-O;[H]c1c([H])c([C@@]([H])(C([H])([H])[H])C([H])([H])C([H])([H])[N@+]([H])(C([H])([H])[H])C([H])([H])C([H])([H])[C@]([H])(c2c([H])c([H])c(S(=O)(=O)N([H])C([H])([H])C([H])([H])c3c([H])n([H])c4c([H])c([H])c([H])c([H])c34)c([H])c2[H])C([H])([H])[H])c([H])c([H])c1[N+](=O)[O-]
KKBARO.xaa_ZINC000100001967_51;-10.6740307;-11.298148;-10.784;85;610.731;SVJMLYUFVDMUHP-XIFFEERXSA-O;[H]c1c([H])c([H])c(C2(c3c([H])c([H])c([H])c([H])c3[H])C([H])([H])C([H])([H])[N+]([H])(C([H])([H])C([H])([H])C([H])([H])OC(=O)C3=C(C([H])([H])[H])N([H])C(C([H])([H])[H])=C(C(=O)OC([H])([H])[H])[C@]3([H])c3c([H])c([H])c([H])c([N+](=O)[O-])c3[H])C([H])([H])C2([H])[H])c([H])c1[H]
KKBARO.xaa_ZINC000757122129_53;-10.5584352;-11.200935;-12.258;88;649.837;PVUSMOLOMAKUBS-UHFFFAOYSA-O;[H]c1sc2c([H])c([H])c([H])c(N3C([H])([H])C([H])([H])[N+](C([H])([H])C([H])([H])C([H])([H])C([H])([H])Oc4c([H])c([H])c5c([H])c([H])c(=O)n([H])c5c4[H])(C([H])([H])C([H])([H])C([H])([H])C([H])([H])Oc4c([H])c([H])c5c([H])c([H])c(=O)n([H])c5c4[H])C([H])([H])C3([H])[H])c2c1[H]
KKBARO.xaa_ZINC000100057432_55;-10.5066558;-10.984287;-10.632;85;610.731;SVJMLYUFVDMUHP-MGBGTMOVSA-O;[H]c1c([H])c([H])c(C2(c3c([H])c([H])c([H])c([H])c3[H])C([H])([H])C([H])([H])[N+]([H])(C([H])([H])C([H])([H])C([H])([H])OC(=O)C3=C(C([H])([H])[H])N([H])C(C([H])([H])[H])=C(C(=O)OC([H])([H])[H])[C@@]3([H])c3c([H])c([H])c([H])c([N+](=O)[O-])c3[H])C([H])([H])C2([H])[H])c([H])c1[H]
KKBARO.xaa_ZINC000103024161_62;-10.6062671;-11.155973;-9.858;78;557.675;KNSVFSOLUMGNBV-UHFFFAOYSA-O;[H]c1c([H])c([H])c(C([H])([H])[N+]2([H])C([H])([H])C([H])([H])N(c3c([H])c([H])c(N([H])C(=O)N([H])c4c([H])c([H])c([N+](=O)[O-])c([H])c4[H])c([H])c3C(=O)N([H])C3([H])C([H])([H])C([H])([H])C([H])([H])C([H])([H])C3([H])[H])C([H])([H])C2([H])[H])c([H])c1[H]
KKBARO.xaa_ZINC000037381114_70;-10.5843943;-10.923506;-11.059;70;515.609;KYPSLKHYXRVSJV-HHHXNRCGSA-O;[H]c1c([H])c([N+](=O)[O-])c([H])c([C@]([H])(c2c([H])n(C([H])([H])c3c([H])c([H])c(F)c([H])c3[H])c3c([H])c([H])c([H])c([H])c23)C([H])([H])C(=O)N([H])C([H])([H])C([H])([H])[N+]2([H])C([H])([H])C([H])([H])C([H])([H])C2([H])[H])c1[H]
KKBARO.xaa_ZINC000037381111_71;-10.7124459;-10.933463;-11.0;70;515.609;KYPSLKHYXRVSJV-MHZLTWQESA-O;[H]c1c([H])c([N+](=O)[O-])c([H])c([C@@]([H])(c2c([H])n(C([H])([H])c3c([H])c([H])c(F)c([H])c3[H])c3c([H])c([H])c([H])c([H])c23)C([H])([H])C(=O)N([H])C([H])([H])C([H])([H])[N+]2([H])C([H])([H])C([H])([H])C([H])([H])C2([H])[H])c1[H]
KKBARO.xaa_ZINC000248070688_78;-10.0578438;-10.77663;-9.491;76;530.664;GZBBTYYYXIUHPN-FREGXXQWSA-O;[H]c1c([H])c([H])c(C([H])([H])[N@+]2([H])C([H])([H])[C@@]([H])(C([H])([H])N(C(=O)c3c([H])c([H])c(F)c([H])c3[H])C3([H])C([H])([H])C([H])([H])C([H])([H])C([H])([H])C3([H])[H])[C@]([H])(c3c([H])c([H])c([H])c([H])c3C([H])([H])[H])C2([H])[H])c([N+](=O)[O-])c1[H]
KKBARO.xaa_ZINC000248089528_79;-10.3853123;-11.1607895;-10.002;76;530.664;LZXRRHHZARQLRL-SUYBVONHSA-O;[H]c1c([H])c([H])c([C@]2([H])C([H])([H])[N@+]([H])(C([H])([H])c3c([H])c([H])c([N+](=O)[O-])c([H])c3[H])C([H])([H])[C@@]2([H])C([H])([H])N(C(=O)c2c([H])c([H])c(F)c([H])c2[H])C2([H])C([H])([H])C([H])([H])C([H])([H])C([H])([H])C2([H])[H])c(C([H])([H])[H])c1[H]
KKBARO.xaa_ZINC000103074924_80;-11.1308804;-11.799481;-9.708;79;557.69;BZXOVINCXFGNGR-PWUYWRBVSA-O;[H]c1c([H])c([H])c(C([H])([H])n2c([H])c([C@@]([H])(c3c([H])c([H])c([H])c(F)c3[H])C([H])([H])C(=O)N([H])C([H])([H])C([H])([H])C([H])([H])[N@@+]3([H])C([H])([H])C([H])([H])C([H])([H])C([H])([H])[C@]3([H])C([H])([H])[H])c3c([H])c([N+](=O)[O-])c([H])c([H])c32)c([H])c1[H]
KKBARO.xaa_ZINC000003168568_98;-10.2776735;-10.834623;-10.58;66;527.541;CNIAHHJFTPQGDP-UHFFFAOYSA-N;[H]C1=C(c2c([H])c([H])c([H])c([H])c2[H])OC(c2c([H])c([H])c([H])c([H])c2[H])=C([H])P1(=O)N([H])C([H])([H])C([H])([H])C([H])([H])[n+]1c([H])c([H])n(C([H])([H])c2c([H])c([H])c([N+](=O)[O-])c([H])c2[H])c1[H]
KKBARO.xaa_ZINC000103193094_106;-11.253627600000002;-12.009298;-11.554;79;563.744;XOEYANGOTQNOTN-RPWUZVMVSA-O;[H]c1c([H])c([C@]([H])(C([H])([H])[H])C([H])([H])C([H])([H])[N@+]([H])(C([H])([H])[H])C([H])([H])C([H])([H])[C@@]([H])(c2c([H])c([H])c(S(=O)(=O)N([H])C([H])([H])C([H])([H])c3c([H])n([H])c4c([H])c([H])c([H])c([H])c34)c([H])c2[H])C([H])([H])[H])c([H])c([H])c1[N+](=O)[O-]
KKBARO.xaa_ZINC000103193089_107;-11.2679642;-11.889926;-11.547;79;563.744;XOEYANGOTQNOTN-ZEQRLZLVSA-O;[H]c1c([H])c([C@@]([H])(C([H])([H])[H])C([H])([H])C([H])([H])[N@+]([H])(C([H])([H])[H])C([H])([H])C([H])([H])[C@@]([H])(c2c([H])c([H])c(S(=O)(=O)N([H])C([H])([H])C([H])([H])c3c([H])n([H])c4c([H])c([H])c([H])c([H])c34)c([H])c2[H])C([H])([H])[H])c([H])c([H])c1[N+](=O)[O-]
KKBARO.xaa_ZINC000103192867_108;-11.338187;-11.981447;-10.782;80;573.717;KECDGCKGAILXJE-YTTGMZPUSA-O;[H]c1c([H])c([H])c(C([H])([H])n2c([H])c([C@]([H])(c3c([H])c([H])c([H])c([H])c3[H])C([H])([H])C(=O)N([H])[C@]3([H])C([H])([H])C([H])([H])[N@@+]([H])(C([H])([H])c4c([H])c([H])c([H])c([H])c4[H])C([H])([H])C3([H])[H])c3c([H])c([N+](=O)[O-])c([H])c([H])c32)c([H])c1[H]
KKBARO.xaa_ZINC000103192870_109;-11.4912494;-12.199945;-10.623;80;573.717;KECDGCKGAILXJE-JGCGQSQUSA-O;[H]c1c([H])c([H])c(C([H])([H])n2c([H])c([C@@]([H])(c3c([H])c([H])c([H])c([H])c3[H])C([H])([H])C(=O)N([H])[C@]3([H])C([H])([H])C([H])([H])[N@@+]([H])(C([H])([H])c4c([H])c([H])c([H])c([H])c4[H])C([H])([H])C3([H])[H])c3c([H])c([N+](=O)[O-])c([H])c([H])c32)c([H])c1[H]
KKBARO.xaa_ZINC000053356854_110;-10.14942;-10.249883;-9.493;58;552.467;AVDHCTSNRUJZTD-HOYKHHGWSA-O;[H]c1c([H])c([C@]2([H])c3c(n([H])c4c([H])c([H])c([H])c([H])c34)[C@@]([H])(c3c([H])c([H])c(Sc4nnc([H])n4C([H])([H])[H])c([N+](=O)[O-])c3[H])[N+]([H])([H])C2([H])[H])c(Cl)c([H])c1Cl
KKBARO.xaa_ZINC000053356563_115;-10.223583199999998;-10.368496;-9.723;62;527.069;JPBHRXMBDJBGIA-IADCTJSHSA-O;[H]c1c([H])c([H])c([C@@]2([H])c3c(n([H])c4c([H])c([H])c([H])c([H])c34)[C@]([H])(c3c([H])c([H])c(Sc4c([H])c([H])c(C([H])([H])[H])c([H])c4[H])c([N+](=O)[O-])c3[H])[N+]([H])([H])C2([H])[H])c(Cl)c1[H]
KKBARO.xaa_ZINC000053356858_117;-10.070654;-10.211498;-9.652;58;552.467;AVDHCTSNRUJZTD-UUOWRZLLSA-O;[H]c1c([H])c([C@@]2([H])c3c(n([H])c4c([H])c([H])c([H])c([H])c34)[C@]([H])(c3c([H])c([H])c(Sc4nnc([H])n4C([H])([H])[H])c([N+](=O)[O-])c3[H])[N+]([H])([H])C2([H])[H])c(Cl)c([H])c1Cl
KKBARO.xaa_ZINC000053356561_119;-10.2693924;-10.394999;-10.17;62;527.069;JPBHRXMBDJBGIA-RNWIMVQKSA-O;[H]c1c([H])c([H])c([C@]2([H])c3c(n([H])c4c([H])c([H])c([H])c([H])c34)[C@@]([H])(c3c([H])c([H])c(Sc4c([H])c([H])c(C([H])([H])[H])c([H])c4[H])c([N+](=O)[O-])c3[H])[N+]([H])([H])C2([H])[H])c(Cl)c1[H]
KKBARO.xaa_ZINC000059706528_133;-10.005725000000002;-10.466997;-10.595;72;549.673;MCHMCUJNESZUOB-UHFFFAOYSA-O;[H]c1c([H])c([H])c(C([H])([H])[N+]2([H])C([H])([H])C([H])([H])N(c3c([H])c([H])c([N+](=O)[O-])c([H])c3C(=O)N([H])c3sc4c(c3C(=O)OC([H])([H])C([H])([H])[H])C([H])([H])C([H])([H])C([H])([H])C4([H])[H])C([H])([H])C2([H])[H])c([H])c1[H]
KKBARO.xaa_ZINC000012959647_135;-10.0451856;-10.244096;-9.708;66;531.101;BAVDRKNLIQWVIM-UHFFFAOYSA-O;[H]c1c([H])c([H])c(C([H])(c2c([H])c([H])c([H])c([H])c2[H])[N+]2([H])C([H])([H])C([H])([H])N(C([H])([H])c3c([H])c([H])c(Sc4c([H])c([H])c(Cl)c([H])c4[H])c([N+](=O)[O-])c3[H])C([H])([H])C2([H])[H])c([H])c1[H]
KKBARO.xaa_ZINC000103547153_137;-11.004962099999998;-11.417634;-10.365;69;616.813;LMCXVEAQCKDNKX-HKBQPEDESA-N;[H]c1c(C2=NN(c3c([H])c([H])c(-c4sc(-c5c([H])c([H])c([H])c([H])c5[H])c(-c5c([H])c([H])c([H])c([H])c5[H])[s+]4)c([H])c3[H])[C@]([H])(c3c([H])c([H])c([N+](=O)[O-])c([H])c3[H])C2([H])[H])sc(C([H])([H])[H])c1[H]
KKBARO.xaa_ZINC000103547159_138;-11.0052498;-11.432834;-8.574;69;616.813;LMCXVEAQCKDNKX-WJOKGBTCSA-N;[H]c1c(C2=NN(c3c([H])c([H])c(-c4sc(-c5c([H])c([H])c([H])c([H])c5[H])c(-c5c([H])c([H])c([H])c([H])c5[H])[s+]4)c([H])c3[H])[C@@]([H])(c3c([H])c([H])c([N+](=O)[O-])c([H])c3[H])C2([H])[H])sc(C([H])([H])[H])c1[H]
KKBARO.xaa_ZINC000004365638_145;-10.2123066;-12.024352;-11.614;81;621.768;LZYYWSOVMIVQSF-UHFFFAOYSA-O;[H]c1c([H])c([H])c(N([H])c2c(N([H])c3c([H])c([H])c([H])c([H])c3[H])c([H])c3c(nc4c([H])c(N([H])c5c([H])c([H])c([H])c([H])c5[H])c(N([H])c5c([H])c([H])c([H])c([H])c5[H])c([H])c4[n+]3-c3c([H])c([H])c([H])c([H])c3[H])c2[H])c([H])c1[H]
KKBARO.xaa_ZINC000150357256_147;-13.099575000000002;-14.03049;-11.584;80;680.65;RZKJSPMCHNNFSG-UHFFFAOYSA-O;[H]c1c([H])c(Oc2c([H])c([H])c3c(c2[H])C(=O)N(C([H])([H])C([H])([H])C([H])([H])[N+]([H])(C([H])([H])[H])C([H])([H])C([H])([H])C([H])([H])N2C(=O)c4c([H])c([H])c(Oc5c([H])c([H])c([H])c([N+](=O)[O-])c5[H])c([H])c4C2=O)C3=O)c([H])c([N+](=O)[O-])c1[H]
KKBARO.xaa_ZINC000150368814_148;-12.1861588;-12.539388;-10.986;102;814.454;HPLNQCPCUACXLM-DHUJRADRSA-O;[H]c1c([H])c([H])c(SC([H])([H])[C@@]([H])(N([H])c2c([H])c([H])c(S(=O)(=O)[N-]C(=O)c3c([H])c([H])c(N4C([H])([H])C([H])([H])[N+]([H])(C([H])([H])c5c([H])c([H])c([H])c([H])c5-c5c([H])c([H])c(Cl)c([H])c5[H])C([H])([H])C4([H])[H])c([H])c3[H])c([H])c2[N+](=O)[O-])C([H])([H])C([H])([H])[N+]([H])(C([H])([H])[H])C([H])([H])[H])c([H])c1[H]
KKBARO.xaa_ZINC000150445191_150;-10.3275446;-10.816539;-10.77;77;648.925;UDFFKVSXMOZMSX-UHFFFAOYSA-N;[H]c1nc(SC([H])([H])c2nc(-c3c([H])c([H])c(C([H])([H])[H])c([H])c3[H])sc2[H])c([H])c([H])c1S(=O)(=O)N1C([H])([H])C([H])([H])[N+](C([H])([H])[H])(C([H])([H])c2nc(-c3c([H])c([H])c(C([H])([H])[H])c([H])c3[H])sc2[H])C([H])([H])C1([H])[H]
KKBARO.xaa_ZINC000006078565_154;-10.321763100000002;-10.427388;-11.537;66;566.465;FTSHJVMJZMTPPL-UHFFFAOYSA-O;[H]c1c([H])c(N([H])C(=O)c2c([H])c([N+](=O)[O-])c([H])c([H])c2N2C([H])([H])C([H])([H])[N+]([H])(C([H])([H])C([H])([H])[H])C([H])([H])C2([H])[H])c([H])c(Cl)c1Oc1c([H])c([H])c2c([H])c([H])c([H])c([H])c2c1Cl
KKBARO.xaa_ZINC000015946939_155;-11.6619118;-11.772416;-11.306;76;527.711;YEUBUDIQEBUXRP-LJQANCHMSA-O;[H]c1c([H])c(N([H])C(=O)c2c(N([H])C(=O)C([H])([H])C([H])([H])[N@+]3([H])C([H])([H])C([H])([H])[C@@]([H])(C([H])([H])[H])C([H])([H])C3([H])[H])sc3c2C([H])([H])C([H])([H])[C@@]([H])(C(C([H])([H])[H])(C([H])([H])[H])C([H])([H])[H])C3([H])[H])c([H])c([N+](=O)[O-])c1[H]
KKBARO.xaa_ZINC000015946937_156;-11.6527108;-11.841964;-11.257;76;527.711;YEUBUDIQEBUXRP-IBGZPJMESA-O;[H]c1c([H])c(N([H])C(=O)c2c(N([H])C(=O)C([H])([H])C([H])([H])[N@+]3([H])C([H])([H])C([H])([H])[C@@]([H])(C([H])([H])[H])C([H])([H])C3([H])[H])sc3c2C([H])([H])C([H])([H])[C@]([H])(C(C([H])([H])[H])(C([H])([H])[H])C([H])([H])[H])C3([H])[H])c([H])c([N+](=O)[O-])c1[H]
KKBARO.xaa_ZINC000169681715_157;-11.1438446;-11.831242;-11.085;79;557.69;BZXOVINCXFGNGR-FUFSCUOVSA-O;[H]c1c([H])c([H])c(C([H])([H])n2c([H])c([C@@]([H])(c3c([H])c([H])c([H])c(F)c3[H])C([H])([H])C(=O)N([H])C([H])([H])C([H])([H])C([H])([H])[N@+]3([H])C([H])([H])C([H])([H])C([H])([H])C([H])([H])[C@@]3([H])C([H])([H])[H])c3c([H])c([N+](=O)[O-])c([H])c([H])c32)c([H])c1[H]
KKBARO.xaa_ZINC000069533283_163;-10.441590199999998;-10.983584;-11.274;81;529.84;UERRDLICWUELRT-UHFFFAOYSA-O;[H]c1sc(C2([H])C([H])([H])C([H])([H])C([H])([H])C([H])([H])C2([H])[H])nc1C([H])([H])[N+]1(C([H])([H])c2nc(C3([H])C([H])([H])C([H])([H])C([H])([H])C([H])([H])C3([H])[H])sc2[H])C([H])([H])C([H])([H])C([H])(N([H])C(=O)C([H])(C([H])([H])[H])C([H])([H])[H])C([H])([H])C1([H])[H]
KKBARO.xaa_ZINC000019685790_168;-10.317479;-10.80417;-10.876;87;612.747;ZDXUKAKRHYTAKV-XIFFEERXSA-O;[H]c1c([H])c([H])c(C([H])(c2c([H])c([H])c([H])c([H])c2[H])C([H])([H])C([H])([H])[N@@+]([H])(C([H])([H])[H])C([H])([H])C(OC(=O)C2=C(C([H])([H])[H])N([H])C(C([H])([H])[H])=C(C(=O)OC([H])([H])[H])[C@]2([H])c2c([H])c([H])c([H])c([N+](=O)[O-])c2[H])(C([H])([H])[H])C([H])([H])[H])c([H])c1[H]
KKBARO.xaa_ZINC000019685788_169;-10.0502686;-10.661252;-10.655;87;612.747;ZDXUKAKRHYTAKV-MGBGTMOVSA-O;[H]c1c([H])c([H])c(C([H])(c2c([H])c([H])c([H])c([H])c2[H])C([H])([H])C([H])([H])[N@@+]([H])(C([H])([H])[H])C([H])([H])C(OC(=O)C2=C(C([H])([H])[H])N([H])C(C([H])([H])[H])=C(C(=O)OC([H])([H])[H])[C@@]2([H])c2c([H])c([H])c([H])c([N+](=O)[O-])c2[H])(C([H])([H])[H])C([H])([H])[H])c([H])c1[H]
KKBARO.xaa_ZINC000071257463_170;-10.4671682;-10.833563;-10.897;72;525.625;GYWPAIAUFMGISM-XMMPIXPASA-O;[H]c1c([H])c([H])c(C([H])([H])Oc2c([H])c([H])c(C(=O)C([H])([H])[N@+]([H])(C([H])([H])c3c([H])c([H])c([H])c([H])c3[H])[C@]([H])(C([H])([H])[H])C([H])([H])c3c([H])c([H])c(OC([H])([H])[H])c([H])c3[H])c([H])c2[N+](=O)[O-])c([H])c1[H]
KKBARO.xaa_ZINC000071257462_171;-10.3152019;-10.701723;-11.34;72;525.625;GYWPAIAUFMGISM-DEOSSOPVSA-O;[H]c1c([H])c([H])c(C([H])([H])Oc2c([H])c([H])c(C(=O)C([H])([H])[N@+]([H])(C([H])([H])c3c([H])c([H])c([H])c([H])c3[H])[C@@]([H])(C([H])([H])[H])C([H])([H])c3c([H])c([H])c(OC([H])([H])[H])c([H])c3[H])c([H])c2[N+](=O)[O-])c([H])c1[H]
KKBARO.xaa_ZINC000072189926_173;-10.3029312;-10.532409;-9.091;62;527.069;JPBHRXMBDJBGIA-BTYSJIOQSA-O;[H]c1c([H])c([H])c([C@]2([H])c3c(n([H])c4c([H])c([H])c([H])c([H])c34)[C@]([H])(c3c([H])c([H])c(Sc4c([H])c([H])c(C([H])([H])[H])c([H])c4[H])c([N+](=O)[O-])c3[H])[N+]([H])([H])C2([H])[H])c(Cl)c1[H]
KKBARO.xaa_ZINC000001755558_189;-10.8749122;-11.674436;-11.026;71;546.669;PSRUPYSTPPRIPQ-LJAQVGFWSA-O;[H]O[C@]([H])(C([H])([H])N(c1c([H])c([H])c([H])c([N+](=O)[O-])c1[H])S(=O)(=O)c1c([H])c([H])c(C([H])([H])[H])c([H])c1[H])C([H])([H])[N+]([H])(C([H])([H])c1c([H])c([H])c([H])c([H])c1[H])C([H])([H])c1c([H])c([H])c([H])c([H])c1[H]
KKBARO.xaa_ZINC000001792446_190;-10.802119;-11.569972;-11.416;73;550.635;RAWZGESMSUPYKV-YTTGMZPUSA-O;[H]c1c([H])c([H])c(C([H])([H])Oc2c([H])c([H])c3c(c2[H])c2c(n3[H])[C@]([H])(c3c([H])c([H])c(OC([H])([H])[H])c(C([H])([H])Oc4c([H])c([H])c([N+](=O)[O-])c(C([H])([H])[H])c4[H])c3[H])[N+]([H])([H])C([H])([H])C2([H])[H])c([H])c1[H]
KKBARO.xaa_ZINC000001792448_191;-10.802545;-11.553953;-11.617;73;550.635;RAWZGESMSUPYKV-JGCGQSQUSA-O;[H]c1c([H])c([H])c(C([H])([H])Oc2c([H])c([H])c3c(c2[H])c2c(n3[H])[C@@]([H])(c3c([H])c([H])c(OC([H])([H])[H])c(C([H])([H])Oc4c([H])c([H])c([N+](=O)[O-])c(C([H])([H])[H])c4[H])c3[H])[N+]([H])([H])C([H])([H])C2([H])[H])c([H])c1[H]
KKBARO.xaa_ZINC000001825575_194;-10.7866686;-11.694254;-11.075;70;536.608;YRPNPOOXXSDXSV-HKBQPEDESA-O;[H]c1c([H])c([H])c(C([H])([H])Oc2c([H])c([H])c3c(c2[H])c2c(n3[H])[C@]([H])(c3c([H])c([H])c(OC([H])([H])[H])c(C([H])([H])Oc4c([H])c([H])c([N+](=O)[O-])c([H])c4[H])c3[H])[N+]([H])([H])C([H])([H])C2([H])[H])c([H])c1[H]
KKBARO.xaa_ZINC000001825576_195;-10.790138100000002;-11.697909;-11.312;70;536.608;YRPNPOOXXSDXSV-WJOKGBTCSA-O;[H]c1c([H])c([H])c(C([H])([H])Oc2c([H])c([H])c3c(c2[H])c2c(n3[H])[C@@]([H])(c3c([H])c([H])c(OC([H])([H])[H])c(C([H])([H])Oc4c([H])c([H])c([N+](=O)[O-])c([H])c4[H])c3[H])[N+]([H])([H])C([H])([H])C2([H])[H])c([H])c1[H]
KKBARO.xaa_ZINC000001843735_200;-10.259858;-10.655007;-10.555;71;546.669;RLJSEVUAYWBNDD-LJAQVGFWSA-O;[H]O[C@]([H])(C([H])([H])N(c1c([H])c([H])c(C([H])([H])[H])c([H])c1[H])S(=O)(=O)c1c([H])c([H])c([N+](=O)[O-])c([H])c1[H])C([H])([H])[N+]([H])(C([H])([H])c1c([H])c([H])c([H])c([H])c1[H])C([H])([H])c1c([H])c([H])c([H])c([H])c1[H]
KKBARO.xaa_ZINC000001843730_201;-10.760015200000002;-10.956597;-10.658;71;546.669;RLJSEVUAYWBNDD-GDLZYMKVSA-O;[H]O[C@@]([H])(C([H])([H])N(c1c([H])c([H])c(C([H])([H])[H])c([H])c1[H])S(=O)(=O)c1c([H])c([H])c([N+](=O)[O-])c([H])c1[H])C([H])([H])[N+]([H])(C([H])([H])c1c([H])c([H])c([H])c([H])c1[H])C([H])([H])c1c([H])c([H])c([H])c([H])c1[H]
KKBARO.xaa_ZINC000096275894_205;-10.6003337;-11.010614;-9.808;74;527.645;TVYKTARJPCZTPD-NDEPHWFRSA-O;[H]c1c([H])c(C([H])([H])n2c([H])c([C@]([H])(c3c([H])c([H])c([N+](=O)[O-])c([H])c3[H])C([H])([H])C(=O)N([H])C([H])([H])C([H])([H])[N+]3([H])C([H])([H])C([H])([H])C([H])([H])C3([H])[H])c3c([H])c([H])c([H])c([H])c32)c([H])c([H])c1OC([H])([H])[H]
KKBARO.xaa_ZINC000096275895_206;-10.478740000000002;-10.868785;-10.479;74;527.645;TVYKTARJPCZTPD-MUUNZHRXSA-O;[H]c1c([H])c(C([H])([H])n2c([H])c([C@@]([H])(c3c([H])c([H])c([N+](=O)[O-])c([H])c3[H])C([H])([H])C(=O)N([H])C([H])([H])C([H])([H])[N+]3([H])C([H])([H])C([H])([H])C([H])([H])C3([H])[H])c3c([H])c([H])c([H])c([H])c32)c([H])c([H])c1OC([H])([H])[H]
KKBARO.xaa_ZINC000096277369_207;-10.3829766;-10.651138;-10.534;70;515.609;CHTQUUBJLGNPNK-MHZLTWQESA-O;[H]c1c([H])c(C([H])([H])n2c([H])c([C@]([H])(c3c([H])c([H])c([N+](=O)[O-])c([H])c3[H])C([H])([H])C(=O)N([H])C([H])([H])C([H])([H])[N+]3([H])C([H])([H])C([H])([H])C([H])([H])C3([H])[H])c3c([H])c([H])c([H])c([H])c32)c([H])c([H])c1F
KKBARO.xaa_ZINC000096277370_208;-10.3255274;-10.590812;-11.001;70;515.609;CHTQUUBJLGNPNK-HHHXNRCGSA-O;[H]c1c([H])c(C([H])([H])n2c([H])c([C@@]([H])(c3c([H])c([H])c([N+](=O)[O-])c([H])c3[H])C([H])([H])C(=O)N([H])C([H])([H])C([H])([H])[N+]3([H])C([H])([H])C([H])([H])C([H])([H])C3([H])[H])c3c([H])c([H])c([H])c([H])c32)c([H])c([H])c1F
KKBARO.xaa_ZINC000002119155_213;-10.3876556;-10.966253;-10.479;66;510.574;QWMDFCYRRJPCCR-NDEPHWFRSA-O;[H]c1nn(C([H])([H])c2c([H])c([C@@]3([H])c4c(c5c([H])c(OC([H])([H])c6c([H])c([H])c([H])c([H])c6[H])c([H])c([H])c5n4[H])C([H])([H])C([H])([H])[N+]3([H])[H])c([H])c([H])c2OC([H])([H])[H])c([H])c1[N+](=O)[O-]
KKBARO.xaa_ZINC000002119157_214;-10.2954254;-11.340479;-10.658;66;510.574;QWMDFCYRRJPCCR-MUUNZHRXSA-O;[H]c1nn(C([H])([H])c2c([H])c([C@]3([H])c4c(c5c([H])c(OC([H])([H])c6c([H])c([H])c([H])c([H])c6[H])c([H])c([H])c5n4[H])C([H])([H])C([H])([H])[N+]3([H])[H])c([H])c([H])c2OC([H])([H])[H])c([H])c1[N+](=O)[O-]
KKBARO.xaa_ZINC000097945992_215;-10.4663314;-11.176814;-10.909;69;541.584;RLRXOZQWGWEZRV-UHFFFAOYSA-O;[H]c1c(C(=O)N([H])c2c([H])c(C(=O)OC([H])([H])[H])c([H])c([H])c2N2C([H])([H])C([H])([H])[N+]([H])(C([H])([H])c3c([H])c([H])c([H])c([H])c3[H])C([H])([H])C2([H])[H])oc(-c2c([H])c([H])c([H])c([N+](=O)[O-])c2[H])c1[H]
KKBARO.xaa_ZINC000097951923_219;-10.7033005;-11.435789;-11.059;71;546.669;PSRUPYSTPPRIPQ-GDLZYMKVSA-O;[H]O[C@@]([H])(C([H])([H])N(c1c([H])c([H])c([H])c([N+](=O)[O-])c1[H])S(=O)(=O)c1c([H])c([H])c(C([H])([H])[H])c([H])c1[H])C([H])([H])[N+]([H])(C([H])([H])c1c([H])c([H])c([H])c([H])c1[H])C([H])([H])c1c([H])c([H])c([H])c([H])c1[H]
KKBARO.xaa_ZINC000028642307_227;-10.1983652;-10.50218;-8.949;71;546.669;YLOZAUDJNATGCP-NDEPHWFRSA-O;[H]O[C@]([H])(C([H])([H])N(c1c([H])c([H])c(C([H])([H])[H])c([H])c1[H])S(=O)(=O)c1c([H])c([H])c([H])c([H])c1[N+](=O)[O-])C([H])([H])[N+]([H])(C([H])([H])c1c([H])c([H])c([H])c([H])c1[H])C([H])([H])c1c([H])c([H])c([H])c([H])c1[H]
KKBARO.xaa_ZINC000028642309_228;-10.5486964;-10.951192;-9.161;71;546.669;YLOZAUDJNATGCP-MUUNZHRXSA-O;[H]O[C@@]([H])(C([H])([H])N(c1c([H])c([H])c(C([H])([H])[H])c([H])c1[H])S(=O)(=O)c1c([H])c([H])c([H])c([H])c1[N+](=O)[O-])C([H])([H])[N+]([H])(C([H])([H])c1c([H])c([H])c([H])c([H])c1[H])C([H])([H])c1c([H])c([H])c([H])c([H])c1[H]
KKBARO.xaa_ZINC000102132478_233;-10.022404;-10.628416;-10.715;84;589.717;RXJQNDUIGXFUMR-UHFFFAOYSA-O;[H]c1nn(-c2c([H])c([H])c([N+](=O)[O-])c([H])c2[H])c(C2([H])C([H])([H])C([H])([H])N(C(=O)OC(C([H])([H])[H])(C([H])([H])[H])C([H])([H])[H])C([H])([H])C2([H])[H])c1C(=O)N([H])C([H])([H])C([H])([H])C([H])([H])[N@@+]1([H])C([H])([H])c2c([H])c([H])c([H])c([H])c2C([H])([H])C1([H])[H]
KKBARO.xaa_ZINC000102135019_235;-10.3772626;-10.650249;-10.597;72;546.584;CQZRNOKQGIAFEI-UHFFFAOYSA-N;[H]C1=C(c2c([H])c([H])c([H])c([H])c2[H])OC(c2c([H])c([H])c([H])c([H])c2[H])=C([H])P1(=O)N([H])C([H])([H])C([H])([H])C([H])([H])[N+]1(C([H])([H])c2c([H])c([H])c([N+](=O)[O-])c([H])c2[H])C([H])([H])C([H])([H])OC([H])([H])C1([H])[H]
KKBARO.xaa_ZINC000685944316_242;-12.5935071;-13.222657;-11.009;99;734.066;JXEMHNCFBCXLTM-UHFFFAOYSA-N;[H]C1=C(c2c([H])c([H])c([H])c([H])c2[H])SC2=C(/C([H])=C(\[H])C3=C([H])/C(=C([H])\C([H])=C4\c5[s+]c(-c6c([H])c([H])c([H])c([H])c6[H])c([H])c(-c6c([H])c([H])c([H])c([H])c6[H])c5C([H])([H])C4([H])[H])C([H])([H])C(C([H])([H])[H])(C([H])([H])[H])C3([H])[H])C([H])([H])C([H])([H])C2=C1c1c([H])c([H])c([H])c([H])c1[H]
KKBARO.xaa_ZINC000685944664_244;-10.451453;-10.918189;-9.609;75;539.656;ROEAXWOPOWLXRO-UHFFFAOYSA-N;[H]C1=C(/C([H])=C(\[H])C2=[N+](C([H])([H])[H])c3c([H])c([H])c([N+](=O)[O-])c([H])c3C2(C([H])([H])[H])C([H])([H])[H])C([H])([H])C([H])([H])C([H])([H])/C1=C([H])\C([H])=C1\N(C([H])([H])[H])c2c([H])c([H])c([N+](=O)[O-])c([H])c2C1(C([H])([H])[H])C([H])([H])[H]
KKBARO.xaa_ZINC000685944707_246;-13.320574099999998;-13.815602;-13.538;96;742.045;TWSZOEDJMYNMIK-UHFFFAOYSA-N;[H]C1=C(c2c([H])c([H])c([H])c([H])c2[H])SC(c2c([H])c([H])c([H])c([H])c2[H])=C([H])C1=C([H])/C([H])=C([H])\C([H])=C1\C(c2c([H])c([H])c([H])c([H])c2[H])=C(/C([H])=C([H])/C([H])=C(\[H])c2c([H])c(-c3c([H])c([H])c([H])c([H])c3[H])[s+]c(-c3c([H])c([H])c([H])c([H])c3[H])c2[H])C([H])([H])C1([H])[H]
KKBARO.xaa_ZINC000034698822_250;-10.2842114;-10.453253;-9.837;76;530.664;LZXRRHHZARQLRL-MXBOTTGLSA-O;[H]c1c([H])c([H])c([C@]2([H])C([H])([H])[N@+]([H])(C([H])([H])c3c([H])c([H])c([N+](=O)[O-])c([H])c3[H])C([H])([H])[C@]2([H])C([H])([H])N(C(=O)c2c([H])c([H])c(F)c([H])c2[H])C2([H])C([H])([H])C([H])([H])C([H])([H])C([H])([H])C2([H])[H])c(C([H])([H])[H])c1[H]
KKBARO.xaa_ZINC000034698823_253;-10.2939493;-10.8509655;-10.683;76;530.664;LZXRRHHZARQLRL-NEEKEDPPSA-O;[H]c1c([H])c([H])c([C@@]2([H])C([H])([H])[N@+]([H])(C([H])([H])c3c([H])c([H])c([N+](=O)[O-])c([H])c3[H])C([H])([H])[C@]2([H])C([H])([H])N(C(=O)c2c([H])c([H])c(F)c([H])c2[H])C2([H])C([H])([H])C([H])([H])C([H])([H])C([H])([H])C2([H])[H])c(C([H])([H])[H])c1[H]
KDEDRN.xaa_ZINC000514296034_14;-10.2124874;-10.623503;-11.306;72;613.787;FHEYEHWMJSXBRW-JFIVWTSXSA-N;[H]/C(c1sc([H])c([H])c1[H])=c1/s/c(=C(/C#N)C(=O)N([H])c2c([H])c([H])c([H])c(S(=O)(=O)N3C([H])([H])C([H])([H])C([H])([H])C([H])([H])C3([H])[H])c2[H])n(C([H])([H])C([H])([H])N2C([H])([H])C([H])([H])OC([H])([H])C2([H])[H])c1=O
KDEDRN.xaa_ZINC000514302731_107;-10.6115114;-10.857454;-10.847;68;525.631;RKULMPKUCCRZDQ-QFIVAAACSA-N;[H]/C(c1c([H])c([H])c([H])c([N+](=O)[O-])c1[H])=c1/s/c(=C(/C#N)C(=O)N([H])[C@@]2([H])C([H])([H])C([H])([H])C([H])([H])C([H])([H])[C@]2([H])C([H])([H])[H])n(C([H])([H])C([H])([H])N2C([H])([H])C([H])([H])OC([H])([H])C2([H])[H])c1=O
KDEDRN.xaa_ZINC000514302732_108;-10.4998389;-10.93778;-10.982;68;525.631;RKULMPKUCCRZDQ-CEQJKXHUSA-N;[H]/C(c1c([H])c([H])c([H])c([N+](=O)[O-])c1[H])=c1/s/c(=C(/C#N)C(=O)N([H])[C@@]2([H])C([H])([H])C([H])([H])C([H])([H])C([H])([H])[C@@]2([H])C([H])([H])[H])n(C([H])([H])C([H])([H])N2C([H])([H])C([H])([H])OC([H])([H])C2([H])[H])c1=O
KDEDRN.xaa_ZINC000514302734_109;-10.6156676;-10.889553;-10.948;68;525.631;RKULMPKUCCRZDQ-NIQTZDKFSA-N;[H]/C(c1c([H])c([H])c([H])c([N+](=O)[O-])c1[H])=c1/s/c(=C(/C#N)C(=O)N([H])[C@]2([H])C([H])([H])C([H])([H])C([H])([H])C([H])([H])[C@@]2([H])C([H])([H])[H])n(C([H])([H])C([H])([H])N2C([H])([H])C([H])([H])OC([H])([H])C2([H])[H])c1=O
KDEDRN.xaa_ZINC000514302733_110;-10.4729126;-10.983877;-10.632;68;525.631;RKULMPKUCCRZDQ-QPNVIHIFSA-N;[H]/C(c1c([H])c([H])c([H])c([N+](=O)[O-])c1[H])=c1/s/c(=C(/C#N)C(=O)N([H])[C@]2([H])C([H])([H])C([H])([H])C([H])([H])C([H])([H])[C@]2([H])C([H])([H])[H])n(C([H])([H])C([H])([H])N2C([H])([H])C([H])([H])OC([H])([H])C2([H])[H])c1=O
KDEDRN.xaa_ZINC000514381358_121;-10.4764444;-11.100445;-12.614;79;637.784;BKXGQTAOQOCOIB-VLFJIQDUSA-N;[H]/C(c1c([H])c([H])c([H])c(OC([H])([H])[H])c1[H])=c1/s/c(=C(/C#N)C(=O)N([H])c2c([H])c([H])c([H])c(S(=O)(=O)N3C([H])([H])C([H])([H])C([H])([H])C([H])([H])C3([H])[H])c2[H])n(C([H])([H])C([H])([H])N2C([H])([H])C([H])([H])OC([H])([H])C2([H])[H])c1=O
KDEDRN.xaa_ZINC000514381569_236;-10.509348;-10.888974;-11.709;78;621.785;JNWACAMJXKNRFI-VLFJIQDUSA-N;[H]/C(c1c([H])c([H])c([H])c([H])c1C([H])([H])[H])=c1/s/c(=C(/C#N)C(=O)N([H])c2c([H])c([H])c([H])c(S(=O)(=O)N3C([H])([H])C([H])([H])C([H])([H])C([H])([H])C3([H])[H])c2[H])n(C([H])([H])C([H])([H])N2C([H])([H])C([H])([H])OC([H])([H])C2([H])[H])c1=O
KFADRO.xaa_ZINC000514303837_76;-10.7798367;-10.966097;-11.179;77;585.776;OWGJTSHULRUZFR-UHFFFAOYSA-O;[H]c1c([H])c([H])c(C([H])([H])n2c(SC([H])([H])C(=O)N([H])[C@]3([H])C([H])([H])C([H])([H])[N@@+]([H])(C([H])([H])C([H])([H])[H])C([H])([H])C3([H])[H])nnc2-c2c([H])c([H])c([H])c(S(=O)(=O)N3C([H])([H])C([H])([H])OC([H])([H])C3([H])[H])c2[H])c([H])c1[H]
KFADRO.xaa_ZINC001218644627_205;-10.2762876;-10.753423;-10.718;66;501.011;YCULCCOYRVGOTO-UHFFFAOYSA-O;[H]c1nc(N([H])C(=O)C([H])([H])N([H])C2([H])C([H])([H])C([H])([H])[N+]([H])([H])C([H])([H])C2([H])[H])c2c(C([H])([H])Oc3c([H])c([H])c([H])c(Cl)c3[H])nn(C3([H])C([H])([H])C([H])([H])OC([H])([H])C3([H])[H])c2n1
KFCBRN.xaa_ZINC000097982256_0;-10.1015582;-10.351606;-10.928;77;596.775;HCILWTOYFLQOTJ-UXXYHWAYSA-N;[H]/C(c1c([H])c([H])c(N(C([H])([H])[H])C([H])([H])[H])c([H])c1[H])=c1/s/c(=C(/[H])C(=O)C(C([H])([H])[H])(C([H])([H])[H])C([H])([H])[H])n(C([H])([H])C(=O)N([H])c2c([H])c([H])c([H])c(S(=O)(=O)N3C([H])([H])C([H])([H])C([H])([H])C3([H])[H])c2[H])c1=O
KFCBRN.xaa_ZINC000226744427_34;-10.3575478;-10.771304;-12.281;93;654.757;JWVPRIUMDUETIT-QBRYNYCPSA-N;[H]OC([H])([H])[C@@]1([H])O[C@@]([H])(Oc2c([H])c([H])c(-c3c([H])oc4c(C([H])([H])[N@@+]5([H])C([H])([H])C([H])([H])C([H])([H])[C@@]([H])(C([H])([H])[H])C5([H])[H])c([O-])c(C([H])([H])[N@@+]5([H])C([H])([H])C([H])([H])C([H])([H])[C@@]([H])(C([H])([H])[H])C5([H])[H])c([O-])c4c3=O)c([H])c2[H])[C@]([H])(O[H])[C@@]([H])(O[H])[C@]1([H])O[H]
KFCBRN.xaa_ZINC000226744436_35;-10.3699826;-10.915199;-12.978;93;654.757;JWVPRIUMDUETIT-LJQOOJLESA-N;[H]OC([H])([H])[C@@]1([H])O[C@@]([H])(Oc2c([H])c([H])c(-c3c([H])oc4c(C([H])([H])[N@@+]5([H])C([H])([H])C([H])([H])C([H])([H])[C@@]([H])(C([H])([H])[H])C5([H])[H])c([O-])c(C([H])([H])[N@@+]5([H])C([H])([H])C([H])([H])C([H])([H])[C@]([H])(C([H])([H])[H])C5([H])[H])c([O-])c4c3=O)c([H])c2[H])[C@]([H])(O[H])[C@@]([H])(O[H])[C@]1([H])O[H]
KFCBRN.xaa_ZINC000150344932_138;-10.2390644;-10.829367;-11.703;93;654.757;JWVPRIUMDUETIT-QMGZIDCMSA-N;[H]OC([H])([H])[C@@]1([H])O[C@@]([H])(Oc2c([H])c([H])c(-c3c([H])oc4c(C([H])([H])[N@+]5([H])C([H])([H])C([H])([H])C([H])([H])[C@]([H])(C([H])([H])[H])C5([H])[H])c([O-])c(C([H])([H])[N@@+]5([H])C([H])([H])C([H])([H])C([H])([H])[C@@]([H])(C([H])([H])[H])C5([H])[H])c([O-])c4c3=O)c([H])c2[H])[C@]([H])(O[H])[C@@]([H])(O[H])[C@]1([H])O[H]
KFCBRN.xaa_ZINC000150344934_139;-10.644448;-10.813299;-12.455;93;654.757;JWVPRIUMDUETIT-XDJLFPQVSA-N;[H]OC([H])([H])[C@@]1([H])O[C@@]([H])(Oc2c([H])c([H])c(-c3c([H])oc4c(C([H])([H])[N@+]5([H])C([H])([H])C([H])([H])C([H])([H])[C@]([H])(C([H])([H])[H])C5([H])[H])c([O-])c(C([H])([H])[N@@+]5([H])C([H])([H])C([H])([H])C([H])([H])[C@]([H])(C([H])([H])[H])C5([H])[H])c([O-])c4c3=O)c([H])c2[H])[C@]([H])(O[H])[C@@]([H])(O[H])[C@]1([H])O[H]
KFCBRN.xaa_ZINC000150345052_140;-10.5126304;-10.968753;-12.442;93;654.757;LBACSYOIVLDBSI-BEYFWPOZSA-N;[H]OC([H])([H])[C@@]1([H])O[C@@]([H])(Oc2c([H])c([H])c(-c3c([H])oc4c(C([H])([H])[N+]5([H])C([H])([H])C([H])([H])C([H])([H])C([H])([H])C([H])([H])C5([H])[H])c([O-])c(C([H])([H])[N+]5([H])C([H])([H])C([H])([H])C([H])([H])C([H])([H])C([H])([H])C5([H])[H])c([O-])c4c3=O)c([H])c2[H])[C@]([H])(O[H])[C@@]([H])(O[H])[C@]1([H])O[H]
KFCBRN.xaa_ZINC000150387011_143;-10.1258917;-10.306046;-12.47;81;682.777;CVYGPBWVRIACIY-PMERELPUSA-N;[H]Oc1c([H])c([H])c([C@@]([H])(C(=O)N([H])C2([H])C([H])([H])C([H])([H])C([H])([H])C2([H])[H])N(C(=O)C([H])([H])N2C(=O)c3c([H])c([H])c([H])c([H])c3S2(=O)=O)c2c([H])c([H])c(S(=O)(=O)N3C([H])([H])C([H])([H])C([H])([H])C3([H])[H])c([H])c2[H])c([H])c1O[H]
KEABRM.xaa_ZINC000150339458_277;-10.0518552;-11.002815;-11.816;92;662.764;CKNVGZIRPDUFOZ-DZUOILHNSA-M;[H]c1c([H])c([H])c(C([H])([H])OC(=O)N([H])C([H])([H])C(=O)N2C([H])([H])C([H])([H])C([H])([H])[C@@]2([H])C(=O)N([H])[C@]([H])(C(=O)N2C([H])([H])C([H])([H])C([H])([H])[C@@]2([H])C(=O)N([H])[C@]([H])(C(=O)[O-])C([H])([H])C([H])(C([H])([H])[H])C([H])([H])[H])C([H])([H])c2c([H])c([H])c([H])c([H])c2[H])c([H])c1[H]
KEABMO.xaa_ZINC000585287532_146;-10.0247248;-11.13805;-10.466;72;542.06;YOGGQHRYEKKMAK-MHZLTWQESA-O;[H]c1c([H])c(OC([H])([H])[C@@]2(C([H])([H])C(=O)N3C([H])([H])C([H])([H])[N+]([H])(C([H])([H])[H])C([H])([H])C3([H])[H])OC([H])([H])C([H])([H])N(C(=O)C([H])([H])n3nc4c([H])c([H])c([H])c([H])c4n3)C2([H])[H])c([H])c(C([H])([H])[H])c1Cl
KEABMO.xaa_ZINC000253395968_192;-10.4242508;-10.753025;-10.757;90;617.767;CWIQNESXHIKYFH-AUXUOOQGSA-O;[H]c1c([H])c([H])c2c(c1[H])OC([H])([H])C([H])([H])[C@@]1([H])O[C@]([H])(C([H])([H])N([H])C(=O)[C@@]3([H])N(C2=O)C([H])([H])C([H])([H])[N@+]([H])(C2([H])C([H])([H])c4c([H])c([H])c([H])c([H])c4C2([H])[H])C3([H])[H])[C@]([H])(N([H])C(=O)C2([H])C([H])([H])C([H])([H])OC([H])([H])C2([H])[H])C([H])([H])C1([H])[H]
KEABMO.xaa_ZINC000253406836_219;-10.1176298;-10.489612;-10.346;86;591.729;VBIGVQKTJAALGP-RKDXIHMYSA-O;[H]c1c([H])c([H])c(C([H])([H])[N@@+]2([H])C([H])([H])C([H])([H])N3C(=O)c4c([H])c([H])c([H])c([H])c4OC([H])([H])C([H])([H])[C@@]4([H])O[C@]([H])(C([H])([H])N([H])C(=O)[C@]3([H])C2([H])[H])[C@]([H])(N([H])C(=O)C2([H])C([H])([H])C([H])([H])OC([H])([H])C2([H])[H])C([H])([H])C4([H])[H])c([H])c1[H]
KEABMO.xaa_ZINC000253406836_220;-10.0428802;-10.27382;-9.528;86;591.729;VBIGVQKTJAALGP-RKDXIHMYSA-O;[H]c1c([H])c([H])c(C([H])([H])[N@+]2([H])C([H])([H])C([H])([H])N3C(=O)c4c([H])c([H])c([H])c([H])c4OC([H])([H])C([H])([H])[C@@]4([H])O[C@]([H])(C([H])([H])N([H])C(=O)[C@]3([H])C2([H])[H])[C@]([H])(N([H])C(=O)C2([H])C([H])([H])C([H])([H])OC([H])([H])C2([H])[H])C([H])([H])C4([H])[H])c([H])c1[H]
KEABMO.xaa_ZINC000408830367_281;-10.0288254;-10.504413;-11.005;72;569.729;MLGBYDXHBCSGDB-HHHXNRCGSA-O;[H]c1c([H])c([H])c(C([H])([H])[N+]2([H])C([H])([H])C([H])([H])N(C(=O)[C@]3([H])N(S(=O)(=O)c4c([H])c([H])c([H])c([H])c4[H])C([H])([H])C([H])([H])N(S(=O)(=O)c4c([H])c([H])c([H])c([H])c4[H])C3([H])[H])C([H])([H])C2([H])[H])c([H])c1[H]
KGEARM.xaa_ZINC000150512863_21;-12.3438685;-13.007153;-12.574;71;639.616;QFZKOJVWMSYFIY-UHFFFAOYSA-N;[H]Oc1c([H])c([H])c(/C([H])=N/n2nc3c(/N=N/c4c([H])c([H])c([H])c([H])c4[H])c4[n-]n(/N=C(\[H])c5c([H])c([H])c(O[H])c([H])c5O[H])nc-4/c(=N/N([H])c4c([H])c([H])c([H])c([H])c4[H])c3n2)c(O[H])c1[H]
KGEARM.xaa_ZINC000008758618_62;-10.342058;-10.921414;-11.628;67;555.648;SLKOLGWSHWHZBA-JLPGSUDCSA-M;[H]/C(Sc1nnnn1-c1c([H])c([H])c([H])c([H])c1[H])=C(/[O-])N([H])/C(=N\c1nc(C([H])([H])[H])c([H])c(C([H])([H])[H])n1)N([H])C([H])([H])C([H])([H])c1c([H])n([H])c2c([H])c(OC([H])([H])[H])c([H])c([H])c12
KGEARM.xaa_ZINC000008872883_67;-10.0369188;-10.378258;-10.67;53;559.317;SMOCZUWICOKVEJ-SSDVNMTOSA-M;[H]/C(=N\N=c1/nc(N([H])c2c([H])c([H])c([N+](=O)[O-])c([H])c2[H])n([H])c(N2C([H])([H])C([H])([H])OC([H])([H])C2([H])[H])n1)c1c([H])c([N+](=O)[O-])c([H])c(Br)c1[O-]
KGEARM.xaa_ZINC000100036597_70;-10.7315986;-11.298718;-10.968;53;559.317;XVMCDFPHNHEZSC-SSDVNMTOSA-M;[H]/C(=N\N=c1/nc(N([H])c2c([H])c([H])c([H])c([N+](=O)[O-])c2[H])n([H])c(N2C([H])([H])C([H])([H])OC([H])([H])C2([H])[H])n1)c1c([H])c([N+](=O)[O-])c([H])c(Br)c1[O-]
KGEARM.xaa_ZINC000100066544_77;-10.7985886;-11.117092;-11.002;42;562.22;AAOSIPOFJYZMDN-FBCYGCLPSA-M;[H]/C(=N\N([H])c1nc2nonc2nc1N([H])c1c([H])c([H])c(I)c([H])c1[H])c1c([H])c([N+](=O)[O-])c([H])c([N+](=O)[O-])c1[O-]
KGEARM.xaa_ZINC000253505463_184;-10.7789654;-11.066843;-11.02;88;653.705;KMHGOCJVRMQKTB-KAYMUCGZSA-M;[H]O[C@]1(C(=O)C([H])([H])OC(=O)C([H])([H])C([H])([H])C(=O)N([H])[C@@]([H])(C(=O)[O-])[C@]([H])(O[H])c2c([H])c([H])c([H])c([N+](=O)[O-])c2[H])C([H])([H])C([H])([H])[C@@]2([H])[C@@]3([H])C([H])([H])C([H])([H])C4=C([H])C(=O)C([H])([H])C([H])([H])[C@]4(C([H])([H])[H])[C@]3([H])C([H])([H])C([H])([H])[C@@]21C([H])([H])[H]
KGEARM.xaa_ZINC000253505472_185;-10.8438318;-11.184664;-9.781;88;653.705;KMHGOCJVRMQKTB-WSRMIFOWSA-M;[H]O[C@]1(C(=O)C([H])([H])OC(=O)C([H])([H])C([H])([H])C(=O)N([H])[C@]([H])(C(=O)[O-])[C@]([H])(O[H])c2c([H])c([H])c([H])c([N+](=O)[O-])c2[H])C([H])([H])C([H])([H])[C@@]2([H])[C@@]3([H])C([H])([H])C([H])([H])C4=C([H])C(=O)C([H])([H])C([H])([H])[C@]4(C([H])([H])[H])[C@]3([H])C([H])([H])C([H])([H])[C@@]21C([H])([H])[H]
KGEARM.xaa_ZINC000253505461_186;-10.897428;-11.321056;-10.383;88;653.705;KMHGOCJVRMQKTB-IXWFPFESSA-M;[H]O[C@@]([H])(c1c([H])c([H])c([H])c([N+](=O)[O-])c1[H])[C@@]([H])(C(=O)[O-])N([H])C(=O)C([H])([H])C([H])([H])C(=O)OC([H])([H])C(=O)[C@@]1(O[H])C([H])([H])C([H])([H])[C@@]2([H])[C@@]3([H])C([H])([H])C([H])([H])C4=C([H])C(=O)C([H])([H])C([H])([H])[C@]4(C([H])([H])[H])[C@]3([H])C([H])([H])C([H])([H])[C@@]21C([H])([H])[H]
KGEARM.xaa_ZINC000253505469_188;-10.8857283;-11.061048;-10.429;88;653.705;KMHGOCJVRMQKTB-VBTRMOTDSA-M;[H]O[C@@]([H])(c1c([H])c([H])c([H])c([N+](=O)[O-])c1[H])[C@]([H])(C(=O)[O-])N([H])C(=O)C([H])([H])C([H])([H])C(=O)OC([H])([H])C(=O)[C@@]1(O[H])C([H])([H])C([H])([H])[C@@]2([H])[C@@]3([H])C([H])([H])C([H])([H])C4=C([H])C(=O)C([H])([H])C([H])([H])[C@]4(C([H])([H])[H])[C@]3([H])C([H])([H])C([H])([H])[C@@]21C([H])([H])[H]
KGEARM.xaa_ZINC000253506689_197;-10.1223861;-10.285093;-10.182;91;633.766;WSADXMODJOJOJD-KMHBXHHPSA-M;[H]O[C@@]1(C([H])([H])[H])C([H])([H])C([H])([H])[C@]2([H])[C@]3([H])C([H])([H])C([H])([H])C4=C([H])/C(=N/OC([H])([H])C(=O)N([H])C([H])([H])C(=O)N([H])[C@@]([H])(C(=O)[O-])C([H])([H])c5c([H])n([H])c6c([H])c([H])c([H])c([H])c56)C([H])([H])C([H])([H])[C@]4(C([H])([H])[H])[C@@]3([H])[C@]([H])(O[H])C([H])([H])[C@]12C([H])([H])[H]
KGEARM.xaa_ZINC000253506852_199;-10.143612200000002;-10.820397;-10.708;87;598.713;YTMOSQMDKHNRID-LPVBLNAVSA-M;[H]O[C@]1(C(=O)C([H])([H])OC(=O)C([H])([H])C([H])([H])C(=O)N([H])C([H])([H])[C@]2([H])C([H])([H])C([H])([H])[C@]([H])(C(=O)[O-])C([H])([H])C2([H])[H])C([H])([H])C([H])([H])[C@@]2([H])[C@@]3([H])C([H])([H])C([H])([H])C4=C([H])C(=O)C([H])([H])C([H])([H])[C@]4(C([H])([H])[H])[C@]3([H])C(=O)C([H])([H])[C@@]21C([H])([H])[H]
KGEARM.xaa_ZINC000253506857_203;-10.056312;-11.02848;-10.088;87;598.713;YTMOSQMDKHNRID-KKUUVAFYSA-M;[H]O[C@]1(C(=O)C([H])([H])OC(=O)C([H])([H])C([H])([H])C(=O)N([H])C([H])([H])[C@]2([H])C([H])([H])C([H])([H])[C@]([H])(C(=O)[O-])C([H])([H])C2([H])[H])C([H])([H])C([H])([H])[C@@]2([H])[C@]3([H])C([H])([H])C([H])([H])C4=C([H])C(=O)C([H])([H])C([H])([H])[C@]4(C([H])([H])[H])[C@]3([H])C(=O)C([H])([H])[C@@]21C([H])([H])[H]
KGEARM.xaa_ZINC000253506686_204;-10.1881411;-10.690634;-11.218;91;633.766;WSADXMODJOJOJD-HBWQJJBLSA-M;[H]O[C@@]1(C([H])([H])[H])C([H])([H])C([H])([H])[C@]2([H])[C@]3([H])C([H])([H])C([H])([H])C4=C([H])/C(=N/OC([H])([H])C(=O)N([H])C([H])([H])C(=O)N([H])[C@@]([H])(C(=O)[O-])C([H])([H])c5c([H])n([H])c6c([H])c([H])c([H])c([H])c56)C([H])([H])C([H])([H])[C@]4(C([H])([H])[H])[C@]3([H])[C@@]([H])(O[H])C([H])([H])[C@]12C([H])([H])[H]
KGEARM.xaa_ZINC000257361257_230;-10.0199808;-10.463473;-10.607;84;606.692;UNKQTCGROGGGGV-KYSKEWHXSA-M;[H]O[C@]1(C(=O)C([H])([H])OC(=O)C([H])([H])C([H])([H])C(=O)N([H])C([H])([H])[C@@]([H])(C(=O)[O-])c2c([H])c([H])c([H])c([H])c2[H])C([H])([H])C([H])([H])[C@@]2([H])[C@@]3([H])C([H])([H])C([H])([H])C4=C([H])C(=O)C([H])([H])C([H])([H])[C@]4(C([H])([H])[H])[C@]3([H])C(=O)C([H])([H])[C@@]21C([H])([H])[H]
KGEARM.xaa_ZINC000150405465_261;-10.2095818;-10.999949;-10.672;90;647.745;DJJOTTVFVWNCDS-UOHLZIEJSA-M;[H]O[C@]1(C(=O)C([H])([H])OC(=O)C([H])([H])C([H])([H])C(=O)N([H])[C@]([H])(C(=O)[O-])C([H])([H])c2c([H])n([H])c3c([H])c([H])c([H])c([H])c23)C([H])([H])C([H])([H])[C@@]2([H])[C@]3([H])C([H])([H])C([H])([H])C4=C([H])C(=O)C([H])([H])C([H])([H])[C@]4(C([H])([H])[H])[C@@]3([H])[C@]([H])(O[H])C([H])([H])[C@@]21C([H])([H])[H]
KGEARM.xaa_ZINC000150405470_262;-10.1103456;-10.635063;-10.567;90;647.745;DJJOTTVFVWNCDS-SZAKGCMWSA-M;[H]O[C@]1(C(=O)C([H])([H])OC(=O)C([H])([H])C([H])([H])C(=O)N([H])[C@@]([H])(C(=O)[O-])C([H])([H])c2c([H])n([H])c3c([H])c([H])c([H])c([H])c23)C([H])([H])C([H])([H])[C@@]2([H])[C@]3([H])C([H])([H])C([H])([H])C4=C([H])C(=O)C([H])([H])C([H])([H])[C@]4(C([H])([H])[H])[C@@]3([H])[C@]([H])(O[H])C([H])([H])[C@@]21C([H])([H])[H]
KGEARM.xaa_ZINC000254596337_275;-10.140627;-10.900097;-10.292;89;600.729;UJWNAZGPJXVRCE-XXAIBZGHSA-M;[H]O[C@@]1([H])C([H])([H])[C@@]2(C([H])([H])[H])[C@@]([H])(C([H])([H])C([H])([H])[C@]2(O[H])C(=O)C([H])([H])OC(=O)C([H])([H])C([H])([H])C(=O)N([H])C([H])([H])[C@]2([H])C([H])([H])C([H])([H])[C@]([H])(C(=O)[O-])C([H])([H])C2([H])[H])[C@@]2([H])C([H])([H])C([H])([H])C3=C([H])C(=O)C([H])([H])C([H])([H])[C@]3(C([H])([H])[H])[C@@]21[H]
KGEARM.xaa_ZINC000079216834_385;-10.013760199999998;-10.831005;-10.254;90;647.745;DJJOTTVFVWNCDS-AQZDURODSA-M;[H]O[C@@]1([H])C([H])([H])[C@@]2(C([H])([H])[H])[C@@]([H])(C([H])([H])C([H])([H])[C@]2(O[H])C(=O)C([H])([H])OC(=O)C([H])([H])C([H])([H])C(=O)N([H])[C@]([H])(C(=O)[O-])C([H])([H])c2c([H])n([H])c3c([H])c([H])c([H])c([H])c23)[C@]2([H])C([H])([H])C([H])([H])C3=C([H])C(=O)C([H])([H])C([H])([H])[C@]3(C([H])([H])[H])[C@]21[H]
KGEARM.xaa_ZINC000101311092_396;-10.3656815;-10.805392;-11.507;67;555.648;FVJJQFBTUZJGGN-JLPGSUDCSA-M;[H]/C(Sc1nnnn1-c1c([H])c([H])c([H])c([H])c1[H])=C(/[O-])N([H])/C(=N\c1nc(C([H])([H])[H])c([H])c(C([H])([H])[H])n1)N([H])C([H])([H])C([H])([H])c1c([H])n([H])c2c([H])c([H])c(OC([H])([H])[H])c([H])c12
KGEARM.xaa_ZINC000002181598_414;-10.211265;-10.684745;-10.557;40;517.223;VEHFOWHDHJBCJC-UFWORHAWSA-M;[H]/C(=N\N=c1/nc2n([H])onc-2nc1N([H])c1c([H])c([H])c(I)c([H])c1[H])c1c([H])c([N+](=O)[O-])c([H])c([H])c1[O-]
KGEARM.xaa_ZINC000032923244_429;-10.3445785;-10.6395035;-10.18;51;514.32;AMZKQLZGEBCFHJ-HPNDGRJYSA-M;[H]c1c([H])c(Br)c([H])c(N([H])c2nc(/N=N/C([H])([H])c3c([H])c([H])c([O-])c([N+](=O)[O-])c3[H])nc(N3C([H])([H])C([H])([H])OC([H])([H])C3([H])[H])n2)c1[H]
KFABMN.xaa_ZINC000060061004_267;-10.183558199999998;-10.477346;-10.741;66;543.671;KTPQMNOLMAUVKK-OAQYLSRUSA-N;[H]c1nc(N([H])S(=O)(=O)c2c([H])c([H])c(N([H])C(=O)[C@@]3([H])C([H])([H])N(S(=O)(=O)C([H])([H])C([H])([H])C([H])([H])c4c([H])c([H])c([H])c([H])c4[H])C([H])([H])C([H])([H])C3([H])[H])c([H])c2[H])nc([H])c1[H]
KFABMN.xaa_ZINC000060061001_269;-10.1392742;-10.483262;-10.69;66;543.671;KTPQMNOLMAUVKK-NRFANRHFSA-N;[H]c1nc(N([H])S(=O)(=O)c2c([H])c([H])c(N([H])C(=O)[C@]3([H])C([H])([H])N(S(=O)(=O)C([H])([H])C([H])([H])C([H])([H])c4c([H])c([H])c([H])c([H])c4[H])C([H])([H])C([H])([H])C3([H])[H])c([H])c2[H])nc([H])c1[H]
KEBBRN.xaa_ZINC000409141912_28;-10.0022654;-10.486659;-9.82;54;501.481;KFCKRTWFIPRMKP-UHFFFAOYSA-N;[H]c1c([H])c(C(=O)N([H])C([H])([H])c2nnc(SC([H])([H])C(=O)N([H])c3c([H])c([H])c(OC([H])([H])[H])c([H])c3[N+](=O)[O-])n2C([H])([H])[H])c([H])c([N+](=O)[O-])c1[H]
KEBBRN.xaa_ZINC000103899778_71;-10.4002974;-11.864758;-6.905;56;608.396;RPCRIFQXQSZBJB-UHFFFAOYSA-N;[H]c1c([H])c([N+](=O)[O-])c([H])c([N+](=O)[O-])c1-n1nc(C(=O)OC([H])([H])[H])c2nc3c(C(=O)OC([H])([H])[H])nn(-c4c([H])c([H])c([N+](=O)[O-])c([H])c4[N+](=O)[O-])c3nc21
KEBBRN.xaa_ZINC000409132493_97;-10.438913799999998;-10.976631;-11.201;59;529.604;YFYDMVMKJKVIPJ-UHFFFAOYSA-N;[H]c1c([H])c(C(=O)N([H])C([H])([H])c2nnc(SC([H])([H])C(=O)N([H])c3sc4c(c3C(=O)N([H])[H])C([H])([H])C([H])([H])C([H])([H])C4([H])[H])n2C([H])([H])[H])c([H])c([N+](=O)[O-])c1[H]
KEBBRN.xaa_ZINC000409180577_109;-12.272996;-12.76413;-15.006;71;681.588;XEUJRWSDKHDYCC-DEOSSOPVSA-N;[H]c1c([H])c(C(=O)C([H])([H])OC(=O)c2c([H])c([H])c3c(c2[H])C(=O)N([C@]([H])(C(=O)OC([H])([H])C(=O)c2c([H])c([H])c([H])c([N+](=O)[O-])c2[H])C([H])([H])C([H])([H])S(=O)(=O)C([H])([H])[H])C3=O)c([H])c([N+](=O)[O-])c1[H]
KEBBRN.xaa_ZINC000409182097_111;-10.7504246;-11.266451;-13.374;71;681.588;IURJDVKGIZZJEK-DEOSSOPVSA-N;[H]c1c([H])c([N+](=O)[O-])c([H])c([H])c1C(=O)C([H])([H])OC(=O)c1c([H])c([H])c2c(c1[H])C(=O)N([C@]([H])(C(=O)OC([H])([H])C(=O)c1c([H])c([H])c([N+](=O)[O-])c([H])c1[H])C([H])([H])C([H])([H])S(=O)(=O)C([H])([H])[H])C2=O
KEBBRN.xaa_ZINC000409182099_112;-10.7445278;-11.262434;-12.932;71;681.588;IURJDVKGIZZJEK-XMMPIXPASA-N;[H]c1c([H])c([N+](=O)[O-])c([H])c([H])c1C(=O)C([H])([H])OC(=O)c1c([H])c([H])c2c(c1[H])C(=O)N([C@@]([H])(C(=O)OC([H])([H])C(=O)c1c([H])c([H])c([N+](=O)[O-])c([H])c1[H])C([H])([H])C([H])([H])S(=O)(=O)C([H])([H])[H])C2=O
KEBBRN.xaa_ZINC000409180578_113;-12.266595400000002;-12.757753;-14.005;71;681.588;XEUJRWSDKHDYCC-XMMPIXPASA-N;[H]c1c([H])c(C(=O)C([H])([H])OC(=O)c2c([H])c([H])c3c(c2[H])C(=O)N([C@@]([H])(C(=O)OC([H])([H])C(=O)c2c([H])c([H])c([H])c([N+](=O)[O-])c2[H])C([H])([H])C([H])([H])S(=O)(=O)C([H])([H])[H])C3=O)c([H])c([N+](=O)[O-])c1[H]
KEBBRN.xaa_ZINC001547211716_154;-10.3327036;-10.996134;-10.327;69;552.591;MEALSLXGEHPPCB-QUNLTHARSA-N;[H]c1c([H])c([N+](=O)[O-])c([H])c2c1N1C([H])([H])[C@@]3([H])c4c([H])c([H])c([H])c(=O)n4C([H])([H])[C@]([H])(C3([H])[H])[C@@]1([H])[C@]([H])(C(=O)N([H])C([H])([H])C([H])([H])n1c([H])nc3c([H])c([H])c([H])c([H])c3c1=O)C2([H])[H]
KEBBRN.xaa_ZINC000103583488_163;-10.2346256;-10.876888;-10.438;62;560.61;KFDCBDADUBLWGU-UHFFFAOYSA-N;[H]c1c([H])c([H])c(S(=O)(=O)N(c2c([H])c([H])c([H])c([N+](=O)[O-])c2[H])C([H])([H])C(=O)N([H])c2c([H])c([H])c(S(=O)(=O)N3C([H])([H])C([H])([H])OC([H])([H])C3([H])[H])c([H])c2[H])c([H])c1[H]
KEBBRN.xaa_ZINC000013967165_196;-10.1804563;-10.945932;-8.314;52;506.518;KOIRFNMWAMVCIU-UHFFFAOYSA-N;[H]c1c([H])c(S(=O)(=O)N([H])C([H])([H])c2c([H])c([H])c(C([H])([H])N([H])S(=O)(=O)c3c([H])c([H])c([N+](=O)[O-])c([H])c3[H])c([H])c2[H])c([H])c([H])c1[N+](=O)[O-]
KEBBRN.xaa_ZINC000224437540_230;-10.067273600000002;-10.659233;-10.205;69;604.663;WOUCXVKXGJFYMB-UHFFFAOYSA-N;[H]c1c([H])c([H])c(S(=O)(=O)N(c2c([H])c([H])c([H])c([N+](=O)[O-])c2[H])C([H])([H])C(=O)N([H])C([H])([H])C([H])([H])Oc2c([H])c([H])c(S(=O)(=O)N3C([H])([H])C([H])([H])OC([H])([H])C3([H])[H])c([H])c2[H])c([H])c1[H]
KEBBRN.xaa_ZINC000164725191_233;-11.7028086;-12.082817;-9.314;58;628.426;ZRZHEJUUESUZNF-UHFFFAOYSA-N;[H]c1c([H])c([N+](=O)[O-])c([H])c([N+](=O)[O-])c1N([H])N1C(=O)c2c([H])c([H])c3c4c(c([H])c([H])c(c24)C1=O)C(=O)N(N([H])c1c([H])c([H])c([N+](=O)[O-])c([H])c1[N+](=O)[O-])C3=O
KEBBRN.xaa_ZINC000016399670_235;-11.1589296;-11.344307;-10.726;52;506.518;DTRJEWIYPYJBEI-UHFFFAOYSA-N;[H]c1c([H])c([N+](=O)[O-])c([H])c(S(=O)(=O)N([H])C([H])([H])c2c([H])c([H])c(C([H])([H])N([H])S(=O)(=O)c3c([H])c([H])c([H])c([N+](=O)[O-])c3[H])c([H])c2[H])c1[H]
KEBBRN.xaa_ZINC000076945147_294;-10.1177868;-10.535501;-10.33;101;630.889;GUQQBLRVXOUDTN-GNHBKECGSA-N;[H]O[C@@]1([H])C([H])([H])C([H])([H])[C@@]2(C([H])([H])[H])[C@]([H])(C1([H])[H])C([H])([H])[C@@]([H])(O[H])[C@@]1([H])[C@]3([H])C([H])([H])C([H])([H])[C@]([H])([C@]([H])(C([H])([H])[H])C([H])([H])C([H])([H])C(=O)N([H])C([H])([H])C([H])([H])C([H])([H])[N+](C([H])([H])[H])(C([H])([H])[H])C([H])([H])[C@@]([H])(O[H])C([H])([H])S(=O)(=O)[O-])[C@@]3(C([H])([H])[H])[C@]([H])(O[H])C([H])([H])[C@]21[H]
KEBBRN.xaa_ZINC000076945143_295;-10.1539088;-10.614136;-9.799;101;630.889;GUQQBLRVXOUDTN-FLIKGNJXSA-N;[H]O[C@@]1([H])C([H])([H])C([H])([H])[C@@]2(C([H])([H])[H])[C@]([H])(C1([H])[H])C([H])([H])[C@@]([H])(O[H])[C@@]1([H])[C@]3([H])C([H])([H])C([H])([H])[C@]([H])([C@]([H])(C([H])([H])[H])C([H])([H])C([H])([H])C(=O)N([H])C([H])([H])C([H])([H])C([H])([H])[N+](C([H])([H])[H])(C([H])([H])[H])C([H])([H])[C@]([H])(O[H])C([H])([H])S(=O)(=O)[O-])[C@@]3(C([H])([H])[H])[C@]([H])(O[H])C([H])([H])[C@]21[H]
KDAAMN.xaa_ZINC000169721028_86;-10.4860608;-11.06691;-11.602;83;610.715;ZEXLJFNSKAHNFH-FAPGNOQXSA-N;[H]Oc1c([H])c([H])c(C([H])([H])[C@@]([H])(C(=O)N2C([H])([H])C([H])([H])C([H])([H])[C@@]2([H])C(=O)N([H])[C@]([H])(C(=O)N([H])[C@@]([H])(C(=O)N([H])[H])C([H])([H])c2c([H])c([H])c([H])c([H])c2[H])C([H])([H])c2c([H])n([H])c3c([H])c([H])c([H])c([H])c23)N([H])[H])c([H])c1[H]
KDAAMN.xaa_ZINC000952974213_170;-10.2030037;-10.5900345;-10.261;82;572.714;UAYFACHJVOEFET-MHZLTWQESA-N;[H]c1c([H])c([H])c(C([H])([H])[C@@]2([H])C(=O)N([H])C([H])([H])C([H])([H])C([H])([H])n3nnc(c3[H])C([H])([H])C3(C(=O)N2[H])C([H])([H])C([H])([H])N(C(=O)C([H])([H])C([H])([H])c2nn([H])c4c2C([H])([H])C([H])([H])C([H])([H])C4([H])[H])C([H])([H])C3([H])[H])c([H])c1[H]
KDAAMN.xaa_ZINC000103705695_187;-10.9128234;-13.088528;-12.455;70;581.601;AAIJRTLUZNVTCN-UHFFFAOYSA-N;[H]c1c([H])c([H])c(-n2nnnc2OC([H])([H])C([H])([H])N(C([H])([H])C([H])([H])Oc2nnnn2-c2c([H])c([H])c([H])c([H])c2[H])C([H])([H])C([H])([H])Oc2nnnn2-c2c([H])c([H])c([H])c([H])c2[H])c([H])c1[H]
KDAAMN.xaa_ZINC000014951658_198;-10.8258976;-11.310956;-12.421;83;610.715;ZEXLJFNSKAHNFH-SYKYGTKKSA-N;[H]Oc1c([H])c([H])c(C([H])([H])[C@@]([H])(C(=O)N2C([H])([H])C([H])([H])C([H])([H])[C@@]2([H])C(=O)N([H])[C@]([H])(C(=O)N([H])[C@]([H])(C(=O)N([H])[H])C([H])([H])c2c([H])c([H])c([H])c([H])c2[H])C([H])([H])c2c([H])n([H])c3c([H])c([H])c([H])c([H])c23)N([H])[H])c([H])c1[H]
KHADRO.xaa_ZINC000514375041_83;-10.807811999999998;-11.743188;-11.678;80;599.803;KHVUNPIJUFDPCS-SANMLTNESA-O;[H]c1c([H])c([H])c([C@]([H])(C([H])([H])N([H])C(=O)C([H])([H])Sc2nnc(-c3c([H])c([H])c([H])c(S(=O)(=O)N4C([H])([H])C([H])([H])OC([H])([H])C4([H])[H])c3[H])n2C2([H])C([H])([H])C([H])([H])C([H])([H])C2([H])[H])[N+]([H])(C([H])([H])[H])C([H])([H])[H])c([H])c1[H]
KHADRO.xaa_ZINC000514375039_84;-10.7907394;-11.764307;-11.075;80;599.803;KHVUNPIJUFDPCS-AREMUKBSSA-O;[H]c1c([H])c([H])c([C@@]([H])(C([H])([H])N([H])C(=O)C([H])([H])Sc2nnc(-c3c([H])c([H])c([H])c(S(=O)(=O)N4C([H])([H])C([H])([H])OC([H])([H])C4([H])[H])c3[H])n2C2([H])C([H])([H])C([H])([H])C([H])([H])C2([H])[H])[N+]([H])(C([H])([H])[H])C([H])([H])[H])c([H])c1[H]
KHADRO.xaa_ZINC000514386691_111;-10.0295022;-10.67991;-10.086;73;542.751;YOAQPJJMZWMWBB-UHFFFAOYSA-O;[H]c1c([H])c(OC([H])([H])[H])c([H])c(-n2c(SC([H])([H])C(=O)N([H])[C@]3([H])C([H])([H])C([H])([H])[N@@+]([H])(C([H])([H])C([H])([H])[H])C([H])([H])C3([H])[H])nc3sc4c(c3c2=O)C([H])([H])C([H])([H])N(C([H])([H])C([H])([H])[H])C4([H])[H])c1[H]
KHADRO.xaa_ZINC000514387998_118;-10.318873;-10.768246;-10.674;78;538.738;LEGKJDYWVHCMDT-UHFFFAOYSA-O;[H]c1c([H])c(C([H])([H])[N+]2([H])C([H])([H])C([H])([H])C([H])([H])C([H])([H])C2([H])[H])c([H])c([H])c1C([H])([H])N([H])C(=O)C([H])([H])C([H])([H])c1nc2c([H])c(S(=O)(=O)N3C([H])([H])C([H])([H])C([H])([H])C([H])([H])C3([H])[H])c([H])c([H])c2n1C([H])([H])[H]
KHADRO.xaa_ZINC000514392145_136;-10.010304199999998;-10.910051;-11.036;67;520.075;RICUWUXRHUQJKO-IBGZPJMESA-O;[H]c1c([H])c([H])c(N([H])C(=O)[C@@]2([H])C([H])([H])C([H])([H])C([H])([H])[N@@+]([H])(C([H])([H])C([H])([H])C(=O)N([H])c3c([H])c(S(=O)(=O)N4C([H])([H])C([H])([H])C([H])([H])C4([H])[H])c([H])c([H])c3Cl)C2([H])[H])c([H])c1[H]
KKEBMO.xaa_ZINC000409078464_11;-10.038215599999996;-11.052978;-9.47;78;564.732;IGQAFXNSXUTIBJ-BSAWEUQCSA-O;[H]/C(=N\c1sc2c(c1C(=O)N([H])C([H])([H])c1oc([H])c([H])c1[H])C([H])([H])C([H])([H])[C@@]([H])(C(C([H])([H])[H])(C([H])([H])[H])C([H])([H])[H])C2([H])[H])c1c([H])c([H])c(N2C([H])([H])C([H])([H])[N+]([H])(C([H])([H])[H])C([H])([H])C2([H])[H])c([N+](=O)[O-])c1[H]
KKEBMO.xaa_ZINC000409078465_12;-10.1889972;-11.01232;-9.06;78;564.732;IGQAFXNSXUTIBJ-ZPOUEADKSA-O;[H]/C(=N\c1sc2c(c1C(=O)N([H])C([H])([H])c1oc([H])c([H])c1[H])C([H])([H])C([H])([H])[C@]([H])(C(C([H])([H])[H])(C([H])([H])[H])C([H])([H])[H])C2([H])[H])c1c([H])c([H])c(N2C([H])([H])C([H])([H])[N+]([H])(C([H])([H])[H])C([H])([H])C2([H])[H])c([N+](=O)[O-])c1[H]
KKEBMO.xaa_ZINC001560403802_25;-10.3115614;-10.798886;-11.075;68;561.037;IBCIAMOTBDGBJN-NRLRZRKLSA-O;[H]c1nc(N([H])c2c([H])c([H])c(OC([H])([H])c3c([H])c([H])c([H])c(F)c3[H])c(Cl)c2[H])c2c([H])c(/C(C#CC([H])([H])[H])=N/OC([H])([H])[C@@]3([H])C([H])([H])OC([H])([H])C([H])([H])[N+]3([H])[H])c([H])c([H])c2n1
KKEBMO.xaa_ZINC001560403801_26;-10.3102048;-10.79944;-10.712;68;561.037;IBCIAMOTBDGBJN-DWNHRUNVSA-O;[H]c1nc(N([H])c2c([H])c([H])c(OC([H])([H])c3c([H])c([H])c([H])c(F)c3[H])c(Cl)c2[H])c2c([H])c(/C(C#CC([H])([H])[H])=N/OC([H])([H])[C@]3([H])C([H])([H])OC([H])([H])C([H])([H])[N+]3([H])[H])c([H])c([H])c2n1
KKEBMO.xaa_ZINC000409083135_37;-10.5715222;-11.129153;-11.398;78;564.732;NONSLXFIIGWCEJ-ZPOUEADKSA-O;[H]/C(=N\c1sc2c(c1C(=O)N([H])C([H])([H])c1oc([H])c([H])c1[H])C([H])([H])C([H])([H])[C@]([H])(C(C([H])([H])[H])(C([H])([H])[H])C([H])([H])[H])C2([H])[H])c1c([H])c([N+](=O)[O-])c([H])c([H])c1N1C([H])([H])C([H])([H])[N+]([H])(C([H])([H])[H])C([H])([H])C1([H])[H]
KKEBMO.xaa_ZINC000408936659_39;-10.9415976;-11.389492;-12.425;83;633.798;PMIMTQSCHZWVJN-GMAKNDSLSA-O;[H]/C(=C1/S/C(=N\c2c([H])c([H])c([N+](=O)[O-])c([H])c2[H])N(C([H])([H])C([H])([H])c2c([H])n([H])c3c([H])c([H])c([H])c([H])c23)C1=O)c1c([H])c(C([H])([H])[H])n(-c2c([H])c([H])c([N+]([H])(C([H])([H])C([H])([H])[H])C([H])([H])C([H])([H])[H])c([H])c2[H])c1C([H])([H])[H]
KKEBMO.xaa_ZINC000409082429_40;-10.4690622;-11.479482;-8.883;78;560.744;SODDAFOITLHUEM-OXDIXYSQSA-O;[H]/C(=N\c1sc2c(c1C(=O)N([H])c1c([H])c([H])c([H])c([H])c1[H])C([H])([H])C([H])([H])[C@]([H])(C(C([H])([H])[H])(C([H])([H])[H])C([H])([H])[H])C2([H])[H])c1c([H])c([H])c(N2C([H])([H])C([H])([H])[N+]([H])(C([H])([H])[H])C([H])([H])C2([H])[H])c([N+](=O)[O-])c1[H]
KKEBMO.xaa_ZINC000409082435_41;-10.4928739;-11.517586;-8.542;78;560.744;SODDAFOITLHUEM-QZLBSSPJSA-O;[H]/C(=N\c1sc2c(c1C(=O)N([H])c1c([H])c([H])c([H])c([H])c1[H])C([H])([H])C([H])([H])[C@@]([H])(C(C([H])([H])[H])(C([H])([H])[H])C([H])([H])[H])C2([H])[H])c1c([H])c([H])c(N2C([H])([H])C([H])([H])[N+]([H])(C([H])([H])[H])C([H])([H])C2([H])[H])c([N+](=O)[O-])c1[H]
KKEBMO.xaa_ZINC000409088015_65;-10.3231344;-11.084255;-12.005;78;595.189;DNYHZWGMKPDWOA-CMQZZDMGSA-O;[H]/C(=N/c1sc2c(c1C(=O)N([H])c1c([H])c([H])c(Cl)c([H])c1[H])C([H])([H])C([H])([H])[C@]([H])(C(C([H])([H])[H])(C([H])([H])[H])C([H])([H])[H])C2([H])[H])c1c([H])c([H])c(N2C([H])([H])C([H])([H])[N+]([H])(C([H])([H])[H])C([H])([H])C2([H])[H])c([N+](=O)[O-])c1[H]
KKEBMO.xaa_ZINC000409088017_66;-10.356209;-11.132661;-10.287;78;595.189;DNYHZWGMKPDWOA-LIXYRHBFSA-O;[H]/C(=N/c1sc2c(c1C(=O)N([H])c1c([H])c([H])c(Cl)c([H])c1[H])C([H])([H])C([H])([H])[C@@]([H])(C(C([H])([H])[H])(C([H])([H])[H])C([H])([H])[H])C2([H])[H])c1c([H])c([H])c(N2C([H])([H])C([H])([H])[N+]([H])(C([H])([H])[H])C([H])([H])C2([H])[H])c([N+](=O)[O-])c1[H]
KKEBMO.xaa_ZINC000104063742_83;-10.1306947;-11.208017;-10.408;75;505.682;YWGQYIWZZMROFS-ZFWLRSFOSA-O;[H]/C(c1c([H])c([H])c([H])c(OC([H])([H])c2c([H])c([H])c([H])c([H])c2[H])c1[H])=[N+](\[H])C([H])([H])C([H])([H])C([H])([H])C([H])([H])C([H])([H])C([H])([H])/N=C(\[H])c1c([H])c([H])c([H])c(OC([H])([H])c2c([H])c([H])c([H])c([H])c2[H])c1[H]
KKEBMO.xaa_ZINC000100473126_97;-10.2752977;-10.941543;-9.474;88;631.823;LXMLSIKOVXWJQE-MDAYZVFASA-O;[H]/C(=N\c1c([H])c([H])c(N2C([H])([H])C([H])([H])C([H])([H])C([H])([H])C2([H])[H])c(S(=O)(=O)N2C([H])([H])C([H])([H])C([H])([H])C([H])([H])C2([H])[H])c1[H])c1c([H])c([H])c(N2C([H])([H])C([H])([H])[N+]([H])(C([H])([H])c3c([H])c([H])c([H])c([H])c3[H])C([H])([H])C2([H])[H])c([N+](=O)[O-])c1[H]
KKEBMO.xaa_ZINC000100475920_98;-10.273290800000002;-11.031503;-10.702;67;535.58;KMZHKAQYYSULNZ-KCSSXMTESA-O;[H]/C(=N\c1c([H])c([H])c2c(oc3c([H])c([H])c([H])c([H])c32)c1[H])c1c([H])c([N+](=O)[O-])c([H])c([H])c1N1C([H])([H])C([H])([H])[N+]([H])(C([H])([H])c2c([H])c([H])c3c(c2[H])OC([H])([H])O3)C([H])([H])C1([H])[H]
KKEBMO.xaa_ZINC000118918729_110;-10.6552084;-10.897865;-11.364;101;614.895;ACCZPKBWXZLDOB-AFOAHIJGSA-O;[H]C#C[C@]1(O[H])C([H])([H])C([H])([H])[C@@]2([H])[C@]3([H])C([H])([H])C([H])([H])C4=C([H])/C(=N\OC([H])([H])C(=O)N([H])C([H])([H])C([H])([H])[C@@]5(c6c([H])c([H])c([H])c([H])c6[H])C([H])([H])[C@@]([H])(C([H])([H])[H])[N@+]([H])(C([H])([H])[H])C([H])([H])[C@@]5([H])C([H])([H])[H])C([H])([H])C([H])([H])[C@]4(C([H])([H])[H])[C@@]3([H])C([H])([H])C([H])([H])[C@@]21C([H])([H])[H]
KKEBMO.xaa_ZINC000118918730_111;-10.8016774;-10.963359;-11.147;101;614.895;ACCZPKBWXZLDOB-WGQHJXMSSA-O;[H]C#C[C@]1(O[H])C([H])([H])C([H])([H])[C@@]2([H])[C@]3([H])C([H])([H])C([H])([H])C4=C([H])/C(=N/OC([H])([H])C(=O)N([H])C([H])([H])C([H])([H])[C@@]5(c6c([H])c([H])c([H])c([H])c6[H])C([H])([H])[C@@]([H])(C([H])([H])[H])[N@+]([H])(C([H])([H])[H])C([H])([H])[C@@]5([H])C([H])([H])[H])C([H])([H])C([H])([H])[C@]4(C([H])([H])[H])[C@@]3([H])C([H])([H])C([H])([H])[C@@]21C([H])([H])[H]
KKEBMO.xaa_ZINC000118918686_112;-10.601907;-11.348124;-11.802;105;644.921;SWIPWMRPXBNGGV-FHDVCXFESA-O;[H]C#C[C@]1(O[H])C([H])([H])C([H])([H])[C@@]2([H])[C@]3([H])C([H])([H])C([H])([H])C4=C([H])/C(=N\OC([H])([H])C(=O)N([H])C([H])([H])C([H])([H])[C@@]5(c6c([H])c([H])c(OC([H])([H])[H])c([H])c6[H])C([H])([H])[C@@]([H])(C([H])([H])[H])[N@@+]([H])(C([H])([H])[H])C([H])([H])[C@@]5([H])C([H])([H])[H])C([H])([H])C([H])([H])[C@]4(C([H])([H])[H])[C@@]3([H])C([H])([H])C([H])([H])[C@@]21C([H])([H])[H]
KKEBMO.xaa_ZINC000118918732_113;-10.6606788;-11.108219;-11.374;101;614.895;ACCZPKBWXZLDOB-RXLBMGBPSA-O;[H]C#C[C@]1(O[H])C([H])([H])C([H])([H])[C@@]2([H])[C@]3([H])C([H])([H])C([H])([H])C4=C([H])/C(=N/OC([H])([H])C(=O)N([H])C([H])([H])C([H])([H])[C@@]5(c6c([H])c([H])c([H])c([H])c6[H])C([H])([H])[C@]([H])(C([H])([H])[H])[N@+]([H])(C([H])([H])[H])C([H])([H])[C@@]5([H])C([H])([H])[H])C([H])([H])C([H])([H])[C@]4(C([H])([H])[H])[C@@]3([H])C([H])([H])C([H])([H])[C@@]21C([H])([H])[H]
KKEBMO.xaa_ZINC000118918689_114;-10.7715834;-11.041675;-11.82;105;644.921;SWIPWMRPXBNGGV-JYQNYMMUSA-O;[H]C#C[C@]1(O[H])C([H])([H])C([H])([H])[C@@]2([H])[C@]3([H])C([H])([H])C([H])([H])C4=C([H])/C(=N/OC([H])([H])C(=O)N([H])C([H])([H])C([H])([H])[C@@]5(c6c([H])c([H])c(OC([H])([H])[H])c([H])c6[H])C([H])([H])[C@]([H])(C([H])([H])[H])[N@@+]([H])(C([H])([H])[H])C([H])([H])[C@@]5([H])C([H])([H])[H])C([H])([H])C([H])([H])[C@]4(C([H])([H])[H])[C@@]3([H])C([H])([H])C([H])([H])[C@@]21C([H])([H])[H]
KKEBMO.xaa_ZINC000118918687_115;-10.7929436;-11.705466;-11.762;105;644.921;SWIPWMRPXBNGGV-FISPASPESA-O;[H]C#C[C@]1(O[H])C([H])([H])C([H])([H])[C@@]2([H])[C@]3([H])C([H])([H])C([H])([H])C4=C([H])/C(=N/OC([H])([H])C(=O)N([H])C([H])([H])C([H])([H])[C@@]5(c6c([H])c([H])c(OC([H])([H])[H])c([H])c6[H])C([H])([H])[C@@]([H])(C([H])([H])[H])[N@@+]([H])(C([H])([H])[H])C([H])([H])[C@@]5([H])C([H])([H])[H])C([H])([H])C([H])([H])[C@]4(C([H])([H])[H])[C@@]3([H])C([H])([H])C([H])([H])[C@@]21C([H])([H])[H]
KKEBMO.xaa_ZINC000118918688_116;-10.6150096;-10.788464;-11.91;105;644.921;SWIPWMRPXBNGGV-YULKOTPRSA-O;[H]C#C[C@]1(O[H])C([H])([H])C([H])([H])[C@@]2([H])[C@]3([H])C([H])([H])C([H])([H])C4=C([H])/C(=N\OC([H])([H])C(=O)N([H])C([H])([H])C([H])([H])[C@@]5(c6c([H])c([H])c(OC([H])([H])[H])c([H])c6[H])C([H])([H])[C@]([H])(C([H])([H])[H])[N@@+]([H])(C([H])([H])[H])C([H])([H])[C@@]5([H])C([H])([H])[H])C([H])([H])C([H])([H])[C@]4(C([H])([H])[H])[C@@]3([H])C([H])([H])C([H])([H])[C@@]21C([H])([H])[H]
KKEBMO.xaa_ZINC000118918731_117;-10.4960052;-10.703224;-12.083;101;614.895;ACCZPKBWXZLDOB-YMWKVMMFSA-O;[H]C#C[C@]1(O[H])C([H])([H])C([H])([H])[C@@]2([H])[C@]3([H])C([H])([H])C([H])([H])C4=C([H])/C(=N\OC([H])([H])C(=O)N([H])C([H])([H])C([H])([H])[C@@]5(c6c([H])c([H])c([H])c([H])c6[H])C([H])([H])[C@]([H])(C([H])([H])[H])[N@+]([H])(C([H])([H])[H])C([H])([H])[C@@]5([H])C([H])([H])[H])C([H])([H])C([H])([H])[C@]4(C([H])([H])[H])[C@@]3([H])C([H])([H])C([H])([H])[C@@]21C([H])([H])[H]
KKEBMO.xaa_ZINC000118921284_126;-10.750572600000002;-10.924123;-11.088;103;620.899;HYHFNIUSIBDVRR-JKVSBHTMSA-O;[H]O[C@@]1([H])C([H])([H])C([H])([H])[C@@]2([H])[C@]3([H])C([H])([H])C([H])([H])C4=C([H])/C(=N/OC([H])([H])C(=O)N([H])C([H])([H])C([H])([H])[C@]5(c6c([H])c([H])c(OC([H])([H])[H])c([H])c6[H])C([H])([H])[C@]([H])(C([H])([H])[H])[N@@+]([H])(C([H])([H])[H])C([H])([H])[C@@]5([H])C([H])([H])[H])C([H])([H])C([H])([H])[C@]4(C([H])([H])[H])[C@@]3([H])C([H])([H])C([H])([H])[C@@]21C([H])([H])[H]
KKEBMO.xaa_ZINC000118921231_127;-10.7953006;-11.254823;-11.724;101;614.895;ACCZPKBWXZLDOB-VBJLDDPMSA-O;[H]C#C[C@]1(O[H])C([H])([H])C([H])([H])[C@@]2([H])[C@]3([H])C([H])([H])C([H])([H])C4=C([H])/C(=N/OC([H])([H])C(=O)N([H])C([H])([H])C([H])([H])[C@]5(c6c([H])c([H])c([H])c([H])c6[H])C([H])([H])[C@]([H])(C([H])([H])[H])[N@+]([H])(C([H])([H])[H])C([H])([H])[C@@]5([H])C([H])([H])[H])C([H])([H])C([H])([H])[C@]4(C([H])([H])[H])[C@@]3([H])C([H])([H])C([H])([H])[C@@]21C([H])([H])[H]
KKEBMO.xaa_ZINC000118921283_128;-10.7742076;-11.399213;-10.819;103;620.899;HYHFNIUSIBDVRR-CLQNLPRCSA-O;[H]O[C@@]1([H])C([H])([H])C([H])([H])[C@@]2([H])[C@]3([H])C([H])([H])C([H])([H])C4=C([H])/C(=N/OC([H])([H])C(=O)N([H])C([H])([H])C([H])([H])[C@]5(c6c([H])c([H])c(OC([H])([H])[H])c([H])c6[H])C([H])([H])[C@@]([H])(C([H])([H])[H])[N@@+]([H])(C([H])([H])[H])C([H])([H])[C@@]5([H])C([H])([H])[H])C([H])([H])C([H])([H])[C@]4(C([H])([H])[H])[C@@]3([H])C([H])([H])C([H])([H])[C@@]21C([H])([H])[H]
KKEBMO.xaa_ZINC000118921230_129;-10.743132;-11.013603;-11.775;101;614.895;ACCZPKBWXZLDOB-CPKNQSENSA-O;[H]C#C[C@]1(O[H])C([H])([H])C([H])([H])[C@@]2([H])[C@]3([H])C([H])([H])C([H])([H])C4=C([H])/C(=N/OC([H])([H])C(=O)N([H])C([H])([H])C([H])([H])[C@]5(c6c([H])c([H])c([H])c([H])c6[H])C([H])([H])[C@@]([H])(C([H])([H])[H])[N@+]([H])(C([H])([H])[H])C([H])([H])[C@@]5([H])C([H])([H])[H])C([H])([H])C([H])([H])[C@]4(C([H])([H])[H])[C@@]3([H])C([H])([H])C([H])([H])[C@@]21C([H])([H])[H]
KKEBMO.xaa_ZINC000118921227_130;-10.5531488;-11.170171;-11.1;105;644.921;SWIPWMRPXBNGGV-VPYKDQSUSA-O;[H]C#C[C@]1(O[H])C([H])([H])C([H])([H])[C@@]2([H])[C@]3([H])C([H])([H])C([H])([H])C4=C([H])/C(=N/OC([H])([H])C(=O)N([H])C([H])([H])C([H])([H])[C@]5(c6c([H])c([H])c(OC([H])([H])[H])c([H])c6[H])C([H])([H])[C@@]([H])(C([H])([H])[H])[N@@+]([H])(C([H])([H])[H])C([H])([H])[C@@]5([H])C([H])([H])[H])C([H])([H])C([H])([H])[C@]4(C([H])([H])[H])[C@@]3([H])C([H])([H])C([H])([H])[C@@]21C([H])([H])[H]
KKEBMO.xaa_ZINC000118921281_131;-10.963629;-12.044682;-10.963;103;620.899;HYHFNIUSIBDVRR-DZPCLRPVSA-O;[H]O[C@@]1([H])C([H])([H])C([H])([H])[C@@]2([H])[C@]3([H])C([H])([H])C([H])([H])C4=C([H])/C(=N/OC([H])([H])C(=O)N([H])C([H])([H])C([H])([H])[C@@]5(c6c([H])c([H])c(OC([H])([H])[H])c([H])c6[H])C([H])([H])[C@@]([H])(C([H])([H])[H])[N@@+]([H])(C([H])([H])[H])C([H])([H])[C@@]5([H])C([H])([H])[H])C([H])([H])C([H])([H])[C@]4(C([H])([H])[H])[C@@]3([H])C([H])([H])C([H])([H])[C@@]21C([H])([H])[H]
KKEBMO.xaa_ZINC000118921282_132;-10.921112999999998;-11.218591;-11.077;103;620.899;HYHFNIUSIBDVRR-CBQKLWIKSA-O;[H]O[C@@]1([H])C([H])([H])C([H])([H])[C@@]2([H])[C@]3([H])C([H])([H])C([H])([H])C4=C([H])/C(=N/OC([H])([H])C(=O)N([H])C([H])([H])C([H])([H])[C@@]5(c6c([H])c([H])c(OC([H])([H])[H])c([H])c6[H])C([H])([H])[C@]([H])(C([H])([H])[H])[N@@+]([H])(C([H])([H])[H])C([H])([H])[C@@]5([H])C([H])([H])[H])C([H])([H])C([H])([H])[C@]4(C([H])([H])[H])[C@@]3([H])C([H])([H])C([H])([H])[C@@]21C([H])([H])[H]
KKEBMO.xaa_ZINC000118921229_133;-10.6960753;-11.037435;-11.036;105;644.921;SWIPWMRPXBNGGV-XCIKPULHSA-O;[H]C#C[C@]1(O[H])C([H])([H])C([H])([H])[C@@]2([H])[C@]3([H])C([H])([H])C([H])([H])C4=C([H])/C(=N/OC([H])([H])C(=O)N([H])C([H])([H])C([H])([H])[C@]5(c6c([H])c([H])c(OC([H])([H])[H])c([H])c6[H])C([H])([H])[C@]([H])(C([H])([H])[H])[N@@+]([H])(C([H])([H])[H])C([H])([H])[C@@]5([H])C([H])([H])[H])C([H])([H])C([H])([H])[C@]4(C([H])([H])[H])[C@@]3([H])C([H])([H])C([H])([H])[C@@]21C([H])([H])[H]
KKEBMO.xaa_ZINC000150467297_143;-10.6349348;-11.160618;-11.063;89;688.317;PIEPFQREALTEGM-WNQVBRGUSA-O;[H]/C(c1c([H])c([H])c(C(C([H])([H])[H])(C([H])([H])[H])C([H])([H])[H])c([H])c1[H])=c1\s/c(=C(/C#N)C(=O)N2C([H])([H])C([H])([H])[N+]([H])(C([H])(c3c([H])c([H])c([H])c([H])c3[H])c3c([H])c([H])c([H])c([H])c3[H])C([H])([H])C2([H])[H])n(-c2c([H])c([H])c(C([H])([H])[H])c(Cl)c2[H])c1=O
KKEBMO.xaa_ZINC000409083128_145;-10.4523757;-11.142615;-11.589;78;564.732;NONSLXFIIGWCEJ-BSAWEUQCSA-O;[H]/C(=N\c1sc2c(c1C(=O)N([H])C([H])([H])c1oc([H])c([H])c1[H])C([H])([H])C([H])([H])[C@@]([H])(C(C([H])([H])[H])(C([H])([H])[H])C([H])([H])[H])C2([H])[H])c1c([H])c([N+](=O)[O-])c([H])c([H])c1N1C([H])([H])C([H])([H])[N+]([H])(C([H])([H])[H])C([H])([H])C1([H])[H]
KKEBMO.xaa_ZINC000159362644_147;-10.410841;-11.17821;-11.732;77;666.654;OPQHXFPZLRFJMX-NRVHSSJQSA-O;[H]/C(c1c([H])c([H])c([H])c(C([H])([H])[H])c1[H])=c1\s/c(=C(/C#N)C(=O)N2C([H])([H])C([H])([H])[N+]([H])(C([H])(c3c([H])c([H])c([H])c([H])c3[H])c3c([H])c([H])c([H])c([H])c3[H])C([H])([H])C2([H])[H])n(-c2c([H])c([H])c(Cl)c(Cl)c2[H])c1=O
KKEBMO.xaa_ZINC000159346906_151;-10.0071246;-10.672825;-10.878;80;695.743;AXKMFBJUZKBHPU-QSSXNMHSSA-O;[H]/C(c1c([H])c([H])c2c(c1[H])OC([H])([H])O2)=c1/s/c(=C(/C#N)C(=O)N2C([H])([H])C([H])([H])[N+]([H])(C([H])(c3c([H])c([H])c([H])c([H])c3[H])c3c([H])c([H])c([H])c([H])c3[H])C([H])([H])C2([H])[H])n(-c2c([H])c([H])c([H])c(C(F)(F)F)c2[H])c1=O
KKEBMO.xaa_ZINC000100936349_152;-10.4565714;-10.877809;-11.177;63;598.48;ASUVQFBYFMNXRR-BUCVAECOSA-O;[H]C1=C([H])/C(=[N+](/[H])N([H])c2c([H])c([H])c([H])c3c([H])c([H])c([H])c([H])c23)C([H])=C(/C([H])=N/c2c([H])c([H])c3oc(-c4c([H])c([H])c([H])c5c(Br)c([H])c([H])c([H])c45)nc3c2[H])C1=O
KKEBMO.xaa_ZINC000408722028_153;-10.0267956;-10.244471;-10.053;108;681.985;OTOZBZIJYKNJJI-PUBRSWLPSA-O;[H]c1c([H])c([H])c2c(N3C(=O)[C@]4([H])[C@]5([H])c6c([H])c([H])c([H])c([H])c6[C@@](/C([H])=[N+](\[H])C([H])([H])C([H])([H])C([H])([H])C([H])([H])C([H])([H])C([H])([H])C([H])([H])C([H])([H])C([H])([H])C([H])([H])C([H])([H])C([H])([H])C([H])([H])C([H])([H])C([H])([H])C([H])([H])C([H])([H])C([H])([H])[H])(c6c([H])c([H])c([H])c([H])c65)[C@@]4([H])C3=O)c([H])c([H])c([H])c2c1[H]
KKEBMO.xaa_ZINC000408722029_155;-10.3382219;-10.831761;-10.417;108;681.985;OTOZBZIJYKNJJI-VDCCNDSFSA-O;[H]c1c([H])c([H])c2c(N3C(=O)[C@@]4([H])[C@]5([H])c6c([H])c([H])c([H])c([H])c6[C@@](/C([H])=[N+](\[H])C([H])([H])C([H])([H])C([H])([H])C([H])([H])C([H])([H])C([H])([H])C([H])([H])C([H])([H])C([H])([H])C([H])([H])C([H])([H])C([H])([H])C([H])([H])C([H])([H])C([H])([H])C([H])([H])C([H])([H])C([H])([H])[H])(c6c([H])c([H])c([H])c([H])c65)[C@]4([H])C3=O)c([H])c([H])c([H])c2c1[H]
KKEBMO.xaa_ZINC000163525367_156;-10.8766124;-11.997824;-9.169;99;675.92;JDTAMPDATNWFAV-XPGZBYHPSA-O;[H]/C(=N\c1c([H])c([H])c(N2C([H])([H])C([H])([H])C([H])([H])C([H])([H])C2([H])[H])c(S(=O)(=O)N(C([H])([H])C([H])(C([H])([H])[H])C([H])([H])[H])C([H])([H])C([H])(C([H])([H])[H])C([H])([H])[H])c1[H])c1c([H])c([H])c(N2C([H])([H])C([H])([H])[N+]([H])(C([H])([H])c3c([H])c([H])c([H])c([H])c3[H])C([H])([H])C2([H])[H])c([N+](=O)[O-])c1[H]
KKEBMO.xaa_ZINC000408721446_161;-10.212029;-10.743372;-10.132;102;653.931;IFSXAYNFKCTFAE-IMIAEIRVSA-O;[H]c1c([H])c([H])c2c(N3C(=O)[C@@]4([H])[C@]5([H])c6c([H])c([H])c([H])c([H])c6[C@@](/C([H])=[N+](\[H])C([H])([H])C([H])([H])C([H])([H])C([H])([H])C([H])([H])C([H])([H])C([H])([H])C([H])([H])C([H])([H])C([H])([H])C([H])([H])C([H])([H])C([H])([H])C([H])([H])C([H])([H])C([H])([H])[H])(c6c([H])c([H])c([H])c([H])c65)[C@]4([H])C3=O)c([H])c([H])c([H])c2c1[H]
KKEBMO.xaa_ZINC000018118662_167;-10.10418;-11.235579;-10.492;75;505.682;YWGQYIWZZMROFS-DKKRNIPZSA-O;[H]/C(=N\C([H])([H])C([H])([H])C([H])([H])C([H])([H])C([H])([H])C([H])([H])/[N+]([H])=C(\[H])c1c([H])c([H])c([H])c(OC([H])([H])c2c([H])c([H])c([H])c([H])c2[H])c1[H])c1c([H])c([H])c([H])c(OC([H])([H])c2c([H])c([H])c([H])c([H])c2[H])c1[H]
KKEBMO.xaa_ZINC000070692063_169;-10.8894322;-11.8982;-10.497;103;620.899;HYHFNIUSIBDVRR-BJNCTSLJSA-O;[H]O[C@]1([H])C([H])([H])C([H])([H])[C@@]2([H])[C@]3([H])C([H])([H])C([H])([H])C4=C([H])/C(=N/OC([H])([H])C(=O)N([H])C([H])([H])C([H])([H])[C@@]5(c6c([H])c([H])c(OC([H])([H])[H])c([H])c6[H])C([H])([H])[C@@]([H])(C([H])([H])[H])[N@@+]([H])(C([H])([H])[H])C([H])([H])[C@@]5([H])C([H])([H])[H])C([H])([H])C([H])([H])[C@]4(C([H])([H])[H])[C@@]3([H])C([H])([H])C([H])([H])[C@@]21C([H])([H])[H]
KKEBMO.xaa_ZINC000070692064_170;-10.8569606;-11.040867;-11.259;103;620.899;HYHFNIUSIBDVRR-SPAWGCKRSA-O;[H]O[C@]1([H])C([H])([H])C([H])([H])[C@@]2([H])[C@]3([H])C([H])([H])C([H])([H])C4=C([H])/C(=N/OC([H])([H])C(=O)N([H])C([H])([H])C([H])([H])[C@@]5(c6c([H])c([H])c(OC([H])([H])[H])c([H])c6[H])C([H])([H])[C@]([H])(C([H])([H])[H])[N@@+]([H])(C([H])([H])[H])C([H])([H])[C@@]5([H])C([H])([H])[H])C([H])([H])C([H])([H])[C@]4(C([H])([H])[H])[C@@]3([H])C([H])([H])C([H])([H])[C@@]21C([H])([H])[H]
KKEBMO.xaa_ZINC000070698033_171;-10.8778334;-11.433063;-11.644;99;590.873;DUWJWUDMHJCAJI-DQBJEAAGSA-O;[H]O[C@@]1([H])C([H])([H])C([H])([H])[C@@]2([H])[C@]3([H])C([H])([H])C([H])([H])C4=C([H])/C(=N/OC([H])([H])C(=O)N([H])C([H])([H])C([H])([H])[C@]5(c6c([H])c([H])c([H])c([H])c6[H])C([H])([H])[C@]([H])(C([H])([H])[H])[N@+]([H])(C([H])([H])[H])C([H])([H])[C@@]5([H])C([H])([H])[H])C([H])([H])C([H])([H])[C@]4(C([H])([H])[H])[C@@]3([H])C([H])([H])C([H])([H])[C@@]21C([H])([H])[H]
KKEBMO.xaa_ZINC000070698027_172;-10.8376975;-11.135471;-12.018;99;590.873;DUWJWUDMHJCAJI-IVAPRVLESA-O;[H]O[C@@]1([H])C([H])([H])C([H])([H])[C@@]2([H])[C@]3([H])C([H])([H])C([H])([H])C4=C([H])/C(=N/OC([H])([H])C(=O)N([H])C([H])([H])C([H])([H])[C@]5(c6c([H])c([H])c([H])c([H])c6[H])C([H])([H])[C@@]([H])(C([H])([H])[H])[N@+]([H])(C([H])([H])[H])C([H])([H])[C@@]5([H])C([H])([H])[H])C([H])([H])C([H])([H])[C@]4(C([H])([H])[H])[C@@]3([H])C([H])([H])C([H])([H])[C@@]21C([H])([H])[H]
KKEBMO.xaa_ZINC000070698017_173;-10.950015000000002;-11.168759;-10.241;99;590.873;DUWJWUDMHJCAJI-ZNNCPDMRSA-O;[H]O[C@@]1([H])C([H])([H])C([H])([H])[C@@]2([H])[C@]3([H])C([H])([H])C([H])([H])C4=C([H])/C(=N/OC([H])([H])C(=O)N([H])C([H])([H])C([H])([H])[C@@]5(c6c([H])c([H])c([H])c([H])c6[H])C([H])([H])[C@@]([H])(C([H])([H])[H])[N@+]([H])(C([H])([H])[H])C([H])([H])[C@@]5([H])C([H])([H])[H])C([H])([H])C([H])([H])[C@]4(C([H])([H])[H])[C@@]3([H])C([H])([H])C([H])([H])[C@@]21C([H])([H])[H]
KKEBMO.xaa_ZINC000070698020_174;-10.780774;-11.363856;-11.237;99;590.873;DUWJWUDMHJCAJI-BHLMFIMHSA-O;[H]O[C@@]1([H])C([H])([H])C([H])([H])[C@@]2([H])[C@]3([H])C([H])([H])C([H])([H])C4=C([H])/C(=N/OC([H])([H])C(=O)N([H])C([H])([H])C([H])([H])[C@@]5(c6c([H])c([H])c([H])c([H])c6[H])C([H])([H])[C@]([H])(C([H])([H])[H])[N@+]([H])(C([H])([H])[H])C([H])([H])[C@@]5([H])C([H])([H])[H])C([H])([H])C([H])([H])[C@]4(C([H])([H])[H])[C@@]3([H])C([H])([H])C([H])([H])[C@@]21C([H])([H])[H]
KKEBMO.xaa_ZINC000085902338_185;-10.777696600000002;-10.941776;-11.142;103;620.899;HYHFNIUSIBDVRR-JYWGACSHSA-O;[H]O[C@]1([H])C([H])([H])C([H])([H])[C@@]2([H])[C@]3([H])C([H])([H])C([H])([H])C4=C([H])/C(=N\OC([H])([H])C(=O)N([H])C([H])([H])C([H])([H])[C@@]5(c6c([H])c([H])c(OC([H])([H])[H])c([H])c6[H])C([H])([H])[C@]([H])(C([H])([H])[H])[N@@+]([H])(C([H])([H])[H])C([H])([H])[C@@]5([H])C([H])([H])[H])C([H])([H])C([H])([H])[C@]4(C([H])([H])[H])[C@@]3([H])C([H])([H])C([H])([H])[C@@]21C([H])([H])[H]
KKEBMO.xaa_ZINC000085902334_186;-10.7482924;-11.608278;-10.848;103;620.899;HYHFNIUSIBDVRR-FSZGDFPSSA-O;[H]O[C@]1([H])C([H])([H])C([H])([H])[C@@]2([H])[C@]3([H])C([H])([H])C([H])([H])C4=C([H])/C(=N\OC([H])([H])C(=O)N([H])C([H])([H])C([H])([H])[C@@]5(c6c([H])c([H])c(OC([H])([H])[H])c([H])c6[H])C([H])([H])[C@@]([H])(C([H])([H])[H])[N@@+]([H])(C([H])([H])[H])C([H])([H])[C@@]5([H])C([H])([H])[H])C([H])([H])C([H])([H])[C@]4(C([H])([H])[H])[C@@]3([H])C([H])([H])C([H])([H])[C@@]21C([H])([H])[H]
KKEBMO.xaa_ZINC000085907122_187;-10.6377015;-10.913856;-11.554;99;590.873;DUWJWUDMHJCAJI-ZLULRYBRSA-O;[H]O[C@@]1([H])C([H])([H])C([H])([H])[C@@]2([H])[C@]3([H])C([H])([H])C([H])([H])C4=C([H])/C(=N\OC([H])([H])C(=O)N([H])C([H])([H])C([H])([H])[C@@]5(c6c([H])c([H])c([H])c([H])c6[H])C([H])([H])[C@]([H])(C([H])([H])[H])[N@+]([H])(C([H])([H])[H])C([H])([H])[C@@]5([H])C([H])([H])[H])C([H])([H])C([H])([H])[C@]4(C([H])([H])[H])[C@@]3([H])C([H])([H])C([H])([H])[C@@]21C([H])([H])[H]
KKEBMO.xaa_ZINC000085907117_188;-10.830108;-11.009378;-11.349;99;590.873;DUWJWUDMHJCAJI-PBYMZEGOSA-O;[H]O[C@@]1([H])C([H])([H])C([H])([H])[C@@]2([H])[C@]3([H])C([H])([H])C([H])([H])C4=C([H])/C(=N\OC([H])([H])C(=O)N([H])C([H])([H])C([H])([H])[C@@]5(c6c([H])c([H])c([H])c([H])c6[H])C([H])([H])[C@@]([H])(C([H])([H])[H])[N@+]([H])(C([H])([H])[H])C([H])([H])[C@@]5([H])C([H])([H])[H])C([H])([H])C([H])([H])[C@]4(C([H])([H])[H])[C@@]3([H])C([H])([H])C([H])([H])[C@@]21C([H])([H])[H]
KKEBMO.xaa_ZINC000097981791_251;-10.0065867;-10.7853565;-11.448;77;666.654;XGPALGYZCAZNPD-LPBBBNEGSA-O;[H]/C(c1c([H])c([H])c([H])c(C([H])([H])[H])c1[H])=c1/s/c(=C(/C#N)C(=O)N2C([H])([H])C([H])([H])[N+]([H])(C([H])(c3c([H])c([H])c([H])c([H])c3[H])c3c([H])c([H])c([H])c([H])c3[H])C([H])([H])C2([H])[H])n(-c2c([H])c([H])c(Cl)c([H])c2Cl)c1=O
KKEBMO.xaa_ZINC000097981788_255;-10.067442;-11.072755;-11.445;74;687.072;NYWYCMWIRUMSGT-JTIPCZOTSA-O;[H]/C(c1c([H])c([H])c([H])c([H])c1Cl)=c1\s/c(=C(/C#N)C(=O)N2C([H])([H])C([H])([H])[N+]([H])(C([H])(c3c([H])c([H])c([H])c([H])c3[H])c3c([H])c([H])c([H])c([H])c3[H])C([H])([H])C2([H])[H])n(-c2c([H])c([H])c(Cl)c([H])c2Cl)c1=O
KKEBMO.xaa_ZINC000097981911_261;-10.3599968;-11.044663;-11.811;73;653.615;WLYLZRZWKDYPMJ-MKZAZEBISA-O;[H]/C(c1nc([H])c([H])c([H])c1[H])=c1\s/c(=C(/C#N)C(=O)N2C([H])([H])C([H])([H])[N+]([H])(C([H])(c3c([H])c([H])c([H])c([H])c3[H])c3c([H])c([H])c([H])c([H])c3[H])C([H])([H])C2([H])[H])n(-c2c([H])c([H])c(Cl)c(Cl)c2[H])c1=O
KKEBMO.xaa_ZINC000097981909_262;-10.4564666;-11.267205;-11.619;74;687.072;VEAGILXKMUFNPI-JTIPCZOTSA-O;[H]/C(c1c([H])c([H])c([H])c([H])c1Cl)=c1\s/c(=C(/C#N)C(=O)N2C([H])([H])C([H])([H])[N+]([H])(C([H])(c3c([H])c([H])c([H])c([H])c3[H])c3c([H])c([H])c([H])c([H])c3[H])C([H])([H])C2([H])[H])n(-c2c([H])c([H])c(Cl)c(Cl)c2[H])c1=O
KKEBMO.xaa_ZINC000097981912_264;-10.6149049;-11.034631;-11.845;77;666.654;OPQHXFPZLRFJMX-LPBBBNEGSA-O;[H]/C(c1c([H])c([H])c([H])c(C([H])([H])[H])c1[H])=c1/s/c(=C(/C#N)C(=O)N2C([H])([H])C([H])([H])[N+]([H])(C([H])(c3c([H])c([H])c([H])c([H])c3[H])c3c([H])c([H])c([H])c([H])c3[H])C([H])([H])C2([H])[H])n(-c2c([H])c([H])c(Cl)c(Cl)c2[H])c1=O
KKEBMO.xaa_ZINC000097981925_266;-10.1572972;-10.946207;-11.228;74;654.162;VQKHPGWOMZSBKP-UGGJQYJISA-O;[H]/C(c1c(F)c([H])c([H])c([H])c1Cl)=c1/s/c(=C(/C#N)C(=O)N2C([H])([H])C([H])([H])[N+]([H])(C([H])(c3c([H])c([H])c([H])c([H])c3[H])c3c([H])c([H])c([H])c([H])c3[H])C([H])([H])C2([H])[H])n(-c2c([H])c([H])c([H])c([H])c2F)c1=O
KKCBML.xaa_ZINC000263595370_3;-11.3448468;-11.811779;-11.568;69;796.601;CTQJDEAJYDQPQQ-QXGCRBACSA-K;[H]C1=C([N+](=O)[O-])C(=O)/C(=N/N([H])c2c([H])/c(=N/N([H])c3c([H])c(S(=O)(=O)[O-])c([H])c4c([H])c(S(=O)(=O)[O-])c([H])c([O-])c34)c(=O)/c(=N\N([H])c3c([H])c([H])c([N+](=O)[O-])c([H])c3[H])c2=O)C([H])=C1[N+](=O)[O-]
KKCBML.xaa_ZINC000408527090_8;-10.355870200000002;-10.646711;-11.197;80;608.764;LWRXLQCKBDSAEG-KULJGZRCSA-M;[H]/C(=N\c1c([H])c([H])c(S(=O)(=O)[N-]c2c([H])c([H])c([H])c([H])c2C([H])([H])[H])c([H])c1OC([H])([H])[H])c1c(C([H])([H])[H])[n-]n(-c2c([H])c([H])c([C@]34C([H])([H])[C@@]5([H])C([H])([H])[C@]([H])(C([H])([H])[C@]([H])(C5([H])[H])C3([H])[H])C4([H])[H])c([H])c2[H])c1=O
KKCBML.xaa_ZINC001570007907_14;-10.8629345;-11.6733675;-11.891;79;860.777;NJMZURCJLQZQBK-KKIPZFPFSA-J;[H]c1c([H])c([H])c(N([H])c2c([H])c([H])c(N([H])/N=c3\c([H])c(/N=N/c4c([H])c([H])c([N+](=O)[O-])c([H])c4[H])c(=O)/c(=N\N([H])c4c([H])c(S(=O)(=O)[O-])c([H])c5c([H])c(S(=O)(=O)[O-])c([H])c([O-])c45)c3=O)c([H])c2S(=O)(=O)[O-])c([H])c1[H]
KKCBML.xaa_ZINC000004235530_76;-10.0196666;-10.163163;-11.381;73;709.726;WVHOUGFIJVACSD-WVUKABPPSA-L;[H]C1=C([H])C(=NN([H])c2c([H])c([H])c(N([H])[H])c3c([H])c([H])c(S(=O)(=O)[O-])c([H])c23)C([H])=C([H])C1=N/N=C1\C(=O)c2c([H])c(/N=N/c3c([H])c([H])c(N([H])[H])c([H])c3N([H])[H])c([H])c([H])c2C([H])=C1S(=O)(=O)[O-]
KKCBML.xaa_ZINC000150341422_78;-11.5170842;-11.853693;-10.196;82;746.78;XPVDFHJKKIEKIF-XARMOKLSSA-L;[H]c1c([H])c([H])c(N([H])C(=O)/C(=N/N([H])c2c([H])c(S(=O)(=O)[O-])c(-c3c([H])c(C([H])([H])[H])c(/N=N/[C@]([H])(C(=O)N([H])c4c([H])c([H])c([H])c([H])c4[H])C(=O)C([H])([H])[H])c([H])c3S(=O)(=O)[O-])c([H])c2C([H])([H])[H])C(=O)C([H])([H])[H])c([H])c1[H]
KKCBML.xaa_ZINC000150341422_79;-11.2634727;-11.688352;-10.3;82;746.78;NIDGFETTXMQDTL-UTKMUYHOSA-L;[H]c1c([H])c([H])c(N([H])C(=O)/C(=N/N([H])c2c([H])c(S(=O)(=O)[O-])c(-c3c([H])c(C([H])([H])[H])c(N([H])/N=C(/C(=O)N([H])c4c([H])c([H])c([H])c([H])c4[H])C(=O)C([H])([H])[H])c([H])c3S(=O)(=O)[O-])c([H])c2C([H])([H])[H])C(=O)C([H])([H])[H])c([H])c1[H]
KKCBML.xaa_ZINC000150366735_106;-10.109863999999998;-10.689794;-11.256;77;796.797;LINZZVAECORMOM-QYGUTFKISA-K;[H]Oc1c(/N=N/c2c([H])c([H])c(/N=N/c3c([H])c(S(=O)(=O)[O-])c([H])c4c([H])c(S(=O)(=O)[O-])c([H])c(O[H])c34)c3c([H])c([H])c([H])c([H])c23)c(S(=O)(=O)[O-])c([H])c2c([H])c(N([H])c3c([H])c([H])c([H])c([H])c3[H])c([H])c([H])c12
KKCBML.xaa_ZINC000150366769_107;-10.576673199999998;-11.077565;-12.817;77;692.737;NYLWRACCLAHXSG-UHFFFAOYSA-K;[H]c1c([H])c([H])c(N([H])c2c([H])c([H])c3c([H])c(S(=O)(=O)[O-])c([H])c([O-])c3c2/N=N/c2c([H])c([H])c(-c3c([H])c([H])c(/N=N/c4c(C([H])([H])[H])[n-]n(-c5c([H])c([H])c([H])c([H])c5[H])c4=O)c([H])c3[H])c([H])c2[H])c([H])c1[H]
KKCBML.xaa_ZINC000150366764_110;-10.576673199999998;-11.077565;-12.83;77;692.737;NYLWRACCLAHXSG-UHFFFAOYSA-K;[H]c1c([H])c([H])c(N([H])c2c([H])c([H])c3c([H])c(S(=O)(=O)[O-])c([H])c([O-])c3c2/N=N/c2c([H])c([H])c(-c3c([H])c([H])c(/N=N/c4c(C([H])([H])[H])[n-]n(-c5c([H])c([H])c([H])c([H])c5[H])c4=O)c([H])c3[H])c([H])c2[H])c([H])c1[H]
KKCBML.xaa_ZINC000150366766_111;-10.576673199999998;-11.077565;-12.83;77;692.737;NYLWRACCLAHXSG-UHFFFAOYSA-K;[H]c1c([H])c([H])c(N([H])c2c([H])c([H])c3c([H])c(S(=O)(=O)[O-])c([H])c([O-])c3c2/N=N/c2c([H])c([H])c(-c3c([H])c([H])c(/N=N/c4c(C([H])([H])[H])[n-]n(-c5c([H])c([H])c([H])c([H])c5[H])c4=O)c([H])c3[H])c([H])c2[H])c([H])c1[H]
KKCBML.xaa_ZINC000150366763_113;-10.576673199999998;-11.077565;-12.824;77;692.737;NYLWRACCLAHXSG-UHFFFAOYSA-K;[H]c1c([H])c([H])c(N([H])c2c([H])c([H])c3c([H])c(S(=O)(=O)[O-])c([H])c([O-])c3c2/N=N/c2c([H])c([H])c(-c3c([H])c([H])c(/N=N/c4c(C([H])([H])[H])[n-]n(-c5c([H])c([H])c([H])c([H])c5[H])c4=O)c([H])c3[H])c([H])c2[H])c([H])c1[H]
KKCBML.xaa_ZINC000150366730_115;-10.109863999999998;-10.689794;-11.077;77;796.797;LINZZVAECORMOM-QYGUTFKISA-K;[H]Oc1c(/N=N/c2c([H])c([H])c(/N=N/c3c([H])c(S(=O)(=O)[O-])c([H])c4c([H])c(S(=O)(=O)[O-])c([H])c(O[H])c34)c3c([H])c([H])c([H])c([H])c23)c(S(=O)(=O)[O-])c([H])c2c([H])c(N([H])c3c([H])c([H])c([H])c([H])c3[H])c([H])c([H])c12
KKCBML.xaa_ZINC000150366732_116;-10.109863999999998;-10.689794;-11.201;77;796.797;LINZZVAECORMOM-QYGUTFKISA-K;[H]Oc1c(/N=N/c2c([H])c([H])c(/N=N/c3c([H])c(S(=O)(=O)[O-])c([H])c4c([H])c(S(=O)(=O)[O-])c([H])c(O[H])c34)c3c([H])c([H])c([H])c([H])c23)c(S(=O)(=O)[O-])c([H])c2c([H])c(N([H])c3c([H])c([H])c([H])c([H])c3[H])c([H])c([H])c12
KKCBML.xaa_ZINC000150477027_162;-10.0947488;-10.602518;-10.741;79;763.77;OLMUVGULQUUYMK-LINOHWEVSA-L;[H]Oc1c(/N=N/c2c([H])c([H])c(/N=N/c3c([H])c([H])c(S(=O)(=O)[O-])c([H])c3[H])c([H])c2[H])c(S(=O)(=O)[O-])c([H])c2c([H])c(N([H])C(=O)c3c([H])c([H])c([H])c(N([H])C(=O)c4c([H])c([H])c(N([H])[H])c([H])c4[H])c3[H])c([H])c([H])c12
KKCBML.xaa_ZINC000150477025_163;-10.0947488;-10.602518;-10.716;79;763.77;OLMUVGULQUUYMK-LINOHWEVSA-L;[H]Oc1c(/N=N/c2c([H])c([H])c(/N=N/c3c([H])c([H])c(S(=O)(=O)[O-])c([H])c3[H])c([H])c2[H])c(S(=O)(=O)[O-])c([H])c2c([H])c(N([H])C(=O)c3c([H])c([H])c([H])c(N([H])C(=O)c4c([H])c([H])c(N([H])[H])c([H])c4[H])c3[H])c([H])c([H])c12
KKCBML.xaa_ZINC000150477021_165;-10.0947488;-10.602518;-10.707;79;763.77;OLMUVGULQUUYMK-LINOHWEVSA-L;[H]Oc1c(/N=N/c2c([H])c([H])c(/N=N/c3c([H])c([H])c(S(=O)(=O)[O-])c([H])c3[H])c([H])c2[H])c(S(=O)(=O)[O-])c([H])c2c([H])c(N([H])C(=O)c3c([H])c([H])c([H])c(N([H])C(=O)c4c([H])c([H])c(N([H])[H])c([H])c4[H])c3[H])c([H])c([H])c12
KKCBML.xaa_ZINC000150485667_179;-10.6485214;-10.980151;-9.724;88;827.857;IVIZYDSICQSNIS-MLGMXDONSA-L;[H]Oc1c(/N=N/c2c([H])c([H])c3c([H])c(S(=O)(=O)[O-])c([H])c([H])c3c2[H])c(S(=O)(=O)[O-])c([H])c2c([H])c(/N=N/c3c([H])c([H])c(N([H])C(=O)c4c([H])c([H])c(N([H])C(=O)c5c([H])c([H])c(N([H])[H])c([H])c5[H])c([H])c4[H])c([H])c3C([H])([H])[H])c([H])c([H])c12
KKCBML.xaa_ZINC000150485672_180;-10.6485214;-10.980151;-9.735;88;827.857;IVIZYDSICQSNIS-MLGMXDONSA-L;[H]Oc1c(/N=N/c2c([H])c([H])c3c([H])c(S(=O)(=O)[O-])c([H])c([H])c3c2[H])c(S(=O)(=O)[O-])c([H])c2c([H])c(/N=N/c3c([H])c([H])c(N([H])C(=O)c4c([H])c([H])c(N([H])C(=O)c5c([H])c([H])c(N([H])[H])c([H])c5[H])c([H])c4[H])c([H])c3C([H])([H])[H])c([H])c([H])c12
KKCBML.xaa_ZINC000150485657_181;-10.6485214;-10.980151;-10.001;88;827.857;IVIZYDSICQSNIS-MLGMXDONSA-L;[H]Oc1c(/N=N/c2c([H])c([H])c3c([H])c(S(=O)(=O)[O-])c([H])c([H])c3c2[H])c(S(=O)(=O)[O-])c([H])c2c([H])c(/N=N/c3c([H])c([H])c(N([H])C(=O)c4c([H])c([H])c(N([H])C(=O)c5c([H])c([H])c(N([H])[H])c([H])c5[H])c([H])c4[H])c([H])c3C([H])([H])[H])c([H])c([H])c12
KKCBML.xaa_ZINC000150485662_182;-10.6485214;-10.980151;-10.056;88;827.857;IVIZYDSICQSNIS-MLGMXDONSA-L;[H]Oc1c(/N=N/c2c([H])c([H])c3c([H])c(S(=O)(=O)[O-])c([H])c([H])c3c2[H])c(S(=O)(=O)[O-])c([H])c2c([H])c(/N=N/c3c([H])c([H])c(N([H])C(=O)c4c([H])c([H])c(N([H])C(=O)c5c([H])c([H])c(N([H])[H])c([H])c5[H])c([H])c4[H])c([H])c3C([H])([H])[H])c([H])c([H])c12
KKCBML.xaa_ZINC000150552416_187;-10.283380499999998;-10.9605255;-12.874;68;665.689;KXXRNNGEMNIAFA-JXPYRENWSA-K;[H]c1c([H])c(-c2c([H])c([H])c(/N=N\c3c(N([H])[H])c([H])c([H])c4c([H])c(S(=O)(=O)[O-])c([H])c([O-])c34)c([H])c2[H])c([H])c([H])c1/N=N\c1c([H])c(S(=O)(=O)[O-])c2c([H])c([H])c([H])c([H])c2c1N([H])[H]
KKCBML.xaa_ZINC000150552422_188;-10.495169;-10.624561;-12.843;68;665.689;KXXRNNGEMNIAFA-IECPAEGSSA-K;[H]c1c([H])c(-c2c([H])c([H])c(/N=N/c3c([H])c(S(=O)(=O)[O-])c4c([H])c([H])c([H])c([H])c4c3N([H])[H])c([H])c2[H])c([H])c([H])c1/N=N\c1c(N([H])[H])c([H])c([H])c2c([H])c(S(=O)(=O)[O-])c([H])c([O-])c12
KKCBML.xaa_ZINC000100970989_213;-10.5418018;-10.884188;-11.496;61;542.573;CJRYAHMDGGFPCQ-UHFFFAOYSA-M;[H]Oc1c(-c2c(C([H])([H])[H])[n-]n(-c3c([H])c([H])c(C([H])([H])[H])c([H])c3[H])c2=O)c([H])c([N-]S(=O)(=O)c2c([H])c([H])c(C([H])([H])[H])c([N+](=O)[O-])c2[H])c2c([H])c([H])c([H])c([H])c12
KKCBML.xaa_ZINC000169724077_215;-10.674025;-11.50914;-9.549;84;859.841;KLOBVOJCYFKUOI-AIPHFEBLSA-L;[H]Oc1c(/N=N/c2c([H])c([H])c(S(=O)(=O)N([H])c3c([H])c([H])c(/N=N/c4c([H])c([H])c(N([H])[H])c([H])c4N([H])[H])c([H])c3[H])c([H])c2[H])c(S(=O)(=O)[O-])c([H])c2c([H])c(S(=O)(=O)[O-])c(/N=N/c3c([H])c([H])c([N+](=O)[O-])c([H])c3[H])c(N([H])[H])c12
KKCBML.xaa_ZINC000169724077_216;-10.5881248;-10.946849;-10.479;83;858.833;GQNMTJMMBCBDGH-UHFFFAOYSA-L;[H]Oc1c(/N=N/c2c([H])c([H])c(S(=O)(=O)[N-]c3c([H])c([H])c(/N=N/c4c([H])c([H])c(N([H])[H])c([H])c4N([H])[H])c([H])c3[H])c([H])c2[H])c(S(=O)(=O)[O-])c([H])c2c([H])c(S(=O)(=O)[O-])c(/N=N/c3c([H])c([H])c([N+](=O)[O-])c([H])c3[H])c(N([H])[H])c12
KKCBML.xaa_ZINC000095101014_226;-10.109863999999998;-10.689794;-11.259;77;796.797;LINZZVAECORMOM-QYGUTFKISA-K;[H]Oc1c(/N=N/c2c([H])c([H])c(/N=N/c3c([H])c(S(=O)(=O)[O-])c([H])c4c([H])c(S(=O)(=O)[O-])c([H])c(O[H])c34)c3c([H])c([H])c([H])c([H])c23)c(S(=O)(=O)[O-])c([H])c2c([H])c(N([H])c3c([H])c([H])c([H])c([H])c3[H])c([H])c([H])c12
KKCBML.xaa_ZINC000095549026_234;-10.0947488;-10.602518;-10.584;79;763.77;OLMUVGULQUUYMK-LINOHWEVSA-L;[H]Oc1c(/N=N/c2c([H])c([H])c(/N=N/c3c([H])c([H])c(S(=O)(=O)[O-])c([H])c3[H])c([H])c2[H])c(S(=O)(=O)[O-])c([H])c2c([H])c(N([H])C(=O)c3c([H])c([H])c([H])c(N([H])C(=O)c4c([H])c([H])c(N([H])[H])c([H])c4[H])c3[H])c([H])c([H])c12
KKCBML.xaa_ZINC000097950095_241;-10.0830498;-10.618938;-11.252;81;813.836;HEFFLBPVBNBGEE-UHFFFAOYSA-K;[H]C1=C(S(=O)(=O)[O-])/C(=N/N([H])c2c([H])c([H])c([H])c([H])c2[H])C(=O)c2c1c([H])c(S(=O)(=O)[O-])c(/N=N/c1c([H])c([H])c([N-]S(=O)(=O)c3c([H])c([H])c(/N=N/c4c([H])c([H])c(N([H])[H])c([H])c4N([H])[H])c([H])c3[H])c([H])c1[H])c2N([H])[H]
KFEDRN.xaa_ZINC000514293094_4;-10.133405299999998;-10.625498;-11.242;76;634.806;RRGJBTSSARMDPE-HXUWFJFHSA-N;[H]C([H])=C([H])C([H])([H])n1c(S[C@@]([H])(C(=O)N([H])c2c([H])c([H])c(S(=O)(=O)N([H])C([H])(C([H])([H])[H])C([H])([H])[H])c([H])c2[H])C([H])([H])[H])nnc1-c1c([H])c([H])c([H])c(S(=O)(=O)N2C([H])([H])C([H])([H])OC([H])([H])C2([H])[H])c1[H]
KFEDRN.xaa_ZINC000514293092_5;-10.0925998;-10.58425;-11.323;76;634.806;RRGJBTSSARMDPE-FQEVSTJZSA-N;[H]C([H])=C([H])C([H])([H])n1c(S[C@]([H])(C(=O)N([H])c2c([H])c([H])c(S(=O)(=O)N([H])C([H])(C([H])([H])[H])C([H])([H])[H])c([H])c2[H])C([H])([H])[H])nnc1-c1c([H])c([H])c([H])c(S(=O)(=O)N2C([H])([H])C([H])([H])OC([H])([H])C2([H])[H])c1[H]
KFEDRN.xaa_ZINC000514297808_43;-10.2586296;-10.443886;-11.35;70;598.772;SMIHZYGOCBQMIR-JNBPUAGASA-N;[H]/C(c1sc([H])c([H])c1C([H])([H])[H])=c1/s/c(=C(/C#N)C(=O)N([H])c2c([H])c([H])c([H])c(S(=O)(=O)N3C([H])([H])C([H])([H])C([H])([H])C([H])([H])C3([H])[H])c2[H])n(C([H])([H])[C@@]2([H])OC([H])([H])C([H])([H])C2([H])[H])c1=O
KFEDRN.xaa_ZINC000514297811_45;-10.2389204;-10.472666;-11.384;70;598.772;SMIHZYGOCBQMIR-NTVKZDECSA-N;[H]/C(c1sc([H])c([H])c1C([H])([H])[H])=c1/s/c(=C(/C#N)C(=O)N([H])c2c([H])c([H])c([H])c(S(=O)(=O)N3C([H])([H])C([H])([H])C([H])([H])C([H])([H])C3([H])[H])c2[H])n(C([H])([H])[C@]2([H])OC([H])([H])C([H])([H])C2([H])[H])c1=O
KFEDRN.xaa_ZINC000514291855_71;-10.8091488;-11.548985;-11.349;74;632.79;JPJKGJWLWNQFLN-UHFFFAOYSA-N;[H]C([H])=C([H])C([H])([H])n1c(SC([H])([H])C(=O)N([H])c2c([H])c([H])c([H])c(S(=O)(=O)N3C([H])([H])C([H])([H])C([H])([H])C3([H])[H])c2[H])nnc1-c1c([H])c([H])c([H])c(S(=O)(=O)N2C([H])([H])C([H])([H])OC([H])([H])C2([H])[H])c1[H]
KFEDRN.xaa_ZINC000514291347_76;-10.1736502;-10.837927;-10.548;75;598.751;FIDXDCYOEDUNSU-UHFFFAOYSA-N;[H]C([H])=C([H])C([H])([H])n1c(SC([H])([H])C(=O)N([H])C([H])([H])C(=O)N([H])c2c(C([H])([H])[H])c([H])c(C([H])([H])[H])c([H])c2C([H])([H])[H])nnc1-c1c([H])c([H])c([H])c(S(=O)(=O)N2C([H])([H])C([H])([H])OC([H])([H])C2([H])[H])c1[H]
KFEDRN.xaa_ZINC000514375589_100;-10.044627;-10.439207;-10.98;72;562.718;SOJUYUPMESSQBN-WIYYLYMNSA-N;[H]C([H])=C([H])C([H])([H])n1c(SC([H])([H])C(=O)N([H])C(=O)N([H])[C@]2([H])C([H])([H])C([H])([H])C([H])([H])C([H])([H])[C@@]2([H])C([H])([H])[H])nnc1-c1c([H])c([H])c([H])c(S(=O)(=O)N2C([H])([H])C([H])([H])OC([H])([H])C2([H])[H])c1[H]
KFEDRN.xaa_ZINC000514375588_102;-10.0426996;-10.437439;-11.273;72;562.718;SOJUYUPMESSQBN-RXVVDRJESA-N;[H]C([H])=C([H])C([H])([H])n1c(SC([H])([H])C(=O)N([H])C(=O)N([H])[C@@]2([H])C([H])([H])C([H])([H])C([H])([H])C([H])([H])[C@]2([H])C([H])([H])[H])nnc1-c1c([H])c([H])c([H])c(S(=O)(=O)N2C([H])([H])C([H])([H])OC([H])([H])C2([H])[H])c1[H]
KFEDRN.xaa_ZINC000514384992_139;-10.102209599999998;-11.019337;-10.602;72;617.775;WLMSJBAQHLULPJ-UHFFFAOYSA-N;[H]C([H])=C([H])C([H])([H])n1c(SC([H])([H])C(=O)c2c([H])c([H])c3c(c2[H])C([H])([H])C([H])([H])C([H])([H])N3S(=O)(=O)C([H])([H])[H])nnc1-c1c([H])c([H])c([H])c(S(=O)(=O)N2C([H])([H])C([H])([H])OC([H])([H])C2([H])[H])c1[H]
KFEDRN.xaa_ZINC000514384658_142;-10.1074378;-10.705414;-10.545;72;617.775;RVQOCZZBTFGLAO-UHFFFAOYSA-N;[H]C([H])=C([H])C([H])([H])n1c(SC([H])([H])C(=O)c2c([H])c([H])c3c(c2[H])C([H])([H])C([H])([H])N3S(=O)(=O)C([H])([H])C([H])([H])[H])nnc1-c1c([H])c([H])c([H])c(S(=O)(=O)N2C([H])([H])C([H])([H])OC([H])([H])C2([H])[H])c1[H]
KFEDRN.xaa_ZINC000514405693_263;-10.0071894;-10.658691;-9.171;69;544.703;YHMAJPCTTYRPJV-RUZDIDTESA-N;[H]c1c([H])c(-c2nnc(SC([H])([H])C(=O)N([H])[C@@](C#N)(C([H])([H])[H])C3([H])C([H])([H])C3([H])[H])n2C2([H])C([H])([H])C([H])([H])C([H])([H])C2([H])[H])c([H])c(S(=O)(=O)N2C([H])([H])C([H])([H])OC([H])([H])C2([H])[H])c1[H]
KFEDRN.xaa_ZINC000514405694_264;-10.0309712;-10.621829;-10.642;69;544.703;YHMAJPCTTYRPJV-VWLOTQADSA-N;[H]c1c([H])c(-c2nnc(SC([H])([H])C(=O)N([H])[C@](C#N)(C([H])([H])[H])C3([H])C([H])([H])C3([H])[H])n2C2([H])C([H])([H])C([H])([H])C([H])([H])C2([H])[H])c([H])c(S(=O)(=O)N2C([H])([H])C([H])([H])OC([H])([H])C2([H])[H])c1[H]
KDBARN.xaa_ZINC000100497795_151;-10.2322816;-11.285204;-9.279;52;544.392;CKSBLYLWDYJJQE-UHFFFAOYSA-N;[H]c1c([H])c(C(=O)N([H])N2C(=O)c3c([H])c([H])c([N+](=O)[O-])c([H])c3C2=O)c([H])c(C(=O)N([H])N2C(=O)c3c([H])c([H])c([N+](=O)[O-])c([H])c3C2=O)c1[H]
KDBARN.xaa_ZINC000004018303_159;-10.3071156;-10.956378;-12.636;96;716.792;LKCUHQAOSYXGTB-RTOKGZNSSA-N;[H]c1c([H])c([H])c(C([H])([H])[C@@]([H])(C(=O)OC([H])([H])c2c([H])c([H])c([N+](=O)[O-])c([H])c2[H])N([H])C(=O)[C@@]([H])(N([H])C(=O)C([H])([H])N([H])C(=O)C([H])([H])N([H])C(=O)[C@]([H])(N([H])C(=O)C([H])([H])[H])C([H])([H])C([H])(C([H])([H])[H])C([H])([H])[H])C([H])([H])c2c([H])c([H])c([H])c([H])c2[H])c([H])c1[H]
KDBARN.xaa_ZINC000004018305_160;-10.1708592;-10.703634;-11.443;96;716.792;LKCUHQAOSYXGTB-IWWXRALLSA-N;[H]c1c([H])c([H])c(C([H])([H])[C@@]([H])(C(=O)OC([H])([H])c2c([H])c([H])c([N+](=O)[O-])c([H])c2[H])N([H])C(=O)[C@]([H])(N([H])C(=O)C([H])([H])N([H])C(=O)C([H])([H])N([H])C(=O)[C@]([H])(N([H])C(=O)C([H])([H])[H])C([H])([H])C([H])(C([H])([H])[H])C([H])([H])[H])C([H])([H])c2c([H])c([H])c([H])c([H])c2[H])c([H])c1[H]
KDBARN.xaa_ZINC000004211680_167;-12.1909318;-12.644074;-11.279;66;632.494;VZKPVTHKUXJKDM-UHFFFAOYSA-N;[H]c1c([H])c(C(=O)C([H])([H])OC(=O)c2c([H])c([H])c3c(c2[H])C(=O)N(C([H])([H])C(=O)N([H])C([H])([H])C(=O)OC([H])([H])C(=O)c2c([H])c([H])c([H])c([N+](=O)[O-])c2[H])C3=O)c([H])c([N+](=O)[O-])c1[H]
KDBARN.xaa_ZINC000150409819_188;-12.291685;-12.572179;-11.035;66;727.378;NHEZHRFUUXXAEK-UHFFFAOYSA-N;[H]c1c([H])c(C(=O)C([H])([H])OC(=O)C([H])([H])n2c(=O)c3c([H])c4c(=O)n(C([H])([H])C(=O)OC([H])([H])C(=O)c5c([H])c([H])c(Cl)c([N+](=O)[O-])c5[H])c(=O)c4c([H])c3c2=O)c([H])c([N+](=O)[O-])c1Cl
KDBARN.xaa_ZINC000150412087_189;-10.1137491;-11.259657;-11.106;82;650.78;JHAPATVCMGVCEK-UHFFFAOYSA-N;[H]c1c([H])c(S(=O)(=O)N([H])C([H])([H])C([H])([H])C([H])([H])C(=O)N2C([H])([H])N3C([H])([H])N(C(=O)C([H])([H])C([H])([H])C([H])([H])N([H])S(=O)(=O)c4c([H])c([H])c(C([H])([H])[H])c([H])c4[H])C([H])([H])C([N+](=O)[O-])(C2([H])[H])C3([H])[H])c([H])c([H])c1C([H])([H])[H]
KDBARN.xaa_ZINC000150451399_203;-10.2741706;-10.729163;-10.829;89;746.817;GEYMROPUVJTTOM-QCENPCRXSA-N;[H]O[C@]([H])(c1c([H])c([H])c([N+](=O)[O-])c([H])c1[H])[C@@]([H])(N([H])C(=O)c1c([H])c([H])c(C([H])([H])[H])c(S(=O)(=O)N2C([H])([H])C([H])([H])OC([H])([H])C2([H])[H])c1[H])C([H])([H])OC(=O)c1c([H])c([H])c(C([H])([H])[H])c(S(=O)(=O)N2C([H])([H])C([H])([H])OC([H])([H])C2([H])[H])c1[H]
KDBARN.xaa_ZINC000150451403_204;-10.525152;-10.958973;-10.915;89;746.817;GEYMROPUVJTTOM-GRKNLSHJSA-N;[H]O[C@]([H])(c1c([H])c([H])c([N+](=O)[O-])c([H])c1[H])[C@]([H])(N([H])C(=O)c1c([H])c([H])c(C([H])([H])[H])c(S(=O)(=O)N2C([H])([H])C([H])([H])OC([H])([H])C2([H])[H])c1[H])C([H])([H])OC(=O)c1c([H])c([H])c(C([H])([H])[H])c(S(=O)(=O)N2C([H])([H])C([H])([H])OC([H])([H])C2([H])[H])c1[H]
KDBARN.xaa_ZINC000150451411_205;-10.363751400000002;-10.912584;-11.054;89;746.817;GEYMROPUVJTTOM-MVSFAKPFSA-N;[H]O[C@@]([H])(c1c([H])c([H])c([N+](=O)[O-])c([H])c1[H])[C@]([H])(N([H])C(=O)c1c([H])c([H])c(C([H])([H])[H])c(S(=O)(=O)N2C([H])([H])C([H])([H])OC([H])([H])C2([H])[H])c1[H])C([H])([H])OC(=O)c1c([H])c([H])c(C([H])([H])[H])c(S(=O)(=O)N2C([H])([H])C([H])([H])OC([H])([H])C2([H])[H])c1[H]
KDBARN.xaa_ZINC000150451407_206;-10.5671086;-10.898193;-11.288;89;746.817;GEYMROPUVJTTOM-IZEXYCQBSA-N;[H]O[C@@]([H])(c1c([H])c([H])c([N+](=O)[O-])c([H])c1[H])[C@@]([H])(N([H])C(=O)c1c([H])c([H])c(C([H])([H])[H])c(S(=O)(=O)N2C([H])([H])C([H])([H])OC([H])([H])C2([H])[H])c1[H])C([H])([H])OC(=O)c1c([H])c([H])c(C([H])([H])[H])c(S(=O)(=O)N2C([H])([H])C([H])([H])OC([H])([H])C2([H])[H])c1[H]
KDBARN.xaa_ZINC000150662732_214;-10.323091000000002;-10.96468;-11.621;96;716.792;LKCUHQAOSYXGTB-XWHIBYANSA-N;[H]c1c([H])c([H])c(C([H])([H])[C@]([H])(C(=O)OC([H])([H])c2c([H])c([H])c([N+](=O)[O-])c([H])c2[H])N([H])C(=O)[C@]([H])(N([H])C(=O)C([H])([H])N([H])C(=O)C([H])([H])N([H])C(=O)[C@]([H])(N([H])C(=O)C([H])([H])[H])C([H])([H])C([H])(C([H])([H])[H])C([H])([H])[H])C([H])([H])c2c([H])c([H])c([H])c([H])c2[H])c([H])c1[H]
KDBARN.xaa_ZINC000150662734_215;-10.1663626;-10.715557;-11.789;96;716.792;LKCUHQAOSYXGTB-YKILCQELSA-N;[H]c1c([H])c([H])c(C([H])([H])[C@@]([H])(C(=O)N([H])[C@@]([H])(C(=O)OC([H])([H])c2c([H])c([H])c([N+](=O)[O-])c([H])c2[H])C([H])([H])c2c([H])c([H])c([H])c([H])c2[H])N([H])C(=O)C([H])([H])N([H])C(=O)C([H])([H])N([H])C(=O)[C@]([H])(N([H])C(=O)C([H])([H])[H])C([H])([H])C([H])(C([H])([H])[H])C([H])([H])[H])c([H])c1[H]
KDBARN.xaa_ZINC000102109863_295;-10.6211828;-10.836557;-9.937;63;544.477;VSJAQJVIDDWEDB-PKOBYXMFSA-N;[H]c1c([H])c([N+](=O)[O-])c([H])c([N+](=O)[O-])c1N1C([H])([H])C([H])([H])C([H])([H])[C@]1([H])C(=O)N([H])[C@]([H])(C(=O)OC([H])([H])c1c([H])c([H])c([N+](=O)[O-])c([H])c1[H])C([H])([H])C([H])([H])C(=O)N([H])[H]
KDBARN.xaa_ZINC000102118877_300;-11.6571326;-12.071785;-10.238;56;517.411;NOTZNKMJRHKVDH-UHFFFAOYSA-N;[H]c1c(C(=O)N([H])C([H])([H])C([H])([H])N2C([H])([H])C([H])([H])N(C(=O)c3c([H])c([N+](=O)[O-])c([H])c([N+](=O)[O-])c3[H])C([H])([H])C2([H])[H])c([H])c([N+](=O)[O-])c([H])c1[N+](=O)[O-]
KDBARN.xaa_ZINC000102119006_301;-10.3884105;-10.778002;-9.572;56;517.411;HKNLZNLYSNVARY-UHFFFAOYSA-N;[H]c1c([H])c([N+](=O)[O-])c([H])c([N+](=O)[O-])c1C(=O)N([H])C([H])([H])C([H])([H])N1C([H])([H])C([H])([H])N(C(=O)c2c([H])c([H])c([N+](=O)[O-])c([H])c2[N+](=O)[O-])C([H])([H])C1([H])[H]
KEABMN.xaa_ZINC000253395968_55;-10.3107539;-10.651492;-9.493;89;616.759;CWIQNESXHIKYFH-AUXUOOQGSA-N;[H]c1c([H])c([H])c2c(c1[H])OC([H])([H])C([H])([H])[C@@]1([H])O[C@]([H])(C([H])([H])N([H])C(=O)[C@@]3([H])N(C2=O)C([H])([H])C([H])([H])N(C2([H])C([H])([H])c4c([H])c([H])c([H])c([H])c4C2([H])[H])C3([H])[H])[C@]([H])(N([H])C(=O)C2([H])C([H])([H])C([H])([H])OC([H])([H])C2([H])[H])C([H])([H])C1([H])[H]
KEABMN.xaa_ZINC000253401927_65;-10.2663732;-11.100501;-9.384;93;655.8;NTDUCUBEFDBHOK-HJIIPFHSSA-N;[H]c1c([H])c([H])c2c(c1[H])OC([H])([H])C([H])([H])[C@@]1([H])O[C@]([H])(C([H])([H])N([H])C(=O)[C@@]3([H])N(C2=O)C([H])([H])C([H])([H])N(C2([H])C([H])([H])c4c([H])c([H])c([H])c([H])c4C2([H])[H])C3([H])[H])[C@]([H])(n2nnc(C([H])([H])N3C([H])([H])C([H])([H])OC([H])([H])C3([H])[H])c2[H])C([H])([H])C1([H])[H]
KEABMN.xaa_ZINC000100341538_97;-10.0455358;-10.403215;-10.346;76;586.686;GMVFPWNFFVTYGC-WNCULLNHSA-N;[H]c1c([H])c([H])c2c(c1[H])C(=O)N(C([H])([H])C(=O)N(C([H])([H])C([H])([H])N1C([H])([H])C([H])([H])C([H])([H])C([H])([H])C1([H])[H])[C@@]([H])(C(=O)N([H])C([H])([H])[C@@]1([H])OC([H])([H])C([H])([H])C1([H])[H])c1c([H])c([H])c(F)c([H])c1[H])S2(=O)=O
KEABMN.xaa_ZINC000100341547_99;-10.0150092;-10.423948;-10.426;76;586.686;GMVFPWNFFVTYGC-YIXXDRMTSA-N;[H]c1c([H])c([H])c2c(c1[H])C(=O)N(C([H])([H])C(=O)N(C([H])([H])C([H])([H])N1C([H])([H])C([H])([H])C([H])([H])C([H])([H])C1([H])[H])[C@@]([H])(C(=O)N([H])C([H])([H])[C@]1([H])OC([H])([H])C([H])([H])C1([H])[H])c1c([H])c([H])c(F)c([H])c1[H])S2(=O)=O
KEABMN.xaa_ZINC000150362849_184;-12.5837278;-14.029846;-13.195;103;770.891;JFMKMZZAVDKJAH-QFGZHHBCSA-N;[H]Oc1c([H])c([H])c(C([H])([H])[C@@]([H])(C(=O)N([H])[C@@]([H])(C(=O)N([H])[C@]([H])(C(=O)N([H])[C@]([H])(C(=O)N([H])[C@@]([H])(C(=O)N([H])[H])C([H])([H])c2c([H])c([H])c([H])c([H])c2[H])C([H])([H])c2c([H])n([H])c3c([H])c([H])c([H])c([H])c23)C([H])([H])[H])C([H])([H])c2c([H])n([H])c3c([H])c([H])c([H])c([H])c23)N([H])[H])c([H])c1[H]
KKAAMP.xaa_ZINC000299798253_4;-10.3096536;-11.115635;-11.656;82;565.177;QTNZDSQJMPYIOQ-CDZUIXILSA-P;[H]c1c([H])c([H])c(C([H])([H])C([H])([H])[N@+]2([H])C([H])([H])C([H])([H])[C@@]([H])([N+]([H])([H])[C@]3([H])C([H])([H])N(C([H])([H])c4c([H])c([H])c([H])c(Cl)c4[H])[C@]([H])(C(=O)N([H])C([H])([H])C([H])([H])c4c([H])c([H])c([H])c([H])c4F)C3([H])[H])C([H])([H])C2([H])[H])c([H])c1[H]
KKAAMP.xaa_ZINC000199305058_12;-10.0613068;-11.146282;-12.272;84;527.753;VDVXWSMCRKUYMN-OODHRNECSA-P;[H]c1c([H])c2c(c([H])c1OC([H])([H])[C@@]1([H])C([H])([H])[C@@]([H])(C(=O)N([H])C([H])([H])C([H])([H])[C@@]3([H])C([H])([H])C([H])([H])C([H])([H])[N@+]3([H])C([H])([H])[H])C([H])([H])[N@@+]([H])(C([H])([H])c3c([H])c([H])c4c([H])c([H])c([H])c([H])c4c3[H])C1([H])[H])C([H])([H])C([H])([H])C2([H])[H]
KKAAMP.xaa_ZINC000199305058_13;-10.3015532;-11.233227;-11.673;84;527.753;VDVXWSMCRKUYMN-OODHRNECSA-P;[H]c1c([H])c2c(c([H])c1OC([H])([H])[C@@]1([H])C([H])([H])[C@@]([H])(C(=O)N([H])C([H])([H])C([H])([H])[C@@]3([H])C([H])([H])C([H])([H])C([H])([H])[N@@+]3([H])C([H])([H])[H])C([H])([H])[N@@+]([H])(C([H])([H])c3c([H])c([H])c4c([H])c([H])c([H])c([H])c4c3[H])C1([H])[H])C([H])([H])C([H])([H])C2([H])[H]
KKAAMP.xaa_ZINC000199305058_14;-10.3502194;-10.578515;-11.39;84;527.753;VDVXWSMCRKUYMN-OODHRNECSA-P;[H]c1c([H])c2c(c([H])c1OC([H])([H])[C@@]1([H])C([H])([H])[C@@]([H])(C(=O)N([H])C([H])([H])C([H])([H])[C@@]3([H])C([H])([H])C([H])([H])C([H])([H])[N@@+]3([H])C([H])([H])[H])C([H])([H])[N@+]([H])(C([H])([H])c3c([H])c([H])c4c([H])c([H])c([H])c([H])c4c3[H])C1([H])[H])C([H])([H])C([H])([H])C2([H])[H]
KKAAMP.xaa_ZINC000199305079_15;-10.3799912;-11.499425;-12.008;84;527.753;VDVXWSMCRKUYMN-YKTXNGGMSA-P;[H]c1c([H])c2c(c([H])c1OC([H])([H])[C@@]1([H])C([H])([H])[C@@]([H])(C(=O)N([H])C([H])([H])C([H])([H])[C@]3([H])C([H])([H])C([H])([H])C([H])([H])[N@+]3([H])C([H])([H])[H])C([H])([H])[N@@+]([H])(C([H])([H])c3c([H])c([H])c4c([H])c([H])c([H])c([H])c4c3[H])C1([H])[H])C([H])([H])C([H])([H])C2([H])[H]
KKAAMP.xaa_ZINC000199305079_16;-10.2163897;-11.080147;-12.193;84;527.753;VDVXWSMCRKUYMN-YKTXNGGMSA-P;[H]c1c([H])c2c(c([H])c1OC([H])([H])[C@@]1([H])C([H])([H])[C@@]([H])(C(=O)N([H])C([H])([H])C([H])([H])[C@]3([H])C([H])([H])C([H])([H])C([H])([H])[N@@+]3([H])C([H])([H])[H])C([H])([H])[N@@+]([H])(C([H])([H])c3c([H])c([H])c4c([H])c([H])c([H])c([H])c4c3[H])C1([H])[H])C([H])([H])C([H])([H])C2([H])[H]
KKAAMP.xaa_ZINC000199305079_17;-10.2812092;-10.632029;-12.013;84;527.753;VDVXWSMCRKUYMN-YKTXNGGMSA-P;[H]c1c([H])c2c(c([H])c1OC([H])([H])[C@@]1([H])C([H])([H])[C@@]([H])(C(=O)N([H])C([H])([H])C([H])([H])[C@]3([H])C([H])([H])C([H])([H])C([H])([H])[N@@+]3([H])C([H])([H])[H])C([H])([H])[N@+]([H])(C([H])([H])c3c([H])c([H])c4c([H])c([H])c([H])c([H])c4c3[H])C1([H])[H])C([H])([H])C([H])([H])C2([H])[H]
KKAAMP.xaa_ZINC000150604768_18;-10.9729112;-11.361512;-12.801;103;690.951;QYZYVFHHHAUMJI-VHXPQNKSSA-P;[H]/C(C(=O)N([H])c1c([H])c([H])c([H])c([H])c1C([H])([H])[N@+]([H])(C([H])([H])[H])C1([H])C([H])([H])C([H])([H])C([H])([H])C([H])([H])C1([H])[H])=C(\[H])c1c([H])c(OC([H])([H])[H])c(OC([H])([H])[H])c(S(=O)(=O)N([H])c2c([H])c([H])c([H])c([H])c2C([H])([H])[N@@+]([H])(C([H])([H])[H])C2([H])C([H])([H])C([H])([H])C([H])([H])C([H])([H])C2([H])[H])c1[H]
KKAAMP.xaa_ZINC000150604768_19;-11.3062474;-12.025791;-11.24;103;690.951;QYZYVFHHHAUMJI-VHXPQNKSSA-P;[H]/C(C(=O)N([H])c1c([H])c([H])c([H])c([H])c1C([H])([H])[N@@+]([H])(C([H])([H])[H])C1([H])C([H])([H])C([H])([H])C([H])([H])C([H])([H])C1([H])[H])=C(\[H])c1c([H])c(OC([H])([H])[H])c(OC([H])([H])[H])c(S(=O)(=O)N([H])c2c([H])c([H])c([H])c([H])c2C([H])([H])[N@@+]([H])(C([H])([H])[H])C2([H])C([H])([H])C([H])([H])C([H])([H])C([H])([H])C2([H])[H])c1[H]
KKAAMP.xaa_ZINC000150604768_20;-10.9306657;-11.548998;-11.122;103;690.951;QYZYVFHHHAUMJI-VHXPQNKSSA-P;[H]/C(C(=O)N([H])c1c([H])c([H])c([H])c([H])c1C([H])([H])[N@@+]([H])(C([H])([H])[H])C1([H])C([H])([H])C([H])([H])C([H])([H])C([H])([H])C1([H])[H])=C(\[H])c1c([H])c(OC([H])([H])[H])c(OC([H])([H])[H])c(S(=O)(=O)N([H])c2c([H])c([H])c([H])c([H])c2C([H])([H])[N@+]([H])(C([H])([H])[H])C2([H])C([H])([H])C([H])([H])C([H])([H])C([H])([H])C2([H])[H])c1[H]
KKAAMP.xaa_ZINC000150604768_21;-11.3062474;-12.025791;-10.984;103;690.951;QYZYVFHHHAUMJI-VHXPQNKSSA-P;[H]/C(C(=O)N([H])c1c([H])c([H])c([H])c([H])c1C([H])([H])[N@@+]([H])(C([H])([H])[H])C1([H])C([H])([H])C([H])([H])C([H])([H])C([H])([H])C1([H])[H])=C(\[H])c1c([H])c(OC([H])([H])[H])c(OC([H])([H])[H])c(S(=O)(=O)N([H])c2c([H])c([H])c([H])c([H])c2C([H])([H])[N@@+]([H])(C([H])([H])[H])C2([H])C([H])([H])C([H])([H])C([H])([H])C([H])([H])C2([H])[H])c1[H]
KKAAMP.xaa_ZINC000012159383_24;-10.4655676;-10.811046;-10.919;82;516.73;WOUUPFRMPVKLJF-LJAQVGFWSA-P;[H]c1nc2c(C([H])([H])[N@@+]([H])(C([H])([H])[H])C([H])([H])c3c([H])c([H])c([H])c(OC([H])([H])C([H])([H])[C@@]4([H])N(C(=O)C([H])([H])[N+]5([H])C([H])([H])C([H])([H])C([H])([H])C([H])([H])C5([H])[H])C([H])([H])C([H])([H])C([H])([H])C4([H])[H])c3[H])c([H])c([H])c([H])c2c([H])c1[H]
KKAAMP.xaa_ZINC000012159389_25;-10.5214539;-10.969803;-11.163;82;516.73;WOUUPFRMPVKLJF-GDLZYMKVSA-P;[H]c1nc2c(C([H])([H])[N@@+]([H])(C([H])([H])[H])C([H])([H])c3c([H])c([H])c([H])c(OC([H])([H])C([H])([H])[C@]4([H])N(C(=O)C([H])([H])[N+]5([H])C([H])([H])C([H])([H])C([H])([H])C([H])([H])C5([H])[H])C([H])([H])C([H])([H])C([H])([H])C4([H])[H])c3[H])c([H])c([H])c([H])c2c([H])c1[H]
KKAAMP.xaa_ZINC000245380791_28;-10.274930799999998;-10.93747;-11.011;80;524.752;MTFXVXUBNOYWNP-DYLMPHRMSA-P;[H]c1c([H])c([H])c(C([H])([H])C([H])([H])[N@+]2([H])[C@@]([H])(c3c([H])c([H])c([H])c([H])c3[H])[C@]([H])(c3c([H])c([H])c([H])c([H])c3[H])[C@@]([H])([N+]([H])([H])C([H])([H])c3c([H])c([H])c([H])c([H])c3[H])C([H])([H])[C@@]2([H])c2c([H])c([H])c([H])c([H])c2[H])c([H])c1[H]
KKAAMP.xaa_ZINC000100181545_29;-10.0766292;-10.524472;-11.532;86;586.78;BOWAMZRCBVQGNT-UHFFFAOYSA-P;[H]c1c([H])c([H])c2c(c1[H])C([H])([H])C([H])([H])[N@@+]([H])(C([H])([H])c1c([H])c([H])c(C(=O)N3C([H])([H])C([H])([H])N(C(=O)c4c([H])c([H])c(C([H])([H])[N@+]5([H])C([H])([H])c6c([H])c([H])c([H])c([H])c6C([H])([H])C5([H])[H])c([H])c4[H])C([H])([H])C3([H])[H])c([H])c1[H])C2([H])[H]
KKAAMP.xaa_ZINC000009347631_30;-10.0225006;-10.576265;-10.439;80;524.752;MTFXVXUBNOYWNP-ZQWQDMLBSA-P;[H]c1c([H])c([H])c(C([H])([H])C([H])([H])[N@+]2([H])[C@@]([H])(c3c([H])c([H])c([H])c([H])c3[H])[C@@]([H])(c3c([H])c([H])c([H])c([H])c3[H])[C@@]([H])([N+]([H])([H])C([H])([H])c3c([H])c([H])c([H])c([H])c3[H])C([H])([H])[C@@]2([H])c2c([H])c([H])c([H])c([H])c2[H])c([H])c1[H]
KKAAMP.xaa_ZINC000252197604_33;-11.5412618;-12.003151;-12.617;91;856.373;SQBNAQMQCILGQW-QMWXCIFZSA-P;[H]O[C@@]([H])(C([H])([H])Oc1c(Br)c([H])c(C(c2c([H])c(Br)c(OC([H])([H])[C@@]([H])(O[H])C([H])([H])[N@+]3([H])C([H])([H])C([H])([H])C([H])([H])C([H])([H])[C@@]3([H])C([H])([H])[H])c(Br)c2[H])(C([H])([H])[H])C([H])([H])[H])c([H])c1Br)C([H])([H])[N@+]1([H])C([H])([H])C([H])([H])C([H])([H])C([H])([H])[C@@]1([H])C([H])([H])[H]
KKAAMP.xaa_ZINC000252197604_34;-11.5230869;-12.1945095;-13.154;91;856.373;SQBNAQMQCILGQW-QMWXCIFZSA-P;[H]O[C@@]([H])(C([H])([H])Oc1c(Br)c([H])c(C(c2c([H])c(Br)c(OC([H])([H])[C@@]([H])(O[H])C([H])([H])[N@@+]3([H])C([H])([H])C([H])([H])C([H])([H])C([H])([H])[C@@]3([H])C([H])([H])[H])c(Br)c2[H])(C([H])([H])[H])C([H])([H])[H])c([H])c1Br)C([H])([H])[N@+]1([H])C([H])([H])C([H])([H])C([H])([H])C([H])([H])[C@@]1([H])C([H])([H])[H]
KKAAMP.xaa_ZINC000252197604_35;-11.5230869;-12.1945095;-12.932;91;856.373;SQBNAQMQCILGQW-QMWXCIFZSA-P;[H]O[C@@]([H])(C([H])([H])Oc1c(Br)c([H])c(C(c2c([H])c(Br)c(OC([H])([H])[C@@]([H])(O[H])C([H])([H])[N@@+]3([H])C([H])([H])C([H])([H])C([H])([H])C([H])([H])[C@@]3([H])C([H])([H])[H])c(Br)c2[H])(C([H])([H])[H])C([H])([H])[H])c([H])c1Br)C([H])([H])[N@+]1([H])C([H])([H])C([H])([H])C([H])([H])C([H])([H])[C@@]1([H])C([H])([H])[H]
KKAAMP.xaa_ZINC000252197602_36;-11.3769008;-11.816119;-13.238;91;856.373;SQBNAQMQCILGQW-DDOAZUFRSA-P;[H]O[C@]([H])(C([H])([H])Oc1c(Br)c([H])c(C(c2c([H])c(Br)c(OC([H])([H])[C@@]([H])(O[H])C([H])([H])[N@@+]3([H])C([H])([H])C([H])([H])C([H])([H])C([H])([H])[C@]3([H])C([H])([H])[H])c(Br)c2[H])(C([H])([H])[H])C([H])([H])[H])c([H])c1Br)C([H])([H])[N@+]1([H])C([H])([H])C([H])([H])C([H])([H])C([H])([H])[C@@]1([H])C([H])([H])[H]
KKAAMP.xaa_ZINC000252197602_37;-11.36346;-11.946701;-13.328;91;856.373;SQBNAQMQCILGQW-DDOAZUFRSA-P;[H]O[C@]([H])(C([H])([H])Oc1c(Br)c([H])c(C(c2c([H])c(Br)c(OC([H])([H])[C@@]([H])(O[H])C([H])([H])[N@@+]3([H])C([H])([H])C([H])([H])C([H])([H])C([H])([H])[C@@]3([H])C([H])([H])[H])c(Br)c2[H])(C([H])([H])[H])C([H])([H])[H])c([H])c1Br)C([H])([H])[N@@+]1([H])C([H])([H])C([H])([H])C([H])([H])C([H])([H])[C@]1([H])C([H])([H])[H]
KKAAMP.xaa_ZINC000252197602_38;-11.36346;-11.946701;-12.578;91;856.373;SQBNAQMQCILGQW-DDOAZUFRSA-P;[H]O[C@]([H])(C([H])([H])Oc1c(Br)c([H])c(C(c2c([H])c(Br)c(OC([H])([H])[C@@]([H])(O[H])C([H])([H])[N@@+]3([H])C([H])([H])C([H])([H])C([H])([H])C([H])([H])[C@@]3([H])C([H])([H])[H])c(Br)c2[H])(C([H])([H])[H])C([H])([H])[H])c([H])c1Br)C([H])([H])[N@@+]1([H])C([H])([H])C([H])([H])C([H])([H])C([H])([H])[C@]1([H])C([H])([H])[H]
KKAAMP.xaa_ZINC000252197603_39;-11.2294117;-11.60426;-12.468;91;856.373;SQBNAQMQCILGQW-PWGHIRGTSA-P;[H]O[C@]([H])(C([H])([H])Oc1c(Br)c([H])c(C(c2c([H])c(Br)c(OC([H])([H])[C@@]([H])(O[H])C([H])([H])[N@+]3([H])C([H])([H])C([H])([H])C([H])([H])C([H])([H])[C@@]3([H])C([H])([H])[H])c(Br)c2[H])(C([H])([H])[H])C([H])([H])[H])c([H])c1Br)C([H])([H])[N@+]1([H])C([H])([H])C([H])([H])C([H])([H])C([H])([H])[C@@]1([H])C([H])([H])[H]
KKAAMP.xaa_ZINC000200528915_61;-10.4795054;-11.314155;-11.779;84;527.753;KKSWGFCCZGCKHG-YKTXNGGMSA-P;[H]c1c([H])c2c(c([H])c1OC([H])([H])[C@@]1([H])C([H])([H])[C@@]([H])(C(=O)N([H])C([H])([H])[C@]3([H])C([H])([H])C([H])([H])C([H])([H])[N@+]3([H])C([H])([H])C([H])([H])[H])C([H])([H])[N@@+]([H])(C([H])([H])c3c([H])c([H])c4c([H])c([H])c([H])c([H])c4c3[H])C1([H])[H])C([H])([H])C([H])([H])C2([H])[H]
KKAAMP.xaa_ZINC000200528915_62;-10.4112602;-10.648997;-11.901;84;527.753;KKSWGFCCZGCKHG-YKTXNGGMSA-P;[H]c1c([H])c2c(c([H])c1OC([H])([H])[C@@]1([H])C([H])([H])[C@@]([H])(C(=O)N([H])C([H])([H])[C@]3([H])C([H])([H])C([H])([H])C([H])([H])[N@@+]3([H])C([H])([H])C([H])([H])[H])C([H])([H])[N@@+]([H])(C([H])([H])c3c([H])c([H])c4c([H])c([H])c([H])c([H])c4c3[H])C1([H])[H])C([H])([H])C([H])([H])C2([H])[H]
KKAAMP.xaa_ZINC000200528915_63;-10.5055374;-10.770401;-11.765;84;527.753;KKSWGFCCZGCKHG-YKTXNGGMSA-P;[H]c1c([H])c2c(c([H])c1OC([H])([H])[C@@]1([H])C([H])([H])[C@@]([H])(C(=O)N([H])C([H])([H])[C@]3([H])C([H])([H])C([H])([H])C([H])([H])[N@@+]3([H])C([H])([H])C([H])([H])[H])C([H])([H])[N@+]([H])(C([H])([H])c3c([H])c([H])c4c([H])c([H])c([H])c([H])c4c3[H])C1([H])[H])C([H])([H])C([H])([H])C2([H])[H]
KKAAMP.xaa_ZINC000200528885_64;-10.273944;-10.972122;-12.247;84;527.753;KKSWGFCCZGCKHG-OODHRNECSA-P;[H]c1c([H])c2c(c([H])c1OC([H])([H])[C@@]1([H])C([H])([H])[C@@]([H])(C(=O)N([H])C([H])([H])[C@@]3([H])C([H])([H])C([H])([H])C([H])([H])[N@+]3([H])C([H])([H])C([H])([H])[H])C([H])([H])[N@@+]([H])(C([H])([H])c3c([H])c([H])c4c([H])c([H])c([H])c([H])c4c3[H])C1([H])[H])C([H])([H])C([H])([H])C2([H])[H]
KKAAMP.xaa_ZINC000200528885_65;-10.3897642;-10.966125;-11.61;84;527.753;KKSWGFCCZGCKHG-OODHRNECSA-P;[H]c1c([H])c2c(c([H])c1OC([H])([H])[C@@]1([H])C([H])([H])[C@@]([H])(C(=O)N([H])C([H])([H])[C@@]3([H])C([H])([H])C([H])([H])C([H])([H])[N@@+]3([H])C([H])([H])C([H])([H])[H])C([H])([H])[N@@+]([H])(C([H])([H])c3c([H])c([H])c4c([H])c([H])c([H])c([H])c4c3[H])C1([H])[H])C([H])([H])C([H])([H])C2([H])[H]
KKAAMP.xaa_ZINC000200528885_66;-10.6565325;-11.01273;-11.58;84;527.753;KKSWGFCCZGCKHG-OODHRNECSA-P;[H]c1c([H])c2c(c([H])c1OC([H])([H])[C@@]1([H])C([H])([H])[C@@]([H])(C(=O)N([H])C([H])([H])[C@@]3([H])C([H])([H])C([H])([H])C([H])([H])[N@@+]3([H])C([H])([H])C([H])([H])[H])C([H])([H])[N@+]([H])(C([H])([H])c3c([H])c([H])c4c([H])c([H])c([H])c([H])c4c3[H])C1([H])[H])C([H])([H])C([H])([H])C2([H])[H]
KKAAMP.xaa_ZINC000043763948_70;-10.1337281;-10.7236595;-11.016;70;509.633;YHBAPPMVVCHAQC-ZPGRZCPFSA-P;[H]c1c([H])c([H])c([C@@]([H])([C@]([H])(c2c([H])c([H])c([H])c([H])c2[H])[P+]2([H])C([H])([H])c3c([H])c([H])c4c([H])c([H])c([H])c([H])c4c3-c3c(c([H])c([H])c4c([H])c([H])c([H])c([H])c34)C2([H])[H])[N+]([H])([H])[H])c([H])c1[H]
KKAAMP.xaa_ZINC000254823487_76;-11.205377;-12.210451;-11.116;93;564.819;KVSODEOZJBNRSP-KAYWLYCHSA-P;[H]c1c([H])c(C([H])([H])c2c([H])c([H])c(N([H])C(=O)N([H])C([H])([H])C([H])([H])C([H])([H])[N@+]3([H])C([H])([H])C([H])([H])C([H])([H])C([H])([H])[C@@]3([H])C([H])([H])[H])c([H])c2[H])c([H])c([H])c1N([H])C(=O)N([H])C([H])([H])C([H])([H])C([H])([H])[N@+]1([H])C([H])([H])C([H])([H])C([H])([H])C([H])([H])[C@@]1([H])C([H])([H])[H]
KKAAMP.xaa_ZINC000106586649_84;-10.2469988;-10.998194;-10.238;80;524.752;MTFXVXUBNOYWNP-CDBYGCFJSA-P;[H]c1c([H])c([H])c(C([H])([H])C([H])([H])[N@@+]2([H])[C@]([H])(c3c([H])c([H])c([H])c([H])c3[H])C([H])([H])[C@]([H])([N+]([H])([H])C([H])([H])c3c([H])c([H])c([H])c([H])c3[H])[C@@]([H])(c3c([H])c([H])c([H])c([H])c3[H])[C@@]2([H])c2c([H])c([H])c([H])c([H])c2[H])c([H])c1[H]
KKAAMP.xaa_ZINC000060290818_96;-10.0919564;-10.7574;-9.809;74;508.626;VHHAZLMVLLIMHT-CUPIEXAXSA-P;[H]c1c([H])c([H])c([C@]2([H])C([H])([H])C([H])([H])[C@@]([H])(c3c([H])c([H])c([H])c([H])c3[H])[P+]2([H])C([H])([H])C([H])([H])[P+]2([H])[C@]([H])(c3c([H])c([H])c([H])c([H])c3[H])C([H])([H])C([H])([H])[C@@]2([H])c2c([H])c([H])c([H])c([H])c2[H])c([H])c1[H]
KKAAMP.xaa_ZINC000005648403_97;-11.2783668;-12.047867;-11.454;93;564.819;KVSODEOZJBNRSP-MKPDMIMOSA-P;[H]c1c([H])c(C([H])([H])c2c([H])c([H])c(N([H])C(=O)N([H])C([H])([H])C([H])([H])C([H])([H])[N@+]3([H])C([H])([H])C([H])([H])C([H])([H])C([H])([H])[C@@]3([H])C([H])([H])[H])c([H])c2[H])c([H])c([H])c1N([H])C(=O)N([H])C([H])([H])C([H])([H])C([H])([H])[N@+]1([H])C([H])([H])C([H])([H])C([H])([H])C([H])([H])[C@]1([H])C([H])([H])[H]
KKAAMP.xaa_ZINC000005648403_98;-11.0485758;-11.982958;-11.661;93;564.819;KVSODEOZJBNRSP-MKPDMIMOSA-P;[H]c1c([H])c(C([H])([H])c2c([H])c([H])c(N([H])C(=O)N([H])C([H])([H])C([H])([H])C([H])([H])[N@+]3([H])C([H])([H])C([H])([H])C([H])([H])C([H])([H])[C@@]3([H])C([H])([H])[H])c([H])c2[H])c([H])c([H])c1N([H])C(=O)N([H])C([H])([H])C([H])([H])C([H])([H])[N@@+]1([H])C([H])([H])C([H])([H])C([H])([H])C([H])([H])[C@]1([H])C([H])([H])[H]
KKAAMP.xaa_ZINC000005648403_99;-11.1273554;-12.023304;-11.779;93;564.819;KVSODEOZJBNRSP-MKPDMIMOSA-P;[H]c1c([H])c(C([H])([H])c2c([H])c([H])c(N([H])C(=O)N([H])C([H])([H])C([H])([H])C([H])([H])[N@@+]3([H])C([H])([H])C([H])([H])C([H])([H])C([H])([H])[C@@]3([H])C([H])([H])[H])c([H])c2[H])c([H])c([H])c1N([H])C(=O)N([H])C([H])([H])C([H])([H])C([H])([H])[N@@+]1([H])C([H])([H])C([H])([H])C([H])([H])C([H])([H])[C@]1([H])C([H])([H])[H]
KKAAMP.xaa_ZINC000005648404_100;-11.120138199999998;-12.003421;-11.868;93;564.819;KVSODEOZJBNRSP-SVBPBHIXSA-P;[H]c1c([H])c(C([H])([H])c2c([H])c([H])c(N([H])C(=O)N([H])C([H])([H])C([H])([H])C([H])([H])[N@+]3([H])C([H])([H])C([H])([H])C([H])([H])C([H])([H])[C@]3([H])C([H])([H])[H])c([H])c2[H])c([H])c([H])c1N([H])C(=O)N([H])C([H])([H])C([H])([H])C([H])([H])[N@@+]1([H])C([H])([H])C([H])([H])C([H])([H])C([H])([H])[C@]1([H])C([H])([H])[H]
KKAAMP.xaa_ZINC000150466906_101;-11.2520832;-11.861531;-12.27;91;856.373;SQBNAQMQCILGQW-CEWHCAETSA-P;[H]O[C@@]([H])(C([H])([H])Oc1c(Br)c([H])c(C(c2c([H])c(Br)c(OC([H])([H])[C@@]([H])(O[H])C([H])([H])[N@+]3([H])C([H])([H])C([H])([H])C([H])([H])C([H])([H])[C@@]3([H])C([H])([H])[H])c(Br)c2[H])(C([H])([H])[H])C([H])([H])[H])c([H])c1Br)C([H])([H])[N@+]1([H])C([H])([H])C([H])([H])C([H])([H])C([H])([H])[C@]1([H])C([H])([H])[H]
KKAAMP.xaa_ZINC000150466906_102;-11.2757964;-11.581823;-12.678;91;856.373;SQBNAQMQCILGQW-CEWHCAETSA-P;[H]O[C@@]([H])(C([H])([H])Oc1c(Br)c([H])c(C(c2c([H])c(Br)c(OC([H])([H])[C@@]([H])(O[H])C([H])([H])[N@+]3([H])C([H])([H])C([H])([H])C([H])([H])C([H])([H])[C@@]3([H])C([H])([H])[H])c(Br)c2[H])(C([H])([H])[H])C([H])([H])[H])c([H])c1Br)C([H])([H])[N@@+]1([H])C([H])([H])C([H])([H])C([H])([H])C([H])([H])[C@]1([H])C([H])([H])[H]
KKAAMP.xaa_ZINC000150466906_103;-11.2658272;-11.811998;-13.233;91;856.373;SQBNAQMQCILGQW-CEWHCAETSA-P;[H]O[C@@]([H])(C([H])([H])Oc1c(Br)c([H])c(C(c2c([H])c(Br)c(OC([H])([H])[C@@]([H])(O[H])C([H])([H])[N@@+]3([H])C([H])([H])C([H])([H])C([H])([H])C([H])([H])[C@@]3([H])C([H])([H])[H])c(Br)c2[H])(C([H])([H])[H])C([H])([H])[H])c([H])c1Br)C([H])([H])[N@@+]1([H])C([H])([H])C([H])([H])C([H])([H])C([H])([H])[C@]1([H])C([H])([H])[H]
KKAAMP.xaa_ZINC000100890045_104;-10.1833026;-10.7682495;-10.922;85;586.821;IVMOSHFMAARMIX-FJQKOURKSA-P;[H]c1c([H])c([H])c2c(c1[H])-c1c([H])c([H])c(C([H])([H])[N@+]3([H])C([H])([H])[C@]([H])(Sc4c([H])c([H])c(F)c([H])c4[H])C([H])([H])[C@@]3([H])C(=O)N3C([H])([H])C([H])([H])N([C@]4([H])C([H])([H])C([H])([H])[N@@+]([H])(C([H])([H])[H])C([H])([H])C4([H])[H])C([H])([H])C3([H])[H])c([H])c1C2([H])[H]
KKAAMP.xaa_ZINC000015745877_109;-10.2078262;-10.737041;-10.96;83;506.735;MWZXRVPXPBMGAC-UHFFFAOYSA-P;[H]c1c(C([H])([H])[H])c(N([H])C(=O)C([H])([H])[N+]2([H])C([H])([H])C([H])([H])C([H])([H])C2([H])[H])c(C([H])([H])[H])c([H])c1C(c1c([H])c(C([H])([H])[H])c(N([H])C(=O)C([H])([H])[N+]2([H])C([H])([H])C([H])([H])C([H])([H])C2([H])[H])c(C([H])([H])[H])c1[H])(C([H])([H])[H])C([H])([H])[H]
KKAAMP.xaa_ZINC000095611363_159;-10.341111799999998;-10.628842;-11.119;70;509.633;YHBAPPMVVCHAQC-LQFQNGICSA-P;[H]c1c([H])c([H])c([C@]([H])([C@@]([H])(c2c([H])c([H])c([H])c([H])c2[H])[P+]2([H])C([H])([H])c3c([H])c([H])c4c([H])c([H])c([H])c([H])c4c3-c3c(c([H])c([H])c4c([H])c([H])c([H])c([H])c34)C2([H])[H])[N+]([H])([H])[H])c([H])c1[H]
KKAAMP.xaa_ZINC000102034445_191;-10.2416658;-10.902728;-11.737;85;574.769;VWYBOQZLIDFHCH-HHHXNRCGSA-P;[H]c1c([H])c([H])c2c(c1[H])C([H])([H])C([H])([H])[N@@+]([H])(C([H])([H])c1c([H])c([H])c(C(=O)N([H])C([H])([H])[C@]([H])(N([H])C(=O)c3c([H])c([H])c(C([H])([H])[N@@+]4([H])C([H])([H])c5c([H])c([H])c([H])c([H])c5C([H])([H])C4([H])[H])c([H])c3[H])C([H])([H])[H])c([H])c1[H])C2([H])[H]
KKAAMP.xaa_ZINC000102034440_193;-10.7404956;-11.264348;-11.765;85;574.769;VWYBOQZLIDFHCH-MHZLTWQESA-P;[H]c1c([H])c([H])c2c(c1[H])C([H])([H])C([H])([H])[N@@+]([H])(C([H])([H])c1c([H])c([H])c(C(=O)N([H])[C@@]([H])(C([H])([H])[H])C([H])([H])N([H])C(=O)c3c([H])c([H])c(C([H])([H])[N@+]4([H])C([H])([H])c5c([H])c([H])c([H])c([H])c5C([H])([H])C4([H])[H])c([H])c3[H])c([H])c1[H])C2([H])[H]
KKAAMP.xaa_ZINC000102034440_194;-10.888318;-11.36844;-12.317;85;574.769;VWYBOQZLIDFHCH-MHZLTWQESA-P;[H]c1c([H])c([H])c2c(c1[H])C([H])([H])C([H])([H])[N@@+]([H])(C([H])([H])c1c([H])c([H])c(C(=O)N([H])C([H])([H])[C@@]([H])(N([H])C(=O)c3c([H])c([H])c(C([H])([H])[N@@+]4([H])C([H])([H])c5c([H])c([H])c([H])c([H])c5C([H])([H])C4([H])[H])c([H])c3[H])C([H])([H])[H])c([H])c1[H])C2([H])[H]
KKAAMP.xaa_ZINC000102034440_195;-10.7336822;-11.182045;-12.036;85;574.769;VWYBOQZLIDFHCH-MHZLTWQESA-P;[H]c1c([H])c([H])c2c(c1[H])C([H])([H])C([H])([H])[N@@+]([H])(C([H])([H])c1c([H])c([H])c(C(=O)N([H])C([H])([H])[C@@]([H])(N([H])C(=O)c3c([H])c([H])c(C([H])([H])[N@+]4([H])C([H])([H])c5c([H])c([H])c([H])c([H])c5C([H])([H])C4([H])[H])c([H])c3[H])C([H])([H])[H])c([H])c1[H])C2([H])[H]
KKAAMP.xaa_ZINC000102104862_196;-10.2677317;-10.584887;-11.618;79;557.764;JZKPYWHSPIQFTQ-OFSOJUDTSA-P;[H]c1c([H])c([H])c(C([H])([H])Oc2c([H])c([H])c(C([H])([H])[N@+]3([H])C([H])([H])[C@]([H])(Sc4nc5c([H])c([H])c([H])c([H])c5n4[H])C([H])([H])[C@@]3([H])C(=O)N3C([H])([H])C([H])([H])C([H])([H])[N@@+]([H])(C([H])([H])[H])C([H])([H])C3([H])[H])c([H])c2[H])c([H])c1[H]
KKAAMP.xaa_ZINC000102104862_197;-10.3960286;-11.39191;-10.456;79;557.764;JZKPYWHSPIQFTQ-OFSOJUDTSA-P;[H]c1c([H])c([H])c(C([H])([H])Oc2c([H])c([H])c(C([H])([H])[N@+]3([H])C([H])([H])[C@]([H])(Sc4nc5c([H])c([H])c([H])c([H])c5n4[H])C([H])([H])[C@@]3([H])C(=O)N3C([H])([H])C([H])([H])C([H])([H])[N@+]([H])(C([H])([H])[H])C([H])([H])C3([H])[H])c([H])c2[H])c([H])c1[H]
KKAAMP.xaa_ZINC000102104862_198;-10.2556454;-10.767026;-10.482;79;557.764;JZKPYWHSPIQFTQ-OFSOJUDTSA-P;[H]c1c([H])c([H])c(C([H])([H])Oc2c([H])c([H])c(C([H])([H])[N@@+]3([H])C([H])([H])[C@]([H])(Sc4nc5c([H])c([H])c([H])c([H])c5n4[H])C([H])([H])[C@@]3([H])C(=O)N3C([H])([H])C([H])([H])C([H])([H])[N@@+]([H])(C([H])([H])[H])C([H])([H])C3([H])[H])c([H])c2[H])c([H])c1[H]
KKAAMP.xaa_ZINC000102406052_207;-10.244027;-10.925291;-11.823;84;540.752;LTPNREFXLJNFGW-WTGSTYHVSA-P;[H]c1c([H])c2c(c([H])c1N([H])C(=O)[C@]1([H])C([H])([H])[C@]([H])(C(=O)N([H])C([H])([H])[C@]3([H])C([H])([H])C([H])([H])C([H])([H])[N@+]3([H])C([H])([H])C([H])([H])[H])C([H])([H])[N@+]([H])(C([H])([H])c3c([H])c([H])c4c([H])c([H])c([H])c([H])c4c3[H])C1([H])[H])C([H])([H])C([H])([H])C2([H])[H]
KKAAMP.xaa_ZINC000102406052_209;-10.1143048;-10.98625;-12.113;84;540.752;LTPNREFXLJNFGW-WTGSTYHVSA-P;[H]c1c([H])c2c(c([H])c1N([H])C(=O)[C@]1([H])C([H])([H])[C@]([H])(C(=O)N([H])C([H])([H])[C@]3([H])C([H])([H])C([H])([H])C([H])([H])[N@@+]3([H])C([H])([H])C([H])([H])[H])C([H])([H])[N@+]([H])(C([H])([H])c3c([H])c([H])c4c([H])c([H])c([H])c([H])c4c3[H])C1([H])[H])C([H])([H])C([H])([H])C2([H])[H]
KKAAMP.xaa_ZINC000102406049_212;-10.19459;-10.732636;-11.618;84;540.752;LTPNREFXLJNFGW-XAGDYJCDSA-P;[H]c1c([H])c2c(c([H])c1N([H])C(=O)[C@]1([H])C([H])([H])[C@]([H])(C(=O)N([H])C([H])([H])[C@@]3([H])C([H])([H])C([H])([H])C([H])([H])[N@@+]3([H])C([H])([H])C([H])([H])[H])C([H])([H])[N@+]([H])(C([H])([H])c3c([H])c([H])c4c([H])c([H])c([H])c([H])c4c3[H])C1([H])[H])C([H])([H])C([H])([H])C2([H])[H]
KKAAMP.xaa_ZINC000097981057_228;-11.5013222;-12.056583;-13.075;103;690.951;QYZYVFHHHAUMJI-WCWDXBQESA-P;[H]/C(C(=O)N([H])c1c([H])c([H])c([H])c([H])c1C([H])([H])[N@+]([H])(C([H])([H])[H])C1([H])C([H])([H])C([H])([H])C([H])([H])C([H])([H])C1([H])[H])=C(/[H])c1c([H])c(OC([H])([H])[H])c(OC([H])([H])[H])c(S(=O)(=O)N([H])c2c([H])c([H])c([H])c([H])c2C([H])([H])[N@@+]([H])(C([H])([H])[H])C2([H])C([H])([H])C([H])([H])C([H])([H])C([H])([H])C2([H])[H])c1[H]
KKAAMP.xaa_ZINC000097981057_229;-11.655749;-12.335051;-11.905;103;690.951;QYZYVFHHHAUMJI-WCWDXBQESA-P;[H]/C(C(=O)N([H])c1c([H])c([H])c([H])c([H])c1C([H])([H])[N@@+]([H])(C([H])([H])[H])C1([H])C([H])([H])C([H])([H])C([H])([H])C([H])([H])C1([H])[H])=C(/[H])c1c([H])c(OC([H])([H])[H])c(OC([H])([H])[H])c(S(=O)(=O)N([H])c2c([H])c([H])c([H])c([H])c2C([H])([H])[N@@+]([H])(C([H])([H])[H])C2([H])C([H])([H])C([H])([H])C([H])([H])C([H])([H])C2([H])[H])c1[H]
KKAAMP.xaa_ZINC000097981057_230;-11.1905352;-11.730049;-11.662;103;690.951;QYZYVFHHHAUMJI-WCWDXBQESA-P;[H]/C(C(=O)N([H])c1c([H])c([H])c([H])c([H])c1C([H])([H])[N@@+]([H])(C([H])([H])[H])C1([H])C([H])([H])C([H])([H])C([H])([H])C([H])([H])C1([H])[H])=C(/[H])c1c([H])c(OC([H])([H])[H])c(OC([H])([H])[H])c(S(=O)(=O)N([H])c2c([H])c([H])c([H])c([H])c2C([H])([H])[N@+]([H])(C([H])([H])[H])C2([H])C([H])([H])C([H])([H])C([H])([H])C([H])([H])C2([H])[H])c1[H]
KKAAMP.xaa_ZINC000097981057_231;-11.655749;-12.335051;-11.981;103;690.951;QYZYVFHHHAUMJI-WCWDXBQESA-P;[H]/C(C(=O)N([H])c1c([H])c([H])c([H])c([H])c1C([H])([H])[N@@+]([H])(C([H])([H])[H])C1([H])C([H])([H])C([H])([H])C([H])([H])C([H])([H])C1([H])[H])=C(/[H])c1c([H])c(OC([H])([H])[H])c(OC([H])([H])[H])c(S(=O)(=O)N([H])c2c([H])c([H])c([H])c([H])c2C([H])([H])[N@@+]([H])(C([H])([H])[H])C2([H])C([H])([H])C([H])([H])C([H])([H])C([H])([H])C2([H])[H])c1[H]
KKADRO.xaa_ZINC000028780826_171;-10.0291606;-10.367552;-9.635;58;500.556;MLVMYSYTTJGJGN-VWLOTQADSA-O;[H]OC([H])([H])c1c([H])c([H])c([H])[n+]([C@@]([H])(C(=O)c2c([H])c([H])c([H])c([N+](=O)[O-])c2[H])C(=S)N([H])c2c([H])c([H])c(Oc3c([H])c([H])c([H])c([H])c3[H])c([H])c2[H])c1[H]
KKADRO.xaa_ZINC000043204176_238;-10.143749599999998;-10.759322;-11.163;86;617.642;GNSVFEJLUPMLCZ-IXCJQBJRSA-O;[H]c1nc(C2([H])C([H])([H])C([H])([H])N(C(=O)[C@]([H])(N([H])C(=O)N3C([H])([H])C([H])([H])C([H])([H])C3([H])[H])C([H])([H])c3c([H])c([H])c(Cl)c([H])c3Cl)C([H])([H])C2([H])[H])c(OC([H])([H])[C@@]([H])(C([H])([H])C([H])([H])[H])[N+]2([H])C([H])([H])C([H])([H])C([H])([H])C2([H])[H])c([H])c1[H]
KKADRO.xaa_ZINC001217747282_386;-10.5801825;-11.085276;-11.582;63;501.01;CITLHAGXMPHTAQ-ZCYQVOJMSA-O;[H]c1c([H])c([H])c(C([H])([H])[C@@]([H])(c2nnc(-c3c([H])c([H])c(Cl)c([H])c3C([H])([H])[H])o2)N([H])C(=O)[C@]([H])(C([H])([H])c2c([H])n([H])c3c([H])c([H])c([H])c([H])c23)[N+]([H])([H])[H])c([H])c1[H]
KKBBMM.xaa_ZINC000408842958_4;-10.614834900000002;-11.3051405;-9.647;53;685.317;KTZFSVVVFLFSGD-XOBACGFXSA-M;[H]/C(c1c([H])c(Br)c([H])c(I)c1[O-])=c1\sc2n(c1=O)[C@@]([H])(c1c([H])c([H])c([H])c([N+](=O)[O-])c1[H])C1=C(N=2)c2c([H])c([H])c([H])c([H])c2C([H])([H])C1([H])[H]
KKBBMM.xaa_ZINC000408921814_12;-10.983114400000002;-11.747381;-11.399;63;614.081;PIOMIKZQPDUTMB-UHFFFAOYSA-N;[H]c1c([H])c([H])c(S(=O)(=O)N(c2c([H])c([H])c([H])c([N+](=O)[O-])c2[H])C([H])([H])C(=O)N([H])c2c([H])c([H])c(S(=O)(=O)[N-]c3c([H])c([H])c([H])c(Cl)c3C([H])([H])[H])c([H])c2[H])c([H])c1[H]
KKBBMM.xaa_ZINC000408921714_14;-10.0516526;-10.312743;-10.646;59;512.567;CLKBZHJSTSXDKZ-ZXVVBBHZSA-N;[H]/C(=C(\C(=O)N([H])c1c([H])c([H])c(S(=O)(=O)[N-]c2c([H])c([H])c([H])c(C([H])([H])[H])c2[H])c([H])c1[H])c1c([H])c([H])c([H])c([H])c1[H])c1c([H])c([H])c([H])c([N+](=O)[O-])c1[H]
KKBBMM.xaa_ZINC000408920815_16;-10.1043461;-10.388245;-11.216;62;548.6;NZYSRGGSQOGFGA-XHLNEMQHSA-N;[H]/C(=C(\C(=O)N([H])c1c([H])c([H])c(S(=O)(=O)[N-]c2c([H])c([H])c([H])c3c([H])c([H])c([H])c([H])c23)c([H])c1[H])c1c([H])c([H])c([H])c([H])c1[H])c1c([H])c([H])c([N+](=O)[O-])c([H])c1[H]
KKBBMM.xaa_ZINC000102896828_21;-10.5115398;-10.927415;-9.973;60;568.949;SPVJMWLWJKWAGN-UIOOFZCWSA-M;[H]c1c([H])c([H])c(C(=O)Oc2c([H])c([H])c([C@]3([H])N(c4c([H])c([H])c([H])c([N+](=O)[O-])c4[H])OC4=C([O-])N(c5c([H])c([H])c(Cl)c([H])c5[H])C(=O)[C@]43[H])c([H])c2[H])c([H])c1[H]
KKBBMM.xaa_ZINC000102896825_22;-10.82501;-11.359121;-11.714;60;568.949;SPVJMWLWJKWAGN-FTJBHMTQSA-M;[H]c1c([H])c([H])c(C(=O)Oc2c([H])c([H])c([C@]3([H])N(c4c([H])c([H])c([H])c([N+](=O)[O-])c4[H])OC4=C([O-])N(c5c([H])c([H])c(Cl)c([H])c5[H])C(=O)[C@@]43[H])c([H])c2[H])c([H])c1[H]
KKBBMM.xaa_ZINC000409256823_23;-10.165335;-10.617935;-9.181;55;507.504;NQKPJLGVMWTELR-UHFFFAOYSA-M;[H]c1c([H])c(-c2nc3sc4c(c3c(=O)[n-]2)C([H])([H])C([H])([H])C([H])([H])C4([H])[H])c([H])c(OC([H])([H])C([H])([H])[H])c1Oc1c([H])c([H])c([N+](=O)[O-])c([H])c1[N+](=O)[O-]
KKBBMM.xaa_ZINC000409086273_26;-11.163057;-11.892372;-11.273;77;694.771;GRBWZISNKGJYCA-CUJRCQHQSA-M;[H]/C(c1c([H])c([N+](=O)[O-])c([H])c([H])c1Sc1nc(C([H])([H])[H])c([H])c(=O)[n-]1)=c1/sc2n(c1=O)[C@]([H])(c1c([H])c([H])c(OC([H])([H])C([H])([H])[H])c([H])c1[H])C(C(=O)OC([H])([H])C([H])([H])[H])=C(c1c([H])c([H])c([H])c([H])c1[H])N=2
KKBBMM.xaa_ZINC000409086281_27;-11.1589542;-11.782137;-9.329;77;694.771;GRBWZISNKGJYCA-KMYVYOQISA-M;[H]/C(c1c([H])c([N+](=O)[O-])c([H])c([H])c1Sc1nc(C([H])([H])[H])c([H])c(=O)[n-]1)=c1/sc2n(c1=O)[C@@]([H])(c1c([H])c([H])c(OC([H])([H])C([H])([H])[H])c([H])c1[H])C(C(=O)OC([H])([H])C([H])([H])[H])=C(c1c([H])c([H])c([H])c([H])c1[H])N=2
KKBBMM.xaa_ZINC000409253676_28;-10.2625832;-10.611762;-9.782;48;542.347;GKDZMSGHVADLJP-UHFFFAOYSA-M;[H]c1c([H])c(Oc2c([H])c([H])c([N+](=O)[O-])c([H])c2[N+](=O)[O-])c(-c2nc3sc4c(c3c(=O)[n-]2)C([H])([H])C([H])([H])C([H])([H])C4([H])[H])c([H])c1Br
KKBBMM.xaa_ZINC000409084203_33;-11.241803;-11.772472;-9.228;79;692.799;BWFGASYLIWPPIL-VVGPUZASSA-M;[H]/C(c1c([H])c([H])c(Sc2nc(C([H])([H])[H])c([H])c(=O)[n-]2)c([N+](=O)[O-])c1[H])=c1/sc2n(c1=O)[C@]([H])(c1c([H])c([H])c(C([H])(C([H])([H])[H])C([H])([H])[H])c([H])c1[H])C(C(=O)OC([H])([H])C([H])([H])[H])=C(c1c([H])c([H])c([H])c([H])c1[H])N=2
KKBBMM.xaa_ZINC000409084198_34;-11.0857828;-11.8567;-9.183;79;692.799;BWFGASYLIWPPIL-XNOUSZLFSA-M;[H]/C(c1c([H])c([H])c(Sc2nc(C([H])([H])[H])c([H])c(=O)[n-]2)c([N+](=O)[O-])c1[H])=c1/sc2n(c1=O)[C@@]([H])(c1c([H])c([H])c(C([H])(C([H])([H])[H])C([H])([H])[H])c([H])c1[H])C(C(=O)OC([H])([H])C([H])([H])[H])=C(c1c([H])c([H])c([H])c([H])c1[H])N=2
KKBBMM.xaa_ZINC000100048493_36;-11.139041;-11.799074;-11.722;61;581.608;WLXIJLIINWIXQD-UHFFFAOYSA-N;[H]c1c([H])c(-c2c([H])c([H])c(N([H])S(=O)(=O)c3c([H])c([H])c(C([H])([H])[H])c([N+](=O)[O-])c3[H])c([H])c2[H])c([H])c([H])c1[N-]S(=O)(=O)c1c([H])c([H])c(C([H])([H])[H])c([N+](=O)[O-])c1[H]
KKBBMM.xaa_ZINC000100150494_41;-10.3840681;-11.0047455;-9.976;64;551.539;LCENJMLKYSEKEE-CAOOACKPSA-M;[H]/C(=C(/[H])[C@]([H])(c1c(C([H])([H])[H])[n-]n(-c2c([H])c([H])c([N+](=O)[O-])c([H])c2[H])c1=O)c1c(C([H])([H])[H])n([H])n(-c2c([H])c([H])c([N+](=O)[O-])c([H])c2[H])c1=O)c1c([H])c([H])c([H])c([H])c1[H]
KKBBMM.xaa_ZINC000409096285_45;-10.3903343;-11.3298855;-11.0;80;695.803;DCVXIRREWCTYNF-BMZLMQSUSA-M;[H]/C(c1c([H])c([N+](=O)[O-])c([H])c([H])c1Sc1nc(C([H])([H])[H])c([H])c(=O)[n-]1)=c1/sc2n(c1=O)[C@@]([H])(c1c(OC([H])([H])[H])c([H])c([H])c3c([H])c([H])c([H])c([H])c13)C(C(=O)N(C([H])([H])C([H])([H])[H])C([H])([H])C([H])([H])[H])=C(C([H])([H])[H])N=2
KKBBMM.xaa_ZINC000409096292_46;-10.4226006;-11.299858;-10.679;80;695.803;DCVXIRREWCTYNF-XLHJEKARSA-M;[H]/C(c1c([H])c([N+](=O)[O-])c([H])c([H])c1Sc1nc(C([H])([H])[H])c([H])c(=O)[n-]1)=c1/sc2n(c1=O)[C@]([H])(c1c(OC([H])([H])[H])c([H])c([H])c3c([H])c([H])c([H])c([H])c13)C(C(=O)N(C([H])([H])C([H])([H])[H])C([H])([H])C([H])([H])[H])=C(C([H])([H])[H])N=2
KKBBMM.xaa_ZINC000409095895_48;-10.4116102;-10.676517;-11.225;73;681.172;BQWNBUFJUIGJGW-CJIXEESDSA-M;[H]/C(c1c([H])c([N+](=O)[O-])c([H])c([H])c1Sc1nc(C([H])([H])[H])c([H])c(=O)[n-]1)=c1/sc2n(c1=O)[C@@]([H])(c1c([H])c(Cl)c([H])c([H])c1OC([H])([H])[H])C(C(=O)OC([H])([H])C([H])([H])[H])=C(C([H])([H])C([H])([H])C([H])([H])[H])N=2
KKBBMM.xaa_ZINC000409095900_49;-10.3481826;-10.77882;-10.598;73;681.172;BQWNBUFJUIGJGW-ZDZYTSRMSA-M;[H]/C(c1c([H])c([N+](=O)[O-])c([H])c([H])c1Sc1nc(C([H])([H])[H])c([H])c(=O)[n-]1)=c1/sc2n(c1=O)[C@]([H])(c1c([H])c(Cl)c([H])c([H])c1OC([H])([H])[H])C(C(=O)OC([H])([H])C([H])([H])[H])=C(C([H])([H])C([H])([H])C([H])([H])[H])N=2
KKBBMM.xaa_ZINC000409095833_50;-10.9643134;-11.361337;-9.141;74;759.64;DLSUONLIBDMFLP-MHRPSJHKSA-M;[H]/C(c1c([H])c([H])c(Sc2nc(C([H])([H])[H])c([H])c(=O)[n-]2)c([N+](=O)[O-])c1[H])=c1/sc2n(c1=O)[C@@]([H])(c1c([H])c(Br)c([H])c([H])c1OC([H])([H])[H])C(C(=O)OC([H])([H])C([H])([H])[H])=C(c1c([H])c([H])c([H])c([H])c1[H])N=2
KKBBMM.xaa_ZINC000409095831_51;-10.9917378;-11.566192;-9.586;74;759.64;DLSUONLIBDMFLP-JDKSNUEYSA-M;[H]/C(c1c([H])c([H])c(Sc2nc(C([H])([H])[H])c([H])c(=O)[n-]2)c([N+](=O)[O-])c1[H])=c1/sc2n(c1=O)[C@]([H])(c1c([H])c(Br)c([H])c([H])c1OC([H])([H])[H])C(C(=O)OC([H])([H])C([H])([H])[H])=C(c1c([H])c([H])c([H])c([H])c1[H])N=2
KKBBMM.xaa_ZINC000409095305_52;-10.675159;-11.65302;-9.737;70;685.163;HKXBJNDEAMJAMF-KUAKTGBJSA-M;[H]/C(c1c([H])c([H])c(Sc2nc(C([H])([H])[H])c([H])c(=O)[n-]2)c([N+](=O)[O-])c1[H])=c1/sc2n(c1=O)[C@@]([H])(c1c([H])c([H])c(Cl)c([H])c1[H])C(C(=O)OC([H])([H])C([H])([H])[H])=C(c1c([H])c([H])c([H])c([H])c1[H])N=2
KKBBMM.xaa_ZINC000409095310_53;-10.8054081;-11.655097;-9.071;70;685.163;HKXBJNDEAMJAMF-MKOZVTOYSA-M;[H]/C(c1c([H])c([H])c(Sc2nc(C([H])([H])[H])c([H])c(=O)[n-]2)c([N+](=O)[O-])c1[H])=c1/sc2n(c1=O)[C@]([H])(c1c([H])c([H])c(Cl)c([H])c1[H])C(C(=O)OC([H])([H])C([H])([H])[H])=C(c1c([H])c([H])c([H])c([H])c1[H])N=2
KKBBMM.xaa_ZINC000409094903_54;-11.1434842;-11.765774;-9.181;80;708.798;GFYOXVRBDDMIIN-XNOUSZLFSA-M;[H]/C(c1c([H])c([H])c(Sc2nc(C([H])([H])[H])c([H])c(=O)[n-]2)c([N+](=O)[O-])c1[H])=c1/sc2n(c1=O)[C@@]([H])(c1c([H])c([H])c(OC([H])(C([H])([H])[H])C([H])([H])[H])c([H])c1[H])C(C(=O)OC([H])([H])C([H])([H])[H])=C(c1c([H])c([H])c([H])c([H])c1[H])N=2
KKBBMM.xaa_ZINC000409094898_55;-11.2883963;-11.911871;-9.531;80;708.798;GFYOXVRBDDMIIN-VVGPUZASSA-M;[H]/C(c1c([H])c([H])c(Sc2nc(C([H])([H])[H])c([H])c(=O)[n-]2)c([N+](=O)[O-])c1[H])=c1/sc2n(c1=O)[C@]([H])(c1c([H])c([H])c(OC([H])(C([H])([H])[H])C([H])([H])[H])c([H])c1[H])C(C(=O)OC([H])([H])C([H])([H])[H])=C(c1c([H])c([H])c([H])c([H])c1[H])N=2
KKBBMM.xaa_ZINC000409094582_58;-11.6938634;-11.907505;-10.827;77;677.788;RHIIQIBCWYXPFE-FABFSAKGSA-M;[H]/C(c1c([H])c([N+](=O)[O-])c([H])c([H])c1Sc1nc(C([H])([H])[H])c([H])c(=O)[n-]1)=c1/sc2n(c1=O)[C@]([H])(c1c([H])c([H])c(C([H])(C([H])([H])[H])C([H])([H])[H])c([H])c1[H])C(C(=O)N([H])c1c([H])c([H])c([H])c([H])c1[H])=C(C([H])([H])[H])N=2
KKBBMM.xaa_ZINC000409094583_59;-11.4982192;-11.897724;-10.432;77;677.788;RHIIQIBCWYXPFE-CTHKJOMYSA-M;[H]/C(c1c([H])c([N+](=O)[O-])c([H])c([H])c1Sc1nc(C([H])([H])[H])c([H])c(=O)[n-]1)=c1/sc2n(c1=O)[C@@]([H])(c1c([H])c([H])c(C([H])(C([H])([H])[H])C([H])([H])[H])c([H])c1[H])C(C(=O)N([H])c1c([H])c([H])c([H])c([H])c1[H])=C(C([H])([H])[H])N=2
KKBBMM.xaa_ZINC000409092468_68;-10.97605;-11.606676;-9.357;74;715.189;YUQLHYUBMZNTKB-MHRPSJHKSA-M;[H]/C(c1c([H])c([H])c(Sc2nc(C([H])([H])[H])c([H])c(=O)[n-]2)c([N+](=O)[O-])c1[H])=c1/sc2n(c1=O)[C@@]([H])(c1c([H])c(Cl)c([H])c([H])c1OC([H])([H])[H])C(C(=O)OC([H])([H])C([H])([H])[H])=C(c1c([H])c([H])c([H])c([H])c1[H])N=2
KKBBMM.xaa_ZINC000408605921_74;-10.5543757;-10.745236;-11.243;48;538.363;NNLPJHNSWVIYIP-UHFFFAOYSA-M;[H]c1c([H])c(Br)c([H])c(-c2nnc(Sc3c([H])c([H])c([N+](=O)[O-])c4nonc34)n2-c2c([H])c([H])c(C([H])([H])[H])c([H])c2C([H])([H])[H])c1[O-]
KKBBMM.xaa_ZINC000409091005_77;-11.2828074;-11.80036;-11.025;80;708.798;SDWJFFLDGBEZLQ-VVGPUZASSA-M;[H]/C(c1c([H])c([N+](=O)[O-])c([H])c([H])c1Sc1nc(C([H])([H])[H])c([H])c(=O)[n-]1)=c1/sc2n(c1=O)[C@]([H])(c1c([H])c([H])c(OC([H])(C([H])([H])[H])C([H])([H])[H])c([H])c1[H])C(C(=O)OC([H])([H])C([H])([H])[H])=C(c1c([H])c([H])c([H])c([H])c1[H])N=2
KKBBMM.xaa_ZINC000409091008_78;-11.5809568;-12.04357;-9.399;80;708.798;SDWJFFLDGBEZLQ-XNOUSZLFSA-M;[H]/C(c1c([H])c([N+](=O)[O-])c([H])c([H])c1Sc1nc(C([H])([H])[H])c([H])c(=O)[n-]1)=c1/sc2n(c1=O)[C@@]([H])(c1c([H])c([H])c(OC([H])(C([H])([H])[H])C([H])([H])[H])c([H])c1[H])C(C(=O)OC([H])([H])C([H])([H])[H])=C(c1c([H])c([H])c([H])c([H])c1[H])N=2
KKBBMM.xaa_ZINC000408631357_92;-10.2726816;-10.82821;-11.375;62;556.58;DLDZUBLBDMWADG-DHRITJCHSA-M;[H]/C(=C(\Sc1nc(-c2c([H])c(OC([H])([H])[H])c([H])c(OC([H])([H])[H])c2[H])nn1[H])C(=O)[O-])c1c([H])n(C([H])([H])c2c([H])c([H])c([N+](=O)[O-])c([H])c2[H])c2c([H])c([H])c([H])c([H])c12
KKBBMM.xaa_ZINC000409101096_168;-11.2730168;-11.650827;-10.509;68;670.152;GXBXVEUEQSBYHI-NKYAOSOXSA-M;[H]/C(c1c([H])c([N+](=O)[O-])c([H])c([H])c1Sc1nc(C([H])([H])[H])c([H])c(=O)[n-]1)=c1/sc2n(c1=O)[C@]([H])(c1c([H])c([H])c(Cl)c([H])c1[H])C(C(=O)N([H])c1c([H])c([H])c([H])c([H])c1[H])=C(C([H])([H])[H])N=2
KKBBMM.xaa_ZINC000409101097_169;-11.0025162;-11.409793;-10.738;68;670.152;GXBXVEUEQSBYHI-KYRGTEIWSA-M;[H]/C(c1c([H])c([N+](=O)[O-])c([H])c([H])c1Sc1nc(C([H])([H])[H])c([H])c(=O)[n-]1)=c1/sc2n(c1=O)[C@@]([H])(c1c([H])c([H])c(Cl)c([H])c1[H])C(C(=O)N([H])c1c([H])c([H])c([H])c([H])c1[H])=C(C([H])([H])[H])N=2
KKBBMM.xaa_ZINC000409101234_170;-10.800320199999998;-11.740845;-9.014;74;696.812;SFRPFVJJIMUMGE-KICLSGDVSA-M;[H]/C(c1c([H])c([H])c(Sc2nc(C([H])([H])[H])c([H])c(=O)[n-]2)c([N+](=O)[O-])c1[H])=c1/sc2n(c1=O)[C@]([H])(c1c([H])c([H])c(SC([H])([H])[H])c([H])c1[H])C(C(=O)OC([H])([H])C([H])([H])[H])=C(c1c([H])c([H])c([H])c([H])c1[H])N=2
KKBBMM.xaa_ZINC000409100767_171;-11.2035878;-12.053257;-11.658;70;685.163;WQLCAWRXYPXAKZ-MKOZVTOYSA-M;[H]/C(c1c([H])c([N+](=O)[O-])c([H])c([H])c1Sc1nc(C([H])([H])[H])c([H])c(=O)[n-]1)=c1/sc2n(c1=O)[C@]([H])(c1c([H])c([H])c(Cl)c([H])c1[H])C(C(=O)OC([H])([H])C([H])([H])[H])=C(c1c([H])c([H])c([H])c([H])c1[H])N=2
KKBBMM.xaa_ZINC000409099732_174;-10.954005;-11.639043;-9.385;77;694.771;SJOBTDVMHWKAGC-CUJRCQHQSA-M;[H]/C(c1c([H])c([H])c(Sc2nc(C([H])([H])[H])c([H])c(=O)[n-]2)c([N+](=O)[O-])c1[H])=c1/sc2n(c1=O)[C@]([H])(c1c([H])c([H])c(OC([H])([H])C([H])([H])[H])c([H])c1[H])C(C(=O)OC([H])([H])C([H])([H])[H])=C(c1c([H])c([H])c([H])c([H])c1[H])N=2
KKBBMM.xaa_ZINC000409099734_175;-10.7126678;-11.609069;-9.748;77;694.771;SJOBTDVMHWKAGC-KMYVYOQISA-M;[H]/C(c1c([H])c([H])c(Sc2nc(C([H])([H])[H])c([H])c(=O)[n-]2)c([N+](=O)[O-])c1[H])=c1/sc2n(c1=O)[C@@]([H])(c1c([H])c([H])c(OC([H])([H])C([H])([H])[H])c([H])c1[H])C(C(=O)OC([H])([H])C([H])([H])[H])=C(c1c([H])c([H])c([H])c([H])c1[H])N=2
KKBBMM.xaa_ZINC000409099510_176;-11.0220402;-11.369245;-11.99;74;715.189;NVTNTMWOFWIYHH-JDKSNUEYSA-M;[H]/C(c1c([H])c([N+](=O)[O-])c([H])c([H])c1Sc1nc(C([H])([H])[H])c([H])c(=O)[n-]1)=c1/sc2n(c1=O)[C@]([H])(c1c([H])c(Cl)c([H])c([H])c1OC([H])([H])[H])C(C(=O)OC([H])([H])C([H])([H])[H])=C(c1c([H])c([H])c([H])c([H])c1[H])N=2
KKBBMM.xaa_ZINC000409098656_177;-11.068349200000002;-12.112849;-11.694;74;696.812;RANIPJZLRPSTJD-KICLSGDVSA-M;[H]/C(c1c([H])c([N+](=O)[O-])c([H])c([H])c1Sc1nc(C([H])([H])[H])c([H])c(=O)[n-]1)=c1/sc2n(c1=O)[C@]([H])(c1c([H])c([H])c(SC([H])([H])[H])c([H])c1[H])C(C(=O)OC([H])([H])C([H])([H])[H])=C(c1c([H])c([H])c([H])c([H])c1[H])N=2
KKBBMM.xaa_ZINC000409098659_178;-11.130486799999998;-12.045471;-9.035;74;696.812;RANIPJZLRPSTJD-QMGPDGHTSA-M;[H]/C(c1c([H])c([N+](=O)[O-])c([H])c([H])c1Sc1nc(C([H])([H])[H])c([H])c(=O)[n-]1)=c1/sc2n(c1=O)[C@@]([H])(c1c([H])c([H])c(SC([H])([H])[H])c([H])c1[H])C(C(=O)OC([H])([H])C([H])([H])[H])=C(c1c([H])c([H])c([H])c([H])c1[H])N=2
KKBBMM.xaa_ZINC000409097928_179;-10.558022599999996;-11.039164;-9.936;73;681.172;HTXJAYNGZKSIRY-CJIXEESDSA-M;[H]/C(c1c([H])c([H])c(Sc2nc(C([H])([H])[H])c([H])c(=O)[n-]2)c([N+](=O)[O-])c1[H])=c1/sc2n(c1=O)[C@@]([H])(c1c([H])c(Cl)c([H])c([H])c1OC([H])([H])[H])C(C(=O)OC([H])([H])C([H])([H])[H])=C(C([H])([H])C([H])([H])C([H])([H])[H])N=2
KKBBMM.xaa_ZINC000409097935_180;-10.4469437;-10.941751;-9.198;73;681.172;HTXJAYNGZKSIRY-ZDZYTSRMSA-M;[H]/C(c1c([H])c([H])c(Sc2nc(C([H])([H])[H])c([H])c(=O)[n-]2)c([N+](=O)[O-])c1[H])=c1/sc2n(c1=O)[C@]([H])(c1c([H])c(Cl)c([H])c([H])c1OC([H])([H])[H])C(C(=O)OC([H])([H])C([H])([H])[H])=C(C([H])([H])C([H])([H])C([H])([H])[H])N=2
KKBBMM.xaa_ZINC000409273123_181;-10.283294200000002;-10.720693;-9.799;49;511.377;VPRIQSCPOLRFHV-UHFFFAOYSA-M;[H]c1c([H])c(OC([H])([H])c2c([H])c([H])c([N+](=O)[O-])c([H])c2[H])c(-c2nc3sc4c(c3c(=O)[n-]2)C([H])([H])C([H])([H])C([H])([H])C4([H])[H])c([H])c1Br
KKBBMM.xaa_ZINC000409097373_182;-10.364964;-10.579393;-9.546;73;725.623;NLWWBSRIGLGLEC-ZDZYTSRMSA-M;[H]/C(c1c([H])c([H])c(Sc2nc(C([H])([H])[H])c([H])c(=O)[n-]2)c([N+](=O)[O-])c1[H])=c1/sc2n(c1=O)[C@]([H])(c1c([H])c([H])c(OC([H])([H])[H])c(Br)c1[H])C(C(=O)OC([H])([H])C([H])([H])[H])=C(C([H])([H])C([H])([H])C([H])([H])[H])N=2
KKBBMM.xaa_ZINC000409097363_183;-10.2926476;-10.855261;-9.015;73;725.623;NLWWBSRIGLGLEC-CJIXEESDSA-M;[H]/C(c1c([H])c([H])c(Sc2nc(C([H])([H])[H])c([H])c(=O)[n-]2)c([N+](=O)[O-])c1[H])=c1/sc2n(c1=O)[C@@]([H])(c1c([H])c([H])c(OC([H])([H])[H])c(Br)c1[H])C(C(=O)OC([H])([H])C([H])([H])[H])=C(C([H])([H])C([H])([H])C([H])([H])[H])N=2
KKBBMM.xaa_ZINC000409105933_184;-11.541832000000005;-12.220961;-12.352;79;692.799;PKRMHGXNGHYHRT-VVGPUZASSA-M;[H]/C(c1c([H])c([N+](=O)[O-])c([H])c([H])c1Sc1nc(C([H])([H])[H])c([H])c(=O)[n-]1)=c1/sc2n(c1=O)[C@]([H])(c1c([H])c([H])c(C([H])(C([H])([H])[H])C([H])([H])[H])c([H])c1[H])C(C(=O)OC([H])([H])C([H])([H])[H])=C(c1c([H])c([H])c([H])c([H])c1[H])N=2
KKBBMM.xaa_ZINC000409105931_185;-11.5681949;-12.115461;-9.047;79;692.799;PKRMHGXNGHYHRT-XNOUSZLFSA-M;[H]/C(c1c([H])c([N+](=O)[O-])c([H])c([H])c1Sc1nc(C([H])([H])[H])c([H])c(=O)[n-]1)=c1/sc2n(c1=O)[C@@]([H])(c1c([H])c([H])c(C([H])(C([H])([H])[H])C([H])([H])[H])c([H])c1[H])C(C(=O)OC([H])([H])C([H])([H])[H])=C(c1c([H])c([H])c([H])c([H])c1[H])N=2
KKBBMM.xaa_ZINC000409106032_186;-10.8604922;-11.18767;-10.966;78;658.782;QBMPKKNZNXFIFF-FQWZWQHVSA-M;[H]/C(c1c([H])c([N+](=O)[O-])c([H])c([H])c1Sc1nc(C([H])([H])[H])c([H])c(=O)[n-]1)=c1/sc2n(c1=O)[C@@]([H])(c1c([H])c([H])c(C([H])(C([H])([H])[H])C([H])([H])[H])c([H])c1[H])C(C(=O)OC([H])([H])C([H])([H])[H])=C(C([H])([H])C([H])([H])C([H])([H])[H])N=2
KKBBMM.xaa_ZINC000409106037_187;-11.0665388;-11.555026;-10.846;78;658.782;QBMPKKNZNXFIFF-LRUGRNCASA-M;[H]/C(c1c([H])c([N+](=O)[O-])c([H])c([H])c1Sc1nc(C([H])([H])[H])c([H])c(=O)[n-]1)=c1/sc2n(c1=O)[C@]([H])(c1c([H])c([H])c(C([H])(C([H])([H])[H])C([H])([H])[H])c([H])c1[H])C(C(=O)OC([H])([H])C([H])([H])[H])=C(C([H])([H])C([H])([H])C([H])([H])[H])N=2
KKBBMM.xaa_ZINC000409105883_189;-10.3100828;-11.068034;-9.372;80;695.803;JOGIRZYDTSBBBH-XLHJEKARSA-M;[H]/C(c1c([H])c([H])c(Sc2nc(C([H])([H])[H])c([H])c(=O)[n-]2)c([N+](=O)[O-])c1[H])=c1/sc2n(c1=O)[C@]([H])(c1c(OC([H])([H])[H])c([H])c([H])c3c([H])c([H])c([H])c([H])c13)C(C(=O)N(C([H])([H])C([H])([H])[H])C([H])([H])C([H])([H])[H])=C(C([H])([H])[H])N=2
KKBBMM.xaa_ZINC000408987950_193;-11.0637902;-11.930258;-9.891;68;638.776;PRGHOIOTGKRUBB-UHFFFAOYSA-M;[H]c1c([H])c(-c2nc3sc4c(c3c(=O)[n-]2)C([H])([H])C([H])([H])C([H])([H])C([H])([H])C4([H])[H])c([H])c([N+](=O)[O-])c1Sc1nc2c([H])c([H])c(N([H])C(=O)c3c([H])c([H])c(C([H])([H])[H])c([H])c3[H])c([H])c2s1
KKBBMM.xaa_ZINC000409104926_194;-10.4538551;-10.902178;-8.863;73;725.623;LHFXQXUYHBIAOK-ZDZYTSRMSA-M;[H]/C(c1c([H])c([H])c(Sc2nc(C([H])([H])[H])c([H])c(=O)[n-]2)c([N+](=O)[O-])c1[H])=c1/sc2n(c1=O)[C@]([H])(c1c([H])c(Br)c([H])c([H])c1OC([H])([H])[H])C(C(=O)OC([H])([H])C([H])([H])[H])=C(C([H])([H])C([H])([H])C([H])([H])[H])N=2
KKBBMM.xaa_ZINC000409104760_195;-10.3144287;-10.773863;-11.892;79;696.787;HYPDXORKLMWWFZ-XLHJEKARSA-M;[H]/C(c1c([H])c([N+](=O)[O-])c([H])c([H])c1Sc1nc(C([H])([H])[H])c([H])c(=O)[n-]1)=c1/sc2n(c1=O)[C@@]([H])(c1c(OC([H])([H])[H])c([H])c([H])c3c([H])c([H])c([H])c([H])c13)C(C(=O)OC([H])([H])C([H])([H])[H])=C(C([H])([H])C([H])([H])C([H])([H])[H])N=2
KKBBMM.xaa_ZINC000409104757_196;-10.4284242;-10.87152;-11.307;79;696.787;HYPDXORKLMWWFZ-BMZLMQSUSA-M;[H]/C(c1c([H])c([N+](=O)[O-])c([H])c([H])c1Sc1nc(C([H])([H])[H])c([H])c(=O)[n-]1)=c1/sc2n(c1=O)[C@]([H])(c1c(OC([H])([H])[H])c([H])c([H])c3c([H])c([H])c([H])c([H])c13)C(C(=O)OC([H])([H])C([H])([H])[H])=C(C([H])([H])C([H])([H])C([H])([H])[H])N=2
KKBBMM.xaa_ZINC000408989392_197;-11.250987;-12.03498;-9.864;65;624.749;PRMKCESCMGBXHD-UHFFFAOYSA-M;[H]c1c([H])c([H])c(C(=O)N([H])c2c([H])c([H])c3nc(Sc4c([H])c([H])c(-c5nc6sc7c(c6c(=O)[n-]5)C([H])([H])C([H])([H])C([H])([H])C([H])([H])C7([H])[H])c([H])c4[N+](=O)[O-])sc3c2[H])c([H])c1[H]
KKBBMM.xaa_ZINC000408989855_198;-11.1845161;-11.901806;-9.948;65;650.743;JCJPPLYPJNOJHL-UHFFFAOYSA-M;[H]c1c([H])c([H])c2c(c1[H])C(=O)N(c1c([H])c([H])c3nc(Sc4c([H])c([H])c(-c5nc6sc7c(c6c(=O)[n-]5)C([H])([H])C([H])([H])C([H])([H])C([H])([H])C7([H])[H])c([H])c4[N+](=O)[O-])sc3c1[H])C2=O
KKBBMM.xaa_ZINC000409104365_199;-10.5655016;-11.036033;-9.09;78;658.782;YHUODQBRXLGLMW-FQWZWQHVSA-M;[H]/C(c1c([H])c([H])c(Sc2nc(C([H])([H])[H])c([H])c(=O)[n-]2)c([N+](=O)[O-])c1[H])=c1/sc2n(c1=O)[C@@]([H])(c1c([H])c([H])c(C([H])(C([H])([H])[H])C([H])([H])[H])c([H])c1[H])C(C(=O)OC([H])([H])C([H])([H])[H])=C(C([H])([H])C([H])([H])C([H])([H])[H])N=2
KKBBMM.xaa_ZINC000409104366_200;-10.771522999999998;-11.099623;-9.357;78;658.782;YHUODQBRXLGLMW-LRUGRNCASA-M;[H]/C(c1c([H])c([H])c(Sc2nc(C([H])([H])[H])c([H])c(=O)[n-]2)c([N+](=O)[O-])c1[H])=c1/sc2n(c1=O)[C@]([H])(c1c([H])c([H])c(C([H])(C([H])([H])[H])C([H])([H])[H])c([H])c1[H])C(C(=O)OC([H])([H])C([H])([H])[H])=C(C([H])([H])C([H])([H])C([H])([H])[H])N=2
KKBBMM.xaa_ZINC000408990334_201;-10.7816564;-11.76928;-9.992;65;624.749;GYDFKQYODSKSHG-UHFFFAOYSA-M;[H]c1c([H])c(-c2nc3sc4c(c3c(=O)[n-]2)C([H])([H])C([H])([H])C([H])([H])C4([H])[H])c([H])c([N+](=O)[O-])c1Sc1nc2c([H])c([H])c(N([H])C(=O)c3c([H])c([H])c(C([H])([H])[H])c([H])c3[H])c([H])c2s1
KKBBMM.xaa_ZINC000408991149_202;-10.715537200000002;-11.082587;-8.849;56;505.601;BYPIMAIFQGYRLM-UHFFFAOYSA-M;[H]c1c([H])c([H])c(N([H])C(=O)C([H])([H])Sc2c([H])c([H])c(-c3nc4sc5c(c4c(=O)[n-]3)C([H])([H])C([H])([H])C([H])([H])C([H])([H])C5([H])[H])c([H])c2[N+](=O)[O-])c([H])c1[H]
KKBBMM.xaa_ZINC000408988800_203;-11.2001542;-11.763456;-10.626;68;642.764;FYVLRLDTJVBFHC-QZTJIDSGSA-M;[H]c1c([H])c(-c2nc3sc4c(c3c(=O)[n-]2)C([H])([H])C([H])([H])C([H])([H])C4([H])[H])c([H])c([N+](=O)[O-])c1Sc1nc2c([H])c([H])c(N3C(=O)[C@]4([H])C([H])([H])C([H])([H])C([H])([H])C([H])([H])[C@@]4([H])C3=O)c([H])c2s1
KKBBMM.xaa_ZINC000409102518_204;-10.8978231;-11.196768;-9.616;68;670.152;BRTDBFXHVDVMQI-NKYAOSOXSA-M;[H]/C(c1c([H])c([H])c(Sc2nc(C([H])([H])[H])c([H])c(=O)[n-]2)c([N+](=O)[O-])c1[H])=c1/sc2n(c1=O)[C@]([H])(c1c([H])c([H])c(Cl)c([H])c1[H])C(C(=O)N([H])c1c([H])c([H])c([H])c([H])c1[H])=C(C([H])([H])[H])N=2
KKBBMM.xaa_ZINC000409102520_205;-11.0719952;-11.225273;-9.45;68;670.152;BRTDBFXHVDVMQI-KYRGTEIWSA-M;[H]/C(c1c([H])c([H])c(Sc2nc(C([H])([H])[H])c([H])c(=O)[n-]2)c([N+](=O)[O-])c1[H])=c1/sc2n(c1=O)[C@@]([H])(c1c([H])c([H])c(Cl)c([H])c1[H])C(C(=O)N([H])c1c([H])c([H])c([H])c([H])c1[H])=C(C([H])([H])[H])N=2
KKBBMM.xaa_ZINC000408993329_207;-10.8980376;-11.436019;-10.851;62;636.716;VPAHJSSEPADJHK-UHFFFAOYSA-M;[H]c1c([H])c([H])c2c(c1[H])C(=O)N(c1c([H])c([H])c3nc(Sc4c([H])c([H])c(-c5nc6sc7c(c6c(=O)[n-]5)C([H])([H])C([H])([H])C([H])([H])C7([H])[H])c([H])c4[N+](=O)[O-])sc3c1[H])C2=O
KKBBMM.xaa_ZINC000408993535_208;-10.664879;-10.998564;-10.418;64;616.726;VZTKFMCNZFYANU-HDICACEKSA-M;[H]c1c([H])c(-c2nc3sc(C([H])([H])[H])c(C([H])([H])[H])c3c(=O)[n-]2)c([H])c([N+](=O)[O-])c1Sc1nc2c([H])c([H])c(N3C(=O)[C@@]4([H])C([H])([H])C([H])([H])C([H])([H])C([H])([H])[C@@]4([H])C3=O)c([H])c2s1
KKBBMM.xaa_ZINC000409108508_232;-11.4471141;-11.787254;-9.723;77;677.788;SSAHFTKTVWNSCR-FABFSAKGSA-M;[H]/C(c1c([H])c([H])c(Sc2nc(C([H])([H])[H])c([H])c(=O)[n-]2)c([N+](=O)[O-])c1[H])=c1/sc2n(c1=O)[C@]([H])(c1c([H])c([H])c(C([H])(C([H])([H])[H])C([H])([H])[H])c([H])c1[H])C(C(=O)N([H])c1c([H])c([H])c([H])c([H])c1[H])=C(C([H])([H])[H])N=2
KKBBMM.xaa_ZINC000409108510_233;-11.7584102;-12.185723;-9.476;77;677.788;SSAHFTKTVWNSCR-CTHKJOMYSA-M;[H]/C(c1c([H])c([H])c(Sc2nc(C([H])([H])[H])c([H])c(=O)[n-]2)c([N+](=O)[O-])c1[H])=c1/sc2n(c1=O)[C@@]([H])(c1c([H])c([H])c(C([H])(C([H])([H])[H])C([H])([H])[H])c([H])c1[H])C(C(=O)N([H])c1c([H])c([H])c([H])c([H])c1[H])=C(C([H])([H])[H])N=2
KKBBMM.xaa_ZINC000409108301_234;-10.5412848;-10.814979;-10.991;73;725.623;ZTJCMUNRBYKUQV-KLKBWYFJSA-M;[H]/C(c1c([H])c([N+](=O)[O-])c([H])c([H])c1Sc1nc(C([H])([H])[H])c([H])c(=O)[n-]1)=c1/sc2n(c1=O)[C@]([H])(c1c([H])c([H])c(OC([H])([H])[H])c(Br)c1[H])C(C(=O)OC([H])([H])C([H])([H])[H])=C(C([H])([H])C([H])([H])C([H])([H])[H])N=2
KKBBMM.xaa_ZINC000409108302_235;-10.4027612;-10.774385;-11.594;73;725.623;ZTJCMUNRBYKUQV-LKWZWFHSSA-M;[H]/C(c1c([H])c([N+](=O)[O-])c([H])c([H])c1Sc1nc(C([H])([H])[H])c([H])c(=O)[n-]1)=c1/sc2n(c1=O)[C@@]([H])(c1c([H])c([H])c(OC([H])([H])[H])c(Br)c1[H])C(C(=O)OC([H])([H])C([H])([H])[H])=C(C([H])([H])C([H])([H])C([H])([H])[H])N=2
KKBBMM.xaa_ZINC000409108309_236;-10.257609399999998;-10.927603;-9.674;79;696.787;ZVRJXWDGCVDGIP-BMZLMQSUSA-M;[H]/C(c1c([H])c([H])c(Sc2nc(C([H])([H])[H])c([H])c(=O)[n-]2)c([N+](=O)[O-])c1[H])=c1/sc2n(c1=O)[C@]([H])(c1c(OC([H])([H])[H])c([H])c([H])c3c([H])c([H])c([H])c([H])c13)C(C(=O)OC([H])([H])C([H])([H])[H])=C(C([H])([H])C([H])([H])C([H])([H])[H])N=2
KKBBMM.xaa_ZINC000059662984_242;-10.3298882;-10.736474;-10.2;73;624.637;FWOVFSOTCAWRRS-DHUJRADRSA-M;[H]c1c([H])c([H])c(N2N=C(C([H])([H])[H])[C@@](c3c(-c4c([H])c([H])c([N+](=O)[O-])c([H])c4[H])[n-]n(-c4c([H])c([H])c([H])c([H])c4[H])c3=O)(c3c(C([H])([H])[H])n([H])n(-c4c([H])c([H])c([H])c([H])c4[H])c3=O)C2=O)c([H])c1[H]
KKBBMM.xaa_ZINC000409122157_243;-11.2992125;-11.969314;-9.738;74;759.64;ZXWIWACRGJMROA-MHRPSJHKSA-M;[H]/C(c1c([H])c([N+](=O)[O-])c([H])c([H])c1Sc1nc(C([H])([H])[H])c([H])c(=O)[n-]1)=c1/sc2n(c1=O)[C@@]([H])(c1c([H])c(Br)c([H])c([H])c1OC([H])([H])[H])C(C(=O)OC([H])([H])C([H])([H])[H])=C(c1c([H])c([H])c([H])c([H])c1[H])N=2
KKBBMM.xaa_ZINC000409122156_244;-11.1225281;-11.639166;-12.189;74;759.64;ZXWIWACRGJMROA-JDKSNUEYSA-M;[H]/C(c1c([H])c([N+](=O)[O-])c([H])c([H])c1Sc1nc(C([H])([H])[H])c([H])c(=O)[n-]1)=c1/sc2n(c1=O)[C@]([H])(c1c([H])c(Br)c([H])c([H])c1OC([H])([H])[H])C(C(=O)OC([H])([H])C([H])([H])[H])=C(c1c([H])c([H])c([H])c([H])c1[H])N=2
KKBBMM.xaa_ZINC000409121845_245;-10.5010956;-10.862176;-11.41;73;725.623;YFNUEUAQUUJSLM-CJIXEESDSA-M;[H]/C(c1c([H])c([N+](=O)[O-])c([H])c([H])c1Sc1nc(C([H])([H])[H])c([H])c(=O)[n-]1)=c1/sc2n(c1=O)[C@@]([H])(c1c([H])c(Br)c([H])c([H])c1OC([H])([H])[H])C(C(=O)OC([H])([H])C([H])([H])[H])=C(C([H])([H])C([H])([H])C([H])([H])[H])N=2
KKBBMM.xaa_ZINC000409121846_246;-10.3740426;-10.630795;-10.674;73;725.623;YFNUEUAQUUJSLM-ZDZYTSRMSA-M;[H]/C(c1c([H])c([N+](=O)[O-])c([H])c([H])c1Sc1nc(C([H])([H])[H])c([H])c(=O)[n-]1)=c1/sc2n(c1=O)[C@]([H])(c1c([H])c(Br)c([H])c([H])c1OC([H])([H])[H])C(C(=O)OC([H])([H])C([H])([H])[H])=C(C([H])([H])C([H])([H])C([H])([H])[H])N=2
KKBBMM.xaa_ZINC000059858457_256;-10.3803494;-10.738144;-10.976;66;615.669;XODMOVVYIPQXQA-UHFFFAOYSA-N;[H]c1c([H])c([H])c(N(C([H])([H])C(=O)N([H])c2c([H])c([H])c(S(=O)(=O)[N-]c3c([H])c([H])c([H])c4c([H])c([H])c([H])c([H])c34)c([H])c2[H])S(=O)(=O)c2c([H])c([H])c([H])c([H])c2[N+](=O)[O-])c([H])c1[H]
KKBBMM.xaa_ZINC000059882298_258;-10.6864222;-10.819653;-11.399;66;615.669;IWSZWSAIMMJAEU-UHFFFAOYSA-N;[H]c1c([H])c([H])c(S(=O)(=O)N(c2c([H])c([H])c([N+](=O)[O-])c([H])c2[H])C([H])([H])C(=O)N([H])c2c([H])c([H])c(S(=O)(=O)[N-]c3c([H])c([H])c([H])c4c([H])c([H])c([H])c([H])c34)c([H])c2[H])c([H])c1[H]
KKBBMM.xaa_ZINC000059882739_259;-10.6265522;-11.139176;-10.942;66;615.669;WCNYAEJSZDDERV-UHFFFAOYSA-N;[H]c1c([H])c([H])c(S(=O)(=O)N(c2c([H])c([H])c([H])c([H])c2[N+](=O)[O-])C([H])([H])C(=O)N([H])c2c([H])c([H])c(S(=O)(=O)[N-]c3c([H])c([H])c([H])c4c([H])c([H])c([H])c([H])c34)c([H])c2[H])c([H])c1[H]
KKBBMM.xaa_ZINC000059882789_260;-10.428368;-10.976484;-10.979;63;614.081;MAEICBCBDUECKH-UHFFFAOYSA-N;[H]c1c([H])c([H])c(S(=O)(=O)N(c2c([H])c([H])c([N+](=O)[O-])c([H])c2[H])C([H])([H])C(=O)N([H])c2c([H])c([H])c(S(=O)(=O)[N-]c3c([H])c([H])c([H])c(Cl)c3C([H])([H])[H])c([H])c2[H])c([H])c1[H]
KKBBMM.xaa_ZINC000059883297_261;-10.01052;-10.205091;-10.919;62;526.594;KNKAQPJPPUASOJ-ZXVVBBHZSA-N;[H]/C(=C(\C(=O)N([H])c1c([H])c([H])c(S(=O)(=O)[N-]c2c([H])c(C([H])([H])[H])c([H])c([H])c2C([H])([H])[H])c([H])c1[H])c1c([H])c([H])c([H])c([H])c1[H])c1c([H])c([H])c([H])c([N+](=O)[O-])c1[H]
KKBBMM.xaa_ZINC000059883662_262;-10.1212977;-10.364042;-10.812;59;547.012;POOFOBYSJLFDPB-XIEYBQDHSA-N;[H]/C(=C(\C(=O)N([H])c1c([H])c([H])c(S(=O)(=O)[N-]c2c([H])c([H])c([H])c(Cl)c2C([H])([H])[H])c([H])c1[H])c1c([H])c([H])c([H])c([H])c1[H])c1c([H])c([H])c([H])c([N+](=O)[O-])c1[H]
KKBBMM.xaa_ZINC000150372816_264;-11.3856388;-11.911239;-12.037;69;629.7;LHAIVHNBROSARH-UHFFFAOYSA-M;[H]c1c([H])c(N([H])C(=O)C([H])([H])Sc2nnc(-c3c([H])c([H])c([N-]S(=O)(=O)c4c([H])c([H])c(C([H])([H])[H])c([H])c4[H])c([H])c3[H])n2-c2c([H])c([H])c(OC([H])([H])[H])c([H])c2[H])c([H])c([N+](=O)[O-])c1[H]
KKBBMM.xaa_ZINC000059886642_265;-11.2574941;-11.78405;-11.556;66;615.669;QEMOJSSIHWOJDK-UHFFFAOYSA-N;[H]c1c([H])c([H])c(S(=O)(=O)N(c2c([H])c([H])c([H])c([N+](=O)[O-])c2[H])C([H])([H])C(=O)N([H])c2c([H])c([H])c(S(=O)(=O)[N-]c3c([H])c([H])c([H])c4c([H])c([H])c([H])c([H])c34)c([H])c2[H])c([H])c1[H]
KKBBMM.xaa_ZINC000059888147_266;-10.1914685;-10.923117;-10.686;63;614.081;LUDVZZNMXCLRDN-UHFFFAOYSA-N;[H]c1c([H])c([H])c(S(=O)(=O)N(c2c([H])c([H])c([H])c([H])c2[N+](=O)[O-])C([H])([H])C(=O)N([H])c2c([H])c([H])c(S(=O)(=O)[N-]c3c([H])c([H])c([H])c(Cl)c3C([H])([H])[H])c([H])c2[H])c([H])c1[H]
KKBBMM.xaa_ZINC000103762220_268;-10.0086606;-10.692995;-9.686;60;525.501;QZKYFIGGWPCJJW-UHFFFAOYSA-M;[H]c1c([H])c([H])c([C@@]([H])(c2c(C([H])([H])[H])[n-]n(-c3c([H])c([H])c([N+](=O)[O-])c([H])c3[H])c2=O)c2c(C([H])([H])[H])n([H])n(-c3c([H])c([H])c([N+](=O)[O-])c([H])c3[H])c2=O)c([H])c1[H]
KKBBMM.xaa_ZINC000103772934_272;-10.0626396;-10.450788;-9.147;56;554.52;DDIRZYJHKCJXBN-UHFFFAOYSA-M;[H]c1c([H])c(N([H])C(=O)c2c([H])c([H])c([N+](=O)[O-])c([H])c2[H])c([H])c(-c2nc3c([H])c([H])c(N([H])C(=O)c4c([H])c([H])c([N+](=O)[O-])c([H])c4[H])c([H])c3s2)c1[O-]
KKBBMM.xaa_ZINC000408985275_275;-10.2086774;-10.916541;-10.519;61;510.595;ANHSGNBBIQZICG-UHFFFAOYSA-M;[H]c1c([H])c(C([H])([H])Oc2c([H])c([H])c3c([H])c([H])c([H])c([H])c3c2-c2nc3sc4c(c3c(=O)[n-]2)C([H])([H])C([H])([H])C([H])([H])C([H])([H])C([H])([H])C4([H])[H])c([H])c([H])c1[N+](=O)[O-]
KKBBMM.xaa_ZINC000408984753_276;-11.504721;-11.863177;-12.092;78;644.664;ZKNXURJNDFUJNJ-UHFFFAOYSA-M;[H]c1c([H])c([H])c(-n2[n-]c(C([H])([H])[H])c([C@]([H])(c3c([H])c([H])c(OC(=O)c4c([H])c([H])c([H])c([N+](=O)[O-])c4[H])c(OC([H])([H])C([H])([H])[H])c3[H])c3c(C([H])([H])[H])n([H])n(-c4c([H])c([H])c([H])c([H])c4[H])c3=O)c2=O)c([H])c1[H]
KKBBMM.xaa_ZINC000005941660_279;-11.4356414;-11.787738;-11.38;60;595.591;IASRFGOGMFDGPH-UHFFFAOYSA-N;[H]c1c([H])c([N+](=O)[O-])c([H])c(C([H])([H])[H])c1[N-]S(=O)(=O)c1c([H])c([H])c2oc3c([H])c([H])c(S(=O)(=O)N([H])c4c([H])c([H])c([N+](=O)[O-])c([H])c4C([H])([H])[H])c([H])c3c2c1[H]
KKBBMM.xaa_ZINC000005942035_280;-12.0486128;-12.461751;-11.748;54;567.537;XSDAZSVZAJMAIV-UHFFFAOYSA-N;[H]c1c([H])c([N-]S(=O)(=O)c2c([H])c([H])c3oc4c([H])c([H])c(S(=O)(=O)N([H])c5c([H])c([H])c([H])c([N+](=O)[O-])c5[H])c([H])c4c3c2[H])c([H])c([N+](=O)[O-])c1[H]
KKBBMM.xaa_ZINC000005942052_281;-11.3182398;-11.977671;-11.119;54;567.537;VLPAPMHOKVMECK-UHFFFAOYSA-N;[H]c1c([H])c([N+](=O)[O-])c([H])c([H])c1[N-]S(=O)(=O)c1c([H])c([H])c2oc3c([H])c([H])c(S(=O)(=O)N([H])c4c([H])c([H])c([N+](=O)[O-])c([H])c4[H])c([H])c3c2c1[H]
KKBBMM.xaa_ZINC000408983175_282;-10.733836;-11.070141;-12.224;78;644.664;HXEJNGFAEUPMAQ-UHFFFAOYSA-M;[H]c1c([H])c([H])c(-n2[n-]c(C([H])([H])[H])c([C@]([H])(c3c([H])c([H])c(OC(=O)c4c([H])c([H])c([N+](=O)[O-])c([H])c4[H])c(OC([H])([H])C([H])([H])[H])c3[H])c3c(C([H])([H])[H])n([H])n(-c4c([H])c([H])c([H])c([H])c4[H])c3=O)c2=O)c([H])c1[H]
KKBBMM.xaa_ZINC000100921933_283;-10.4054064;-10.977003;-9.617;79;629.734;RZTOMGQEFNVCCV-UHFFFAOYSA-N;[H]c1c([H])c([N+](=O)[O-])c([H])c(OC([H])([H])[H])c1[N-]S(=O)(=O)C([H])([H])C([H])([H])C([H])([H])C([H])([H])C([H])([H])C([H])([H])C([H])([H])C([H])([H])C([H])([H])C([H])([H])C([H])([H])C([H])([H])S(=O)(=O)N([H])c1c([H])c([H])c([N+](=O)[O-])c([H])c1OC([H])([H])[H]
KKBBMM.xaa_ZINC000100921935_284;-10.7468879;-11.17705;-11.14;79;629.734;GFRXDSPCRSYRGC-UHFFFAOYSA-N;[H]c1c([H])c([N+](=O)[O-])c([H])c([N-]S(=O)(=O)C([H])([H])C([H])([H])C([H])([H])C([H])([H])C([H])([H])C([H])([H])C([H])([H])C([H])([H])C([H])([H])C([H])([H])C([H])([H])C([H])([H])S(=O)(=O)N([H])c2c([H])c([N+](=O)[O-])c([H])c([H])c2OC([H])([H])[H])c1OC([H])([H])[H]
KKBBMM.xaa_ZINC000409104925_290;-10.567376;-10.966907;-9.863;73;725.623;LHFXQXUYHBIAOK-CJIXEESDSA-M;[H]/C(c1c([H])c([H])c(Sc2nc(C([H])([H])[H])c([H])c(=O)[n-]2)c([N+](=O)[O-])c1[H])=c1/sc2n(c1=O)[C@@]([H])(c1c([H])c(Br)c([H])c([H])c1OC([H])([H])[H])C(C(=O)OC([H])([H])C([H])([H])[H])=C(C([H])([H])C([H])([H])C([H])([H])[H])N=2
KKBBMM.xaa_ZINC000409099512_291;-11.2773814;-12.161561;-9.476;74;715.189;NVTNTMWOFWIYHH-MHRPSJHKSA-M;[H]/C(c1c([H])c([N+](=O)[O-])c([H])c([H])c1Sc1nc(C([H])([H])[H])c([H])c(=O)[n-]1)=c1/sc2n(c1=O)[C@@]([H])(c1c([H])c(Cl)c([H])c([H])c1OC([H])([H])[H])C(C(=O)OC([H])([H])C([H])([H])[H])=C(c1c([H])c([H])c([H])c([H])c1[H])N=2
KKBBMM.xaa_ZINC000409100763_292;-11.196496200000002;-11.836215;-9.32;70;685.163;WQLCAWRXYPXAKZ-KUAKTGBJSA-M;[H]/C(c1c([H])c([N+](=O)[O-])c([H])c([H])c1Sc1nc(C([H])([H])[H])c([H])c(=O)[n-]1)=c1/sc2n(c1=O)[C@@]([H])(c1c([H])c([H])c(Cl)c([H])c1[H])C(C(=O)OC([H])([H])C([H])([H])[H])=C(c1c([H])c([H])c([H])c([H])c1[H])N=2
KKBBMM.xaa_ZINC000409101235_293;-10.6603808;-11.887489;-9.395;74;696.812;SFRPFVJJIMUMGE-QMGPDGHTSA-M;[H]/C(c1c([H])c([H])c(Sc2nc(C([H])([H])[H])c([H])c(=O)[n-]2)c([N+](=O)[O-])c1[H])=c1/sc2n(c1=O)[C@@]([H])(c1c([H])c([H])c(SC([H])([H])[H])c([H])c1[H])C(C(=O)OC([H])([H])C([H])([H])[H])=C(c1c([H])c([H])c([H])c([H])c1[H])N=2
KKBBMM.xaa_ZINC000100998676_294;-10.3298882;-10.736474;-10.206;73;624.637;FWOVFSOTCAWRRS-DHUJRADRSA-M;[H]c1c([H])c([H])c(N2N=C(C([H])([H])[H])[C@@](c3c(-c4c([H])c([H])c([N+](=O)[O-])c([H])c4[H])[n-]n(-c4c([H])c([H])c([H])c([H])c4[H])c3=O)(c3c(C([H])([H])[H])n([H])n(-c4c([H])c([H])c([H])c([H])c4[H])c3=O)C2=O)c([H])c1[H]
KKBBMM.xaa_ZINC000408994226_296;-11.0151568;-11.622988;-10.558;59;541.634;GGIXQOCNUDGTIQ-UHFFFAOYSA-M;[H]c1c([H])c(-c2nc3sc4c(c3c(=O)[n-]2)C([H])([H])C([H])([H])C([H])([H])C4([H])[H])c([H])c([N+](=O)[O-])c1SC([H])([H])C(=O)N([H])c1c([H])c([H])c2c([H])c([H])c([H])c([H])c2c1[H]
KKBBMM.xaa_ZINC000408993834_301;-10.7987932;-11.435274;-9.639;53;550.623;XCRJXSBLTIGCKX-UHFFFAOYSA-M;[H]c1c([H])c(-c2nc3sc4c(c3c(=O)[n-]2)C([H])([H])C([H])([H])C([H])([H])C([H])([H])C4([H])[H])c([H])c([N+](=O)[O-])c1Sc1nc2c([H])c([H])c([N+](=O)[O-])c([H])c2s1
KKBBMM.xaa_ZINC000408993537_302;-10.6691976;-11.340209;-10.475;64;616.726;VZTKFMCNZFYANU-ROUUACIJSA-M;[H]c1c([H])c(-c2nc3sc(C([H])([H])[H])c(C([H])([H])[H])c3c(=O)[n-]2)c([H])c([N+](=O)[O-])c1Sc1nc2c([H])c([H])c(N3C(=O)[C@@]4([H])C([H])([H])C([H])([H])C([H])([H])C([H])([H])[C@]4([H])C3=O)c([H])c2s1
KKBBMM.xaa_ZINC000408993536_303;-10.6667321;-11.3420725;-10.6;64;616.726;VZTKFMCNZFYANU-QZTJIDSGSA-M;[H]c1c([H])c(-c2nc3sc(C([H])([H])[H])c(C([H])([H])[H])c3c(=O)[n-]2)c([H])c([N+](=O)[O-])c1Sc1nc2c([H])c([H])c(N3C(=O)[C@]4([H])C([H])([H])C([H])([H])C([H])([H])C([H])([H])[C@@]4([H])C3=O)c([H])c2s1
KKBBMM.xaa_ZINC000197825386_304;-10.5639449;-11.15258;-10.576;63;668.051;UGNDFWWKNRCFDV-UHFFFAOYSA-N;[H]c1c([H])c([H])c(S(=O)(=O)N(c2c([H])c([H])c([H])c([N+](=O)[O-])c2[H])C([H])([H])C(=O)N([H])c2c([H])c([H])c(S(=O)(=O)[N-]c3c([H])c([H])c(Cl)c(C(F)(F)F)c3[H])c([H])c2[H])c([H])c1[H]
KKBBMM.xaa_ZINC000197824372_305;-10.121905000000002;-10.386469;-11.723;70;658.134;PLYJKSYRHOUWGA-UHFFFAOYSA-N;[H]c1c([H])c(Cl)c(C([H])([H])[H])c([N-]S(=O)(=O)c2c([H])c([H])c(N([H])C(=O)C([H])([H])N(c3c([H])c([H])c(OC([H])([H])[H])c([H])c3[H])S(=O)(=O)c3c([H])c([H])c(C([H])([H])[H])c([N+](=O)[O-])c3[H])c([H])c2[H])c1[H]
KKBBMM.xaa_ZINC000197826108_308;-10.6013014;-11.314043;-10.655;63;633.606;GMKMFTMNZPNWDS-UHFFFAOYSA-N;[H]c1c([H])c([H])c(S(=O)(=O)N(c2c([H])c([H])c([H])c([N+](=O)[O-])c2[H])C([H])([H])C(=O)N([H])c2c([H])c([H])c(S(=O)(=O)[N-]c3c([H])c([H])c([H])c(C(F)(F)F)c3[H])c([H])c2[H])c([H])c1[H]
KKBBMM.xaa_ZINC000198314353_315;-10.101178;-10.508362;-11.903;74;675.721;LJBFKWBGKFWZJY-UHFFFAOYSA-N;[H]c1c([H])c([H])c(S(=O)(=O)N(c2c([H])c([H])c(OC([H])([H])[H])c([H])c2OC([H])([H])[H])C([H])([H])C(=O)N([H])c2c([H])c([H])c(S(=O)(=O)[N-]c3c([H])c([H])c([H])c4c([H])c([H])c([H])c([H])c34)c([H])c2[H])c([N+](=O)[O-])c1[H]
KKBBMM.xaa_ZINC000198319825_317;-10.495159;-10.798496;-12.045;73;659.722;FSZGLEXVRGNUPE-UHFFFAOYSA-N;[H]c1c([H])c(N(C([H])([H])C(=O)N([H])c2c([H])c([H])c(S(=O)(=O)[N-]c3c([H])c([H])c([H])c4c([H])c([H])c([H])c([H])c34)c([H])c2[H])S(=O)(=O)c2c([H])c([H])c(C([H])([H])[H])c([N+](=O)[O-])c2[H])c([H])c([H])c1OC([H])([H])[H]
KKBBMM.xaa_ZINC000408992575_320;-11.0443974;-11.763623;-10.258;65;624.749;DABSZYRCHNUWNK-UHFFFAOYSA-M;[H]c1c([H])c([H])c(C([H])([H])[H])c(C(=O)N([H])c2c([H])c([H])c3nc(Sc4c([H])c([H])c(-c5nc6sc7c(c6c(=O)[n-]5)C([H])([H])C([H])([H])C([H])([H])C7([H])[H])c([H])c4[N+](=O)[O-])sc3c2[H])c1[H]
KKBBMM.xaa_ZINC000408992191_321;-10.1754807;-10.70617;-9.639;54;499.597;QTSVODQYNDAGEC-UHFFFAOYSA-M;[H]c1nc2c(Sc3c([H])c([H])c(-c4nc5sc6c(c5c(=O)[n-]4)C([H])([H])C([H])([H])C([H])([H])C([H])([H])C6([H])[H])c([H])c3[N+](=O)[O-])c([H])c([H])c([H])c2c([H])c1[H]
KKBBMM.xaa_ZINC000211057337_323;-10.5909028;-10.801523;-11.198;62;548.6;CAHZXLPAUUMUCO-XHLNEMQHSA-N;[H]/C(=C(\C(=O)N([H])c1c([H])c([H])c(S(=O)(=O)[N-]c2c([H])c([H])c([H])c3c([H])c([H])c([H])c([H])c23)c([H])c1[H])c1c([H])c([H])c([H])c([H])c1[H])c1c([H])c([H])c([H])c([N+](=O)[O-])c1[H]
KKBBMM.xaa_ZINC000408991994_326;-11.1062508;-11.745764;-9.829;65;659.194;JOHIBRHPGGFSCT-UHFFFAOYSA-M;[H]c1c([H])c(C(=O)N([H])c2c([H])c([H])c3nc(Sc4c([H])c([H])c(-c5nc6sc7c(c6c(=O)[n-]5)C([H])([H])C([H])([H])C([H])([H])C([H])([H])C7([H])[H])c([H])c4[N+](=O)[O-])sc3c2[H])c([H])c([H])c1Cl
KKBBMM.xaa_ZINC000408991735_328;-11.4796838;-12.237256;-10.143;71;656.791;PCHFEJUEHNCIIJ-RTBURBONSA-M;[H]c1c([H])c(-c2nc3sc4c(c3c(=O)[n-]2)C([H])([H])C([H])([H])C([H])([H])C([H])([H])C4([H])[H])c([H])c([N+](=O)[O-])c1Sc1nc2c([H])c([H])c(N3C(=O)[C@]4([H])C([H])([H])C([H])([H])C([H])([H])C([H])([H])[C@@]4([H])C3=O)c([H])c2s1
KKBBMM.xaa_ZINC000408991736_329;-10.3744008;-10.980073;-10.517;58;610.678;PCOZTBTVQTUKLH-UHFFFAOYSA-M;[H]c1c([H])c([H])c2c(c1[H])C(=O)N(c1c([H])c([H])c3nc(Sc4c([H])c([H])c(-c5nc6sc(C([H])([H])[H])c(C([H])([H])[H])c6c(=O)[n-]5)c([H])c4[N+](=O)[O-])sc3c1[H])C2=O
KKBBMM.xaa_ZINC000408991733_330;-11.464238599999998;-11.926823;-10.086;71;656.791;PCHFEJUEHNCIIJ-KDURUIRLSA-M;[H]c1c([H])c(-c2nc3sc4c(c3c(=O)[n-]2)C([H])([H])C([H])([H])C([H])([H])C([H])([H])C4([H])[H])c([H])c([N+](=O)[O-])c1Sc1nc2c([H])c([H])c(N3C(=O)[C@@]4([H])C([H])([H])C([H])([H])C([H])([H])C([H])([H])[C@@]4([H])C3=O)c([H])c2s1
KKBBMM.xaa_ZINC000408991734_331;-11.4807476;-12.233857;-10.115;71;656.791;PCHFEJUEHNCIIJ-OALUTQOASA-M;[H]c1c([H])c(-c2nc3sc4c(c3c(=O)[n-]2)C([H])([H])C([H])([H])C([H])([H])C([H])([H])C4([H])[H])c([H])c([N+](=O)[O-])c1Sc1nc2c([H])c([H])c(N3C(=O)[C@@]4([H])C([H])([H])C([H])([H])C([H])([H])C([H])([H])[C@]4([H])C3=O)c([H])c2s1
KKBBMM.xaa_ZINC000408991469_332;-10.1126274;-10.711964;-9.922;54;516.588;OHTCETHIDDYOCH-UHFFFAOYSA-M;[H]c1c([H])c([H])c(-n2nnnc2Sc2c([H])c([H])c(-c3nc4sc5c(c4c(=O)[n-]3)C([H])([H])C([H])([H])C([H])([H])C([H])([H])C5([H])[H])c([H])c2[N+](=O)[O-])c([H])c1[H]
KKBBMM.xaa_ZINC000408991323_333;-11.340483699999998;-12.1154;-10.019;62;555.661;BNCBCAOSPSLLDT-UHFFFAOYSA-M;[H]c1c([H])c(-c2nc3sc4c(c3c(=O)[n-]2)C([H])([H])C([H])([H])C([H])([H])C([H])([H])C4([H])[H])c([H])c([N+](=O)[O-])c1SC([H])([H])C(=O)N([H])c1c([H])c([H])c2c([H])c([H])c([H])c([H])c2c1[H]
KKBBMM.xaa_ZINC000408991060_334;-10.8229159;-11.580004;-9.861;62;645.167;MGRXDRRDBGZLQD-UHFFFAOYSA-M;[H]c1c([H])c(C(=O)N([H])c2c([H])c([H])c3nc(Sc4c([H])c([H])c(-c5nc6sc7c(c6c(=O)[n-]5)C([H])([H])C([H])([H])C([H])([H])C7([H])[H])c([H])c4[N+](=O)[O-])sc3c2[H])c([H])c([H])c1Cl
KKBBMM.xaa_ZINC000408991154_335;-10.1035098;-10.416921;-9.891;51;505.626;NABCXRQQBJHLMF-UHFFFAOYSA-M;[H]c1c([H])c(-c2nc3sc4c(c3c(=O)[n-]2)C([H])([H])C([H])([H])C([H])([H])C([H])([H])C4([H])[H])c([H])c([N+](=O)[O-])c1Sc1nc2c([H])c([H])c([H])c([H])c2s1
KKBBMM.xaa_ZINC000408990746_336;-10.3881646;-11.01022;-10.248;61;598.711;FRIQCRXAWOKLQD-UHFFFAOYSA-M;[H]c1c([H])c(-c2nc3sc(C([H])([H])[H])c(C([H])([H])[H])c3c(=O)[n-]2)c([H])c([N+](=O)[O-])c1Sc1nc2c([H])c([H])c(N([H])C(=O)c3c([H])c([H])c(C([H])([H])[H])c([H])c3[H])c([H])c2s1
KKBBMM.xaa_ZINC000408990707_337;-10.510335;-11.291109;-10.678;50;536.596;LLSGDUMCFWXYLK-UHFFFAOYSA-M;[H]c1c([H])c(-c2nc3sc4c(c3c(=O)[n-]2)C([H])([H])C([H])([H])C([H])([H])C4([H])[H])c([H])c([N+](=O)[O-])c1Sc1nc2c([H])c([H])c([N+](=O)[O-])c([H])c2s1
KKBBMM.xaa_ZINC000408990680_338;-10.4772716;-11.218869;-9.768;55;515.596;NUAPFAWZHLRNAA-UHFFFAOYSA-M;[H]c1c([H])c(-c2nc3sc(C([H])([H])[H])c(C([H])([H])[H])c3c(=O)[n-]2)c([H])c([N+](=O)[O-])c1SC([H])([H])C(=O)N([H])c1c([H])c([H])c2c([H])c([H])c([H])c([H])c2c1[H]
KKBBMM.xaa_ZINC000408990700_339;-11.0695714;-11.838313;-10.449;62;645.167;FSAUDDSHUHZRLP-UHFFFAOYSA-M;[H]c1c([H])c([H])c(C(=O)N([H])c2c([H])c([H])c3nc(Sc4c([H])c([H])c(-c5nc6sc7c(c6c(=O)[n-]5)C([H])([H])C([H])([H])C([H])([H])C7([H])[H])c([H])c4[N+](=O)[O-])sc3c2[H])c(Cl)c1[H]
KKBBMM.xaa_ZINC000408990290_340;-10.7034463;-11.367128;-10.771;58;619.129;NYHRGJVNBPXFCR-UHFFFAOYSA-M;[H]c1c([H])c([H])c(C(=O)N([H])c2c([H])c([H])c3nc(Sc4c([H])c([H])c(-c5nc6sc(C([H])([H])[H])c(C([H])([H])[H])c6c(=O)[n-]5)c([H])c4[N+](=O)[O-])sc3c2[H])c(Cl)c1[H]
KKBBMM.xaa_ZINC000408990327_341;-11.3541766;-12.01055;-10.082;65;659.194;GUSPCYGHANKTDD-UHFFFAOYSA-M;[H]c1c([H])c([H])c(C(=O)N([H])c2c([H])c([H])c3nc(Sc4c([H])c([H])c(-c5nc6sc7c(c6c(=O)[n-]5)C([H])([H])C([H])([H])C([H])([H])C([H])([H])C7([H])[H])c([H])c4[N+](=O)[O-])sc3c2[H])c(Cl)c1[H]
KKBBMM.xaa_ZINC000408989017_343;-10.619336;-11.229986;-10.767;61;598.711;RHUBPYZJZQCPSB-UHFFFAOYSA-M;[H]c1c([H])c([H])c(C([H])([H])[H])c(C(=O)N([H])c2c([H])c([H])c3nc(Sc4c([H])c([H])c(-c5nc6sc(C([H])([H])[H])c(C([H])([H])[H])c6c(=O)[n-]5)c([H])c4[N+](=O)[O-])sc3c2[H])c1[H]
KKBBMM.xaa_ZINC000408989088_344;-10.5887782;-11.299663;-10.475;58;584.684;BTEXZDRHKILBPF-UHFFFAOYSA-M;[H]c1c([H])c([H])c(C(=O)N([H])c2c([H])c([H])c3nc(Sc4c([H])c([H])c(-c5nc6sc(C([H])([H])[H])c(C([H])([H])[H])c6c(=O)[n-]5)c([H])c4[N+](=O)[O-])sc3c2[H])c([H])c1[H]
KKBBMM.xaa_ZINC000408988794_345;-11.1949818;-11.786933;-10.68;68;642.764;FYVLRLDTJVBFHC-HDICACEKSA-M;[H]c1c([H])c(-c2nc3sc4c(c3c(=O)[n-]2)C([H])([H])C([H])([H])C([H])([H])C4([H])[H])c([H])c([N+](=O)[O-])c1Sc1nc2c([H])c([H])c(N3C(=O)[C@@]4([H])C([H])([H])C([H])([H])C([H])([H])C([H])([H])[C@@]4([H])C3=O)c([H])c2s1
KKBBMM.xaa_ZINC000408988779_346;-10.6544936;-11.066897;-12.02;75;630.637;BXQALMISSNKOPT-UHFFFAOYSA-M;[H]c1c([H])c([H])c(-n2[n-]c(C([H])([H])[H])c([C@]([H])(c3c([H])c([H])c(OC(=O)c4c([H])c([H])c([N+](=O)[O-])c([H])c4[H])c(OC([H])([H])[H])c3[H])c3c(C([H])([H])[H])n([H])n(-c4c([H])c([H])c([H])c([H])c4[H])c3=O)c2=O)c([H])c1[H]
KKBBMM.xaa_ZINC000408988804_347;-11.2010717;-11.760404;-10.56;68;642.764;FYVLRLDTJVBFHC-ROUUACIJSA-M;[H]c1c([H])c(-c2nc3sc4c(c3c(=O)[n-]2)C([H])([H])C([H])([H])C([H])([H])C4([H])[H])c([H])c([N+](=O)[O-])c1Sc1nc2c([H])c([H])c(N3C(=O)[C@@]4([H])C([H])([H])C([H])([H])C([H])([H])C([H])([H])[C@]4([H])C3=O)c([H])c2s1
KKBBMM.xaa_ZINC000408988594_348;-11.3201154;-11.920466;-10.125;68;638.776;RIHBCODENLAUEM-UHFFFAOYSA-M;[H]c1c([H])c([H])c(C([H])([H])[H])c(C(=O)N([H])c2c([H])c([H])c3nc(Sc4c([H])c([H])c(-c5nc6sc7c(c6c(=O)[n-]5)C([H])([H])C([H])([H])C([H])([H])C([H])([H])C7([H])[H])c([H])c4[N+](=O)[O-])sc3c2[H])c1[H]
KKBBMM.xaa_ZINC000408988314_349;-10.9685342;-11.868549;-10.355;62;610.722;FPACQVTUCKZVKB-UHFFFAOYSA-M;[H]c1c([H])c([H])c(C(=O)N([H])c2c([H])c([H])c3nc(Sc4c([H])c([H])c(-c5nc6sc7c(c6c(=O)[n-]5)C([H])([H])C([H])([H])C([H])([H])C7([H])[H])c([H])c4[N+](=O)[O-])sc3c2[H])c([H])c1[H]
KKBBMM.xaa_ZINC000408987544_351;-10.446686;-11.131405;-9.952;58;619.129;SJZYAVJEOSMNNY-UHFFFAOYSA-M;[H]c1c([H])c(C(=O)N([H])c2c([H])c([H])c3nc(Sc4c([H])c([H])c(-c5nc6sc(C([H])([H])[H])c(C([H])([H])[H])c6c(=O)[n-]5)c([H])c4[N+](=O)[O-])sc3c2[H])c([H])c([H])c1Cl
KKBBMM.xaa_ZINC000408737799_352;-11.3467972;-12.116914;-11.035;73;602.627;CEXXSGISZPCYMZ-NSOVKSMOSA-M;[H]C1=C([H])[C@]([H])([C@@]([H])(c2c(C([H])([H])[H])[n-]n(-c3c([H])c([H])c([H])c([H])c3[H])c2=O)c2c(C([H])([H])[H])n([H])n(-c3c([H])c([H])c([H])c([H])c3[H])c2=O)[C@@]([H])(OC(=O)c2c([H])c([H])c([N+](=O)[O-])c([H])c2[H])C([H])=C1[H]
KKBBMM.xaa_ZINC000408737802_353;-11.0659372;-12.407787;-11.213;73;602.627;CEXXSGISZPCYMZ-VSGBNLITSA-M;[H]C1=C([H])[C@@]([H])([C@@]([H])(c2c(C([H])([H])[H])[n-]n(-c3c([H])c([H])c([H])c([H])c3[H])c2=O)c2c(C([H])([H])[H])n([H])n(-c3c([H])c([H])c([H])c([H])c3[H])c2=O)[C@]([H])(OC(=O)c2c([H])c([H])c([N+](=O)[O-])c([H])c2[H])C([H])=C1[H]
KKBBMM.xaa_ZINC000408737796_355;-11.2203874;-11.955467;-11.299;73;602.627;CEXXSGISZPCYMZ-IZLXSDGUSA-M;[H]C1=C([H])[C@@]([H])([C@@]([H])(c2c(C([H])([H])[H])[n-]n(-c3c([H])c([H])c([H])c([H])c3[H])c2=O)c2c(C([H])([H])[H])n([H])n(-c3c([H])c([H])c([H])c([H])c3[H])c2=O)[C@@]([H])(OC(=O)c2c([H])c([H])c([N+](=O)[O-])c([H])c2[H])C([H])=C1[H]
KKBBMM.xaa_ZINC000408737381_356;-11.164672;-12.084627;-11.848;73;602.627;BPGDLCAFQKYVMQ-DEOSSOPVSA-M;[H]C1=C(OC(=O)c2c([H])c([H])c([N+](=O)[O-])c([H])c2[H])C([H])([H])[C@@]([H])([C@@]([H])(c2c(C([H])([H])[H])[n-]n(-c3c([H])c([H])c([H])c([H])c3[H])c2=O)c2c(C([H])([H])[H])n([H])n(-c3c([H])c([H])c([H])c([H])c3[H])c2=O)C([H])=C1[H]
KKBBMM.xaa_ZINC000408737382_357;-11.2171269;-12.5280905;-12.046;73;602.627;BPGDLCAFQKYVMQ-XMMPIXPASA-M;[H]C1=C(OC(=O)c2c([H])c([H])c([N+](=O)[O-])c([H])c2[H])C([H])([H])[C@]([H])([C@@]([H])(c2c(C([H])([H])[H])[n-]n(-c3c([H])c([H])c([H])c([H])c3[H])c2=O)c2c(C([H])([H])[H])n([H])n(-c3c([H])c([H])c([H])c([H])c3[H])c2=O)C([H])=C1[H]
KKBBMM.xaa_ZINC000409374203_359;-10.2629868;-10.980308;-11.337;79;709.577;LJCUDYSPAZCQRF-UHFFFAOYSA-M;[H]c1c([H])c(C([H])([H])[H])c([H])c([H])c1-c1[n-]n([H])c(=O)c1[C@]([H])(c1c([H])c(Br)c(OC([H])([H])c2c([H])c([H])c([N+](=O)[O-])c([H])c2[H])c(OC([H])([H])C([H])([H])[H])c1[H])c1c(-c2c([H])c([H])c(C([H])([H])[H])c([H])c2[H])n([H])n([H])c1=O
KKBBMM.xaa_ZINC000409374108_361;-10.0805496;-11.095119;-11.214;76;695.55;DYOOHRMGWONXHK-UHFFFAOYSA-M;[H]c1c([H])c(C([H])([H])[H])c([H])c([H])c1-c1[n-]n([H])c(=O)c1[C@]([H])(c1c([H])c(Br)c(OC([H])([H])c2c([H])c([H])c([N+](=O)[O-])c([H])c2[H])c(OC([H])([H])[H])c1[H])c1c(-c2c([H])c([H])c(C([H])([H])[H])c([H])c2[H])n([H])n([H])c1=O
KKBBMM.xaa_ZINC000409373186_363;-10.4077278;-10.737936;-9.671;71;617.598;AERGTUXPQJGHNI-UHFFFAOYSA-M;[H]c1c([H])c([C@@]([H])(c2c(-c3c([H])c([H])c(C([H])([H])[H])c([H])c3[H])[n-]n([H])c2=O)c2c(-c3c([H])c([H])c(C([H])([H])[H])c([H])c3[H])n([H])n([H])c2=O)c([H])c([H])c1Oc1c([H])c([H])c([N+](=O)[O-])c([H])c1[N+](=O)[O-]
KKBBMM.xaa_ZINC000409372884_364;-10.1550485;-10.757154;-11.038;65;581.008;NNPQFCMXECEURC-UHFFFAOYSA-M;[H]c1c(-c2c([H])c([N+](=O)[O-])c([H])c([H])c2Cl)oc([C@]([H])(c2c(-c3c([H])c([H])c(C([H])([H])[H])c([H])c3[H])[n-]n([H])c2=O)c2c(-c3c([H])c([H])c(C([H])([H])[H])c([H])c3[H])n([H])n([H])c2=O)c1[H]
KKBBMM.xaa_ZINC000101141839_370;-10.3902296;-11.000951;-10.881;56;567.515;MCYQTTQVWXZFBN-UHFFFAOYSA-N;[H]c1c([H])c(S(=O)(=O)[N-]c2c([H])c([H])c([H])c3c([H])c([H])c([H])c([H])c23)c([H])c([H])c1N1C(=O)c2c([H])c([N+](=O)[O-])c([H])c3c([H])c([N+](=O)[O-])c([H])c(c23)C1=O
KKBBMM.xaa_ZINC000101148767_372;-10.0775756;-10.591733;-11.029;54;601.414;IZHISFCPBBZVLK-UHFFFAOYSA-N;[H]c1c([H])c(S(=O)(=O)[N-]c2c([H])c([H])c([H])c3c([H])c([H])c([H])c([H])c23)c([H])c([H])c1N1C(=O)c2c([H])c([H])c([H])c3c(Br)c([N+](=O)[O-])c([H])c(c23)C1=O
KKBBMM.xaa_ZINC000409369637_376;-10.3653214;-11.096048;-12.057;72;838.42;IXLZEZMMKAANSW-UHFFFAOYSA-M;[H]c1c([H])c(C([H])([H])[H])c([H])c([H])c1-c1[n-]n([H])c(=O)c1[C@]([H])(c1c([H])c(I)c(OC([H])([H])c2c([H])c([H])c([N+](=O)[O-])c([H])c2[H])c(I)c1[H])c1c(-c2c([H])c([H])c(C([H])([H])[H])c([H])c2[H])n([H])n([H])c1=O
KKBBMM.xaa_ZINC000409369102_380;-10.0992092;-10.422135;-11.607;72;744.42;IWAKPJFCJMVRLB-UHFFFAOYSA-M;[H]c1c([H])c(C([H])([H])[H])c([H])c([H])c1-c1[n-]n([H])c(=O)c1[C@]([H])(c1c([H])c(Br)c(OC([H])([H])c2c([H])c([H])c([N+](=O)[O-])c([H])c2[H])c(Br)c1[H])c1c(-c2c([H])c([H])c(C([H])([H])[H])c([H])c2[H])n([H])n([H])c1=O
KKBBMM.xaa_ZINC000409368833_382;-10.3281686;-11.002421;-11.689;79;756.577;XYXWEDZBZHPMNF-UHFFFAOYSA-M;[H]c1c([H])c(C([H])([H])[H])c([H])c([H])c1-c1[n-]n([H])c(=O)c1[C@]([H])(c1c([H])c(I)c(OC([H])([H])c2c([H])c([H])c([N+](=O)[O-])c([H])c2[H])c(OC([H])([H])C([H])([H])[H])c1[H])c1c(-c2c([H])c([H])c(C([H])([H])[H])c([H])c2[H])n([H])n([H])c1=O
KKBBMM.xaa_ZINC000409368408_384;-10.1309495;-11.250448;-11.567;76;742.55;PYDYBXMDXCEDAH-UHFFFAOYSA-M;[H]c1c([H])c(C([H])([H])[H])c([H])c([H])c1-c1[n-]n([H])c(=O)c1[C@]([H])(c1c([H])c(I)c(OC([H])([H])c2c([H])c([H])c([N+](=O)[O-])c([H])c2[H])c(OC([H])([H])[H])c1[H])c1c(-c2c([H])c([H])c(C([H])([H])[H])c([H])c2[H])n([H])n([H])c1=O
KKBBMM.xaa_ZINC000409367492_389;-10.102955;-10.730977;-10.94;68;560.59;GXVOEWMTGDHBQT-UHFFFAOYSA-M;[H]c1c(-c2c([H])c([N+](=O)[O-])c([H])c([H])c2C([H])([H])[H])oc([C@]([H])(c2c(-c3c([H])c([H])c(C([H])([H])[H])c([H])c3[H])[n-]n([H])c2=O)c2c(-c3c([H])c([H])c(C([H])([H])[H])c([H])c3[H])n([H])n([H])c2=O)c1[H]
KKBBMM.xaa_ZINC000020060834_390;-10.0204032;-10.424767;-10.318;55;506.585;HWXUQRXMMSNDLN-UHFFFAOYSA-N;[H]c1c([H])c(S(=O)(=O)[N-]c2c([H])c([H])c([H])c3c([H])c([H])c([H])c([H])c23)c([H])c([H])c1N([H])C(=O)C([H])([H])SC([H])([H])c1c([H])c([H])c([N+](=O)[O-])c([H])c1[H]
KKBBMM.xaa_ZINC000082190854_392;-10.218258;-10.720211;-11.489;53;627.2;BJIUHPCQAYGBQD-FBHDLOMBSA-M;[H]/C(=C(/[O-])C(=O)N([H])c1c([H])c(Cl)c([H])c([H])c1Cl)c1c([N+](=O)[O-])c([N+](=O)[O-])c([H])c([H])c1C([H])([H])C(=O)C(=O)N([H])c1c([H])c(Cl)c([H])c([H])c1Cl
KKBBMM.xaa_ZINC000409166363_399;-10.3829256;-10.633165;-11.844;70;692.579;UMWOOVZJDGUYHW-UHFFFAOYSA-N;[H]c1c([H])c(C([H])([H])[H])c([N-]S(=O)(=O)c2c([H])c([H])c(N([H])C(=O)C([H])([H])N(c3c([H])c(Cl)c([H])c([H])c3OC([H])([H])[H])S(=O)(=O)c3c([H])c([H])c(C([H])([H])[H])c([N+](=O)[O-])c3[H])c([H])c2[H])c([H])c1Cl
KKBBMM.xaa_ZINC000409176153_403;-10.437968799999998;-10.760406;-10.883;56;567.43;QLYSQVGCDICXPZ-VULFUBBASA-N;[H]/C(=C(\C(=O)N([H])c1c([H])c([H])c(S(=O)(=O)[N-]c2c([H])c(Cl)c([H])c(Cl)c2[H])c([H])c1[H])c1c([H])c([H])c([H])c([H])c1[H])c1c([H])c([H])c([H])c([N+](=O)[O-])c1[H]
KKBBMM.xaa_ZINC000108423083_404;-10.5581641;-11.064677;-11.58;71;574.617;WRRAQLQQHFLNPU-UHFFFAOYSA-M;[H]c1c(-c2c([H])c(C([H])([H])[H])c(C([H])([H])[H])c([H])c2[N+](=O)[O-])oc([C@]([H])(c2c(C([H])([H])[H])[n-]n(-c3c([H])c([H])c([H])c([H])c3[H])c2=O)c2c(C([H])([H])[H])n([H])n(-c3c([H])c([H])c([H])c([H])c3[H])c2=O)c1[H]
KKBBMM.xaa_ZINC000108423085_405;-10.4266094;-11.046802;-11.576;69;576.589;ZRGXYFQMJANZCC-UHFFFAOYSA-M;[H]c1c(-c2c([H])c([H])c(OC([H])([H])[H])c([H])c2[N+](=O)[O-])oc([C@@]([H])(c2c(C([H])([H])[H])[n-]n(-c3c([H])c([H])c([H])c([H])c3[H])c2=O)c2c(C([H])([H])[H])n([H])n(-c3c([H])c([H])c([H])c([H])c3[H])c2=O)c1[H]
KKBBMM.xaa_ZINC000108423468_415;-10.6298718;-11.335482;-11.005;65;546.563;HTUZKBGTFSJIEN-UHFFFAOYSA-M;[H]c1c(-c2c([H])c([H])c([H])c([H])c2[N+](=O)[O-])oc([C@]([H])(c2c(C([H])([H])[H])[n-]n(-c3c([H])c([H])c([H])c([H])c3[H])c2=O)c2c(C([H])([H])[H])n([H])n(-c3c([H])c([H])c([H])c([H])c3[H])c2=O)c1[H]
KKBBMM.xaa_ZINC000108423475_416;-10.6017;-11.261955;-11.319;68;560.59;OHGKNNYXBZECGJ-UHFFFAOYSA-M;[H]c1c(-c2c([H])c([H])c(C([H])([H])[H])c([H])c2[N+](=O)[O-])oc([C@]([H])(c2c(C([H])([H])[H])[n-]n(-c3c([H])c([H])c([H])c([H])c3[H])c2=O)c2c(C([H])([H])[H])n([H])n(-c3c([H])c([H])c([H])c([H])c3[H])c2=O)c1[H]
KKBBMM.xaa_ZINC000108423484_417;-10.927740600000002;-11.517601;-11.96;68;560.59;LVWHDZUGCZZPDO-UHFFFAOYSA-M;[H]c1c(-c2c([H])c([N+](=O)[O-])c([H])c([H])c2C([H])([H])[H])oc([C@]([H])(c2c(C([H])([H])[H])[n-]n(-c3c([H])c([H])c([H])c([H])c3[H])c2=O)c2c(C([H])([H])[H])n([H])n(-c3c([H])c([H])c([H])c([H])c3[H])c2=O)c1[H]
KKBBMM.xaa_ZINC000409174283_418;-10.2500519;-10.51491;-11.808;70;692.579;JFDVEKVPJDTOBA-UHFFFAOYSA-N;[H]c1c([H])c(Cl)c(C([H])([H])[H])c([N-]S(=O)(=O)c2c([H])c([H])c(N([H])C(=O)C([H])([H])N(c3c([H])c(Cl)c([H])c([H])c3OC([H])([H])[H])S(=O)(=O)c3c([H])c([H])c(C([H])([H])[H])c([N+](=O)[O-])c3[H])c([H])c2[H])c1[H]
KKBBMM.xaa_ZINC000409172222_420;-10.1542176;-10.428514;-12.046;73;672.161;KRCQFMDJFKLERS-UHFFFAOYSA-N;[H]c1c([H])c(OC([H])([H])[H])c(N(C([H])([H])C(=O)N([H])c2c([H])c([H])c(S(=O)(=O)[N-]c3c([H])c(C([H])([H])[H])c([H])c([H])c3C([H])([H])[H])c([H])c2[H])S(=O)(=O)c2c([H])c([H])c(C([H])([H])[H])c([N+](=O)[O-])c2[H])c([H])c1Cl
KKBBMM.xaa_ZINC000409172210_421;-10.560899;-10.7806;-11.869;67;712.997;KLFMPXIINBPTIN-UHFFFAOYSA-N;[H]c1c([H])c(OC([H])([H])[H])c(N(C([H])([H])C(=O)N([H])c2c([H])c([H])c(S(=O)(=O)[N-]c3c([H])c(Cl)c([H])c(Cl)c3[H])c([H])c2[H])S(=O)(=O)c2c([H])c([H])c(C([H])([H])[H])c([N+](=O)[O-])c2[H])c([H])c1Cl
KKBBMM.xaa_ZINC000409171705_422;-10.115753000000002;-10.3073435;-10.727;56;532.985;LYQCNQCRFJFBQG-YZSQISJMSA-N;[H]/C(=C(\C(=O)N([H])c1c([H])c([H])c(S(=O)(=O)[N-]c2c([H])c([H])c([H])c(Cl)c2[H])c([H])c1[H])c1c([H])c([H])c([H])c([H])c1[H])c1c([H])c([H])c([H])c([N+](=O)[O-])c1[H]
KKBBMM.xaa_ZINC000409168408_425;-10.2337256;-10.514804;-11.76;70;692.579;MGMBRJMKFZIFEI-UHFFFAOYSA-N;[H]c1c([H])c(OC([H])([H])[H])c(N(C([H])([H])C(=O)N([H])c2c([H])c([H])c(S(=O)(=O)[N-]c3c([H])c([H])c(C([H])([H])[H])c(Cl)c3[H])c([H])c2[H])S(=O)(=O)c2c([H])c([H])c(C([H])([H])[H])c([N+](=O)[O-])c2[H])c([H])c1Cl
KKBBMM.xaa_ZINC000409167802_426;-10.7289033;-10.9729805;-12.197;73;694.167;CPERXIWDORZYSH-UHFFFAOYSA-N;[H]c1c([H])c(OC([H])([H])[H])c(N(C([H])([H])C(=O)N([H])c2c([H])c([H])c(S(=O)(=O)[N-]c3c([H])c([H])c([H])c4c([H])c([H])c([H])c([H])c34)c([H])c2[H])S(=O)(=O)c2c([H])c([H])c(C([H])([H])[H])c([N+](=O)[O-])c2[H])c([H])c1Cl
KKBBMM.xaa_ZINC000409092467_427;-10.9998465;-11.734347;-9.424;74;715.189;YUQLHYUBMZNTKB-JDKSNUEYSA-M;[H]/C(c1c([H])c([H])c(Sc2nc(C([H])([H])[H])c([H])c(=O)[n-]2)c([N+](=O)[O-])c1[H])=c1/sc2n(c1=O)[C@]([H])(c1c([H])c(Cl)c([H])c([H])c1OC([H])([H])[H])C(C(=O)OC([H])([H])C([H])([H])[H])=C(c1c([H])c([H])c([H])c([H])c1[H])N=2
KKBBMM.xaa_ZINC000409184322_428;-10.1599937;-10.3453;-10.896;59;547.012;GRDMEBJREQSFGX-YZSQISJMSA-N;[H]/C(=C(\C(=O)N([H])c1c([H])c([H])c(S(=O)(=O)[N-]c2c([H])c([H])c(C([H])([H])[H])c(Cl)c2[H])c([H])c1[H])c1c([H])c([H])c([H])c([H])c1[H])c1c([H])c([H])c([H])c([N+](=O)[O-])c1[H]
KKBBMM.xaa_ZINC000409180113_431;-10.137718799999998;-10.48535;-11.617;70;658.134;YRLZUZPAQQFPFR-UHFFFAOYSA-N;[H]c1c([H])c([N-]S(=O)(=O)c2c([H])c([H])c(N([H])C(=O)C([H])([H])N(c3c([H])c(Cl)c([H])c([H])c3OC([H])([H])[H])S(=O)(=O)c3c([H])c([H])c(C([H])([H])[H])c([N+](=O)[O-])c3[H])c([H])c2[H])c([H])c(C([H])([H])[H])c1[H]
KKBBMM.xaa_ZINC000409372174_432;-10.2113994;-10.544594;-10.73;65;546.563;XDPDZJSOXLVBMA-UHFFFAOYSA-M;[H]c1c(-c2c([H])c([H])c([H])c([N+](=O)[O-])c2[H])oc([C@]([H])(c2c(-c3c([H])c([H])c(C([H])([H])[H])c([H])c3[H])[n-]n([H])c2=O)c2c(-c3c([H])c([H])c(C([H])([H])[H])c([H])c3[H])n([H])n([H])c2=O)c1[H]
KKBBMM.xaa_ZINC000409178492_436;-10.2023382;-10.370219;-11.584;67;678.552;SETOWMDXZFIVJG-UHFFFAOYSA-N;[H]c1c([H])c(Cl)c([H])c([N-]S(=O)(=O)c2c([H])c([H])c(N([H])C(=O)C([H])([H])N(c3c([H])c(Cl)c([H])c([H])c3OC([H])([H])[H])S(=O)(=O)c3c([H])c([H])c(C([H])([H])[H])c([N+](=O)[O-])c3[H])c([H])c2[H])c1[H]
KKBBMM.xaa_ZINC000409178047_438;-10.2195267;-10.452468;-10.995;59;547.012;VHIAZVIGSJCWDH-YZSQISJMSA-N;[H]/C(=C(\C(=O)N([H])c1c([H])c([H])c(S(=O)(=O)[N-]c2c([H])c(Cl)c([H])c([H])c2C([H])([H])[H])c([H])c1[H])c1c([H])c([H])c([H])c([H])c1[H])c1c([H])c([H])c([H])c([N+](=O)[O-])c1[H]
KKBBMM.xaa_ZINC000409371137_447;-10.0502182;-10.299424;-11.068;72;665.524;FDNAHUIKHVNPBX-UHFFFAOYSA-M;[H]c1c([H])c([C@@]([H])(c2c(-c3c([H])c([H])c(C([H])([H])[H])c([H])c3[H])[n-]n([H])c2=O)c2c(-c3c([H])c([H])c(C([H])([H])[H])c([H])c3[H])n([H])n([H])c2=O)c([H])c(Br)c1OC([H])([H])c1c([H])c([H])c([N+](=O)[O-])c([H])c1[H]
KFEBRM.xaa_ZINC000408857598_3;-10.237326;-10.588282;-9.422;61;565.54;VHBRPURONPMWNW-VLOXRPPESA-M;[H]C([H])=C([H])C([H])([H])Oc1c([H])c([H])c([C@]2([H])C(C(=O)OC([H])([H])C([H])([H])[H])=C(C([H])([H])[H])N=c3s/c(=C(/[H])c4c([H])c([N+](=O)[O-])c([O-])c([N+](=O)[O-])c4[H])c(=O)n32)c([H])c1[H]
KFEBRM.xaa_ZINC000408858510_5;-10.1661518;-10.386513;-9.536;61;565.54;POLVASXWUCBWCI-AFHVAHMMSA-M;[H]C([H])=C([H])C([H])([H])Oc1c([H])c([H])c([C@@]2([H])C(C(=O)OC([H])([H])C([H])([H])[H])=C(C([H])([H])[H])N=c3s/c(=C(/[H])c4c([H])c([N+](=O)[O-])c([H])c([N+](=O)[O-])c4[O-])c(=O)n32)c([H])c1[H]
KFEBRM.xaa_ZINC000408858512_8;-10.1476416;-10.340543;-9.307;61;565.54;POLVASXWUCBWCI-ZRELAVNMSA-M;[H]C([H])=C([H])C([H])([H])Oc1c([H])c([H])c([C@]2([H])C(C(=O)OC([H])([H])C([H])([H])[H])=C(C([H])([H])[H])N=c3s/c(=C(/[H])c4c([H])c([N+](=O)[O-])c([H])c([N+](=O)[O-])c4[O-])c(=O)n32)c([H])c1[H]
KFEBRM.xaa_ZINC000409416093_24;-10.4996874;-11.15439;-12.779;83;707.848;RAGYIOVSMCPLHJ-UHFFFAOYSA-M;[H]C1=C([H])C(=[S@@](=O)([O-])N2C([H])([H])C([H])([H])OC([H])([H])C2([H])[H])C([H])=C([H])C1=NC(=O)C([H])([H])N(C([H])([H])c1c([H])c([H])c(F)c([H])c1[H])S(=O)(=O)c1c([H])c([H])c(S(=O)(=O)N([H])C2([H])C([H])([H])C([H])([H])C([H])([H])C([H])([H])C2([H])[H])c([H])c1[H]
KFEBRM.xaa_ZINC000104364367_44;-11.296499700000002;-11.6024475;-9.565;49;509.44;RZXCMXZXMCWDNW-KOIXPNIYSA-M;[H]C1=C(/N=N/c2nc([H])c([N+](=O)[O-])c([H])c2[H])[C@]([H])(/N=N/c2nc([H])c([N+](=O)[O-])c([H])c2[H])c2c([H])c([H])c([H])c([H])c2[C@]1([H])S(=O)(=O)[O-]
KFEBRM.xaa_ZINC000104364373_45;-11.296499700000002;-11.6024475;-9.565;49;509.44;RZXCMXZXMCWDNW-KOIXPNIYSA-M;[H]C1=C(/N=N/c2nc([H])c([N+](=O)[O-])c([H])c2[H])[C@]([H])(/N=N/c2nc([H])c([N+](=O)[O-])c([H])c2[H])c2c([H])c([H])c([H])c([H])c2[C@]1([H])S(=O)(=O)[O-]
KFEBRM.xaa_ZINC000150344800_104;-10.4582652;-10.763298;-10.15;87;667.688;LOYTWJIBXQKVSE-POAPTXNKSA-M;[H]O[C@]1(C(=O)C([H])([H])OC(=O)C([H])([H])C([H])([H])C(=O)N([H])[C@]([H])(C(=O)[O-])[C@]([H])(O[H])c2c([H])c([H])c([H])c([N+](=O)[O-])c2[H])C([H])([H])C([H])([H])[C@@]2([H])[C@]3([H])C([H])([H])C([H])([H])C4=C([H])C(=O)C([H])([H])C([H])([H])[C@]4(C([H])([H])[H])[C@@]3([H])C(=O)C([H])([H])[C@@]21C([H])([H])[H]
KFEBRM.xaa_ZINC000150344807_105;-10.5531494;-10.639188;-11.728;87;667.688;LOYTWJIBXQKVSE-VJYKFDJHSA-M;[H]O[C@@]([H])(c1c([H])c([H])c([H])c([N+](=O)[O-])c1[H])[C@]([H])(C(=O)[O-])N([H])C(=O)C([H])([H])C([H])([H])C(=O)OC([H])([H])C(=O)[C@@]1(O[H])C([H])([H])C([H])([H])[C@@]2([H])[C@]3([H])C([H])([H])C([H])([H])C4=C([H])C(=O)C([H])([H])C([H])([H])[C@]4(C([H])([H])[H])[C@@]3([H])C(=O)C([H])([H])[C@@]21C([H])([H])[H]
KFEBRM.xaa_ZINC000150344804_106;-10.4739014;-10.64328;-10.696;87;667.688;LOYTWJIBXQKVSE-CALXDXCESA-M;[H]O[C@@]([H])(c1c([H])c([H])c([H])c([N+](=O)[O-])c1[H])[C@@]([H])(C(=O)[O-])N([H])C(=O)C([H])([H])C([H])([H])C(=O)OC([H])([H])C(=O)[C@@]1(O[H])C([H])([H])C([H])([H])[C@@]2([H])[C@]3([H])C([H])([H])C([H])([H])C4=C([H])C(=O)C([H])([H])C([H])([H])[C@]4(C([H])([H])[H])[C@@]3([H])C(=O)C([H])([H])[C@@]21C([H])([H])[H]
KFEBRM.xaa_ZINC000150344801_111;-10.624467200000002;-11.03558;-11.218;87;667.688;LOYTWJIBXQKVSE-HSWSLWABSA-M;[H]O[C@]1(C(=O)C([H])([H])OC(=O)C([H])([H])C([H])([H])C(=O)N([H])[C@@]([H])(C(=O)[O-])[C@]([H])(O[H])c2c([H])c([H])c([H])c([N+](=O)[O-])c2[H])C([H])([H])C([H])([H])[C@@]2([H])[C@]3([H])C([H])([H])C([H])([H])C4=C([H])C(=O)C([H])([H])C([H])([H])[C@]4(C([H])([H])[H])[C@@]3([H])C(=O)C([H])([H])[C@@]21C([H])([H])[H]
KFEBRM.xaa_ZINC000150344923_115;-10.0372498;-10.62039;-10.941;89;661.728;OIFUSWZLCJYPAZ-JJKUDIAISA-M;[H]Oc1c([H])c([H])c2c(c1[H])c(C([H])([H])[C@]([H])(C(=O)[O-])N([H])C(=O)C([H])([H])C([H])([H])C(=O)OC([H])([H])C(=O)[C@@]1(O[H])C([H])([H])C([H])([H])[C@@]3([H])[C@]4([H])C([H])([H])C([H])([H])C5=C([H])C(=O)C([H])=C([H])[C@]5(C([H])([H])[H])[C@@]4([H])[C@]([H])(O[H])C([H])([H])[C@@]31C([H])([H])[H])c([H])n2[H]
KFEBRM.xaa_ZINC000150402883_125;-10.065882300000002;-10.790572;-10.898;92;683.731;JYOBYKXWDWDTOD-FWMMNRQESA-M;[H]O[C@]1(C(=O)C([H])([H])OC(=O)C([H])([H])C([H])([H])C(=O)N([H])[C@]([H])(C(=O)OC([H])([H])[H])C([H])([H])c2c([H])c([H])c([O-])c([N+](=O)[O-])c2[H])C([H])([H])C([H])([H])[C@@]2([H])[C@]3([H])C([H])([H])C([H])([H])C4=C([H])C(=O)C([H])([H])C([H])([H])[C@]4(C([H])([H])[H])[C@@]3([H])[C@]([H])(O[H])C([H])([H])[C@@]21C([H])([H])[H]
KFEBRM.xaa_ZINC000150402887_126;-10.2497118;-10.832015;-10.899;92;683.731;JYOBYKXWDWDTOD-FURAPDDHSA-M;[H]O[C@]1(C(=O)C([H])([H])OC(=O)C([H])([H])C([H])([H])C(=O)N([H])[C@@]([H])(C(=O)OC([H])([H])[H])C([H])([H])c2c([H])c([H])c([O-])c([N+](=O)[O-])c2[H])C([H])([H])C([H])([H])[C@@]2([H])[C@]3([H])C([H])([H])C([H])([H])C4=C([H])C(=O)C([H])([H])C([H])([H])[C@]4(C([H])([H])[H])[C@@]3([H])[C@]([H])(O[H])C([H])([H])[C@@]21C([H])([H])[H]
KFEBRM.xaa_ZINC000150405302_130;-10.1065733;-10.901092;-10.863;100;718.824;DFRXHIAUDQUDMM-CKFSRKILSA-M;[H]O[C@@]1([H])C([H])([H])[C@@]2(C([H])([H])[H])[C@@]([H])(C([H])([H])C([H])([H])[C@]2(O[H])C(=O)C([H])([H])OC(=O)C([H])([H])C([H])([H])C(=O)N([H])[C@]([H])(C(=O)N([H])[C@]([H])(C(=O)[O-])C([H])([H])c2c([H])n([H])c3c([H])c([H])c([H])c([H])c23)C([H])([H])[H])[C@]2([H])C([H])([H])C([H])([H])C3=C([H])C(=O)C([H])([H])C([H])([H])[C@]3(C([H])([H])[H])[C@]21[H]
KFEBRM.xaa_ZINC000408721671_148;-10.7301452;-11.014023;-10.626;56;573.344;WVICJZQUMSBDNQ-FOKLQQMPSA-M;[H]/C(=N\N([H])c1nc(N([H])c2c([H])c([H])c(C([H])([H])[H])c([H])c2Br)nc(N2C([H])([H])C([H])([H])OC([H])([H])C2([H])[H])n1)c1c([H])c([N+](=O)[O-])c([H])c([N+](=O)[O-])c1[O-]
KFEBRM.xaa_ZINC000408857603_164;-10.2647236;-10.660156;-8.753;61;565.54;VHBRPURONPMWNW-WLJFKGHSSA-M;[H]C([H])=C([H])C([H])([H])Oc1c([H])c([H])c([C@@]2([H])C(C(=O)OC([H])([H])C([H])([H])[H])=C(C([H])([H])[H])N=c3s/c(=C(/[H])c4c([H])c([N+](=O)[O-])c([O-])c([N+](=O)[O-])c4[H])c(=O)n32)c([H])c1[H]
KFEBRM.xaa_ZINC000079221549_214;-10.025550999999998;-10.677407;-10.226;89;661.728;OIFUSWZLCJYPAZ-PIPMUDGMSA-M;[H]Oc1c([H])c([H])c2c(c1[H])c(C([H])([H])[C@@]([H])(C(=O)[O-])N([H])C(=O)C([H])([H])C([H])([H])C(=O)OC([H])([H])C(=O)[C@@]1(O[H])C([H])([H])C([H])([H])[C@@]3([H])[C@]4([H])C([H])([H])C([H])([H])C5=C([H])C(=O)C([H])=C([H])[C@]5(C([H])([H])[H])[C@@]4([H])[C@]([H])(O[H])C([H])([H])[C@@]31C([H])([H])[H])c([H])n2[H]
KFEBRM.xaa_ZINC000409416092_245;-10.291377;-11.445047;-12.274;79;637.826;IXNZILXXHQNRCR-UHFFFAOYSA-M;[H]C1=C([H])C(=[S@@](=O)([O-])N2C([H])([H])C([H])([H])C([H])([H])C([H])([H])C2([H])[H])C([H])=C([H])C1=NC(=O)C([H])([H])N(C1([H])C([H])([H])C([H])([H])C([H])([H])C([H])([H])C1([H])[H])S(=O)(=O)c1c([H])c([H])c(S(=O)(=O)N([H])C2([H])C([H])([H])C2([H])[H])c([H])c1[H]
KHEDRN.xaa_ZINC000514291062_3;-10.2614644;-10.492859;-11.222;75;612.753;COKMHMZIGRJCAX-OAQYLSRUSA-N;[H]c1c([H])c(-c2nnc(S[C@@]([H])(C(=O)N([H])C3(C#N)C([H])([H])C([H])([H])C([H])([H])C([H])([H])C3([H])[H])C([H])([H])[H])n2C([H])([H])c2c([H])c([H])c(F)c([H])c2[H])c([H])c(S(=O)(=O)N2C([H])([H])C([H])([H])OC([H])([H])C2([H])[H])c1[H]
KHEDRN.xaa_ZINC000514291058_5;-10.407904900000002;-10.601767;-11.517;75;612.753;COKMHMZIGRJCAX-NRFANRHFSA-N;[H]c1c([H])c(-c2nnc(S[C@]([H])(C(=O)N([H])C3(C#N)C([H])([H])C([H])([H])C([H])([H])C([H])([H])C3([H])[H])C([H])([H])[H])n2C([H])([H])c2c([H])c([H])c(F)c([H])c2[H])c([H])c(S(=O)(=O)N2C([H])([H])C([H])([H])OC([H])([H])C2([H])[H])c1[H]
KHEDRN.xaa_ZINC000514293258_7;-10.3195546;-11.063974;-10.719;74;582.752;SWQBWXMIOMGHIH-RBTNQOKQSA-N;[H]c1c([H])c([H])c([C@@]([H])(n2c(SC([H])([H])C(=O)N([H])[C@@](C#N)(C([H])([H])[H])C([H])(C([H])([H])[H])C([H])([H])[H])nnc2-c2c([H])c([H])c([H])c(S(=O)(=O)N3C([H])([H])C([H])([H])OC([H])([H])C3([H])[H])c2[H])C([H])([H])[H])c([H])c1[H]
KHEDRN.xaa_ZINC000514293255_8;-10.2554002;-10.896137;-11.048;74;582.752;SWQBWXMIOMGHIH-KMRXNPHXSA-N;[H]c1c([H])c([H])c([C@@]([H])(n2c(SC([H])([H])C(=O)N([H])[C@](C#N)(C([H])([H])[H])C([H])(C([H])([H])[H])C([H])([H])[H])nnc2-c2c([H])c([H])c([H])c(S(=O)(=O)N3C([H])([H])C([H])([H])OC([H])([H])C3([H])[H])c2[H])C([H])([H])[H])c([H])c1[H]
KHEDRN.xaa_ZINC000514293256_9;-10.272894;-10.732042;-11.431;74;582.752;SWQBWXMIOMGHIH-LYZGTLIUSA-N;[H]c1c([H])c([H])c([C@]([H])(n2c(SC([H])([H])C(=O)N([H])[C@@](C#N)(C([H])([H])[H])C([H])(C([H])([H])[H])C([H])([H])[H])nnc2-c2c([H])c([H])c([H])c(S(=O)(=O)N3C([H])([H])C([H])([H])OC([H])([H])C3([H])[H])c2[H])C([H])([H])[H])c([H])c1[H]
KHEDRN.xaa_ZINC000514293257_10;-10.2455459;-10.591307;-10.437;74;582.752;SWQBWXMIOMGHIH-PIKZIKFNSA-N;[H]c1c([H])c([H])c([C@]([H])(n2c(SC([H])([H])C(=O)N([H])[C@](C#N)(C([H])([H])[H])C([H])(C([H])([H])[H])C([H])([H])[H])nnc2-c2c([H])c([H])c([H])c(S(=O)(=O)N3C([H])([H])C([H])([H])OC([H])([H])C3([H])[H])c2[H])C([H])([H])[H])c([H])c1[H]
KHEDRN.xaa_ZINC000514292930_17;-10.0376158;-10.540619;-11.276;82;662.86;PIPILVJOYWLGLA-QFIPXVFZSA-N;[H]C([H])=C([H])C([H])([H])n1c(S[C@]([H])(C(=O)N([H])c2c([H])c([H])c(C([H])([H])[H])c(S(=O)(=O)N(C([H])([H])C([H])([H])[H])C([H])([H])C([H])([H])[H])c2[H])C([H])([H])[H])nnc1-c1c([H])c([H])c([H])c(S(=O)(=O)N2C([H])([H])C([H])([H])OC([H])([H])C2([H])[H])c1[H]
KHEDRN.xaa_ZINC000514292922_19;-10.1002894;-10.65601;-10.374;82;662.86;PIPILVJOYWLGLA-JOCHJYFZSA-N;[H]C([H])=C([H])C([H])([H])n1c(S[C@@]([H])(C(=O)N([H])c2c([H])c([H])c(C([H])([H])[H])c(S(=O)(=O)N(C([H])([H])C([H])([H])[H])C([H])([H])C([H])([H])[H])c2[H])C([H])([H])[H])nnc1-c1c([H])c([H])c([H])c(S(=O)(=O)N2C([H])([H])C([H])([H])OC([H])([H])C2([H])[H])c1[H]
KHEDRN.xaa_ZINC000514296254_44;-10.1726851;-10.986776;-11.473;75;578.691;GYHCZSTVQFXYQZ-UHFFFAOYSA-N;[H]c1c([H])c(S(=O)(=O)c2c([H])c([H])c(OC([H])([H])C(=O)N([H])C3(C#N)C([H])([H])C([H])([H])C([H])([H])C([H])([H])C3([H])[H])c([H])c2[H])c([H])c([H])c1OC([H])([H])C(=O)N([H])C1(C#N)C([H])([H])C([H])([H])C([H])([H])C([H])([H])C1([H])[H]
KHEDRN.xaa_ZINC000514291436_72;-10.008327;-10.787214;-11.109;79;683.278;GAEZSKGYOSHVPU-FQEVSTJZSA-N;[H]C([H])=C([H])C([H])([H])n1c(S[C@]([H])(C(=O)N([H])c2c([H])c(S(=O)(=O)N(C([H])([H])C([H])([H])[H])C([H])([H])C([H])([H])[H])c([H])c([H])c2Cl)C([H])([H])[H])nnc1-c1c([H])c([H])c([H])c(S(=O)(=O)N2C([H])([H])C([H])([H])OC([H])([H])C2([H])[H])c1[H]
KHEDRN.xaa_ZINC000514291442_73;-10.1191598;-11.183039;-10.496;79;683.278;GAEZSKGYOSHVPU-HXUWFJFHSA-N;[H]C([H])=C([H])C([H])([H])n1c(S[C@@]([H])(C(=O)N([H])c2c([H])c(S(=O)(=O)N(C([H])([H])C([H])([H])[H])C([H])([H])C([H])([H])[H])c([H])c([H])c2Cl)C([H])([H])[H])nnc1-c1c([H])c([H])c([H])c(S(=O)(=O)N2C([H])([H])C([H])([H])OC([H])([H])C2([H])[H])c1[H]
KHEDRN.xaa_ZINC000514301923_79;-10.3913297;-11.292479;-10.7;66;635.771;HYQAFNDACYDQCE-UHFFFAOYSA-N;[H]c1c([H])c(C([H])([H])Sc2nnc(N([H])C(=O)C3([H])C([H])([H])C([H])([H])N(S(=O)(=O)c4sc(C(=O)OC([H])([H])[H])c(C([H])([H])[H])c4C(=O)OC([H])([H])[H])C([H])([H])C3([H])[H])s2)c([H])c([H])c1C#N
KHEDRN.xaa_ZINC000514374878_103;-10.5936276;-11.000046;-11.375;72;598.726;HAUCHTPXOYFZQJ-UHFFFAOYSA-N;[H]c1c([H])c(-c2nnc(SC([H])([H])C(=O)N([H])C3(C#N)C([H])([H])C([H])([H])C([H])([H])C([H])([H])C3([H])[H])n2C([H])([H])c2c([H])c([H])c(F)c([H])c2[H])c([H])c(S(=O)(=O)N2C([H])([H])C([H])([H])OC([H])([H])C2([H])[H])c1[H]
KHEDRN.xaa_ZINC000514379140_137;-10.2798127;-10.51648;-10.834;67;584.749;MUJSRHKDDQNTOQ-UHFFFAOYSA-N;[H]c1c([H])c(C([H])([H])Sc2nnc(N([H])C(=O)c3c([H])c(S(=O)(=O)N4C([H])([H])C([H])([H])OC([H])([H])C4([H])[H])c([H])c([H])c3N3C([H])([H])C([H])([H])C([H])([H])C([H])([H])C3([H])[H])s2)c([H])c([H])c1C#N
KHEDRN.xaa_ZINC000514390723_187;-10.3115754;-10.573313;-10.489;68;583.765;UHUQNCNGKSVNLO-UHFFFAOYSA-N;[H]C([H])=C([H])C([H])([H])n1c(SC([H])([H])c2nc(N([H])[H])c3c4c(sc3n2)C([H])([H])C([H])([H])C([H])([H])C4([H])[H])nnc1-c1c([H])c([H])c([H])c(S(=O)(=O)N2C([H])([H])C([H])([H])OC([H])([H])C2([H])[H])c1[H]
KHEDRN.xaa_ZINC000514913615_232;-10.2792103;-10.6681595;-11.317;51;500.001;BJONHBNPQINOFJ-HBGFAASGSA-N;[H]/C(c1c([H])c([H])c([H])c([N+](=O)[O-])c1[H])=c1/s/c(=C(/C#N)C(=O)c2c([H])c([H])c([H])c(Cl)c2[H])n(C([H])([H])C([H])([H])C([H])([H])SC([H])([H])[H])c1=O
KHCBMM.xaa_ZINC000103920096_91;-10.0534794;-10.631186;-10.965;62;576.64;OUMMPNZMFPXYGR-UHFFFAOYSA-M;[H]c1nc(N([H])S(=O)(=O)c2c([H])c([H])c(/N=C(/c3c(C([H])([H])C(=O)OC([H])([H])[H])[n-]n(-c4nc5c([H])c([H])c([H])c([H])c5s4)c3=O)C([H])([H])[H])c([H])c2[H])nc(C([H])([H])[H])c1[H]
KHCBMM.xaa_ZINC000103806035_108;-10.1015034;-10.308827;-11.189;58;592.66;CLMYMLAYLOXUPI-GASCZTMLSA-M;[H]/C(=C1/C(=O)[N-]C(=S)N([H])C1=O)c1c([H])c([H])c(Sc2nc3c([H])c([H])c(N4C(=O)[C@@]5([H])C([H])([H])C([H])([H])C([H])([H])C([H])([H])[C@@]5([H])C4=O)c([H])c3s2)c([N+](=O)[O-])c1[H]
KHCBMM.xaa_ZINC000103806048_109;-10.038657;-10.370364;-10.301;58;592.66;CLMYMLAYLOXUPI-HUUCEWRRSA-M;[H]/C(=C1/C(=O)[N-]C(=S)N([H])C1=O)c1c([H])c([H])c(Sc2nc3c([H])c([H])c(N4C(=O)[C@]5([H])C([H])([H])C([H])([H])C([H])([H])C([H])([H])[C@@]5([H])C4=O)c([H])c3s2)c([N+](=O)[O-])c1[H]
KHCBMM.xaa_ZINC000103806042_110;-10.0395222;-10.367042;-10.266;58;592.66;CLMYMLAYLOXUPI-GJZGRUSLSA-M;[H]/C(=C1/C(=O)[N-]C(=S)N([H])C1=O)c1c([H])c([H])c(Sc2nc3c([H])c([H])c(N4C(=O)[C@@]5([H])C([H])([H])C([H])([H])C([H])([H])C([H])([H])[C@]5([H])C4=O)c([H])c3s2)c([N+](=O)[O-])c1[H]
KHCBMM.xaa_ZINC000150469658_111;-10.7791214;-11.832189;-12.167;67;705.754;UVNJEQSBUQFISC-QURGRASLSA-M;[H]Oc1c([H])c([N+](=O)[O-])c([H])c([H])c1N([H])C(=O)C([H])([H])C([H])([H])C([H])([H])N1C(=O)/C(=C2\SC(=S)N(C([H])([H])C([H])([H])C([H])([H])C(=O)N([H])c3c([H])c([H])c([N+](=O)[O-])c([H])c3[O-])C2=O)SC1=S
KHCBMM.xaa_ZINC000409095201_222;-10.248537199999998;-10.844026;-10.127;71;631.716;GSXSRMFRSCCMJB-IBYCJETLSA-M;[H]/C(c1c([H])c([N+](=O)[O-])c([H])c([H])c1Sc1nc(C([H])([H])[H])c([H])c(=O)[n-]1)=c1/sc2n(c1=O)[C@]([H])(c1c([H])c([H])c(N(C([H])([H])[H])C([H])([H])[H])c([H])c1[H])C(C(=O)OC([H])([H])C([H])([H])[H])=C(C([H])([H])[H])N=2
KHCBMM.xaa_ZINC000409095203_223;-10.4303346;-10.852999;-9.683;71;631.716;GSXSRMFRSCCMJB-OFCKJYIJSA-M;[H]/C(c1c([H])c([N+](=O)[O-])c([H])c([H])c1Sc1nc(C([H])([H])[H])c([H])c(=O)[n-]1)=c1/sc2n(c1=O)[C@@]([H])(c1c([H])c([H])c(N(C([H])([H])[H])C([H])([H])[H])c([H])c1[H])C(C(=O)OC([H])([H])C([H])([H])[H])=C(C([H])([H])[H])N=2
KHCBMM.xaa_ZINC000409097761_231;-10.200342;-10.450809;-9.136;71;631.716;NLWATLLLEHSRII-IBYCJETLSA-M;[H]/C(c1c([H])c([H])c(Sc2nc(C([H])([H])[H])c([H])c(=O)[n-]2)c([N+](=O)[O-])c1[H])=c1/sc2n(c1=O)[C@]([H])(c1c([H])c([H])c(N(C([H])([H])[H])C([H])([H])[H])c([H])c1[H])C(C(=O)OC([H])([H])C([H])([H])[H])=C(C([H])([H])[H])N=2
KECBRN.xaa_ZINC000071382511_202;-10.2647406;-10.529917;-11.69;87;626.703;ZKPRSFXPAYNIJS-AWGHMAJYSA-N;[H]OC([H])([H])[C@@]1([H])O[C@@]([H])(Oc2c([H])c([H])c(-c3c([H])oc4c(C([H])([H])[N+]5([H])C([H])([H])C([H])([H])C([H])([H])C([H])([H])C5([H])[H])c([O-])c(C([H])([H])[N+]5([H])C([H])([H])C([H])([H])C([H])([H])C([H])([H])C5([H])[H])c([O-])c4c3=O)c([H])c2[H])[C@]([H])(O[H])[C@@]([H])(O[H])[C@]1([H])O[H]
KIEBRM.xaa_ZINC000097982483_0;-10.2852384;-11.312073;-10.982;63;576.567;JARBNVAAMBFIFF-QVIHXGFCSA-N;[H]c1nc([H])c(C(=O)Oc2c([H])c([H])c(C([H])([H])/N=N/c3c([H])c([H])c([N+](=O)[O-])c([H])c3S(=O)(=O)[N-]c3c([H])c([H])c(OC([H])([H])[H])c([H])c3[H])c([H])c2OC([H])([H])[H])c([H])c1[H]
KIEBRM.xaa_ZINC000097982482_1;-10.3960773;-11.458993;-10.891;59;546.541;IDDHGHJTQWOJOW-ZQHSETAFSA-N;[H]c1nc([H])c(C(=O)Oc2c([H])c([H])c(C([H])([H])/N=N/c3c([H])c([H])c([N+](=O)[O-])c([H])c3S(=O)(=O)[N-]c3c([H])c([H])c(OC([H])([H])[H])c([H])c3[H])c([H])c2[H])c([H])c1[H]
KIEBRM.xaa_ZINC000102980448_32;-10.0826876;-10.658529;-9.779;66;538.606;HDZVWNVMVZKLDU-MSJHBLJNSA-N;[H]c1c([H])c([N+](=O)[O-])c([H])c(S(=O)(=O)[N-]c2c([H])c([H])c(C([H])([H])[H])c([H])c2C([H])([H])[H])c1/N=N/[C@]([H])(c1c([H])c([H])c(OC([H])([H])C(=O)N(C([H])([H])[H])C([H])([H])[H])c([H])c1[H])C([H])([H])[H]
KIEBRM.xaa_ZINC000102980440_33;-10.2169778;-10.759886;-10.341;56;531.567;ATOURVGGCBFKMO-LKUDQCMESA-N;[H]c1c([H])c2c(c([H])c1F)/C(=N/N([H])c1c([H])c([H])c([N+](=O)[O-])c([H])c1S(=O)(=O)[N-]c1c([H])c([H])c(C([H])([H])[H])c([H])c1C([H])([H])[H])C([H])([H])C([H])([H])S2(=O)=O
KIEBRM.xaa_ZINC000102980444_34;-10.2169778;-10.759886;-10.344;56;531.567;ATOURVGGCBFKMO-LKUDQCMESA-N;[H]c1c([H])c2c(c([H])c1F)/C(=N/N([H])c1c([H])c([H])c([N+](=O)[O-])c([H])c1S(=O)(=O)[N-]c1c([H])c([H])c(C([H])([H])[H])c([H])c1C([H])([H])[H])C([H])([H])C([H])([H])S2(=O)=O
KIEBRM.xaa_ZINC000102984052_44;-11.0990858;-11.975586;-11.313;59;583.588;RPVDOIDPPHRKOQ-SHHOIMCASA-N;[H]c1c([H])c([H])c(OC([H])([H])[H])c([N-]S(=O)(=O)c2c([H])c([N+](=O)[O-])c([H])c([H])c2/N=N/C([H])([H])c2c([H])c([H])c(Sc3nnc([H])n3C([H])([H])[H])c([N+](=O)[O-])c2[H])c1[H]
KIEBRM.xaa_ZINC000102984049_45;-11.0990858;-11.975586;-11.311;59;583.588;RPVDOIDPPHRKOQ-SHHOIMCASA-N;[H]c1c([H])c([H])c(OC([H])([H])[H])c([N-]S(=O)(=O)c2c([H])c([N+](=O)[O-])c([H])c([H])c2/N=N/C([H])([H])c2c([H])c([H])c(Sc3nnc([H])n3C([H])([H])[H])c([N+](=O)[O-])c2[H])c1[H]
KIEBRM.xaa_ZINC000102984035_46;-10.2894501;-10.954651;-10.784;65;572.645;HIBFXIQXTZATDU-BDSWOBDFSA-N;[H]c1c([H])c([H])c(OC([H])([H])[H])c([N-]S(=O)(=O)c2c([H])c([N+](=O)[O-])c([H])c([H])c2/N=N/[C@]([H])(c2c([H])c([H])c(S(=O)(=O)N3C([H])([H])C([H])([H])C([H])([H])C3([H])[H])c([H])c2[H])C([H])([H])[H])c1[H]
KIEBRM.xaa_ZINC000102984282_47;-10.0194716;-10.199989;-10.088;48;518.871;FQGLGOBTNCBBBB-GHVJWSGMSA-N;[H]c1c([H])c([N-]S(=O)(=O)c2c([H])c([N+](=O)[O-])c([H])c([H])c2/N=N/C([H])([H])c2c([H])c3c(c([H])c2[N+](=O)[O-])OC([H])([H])O3)c([H])c([H])c1Cl
KIEBRM.xaa_ZINC000104816624_170;-10.312601;-10.851532;-10.454;60;574.492;LCDOEFJBGOSFKZ-MPLLGQBDSA-M;[H]c1c([H])c([N+](=O)[O-])c([H])c([H])c1[N-]/N=C(\C(=O)C([H])([H])C([H])([H])[H])[P@@](=O)(/N=c1\sn(-c2c([H])c([H])c([N+](=O)[O-])c([H])c2[H])nc1C(=O)C([H])([H])C([H])([H])[H])OC([H])([H])[H]
KIEBRM.xaa_ZINC000100459843_178;-10.0614561;-10.873457;-11.297;64;525.549;PIFDXKHSCIDBDG-MTDXEUNCSA-M;[H]/C(=N\N=c1/nc(N([H])c2c([H])c([H])c([H])c([H])c2[H])n([H])c(N2C([H])([H])C([H])([H])OC([H])([H])C2([H])[H])n1)c1c([H])c(C([H])([H])c2c([H])c([H])c([H])c([H])c2[H])c([H])c([N+](=O)[O-])c1[O-]
KIEBRM.xaa_ZINC000118918533_220;-11.1018658;-11.708804;-10.023;89;605.756;YDSNQFWQNLJZJS-GPCBKCNSSA-M;[H]O[C@]1([H])C([H])([H])C([H])([H])[C@@]2([H])[C@]3([H])C([H])([H])C([H])([H])[C@]4([H])C([H])([H])/C(=N/OC([H])([H])C(=O)N([H])C([H])([H])C(=O)N([H])[C@]([H])(C(=O)[O-])C([H])([H])c5c([H])n([H])c6c([H])c([H])c([H])c([H])c56)C([H])([H])C([H])([H])[C@]4(C([H])([H])[H])[C@@]3([H])C([H])([H])C([H])([H])[C@@]21C([H])([H])[H]
KIEBRM.xaa_ZINC000118918534_221;-11.0097173;-11.703651;-10.329;89;605.756;YDSNQFWQNLJZJS-PHYXBXDRSA-M;[H]O[C@]1([H])C([H])([H])C([H])([H])[C@@]2([H])[C@]3([H])C([H])([H])C([H])([H])[C@]4([H])C([H])([H])/C(=N\OC([H])([H])C(=O)N([H])C([H])([H])C(=O)N([H])[C@]([H])(C(=O)[O-])C([H])([H])c5c([H])n([H])c6c([H])c([H])c([H])c([H])c56)C([H])([H])C([H])([H])[C@]4(C([H])([H])[H])[C@@]3([H])C([H])([H])C([H])([H])[C@@]21C([H])([H])[H]
KIEBRM.xaa_ZINC000118918532_222;-10.9395898;-11.302522;-9.844;89;605.756;YDSNQFWQNLJZJS-HPZNRGIFSA-M;[H]O[C@]1([H])C([H])([H])C([H])([H])[C@@]2([H])[C@]3([H])C([H])([H])C([H])([H])[C@@]4([H])C([H])([H])/C(=N/OC([H])([H])C(=O)N([H])C([H])([H])C(=O)N([H])[C@]([H])(C(=O)[O-])C([H])([H])c5c([H])n([H])c6c([H])c([H])c([H])c([H])c56)C([H])([H])C([H])([H])[C@]4(C([H])([H])[H])[C@@]3([H])C([H])([H])C([H])([H])[C@@]21C([H])([H])[H]
KIEBRM.xaa_ZINC000118918716_223;-10.6579869;-10.922349;-11.359;84;606.696;GCCJBFBIMQSRGZ-KASLPLCASA-M;[H]C#C[C@@]1(O[H])C([H])([H])C([H])([H])[C@@]2([H])[C@]3([H])C([H])([H])C([H])([H])C4=C([H])/C(=N\OC([H])([H])C(=O)N([H])[C@@]([H])(C(=O)OC([H])([H])[H])C([H])([H])c5c([H])c([H])c([O-])c([N+](=O)[O-])c5[H])C([H])([H])C([H])([H])[C@]4(C([H])([H])[H])[C@@]3([H])C([H])([H])C([H])([H])[C@@]21C([H])([H])[H]
KIEBRM.xaa_ZINC000118918715_224;-10.5398548;-10.818741;-10.862;84;606.696;GCCJBFBIMQSRGZ-VHNGNSEESA-M;[H]C#C[C@@]1(O[H])C([H])([H])C([H])([H])[C@@]2([H])[C@]3([H])C([H])([H])C([H])([H])C4=C([H])/C(=N\OC([H])([H])C(=O)N([H])[C@]([H])(C(=O)OC([H])([H])[H])C([H])([H])c5c([H])c([H])c([O-])c([N+](=O)[O-])c5[H])C([H])([H])C([H])([H])[C@]4(C([H])([H])[H])[C@@]3([H])C([H])([H])C([H])([H])[C@@]21C([H])([H])[H]
KIEBRM.xaa_ZINC000118918721_225;-10.9141552;-11.803896;-11.482;87;624.711;LGJGZAYJXOXHFV-TWSMAEFWSA-M;[H]O[C@]1(C(=O)C([H])([H])[H])C([H])([H])C([H])([H])[C@@]2([H])[C@]3([H])C([H])([H])C([H])([H])C4=C([H])/C(=N\OC([H])([H])C(=O)N([H])[C@]([H])(C(=O)OC([H])([H])[H])C([H])([H])c5c([H])c([H])c([O-])c([N+](=O)[O-])c5[H])C([H])([H])C([H])([H])[C@]4(C([H])([H])[H])[C@@]3([H])C([H])([H])C([H])([H])[C@@]21C([H])([H])[H]
KIEBRM.xaa_ZINC000118918722_226;-11.0163374;-11.525899;-10.694;87;624.711;LGJGZAYJXOXHFV-IOSVNTNKSA-M;[H]O[C@]1(C(=O)C([H])([H])[H])C([H])([H])C([H])([H])[C@@]2([H])[C@]3([H])C([H])([H])C([H])([H])C4=C([H])/C(=N\OC([H])([H])C(=O)N([H])[C@@]([H])(C(=O)OC([H])([H])[H])C([H])([H])c5c([H])c([H])c([O-])c([N+](=O)[O-])c5[H])C([H])([H])C([H])([H])[C@]4(C([H])([H])[H])[C@@]3([H])C([H])([H])C([H])([H])[C@@]21C([H])([H])[H]
KIEBRM.xaa_ZINC000118918747_227;-10.7712706;-11.513373;-11.284;82;582.674;NKRULBMECTXIEI-PCVCDRLXSA-M;[H]O[C@]1([H])C([H])([H])C([H])([H])[C@@]2([H])[C@]3([H])C([H])([H])C([H])([H])C4=C([H])/C(=N\OC([H])([H])C(=O)N([H])[C@]([H])(C(=O)OC([H])([H])[H])C([H])([H])c5c([H])c([H])c([O-])c([N+](=O)[O-])c5[H])C([H])([H])C([H])([H])[C@]4(C([H])([H])[H])[C@@]3([H])C([H])([H])C([H])([H])[C@@]21C([H])([H])[H]
KIEBRM.xaa_ZINC000118918746_228;-10.9322258;-11.7341;-11.175;82;582.674;NKRULBMECTXIEI-VHLSULNESA-M;[H]O[C@@]1([H])C([H])([H])C([H])([H])[C@@]2([H])[C@]3([H])C([H])([H])C([H])([H])C4=C([H])/C(=N/OC([H])([H])C(=O)N([H])[C@]([H])(C(=O)OC([H])([H])[H])C([H])([H])c5c([H])c([H])c([O-])c([N+](=O)[O-])c5[H])C([H])([H])C([H])([H])[C@]4(C([H])([H])[H])[C@@]3([H])C([H])([H])C([H])([H])[C@@]21C([H])([H])[H]
KIEBRM.xaa_ZINC000118918748_229;-10.811837399999998;-11.51594;-11.128;82;582.674;NKRULBMECTXIEI-BERQBTQWSA-M;[H]O[C@]1([H])C([H])([H])C([H])([H])[C@@]2([H])[C@]3([H])C([H])([H])C([H])([H])C4=C([H])/C(=N/OC([H])([H])C(=O)N([H])[C@]([H])(C(=O)OC([H])([H])[H])C([H])([H])c5c([H])c([H])c([O-])c([N+](=O)[O-])c5[H])C([H])([H])C([H])([H])[C@]4(C([H])([H])[H])[C@@]3([H])C([H])([H])C([H])([H])[C@@]21C([H])([H])[H]
KIEBRM.xaa_ZINC000118919016_242;-10.595772;-11.054361;-10.789;89;631.746;UKINYVGFZOXIDE-PNARVUNJSA-M;[H]O[C@]1(C(=O)C([H])([H])OC(=O)C([H])([H])C([H])([H])C(=O)N([H])[C@@]([H])(C(=O)[O-])C([H])([H])c2c([H])n([H])c3c([H])c([H])c([H])c([H])c23)C([H])([H])C([H])([H])[C@@]2([H])[C@]3([H])C([H])([H])C([H])([H])C4=C([H])C(=O)C([H])([H])C([H])([H])[C@]4(C([H])([H])[H])[C@@]3([H])C([H])([H])C([H])([H])[C@@]21C([H])([H])[H]
KIEBRM.xaa_ZINC000118919010_243;-10.5038416;-11.203804;-10.708;90;617.767;FTXHWZOITXPDDF-BZYWNTCXSA-M;[H]O[C@@]1(C([H])([H])[H])C([H])([H])C([H])([H])[C@@]2([H])[C@]3([H])C([H])([H])C([H])([H])C4=C([H])/C(=N\OC([H])([H])C(=O)N([H])C([H])([H])C(=O)N([H])[C@@]([H])(C(=O)[O-])C([H])([H])c5c([H])n([H])c6c([H])c([H])c([H])c([H])c56)C([H])([H])C([H])([H])[C@]4(C([H])([H])[H])[C@@]3([H])C([H])([H])C([H])([H])[C@]12C([H])([H])[H]
KIEBRM.xaa_ZINC000118919007_244;-10.9885198;-11.386068;-10.865;90;617.767;FTXHWZOITXPDDF-CNJGGQRTSA-M;[H]O[C@@]1(C([H])([H])[H])C([H])([H])C([H])([H])[C@@]2([H])[C@]3([H])C([H])([H])C([H])([H])C4=C([H])/C(=N/OC([H])([H])C(=O)N([H])C([H])([H])C(=O)N([H])[C@]([H])(C(=O)[O-])C([H])([H])c5c([H])n([H])c6c([H])c([H])c([H])c([H])c56)C([H])([H])C([H])([H])[C@]4(C([H])([H])[H])[C@@]3([H])C([H])([H])C([H])([H])[C@]12C([H])([H])[H]
KIEBRM.xaa_ZINC000118919008_245;-10.8149714;-11.456813;-10.476;90;617.767;FTXHWZOITXPDDF-CUBHFADSSA-M;[H]O[C@@]1(C([H])([H])[H])C([H])([H])C([H])([H])[C@@]2([H])[C@]3([H])C([H])([H])C([H])([H])C4=C([H])/C(=N\OC([H])([H])C(=O)N([H])C([H])([H])C(=O)N([H])[C@]([H])(C(=O)[O-])C([H])([H])c5c([H])n([H])c6c([H])c([H])c([H])c([H])c56)C([H])([H])C([H])([H])[C@]4(C([H])([H])[H])[C@@]3([H])C([H])([H])C([H])([H])[C@]12C([H])([H])[H]
KIEBRM.xaa_ZINC000118919015_246;-10.4503526;-11.013227;-11.282;89;631.746;UKINYVGFZOXIDE-BDNYCKCBSA-M;[H]O[C@]1(C(=O)C([H])([H])OC(=O)C([H])([H])C([H])([H])C(=O)N([H])[C@]([H])(C(=O)[O-])C([H])([H])c2c([H])n([H])c3c([H])c([H])c([H])c([H])c23)C([H])([H])C([H])([H])[C@@]2([H])[C@]3([H])C([H])([H])C([H])([H])C4=C([H])C(=O)C([H])([H])C([H])([H])[C@]4(C([H])([H])[H])[C@@]3([H])C([H])([H])C([H])([H])[C@@]21C([H])([H])[H]
KIEBRM.xaa_ZINC000118919009_247;-10.6946924;-11.20294;-11.135;90;617.767;FTXHWZOITXPDDF-WTRLLRMNSA-M;[H]O[C@@]1(C([H])([H])[H])C([H])([H])C([H])([H])[C@@]2([H])[C@]3([H])C([H])([H])C([H])([H])C4=C([H])/C(=N/OC([H])([H])C(=O)N([H])C([H])([H])C(=O)N([H])[C@@]([H])(C(=O)[O-])C([H])([H])c5c([H])n([H])c6c([H])c([H])c([H])c([H])c56)C([H])([H])C([H])([H])[C@]4(C([H])([H])[H])[C@@]3([H])C([H])([H])C([H])([H])[C@]12C([H])([H])[H]
KIEBRM.xaa_ZINC000118919069_248;-10.8735228;-11.178511;-10.555;82;582.674;GUUYBACHNMXKAX-IBEMIBQFSA-M;[H]O[C@@]1(C([H])([H])[H])C([H])([H])C([H])([H])[C@@]2([H])[C@]3([H])C([H])([H])C([H])([H])C4=C([H])/C(=N/OC([H])([H])C(=O)N([H])[C@@]([H])(C(=O)[O-])[C@@]([H])(O[H])c5c([H])c([H])c([H])c([N+](=O)[O-])c5[H])C([H])([H])C([H])([H])[C@]4(C([H])([H])[H])[C@@]3([H])C([H])([H])C([H])([H])[C@]12C([H])([H])[H]
KIEBRM.xaa_ZINC000118919067_249;-10.9254466;-11.301822;-10.282;82;582.674;GUUYBACHNMXKAX-CIULEAIYSA-M;[H]O[C@@]1(C([H])([H])[H])C([H])([H])C([H])([H])[C@@]2([H])[C@]3([H])C([H])([H])C([H])([H])C4=C([H])/C(=N/OC([H])([H])C(=O)N([H])[C@@]([H])(C(=O)[O-])[C@]([H])(O[H])c5c([H])c([H])c([H])c([N+](=O)[O-])c5[H])C([H])([H])C([H])([H])[C@]4(C([H])([H])[H])[C@@]3([H])C([H])([H])C([H])([H])[C@]12C([H])([H])[H]
KIEBRM.xaa_ZINC000118919070_250;-10.8473982;-11.527023;-10.845;83;594.685;OPANMDJNUGRZNI-RTCKUBOESA-M;[H]O[C@@]1(C([H])([H])[H])C([H])([H])C([H])([H])[C@@]2([H])[C@]3([H])C([H])([H])C([H])([H])C4=C([H])/C(=N\OC([H])([H])C(=O)N([H])[C@]([H])(C(=O)OC([H])([H])[H])C([H])([H])c5c([H])c([H])c([O-])c([N+](=O)[O-])c5[H])C([H])=C([H])[C@]4(C([H])([H])[H])[C@@]3([H])C([H])([H])C([H])([H])[C@]12C([H])([H])[H]
KIEBRM.xaa_ZINC000118919071_251;-10.9174191;-11.1218405;-10.762;83;594.685;OPANMDJNUGRZNI-ILHGXLNLSA-M;[H]O[C@@]1(C([H])([H])[H])C([H])([H])C([H])([H])[C@@]2([H])[C@]3([H])C([H])([H])C([H])([H])C4=C([H])/C(=N\OC([H])([H])C(=O)N([H])[C@@]([H])(C(=O)OC([H])([H])[H])C([H])([H])c5c([H])c([H])c([O-])c([N+](=O)[O-])c5[H])C([H])=C([H])[C@]4(C([H])([H])[H])[C@@]3([H])C([H])([H])C([H])([H])[C@]12C([H])([H])[H]
KIEBRM.xaa_ZINC000118919072_252;-11.0667312;-11.382635;-10.052;83;594.685;OPANMDJNUGRZNI-ZWUSSDIPSA-M;[H]O[C@@]1(C([H])([H])[H])C([H])([H])C([H])([H])[C@@]2([H])[C@]3([H])C([H])([H])C([H])([H])C4=C([H])/C(=N/OC([H])([H])C(=O)N([H])[C@@]([H])(C(=O)OC([H])([H])[H])C([H])([H])c5c([H])c([H])c([O-])c([N+](=O)[O-])c5[H])C([H])=C([H])[C@]4(C([H])([H])[H])[C@@]3([H])C([H])([H])C([H])([H])[C@]12C([H])([H])[H]
KIEBRM.xaa_ZINC000118919066_253;-10.84795;-11.173646;-10.965;82;582.674;GUUYBACHNMXKAX-GHXXIPSOSA-M;[H]O[C@@]1(C([H])([H])[H])C([H])([H])C([H])([H])[C@@]2([H])[C@]3([H])C([H])([H])C([H])([H])C4=C([H])/C(=N/OC([H])([H])C(=O)N([H])[C@]([H])(C(=O)[O-])[C@]([H])(O[H])c5c([H])c([H])c([H])c([N+](=O)[O-])c5[H])C([H])([H])C([H])([H])[C@]4(C([H])([H])[H])[C@@]3([H])C([H])([H])C([H])([H])[C@]12C([H])([H])[H]
KIEBRM.xaa_ZINC000118919068_254;-10.8250792;-11.458627;-10.544;82;582.674;GUUYBACHNMXKAX-OYVOBEEQSA-M;[H]O[C@@]1(C([H])([H])[H])C([H])([H])C([H])([H])[C@@]2([H])[C@]3([H])C([H])([H])C([H])([H])C4=C([H])/C(=N/OC([H])([H])C(=O)N([H])[C@]([H])(C(=O)[O-])[C@@]([H])(O[H])c5c([H])c([H])c([H])c([N+](=O)[O-])c5[H])C([H])([H])C([H])([H])[C@]4(C([H])([H])[H])[C@@]3([H])C([H])([H])C([H])([H])[C@]12C([H])([H])[H]
KIEBRM.xaa_ZINC000118919106_256;-10.58432;-11.054033;-10.542;80;580.658;VASFEDBSYKTXKX-NKLUUBSFSA-M;[H]O[C@@]1(C([H])([H])[H])C([H])([H])C([H])([H])[C@@]2([H])[C@]3([H])C([H])([H])C([H])([H])C4=C([H])/C(=N\OC([H])([H])C(=O)N([H])[C@@]([H])(C(=O)[O-])[C@]([H])(O[H])c5c([H])c([H])c([H])c([N+](=O)[O-])c5[H])C([H])=C([H])[C@]4(C([H])([H])[H])[C@@]3([H])C([H])([H])C([H])([H])[C@]12C([H])([H])[H]
KIEBRM.xaa_ZINC000118919107_257;-10.6763832;-11.12213;-10.25;80;580.658;VASFEDBSYKTXKX-CIULEAIYSA-M;[H]O[C@@]1(C([H])([H])[H])C([H])([H])C([H])([H])[C@@]2([H])[C@]3([H])C([H])([H])C([H])([H])C4=C([H])/C(=N/OC([H])([H])C(=O)N([H])[C@@]([H])(C(=O)[O-])[C@]([H])(O[H])c5c([H])c([H])c([H])c([N+](=O)[O-])c5[H])C([H])=C([H])[C@]4(C([H])([H])[H])[C@@]3([H])C([H])([H])C([H])([H])[C@]12C([H])([H])[H]
KIEBRM.xaa_ZINC000118919105_260;-10.6364644;-10.91769;-10.566;80;580.658;VASFEDBSYKTXKX-XIZOFMDVSA-M;[H]O[C@@]1(C([H])([H])[H])C([H])([H])C([H])([H])[C@@]2([H])[C@]3([H])C([H])([H])C([H])([H])C4=C([H])/C(=N\OC([H])([H])C(=O)N([H])[C@]([H])(C(=O)[O-])[C@]([H])(O[H])c5c([H])c([H])c([H])c([N+](=O)[O-])c5[H])C([H])=C([H])[C@]4(C([H])([H])[H])[C@@]3([H])C([H])([H])C([H])([H])[C@]12C([H])([H])[H]
KIEBRM.xaa_ZINC000118920653_261;-10.1846576;-10.900872;-10.619;89;627.762;CQHDIVJCAMTVFQ-AOVJXLQTSA-M;[H]C#C[C@@]1(O[H])C([H])([H])C([H])([H])[C@@]2([H])[C@]3([H])C([H])([H])C([H])([H])C4=C([H])/C(=N\OC([H])([H])C(=O)N([H])C([H])([H])C(=O)N([H])[C@@]([H])(C(=O)[O-])C([H])([H])c5c([H])n([H])c6c([H])c([H])c([H])c([H])c56)C([H])([H])C([H])([H])[C@]4(C([H])([H])[H])[C@@]3([H])C([H])([H])C([H])([H])[C@@]21C([H])([H])[H]
KIEBRM.xaa_ZINC000118920652_262;-10.5753232;-11.0511265;-9.903;89;627.762;CQHDIVJCAMTVFQ-YEWWHWQVSA-M;[H]C#C[C@@]1(O[H])C([H])([H])C([H])([H])[C@@]2([H])[C@]3([H])C([H])([H])C([H])([H])C4=C([H])/C(=N\OC([H])([H])C(=O)N([H])C([H])([H])C(=O)N([H])[C@]([H])(C(=O)[O-])C([H])([H])c5c([H])n([H])c6c([H])c([H])c([H])c([H])c56)C([H])([H])C([H])([H])[C@]4(C([H])([H])[H])[C@@]3([H])C([H])([H])C([H])([H])[C@@]21C([H])([H])[H]
KIEBRM.xaa_ZINC000118921269_263;-10.758685000000002;-11.571489;-11.471;89;605.756;YDSNQFWQNLJZJS-JLCRSNFYSA-M;[H]O[C@]1([H])C([H])([H])C([H])([H])[C@@]2([H])[C@]3([H])C([H])([H])C([H])([H])[C@]4([H])C([H])([H])/C(=N\OC([H])([H])C(=O)N([H])C([H])([H])C(=O)N([H])[C@@]([H])(C(=O)[O-])C([H])([H])c5c([H])n([H])c6c([H])c([H])c([H])c([H])c56)C([H])([H])C([H])([H])[C@]4(C([H])([H])[H])[C@@]3([H])C([H])([H])C([H])([H])[C@@]21C([H])([H])[H]
KIEBRM.xaa_ZINC000118921748_266;-10.3726108;-10.813244;-10.179;84;576.714;JBTNOWZKLJGRBH-SFOLAHGGSA-M;[H]O[C@@]1(C([H])([H])[H])C([H])([H])C([H])([H])[C@@]2([H])[C@]3([H])C([H])([H])C([H])([H])C4=C([H])/C(=N/OC([H])([H])C(=O)N([H])[C@]([H])(C(=O)[O-])C([H])([H])c5c([H])n([H])c6c([H])c([H])c([H])c([H])c56)C([H])([H])C([H])([H])[C@]4(C([H])([H])[H])[C@@]3([H])[C@]([H])(O[H])C([H])([H])[C@]12C([H])([H])[H]
KIEBRM.xaa_ZINC000118921742_267;-10.2691258;-10.596696;-10.332;85;592.713;LVCHBVZMKQKTID-OJKCORESSA-M;[H]Oc1c([H])c([H])c2c(c1[H])c(C([H])([H])[C@@]([H])(C(=O)[O-])N([H])C(=O)C([H])([H])O/N=C1/C([H])=C3C([H])([H])C([H])([H])[C@@]4([H])[C@]5([H])C([H])([H])C([H])([H])[C@@](O[H])(C([H])([H])[H])[C@@]5(C([H])([H])[H])C([H])([H])[C@@]([H])(O[H])[C@]4([H])[C@@]3(C([H])([H])[H])C([H])([H])C1([H])[H])c([H])n2[H]
KIEBRM.xaa_ZINC000118921750_270;-10.4008563;-10.665238;-10.075;84;576.714;JBTNOWZKLJGRBH-BCNNDJPPSA-M;[H]O[C@@]1(C([H])([H])[H])C([H])([H])C([H])([H])[C@@]2([H])[C@]3([H])C([H])([H])C([H])([H])C4=C([H])/C(=N/OC([H])([H])C(=O)N([H])[C@@]([H])(C(=O)[O-])C([H])([H])c5c([H])n([H])c6c([H])c([H])c([H])c([H])c56)C([H])([H])C([H])([H])[C@]4(C([H])([H])[H])[C@@]3([H])[C@]([H])(O[H])C([H])([H])[C@]12C([H])([H])[H]
KIEBRM.xaa_ZINC000118921745_271;-10.3474524;-10.563351;-11.094;85;592.713;LVCHBVZMKQKTID-FWCMTNNJSA-M;[H]Oc1c([H])c([H])c2c(c1[H])c(C([H])([H])[C@]([H])(C(=O)[O-])N([H])C(=O)C([H])([H])O/N=C1/C([H])=C3C([H])([H])C([H])([H])[C@@]4([H])[C@]5([H])C([H])([H])C([H])([H])[C@@](O[H])(C([H])([H])[H])[C@@]5(C([H])([H])[H])C([H])([H])[C@@]([H])(O[H])[C@]4([H])[C@@]3(C([H])([H])[H])C([H])([H])C1([H])[H])c([H])n2[H]
KIEBRM.xaa_ZINC000118921949_272;-10.9355349;-11.1345415;-11.328;82;582.674;NKRULBMECTXIEI-HJHRKHEVSA-M;[H]O[C@@]1([H])C([H])([H])C([H])([H])[C@@]2([H])[C@]3([H])C([H])([H])C([H])([H])C4=C([H])/C(=N\OC([H])([H])C(=O)N([H])[C@@]([H])(C(=O)OC([H])([H])[H])C([H])([H])c5c([H])c([H])c([O-])c([N+](=O)[O-])c5[H])C([H])([H])C([H])([H])[C@]4(C([H])([H])[H])[C@@]3([H])C([H])([H])C([H])([H])[C@@]21C([H])([H])[H]
KIEBRM.xaa_ZINC000118921950_273;-10.8746124;-11.40316;-11.493;82;582.674;NKRULBMECTXIEI-MSSQCYOOSA-M;[H]O[C@]1([H])C([H])([H])C([H])([H])[C@@]2([H])[C@]3([H])C([H])([H])C([H])([H])C4=C([H])/C(=N\OC([H])([H])C(=O)N([H])[C@@]([H])(C(=O)OC([H])([H])[H])C([H])([H])c5c([H])c([H])c([O-])c([N+](=O)[O-])c5[H])C([H])([H])C([H])([H])[C@]4(C([H])([H])[H])[C@@]3([H])C([H])([H])C([H])([H])[C@@]21C([H])([H])[H]
KIEBRM.xaa_ZINC000118934115_278;-10.878251;-11.565091;-11.407;89;605.756;YDSNQFWQNLJZJS-PJNKQVRVSA-M;[H]O[C@]1([H])C([H])([H])C([H])([H])[C@@]2([H])[C@]3([H])C([H])([H])C([H])([H])[C@]4([H])C([H])([H])/C(=N/OC([H])([H])C(=O)N([H])C([H])([H])C(=O)N([H])[C@@]([H])(C(=O)[O-])C([H])([H])c5c([H])n([H])c6c([H])c([H])c([H])c([H])c56)C([H])([H])C([H])([H])[C@]4(C([H])([H])[H])[C@@]3([H])C([H])([H])C([H])([H])[C@@]21C([H])([H])[H]
KIEBRM.xaa_ZINC000150344908_281;-11.1299237;-11.746457;-12.274;107;766.865;TVABWOPTIIOALB-RHAFHNDESA-M;[H]O[C@]1(C(=O)C([H])([H])OC(=O)C([H])([H])C([H])([H])C(=O)N([H])C([H])([H])C([H])([H])C([H])([H])C([H])([H])C([H])([H])C(=O)N([H])[C@@]([H])(C(=O)[O-])[C@]([H])(O[H])c2c([H])c([H])c([H])c([N+](=O)[O-])c2[H])C([H])([H])C([H])([H])[C@@]2([H])[C@]3([H])C([H])([H])C([H])([H])C4=C([H])C(=O)C([H])([H])C([H])([H])[C@]4(C([H])([H])[H])[C@@]3([H])C([H])([H])C([H])([H])[C@@]21C([H])([H])[H]
KIEBRM.xaa_ZINC000150344909_282;-11.2092615;-11.508494;-11.669;107;766.865;TVABWOPTIIOALB-JIQKYYNCSA-M;[H]O[C@@]([H])(c1c([H])c([H])c([H])c([N+](=O)[O-])c1[H])[C@@]([H])(C(=O)[O-])N([H])C(=O)C([H])([H])C([H])([H])C([H])([H])C([H])([H])C([H])([H])N([H])C(=O)C([H])([H])C([H])([H])C(=O)OC([H])([H])C(=O)[C@@]1(O[H])C([H])([H])C([H])([H])[C@@]2([H])[C@]3([H])C([H])([H])C([H])([H])C4=C([H])C(=O)C([H])([H])C([H])([H])[C@]4(C([H])([H])[H])[C@@]3([H])C([H])([H])C([H])([H])[C@@]21C([H])([H])[H]
KIEBRM.xaa_ZINC000150344910_283;-11.3231376;-11.530477;-11.537;107;766.865;TVABWOPTIIOALB-BLEXHNNWSA-M;[H]O[C@@]([H])(c1c([H])c([H])c([H])c([N+](=O)[O-])c1[H])[C@]([H])(C(=O)[O-])N([H])C(=O)C([H])([H])C([H])([H])C([H])([H])C([H])([H])C([H])([H])N([H])C(=O)C([H])([H])C([H])([H])C(=O)OC([H])([H])C(=O)[C@@]1(O[H])C([H])([H])C([H])([H])[C@@]2([H])[C@]3([H])C([H])([H])C([H])([H])C4=C([H])C(=O)C([H])([H])C([H])([H])[C@]4(C([H])([H])[H])[C@@]3([H])C([H])([H])C([H])([H])[C@@]21C([H])([H])[H]
KIEBRM.xaa_ZINC000150344945_284;-10.4312677;-10.8509245;-10.065;90;647.745;STXSYZVNJGDNNR-FTXOLSSJSA-M;[H]Oc1c([H])c([H])c2c(c1[H])c(C([H])([H])[C@]([H])(C(=O)[O-])N([H])C(=O)C([H])([H])C([H])([H])C(=O)OC([H])([H])C(=O)[C@@]1(O[H])C([H])([H])C([H])([H])[C@@]3([H])[C@]4([H])C([H])([H])C([H])([H])C5=C([H])C(=O)C([H])([H])C([H])([H])[C@]5(C([H])([H])[H])[C@@]4([H])C([H])([H])C([H])([H])[C@@]31C([H])([H])[H])c([H])n2[H]
KIEBRM.xaa_ZINC000150405595_294;-10.3411975;-11.108489;-11.114;92;645.777;YAEXHMKJACTBNH-RKHRCIICSA-M;[H]O[C@]1(C(=O)C([H])([H])[H])C([H])([H])C([H])([H])[C@@]2([H])[C@]3([H])C([H])([H])C([H])([H])C4=C([H])/C(=N\OC([H])([H])C(=O)N([H])C([H])([H])C(=O)N([H])[C@@]([H])(C(=O)[O-])C([H])([H])c5c([H])n([H])c6c([H])c([H])c([H])c([H])c56)C([H])([H])C([H])([H])[C@]4(C([H])([H])[H])[C@@]3([H])C([H])([H])C([H])([H])[C@@]21C([H])([H])[H]
KIEBRM.xaa_ZINC000150405593_295;-10.7346014;-11.27087;-10.42;92;645.777;YAEXHMKJACTBNH-MMEKYYBRSA-M;[H]O[C@]1(C(=O)C([H])([H])[H])C([H])([H])C([H])([H])[C@@]2([H])[C@]3([H])C([H])([H])C([H])([H])C4=C([H])/C(=N\OC([H])([H])C(=O)N([H])C([H])([H])C(=O)N([H])[C@]([H])(C(=O)[O-])C([H])([H])c5c([H])n([H])c6c([H])c([H])c([H])c([H])c56)C([H])([H])C([H])([H])[C@]4(C([H])([H])[H])[C@@]3([H])C([H])([H])C([H])([H])[C@@]21C([H])([H])[H]
KIEBRM.xaa_ZINC000101055994_344;-10.0975634;-10.982475;-10.39;56;607.789;WKRSSXFHDZOGEQ-YSURURNPSA-M;[H]/C(=N\N=c1/nc(N([H])c2c([H])c(Cl)c(C([H])([H])[H])c([H])c2Br)n([H])c(N2C([H])([H])C([H])([H])OC([H])([H])C2([H])[H])n1)c1c([H])c([N+](=O)[O-])c([H])c([N+](=O)[O-])c1[O-]
KIEBRM.xaa_ZINC000070669981_346;-10.8156672;-11.113735;-10.62;89;605.756;YDSNQFWQNLJZJS-FJEIFWKYSA-M;[H]O[C@]1([H])C([H])([H])C([H])([H])[C@@]2([H])[C@]3([H])C([H])([H])C([H])([H])[C@@]4([H])C([H])([H])/C(=N\OC([H])([H])C(=O)N([H])C([H])([H])C(=O)N([H])[C@]([H])(C(=O)[O-])C([H])([H])c5c([H])n([H])c6c([H])c([H])c([H])c([H])c56)C([H])([H])C([H])([H])[C@]4(C([H])([H])[H])[C@@]3([H])C([H])([H])C([H])([H])[C@@]21C([H])([H])[H]
KIEBRM.xaa_ZINC000217337263_348;-11.059888;-11.507166;-10.768;82;582.674;NKRULBMECTXIEI-ABLOBCIJSA-M;[H]O[C@@]1([H])C([H])([H])C([H])([H])[C@@]2([H])[C@]3([H])C([H])([H])C([H])([H])C4=C([H])/C(=N/OC([H])([H])C(=O)N([H])[C@@]([H])(C(=O)OC([H])([H])[H])C([H])([H])c5c([H])c([H])c([O-])c([N+](=O)[O-])c5[H])C([H])([H])C([H])([H])[C@]4(C([H])([H])[H])[C@@]3([H])C([H])([H])C([H])([H])[C@@]21C([H])([H])[H]
KIEBRM.xaa_ZINC000070672545_352;-10.8169009;-11.512663;-10.553;82;582.674;NKRULBMECTXIEI-AHSZGDJOSA-M;[H]O[C@@]1([H])C([H])([H])C([H])([H])[C@@]2([H])[C@]3([H])C([H])([H])C([H])([H])C4=C([H])/C(=N\OC([H])([H])C(=O)N([H])[C@]([H])(C(=O)OC([H])([H])[H])C([H])([H])c5c([H])c([H])c([O-])c([N+](=O)[O-])c5[H])C([H])([H])C([H])([H])[C@]4(C([H])([H])[H])[C@@]3([H])C([H])([H])C([H])([H])[C@@]21C([H])([H])[H]
KIEBRM.xaa_ZINC000070700990_366;-10.7536062;-11.035636;-10.586;80;580.658;VASFEDBSYKTXKX-GHXXIPSOSA-M;[H]O[C@@]1(C([H])([H])[H])C([H])([H])C([H])([H])[C@@]2([H])[C@]3([H])C([H])([H])C([H])([H])C4=C([H])/C(=N/OC([H])([H])C(=O)N([H])[C@]([H])(C(=O)[O-])[C@]([H])(O[H])c5c([H])c([H])c([H])c([N+](=O)[O-])c5[H])C([H])=C([H])[C@]4(C([H])([H])[H])[C@@]3([H])C([H])([H])C([H])([H])[C@]12C([H])([H])[H]
KIEBRM.xaa_ZINC000079221649_367;-10.425266099999998;-10.970837;-11.882;90;647.745;STXSYZVNJGDNNR-NGZLHSSQSA-M;[H]Oc1c([H])c([H])c2c(c1[H])c(C([H])([H])[C@@]([H])(C(=O)[O-])N([H])C(=O)C([H])([H])C([H])([H])C(=O)OC([H])([H])C(=O)[C@@]1(O[H])C([H])([H])C([H])([H])[C@@]3([H])[C@]4([H])C([H])([H])C([H])([H])C5=C([H])C(=O)C([H])([H])C([H])([H])[C@]5(C([H])([H])[H])[C@@]4([H])C([H])([H])C([H])([H])[C@@]31C([H])([H])[H])c([H])n2[H]
KIEBRM.xaa_ZINC000085907400_374;-11.2158728;-11.529054;-11.155;107;766.865;TVABWOPTIIOALB-ZDXSXJGSSA-M;[H]O[C@]1(C(=O)C([H])([H])OC(=O)C([H])([H])C([H])([H])C(=O)N([H])C([H])([H])C([H])([H])C([H])([H])C([H])([H])C([H])([H])C(=O)N([H])[C@]([H])(C(=O)[O-])[C@]([H])(O[H])c2c([H])c([H])c([H])c([N+](=O)[O-])c2[H])C([H])([H])C([H])([H])[C@@]2([H])[C@]3([H])C([H])([H])C([H])([H])C4=C([H])C(=O)C([H])([H])C([H])([H])[C@]4(C([H])([H])[H])[C@@]3([H])C([H])([H])C([H])([H])[C@@]21C([H])([H])[H]
KFEAMN.xaa_ZINC000005295055_216;-10.0551366;-10.673408;-10.743;51;512.324;FAGCKESBAKNQOM-RLOIXQGTSA-N;[H]c1c([H])c(Br)c([H])c(C([H])([H])n2c(/N=N/[C@@]([H])(c3c([H])c([H])c([H])c([N+](=O)[O-])c3[H])C([H])([H])[H])nc3c2c(=O)n([H])c(=O)n3C([H])([H])[H])c1[H]
KKEAMO.xaa_ZINC000102693032_3;-10.0932578;-10.545874;-10.149;74;536.652;CZCRITUEPQRFLD-SSEXGKCCSA-O;[H]OC1=C(C(=O)c2c([H])c([H])c(OC([H])([H])c3c([H])c([H])c([H])c(C([H])([H])[H])c3[H])c([H])c2[H])[C@@]([H])(c2c([H])c([H])c(C([H])([H])C([H])([H])[H])c([H])c2[H])N(C([H])([H])C([H])([H])C([H])([H])n2c([H])c([H])[n+]([H])c2[H])C1=O
KKEAMO.xaa_ZINC000002616036_17;-10.1722186;-10.664549;-10.314;61;545.519;CNPVBOYTCIEZKB-UHFFFAOYSA-O;[H]c1c([H])c([H])c(N([H])/C(=[N+](/[H])c2c([H])c([H])c([H])c([H])c2[H])C([H])([H])Sc2nnc(-c3c([H])c([H])c(Cl)c([H])c3[H])n2-c2c([H])c([H])c(C([H])([H])[H])c(Cl)c2[H])c([H])c1[H]
KKEAMO.xaa_ZINC000226761491_18;-12.1146156;-12.565807;-13.215;103;743.936;PSWRQKDUKFVDAN-CMNCGKLHSA-O;[H]c1c([H])c([H])c(C([H])([H])N2C([H])([H])C([H])([H])N(C([H])([H])N3C(=O)/C(=N\c4c([H])c([H])c(/N=C5\C(=O)N(C([H])([H])N6C([H])([H])C([H])([H])[N+]([H])(C([H])([H])c7c([H])c([H])c([H])c([H])c7[H])C([H])([H])C6([H])[H])c6c([H])c([H])c([H])c([H])c65)c([H])c4[H])c4c([H])c([H])c([H])c([H])c43)C([H])([H])C2([H])[H])c([H])c1[H]
KKEAMO.xaa_ZINC000328596988_19;-10.0234096;-10.477327;-10.315;84;567.703;CFGZBQJGKSQRFC-JYFHCDHNSA-O;[H]c1c([H])c(C(=O)O[C@]2([H])C([H])([H])[C@@]([H])(C([H])([H])N([H])C(=O)c3c([H])c([H])c(OC4([H])C([H])([H])C([H])([H])C([H])([H])C4([H])[H])c(OC([H])([H])[H])c3[H])[N@@+]([H])(C([H])([H])[H])C2([H])[H])c([H])c(OC([H])([H])[H])c1OC1([H])C([H])([H])C([H])([H])C([H])([H])C1([H])[H]
KKEAMO.xaa_ZINC000328596988_20;-10.190337199999998;-10.92086;-11.825;84;567.703;CFGZBQJGKSQRFC-JYFHCDHNSA-O;[H]c1c([H])c(C(=O)O[C@]2([H])C([H])([H])[C@@]([H])(C([H])([H])N([H])C(=O)c3c([H])c([H])c(OC4([H])C([H])([H])C([H])([H])C([H])([H])C4([H])[H])c(OC([H])([H])[H])c3[H])[N@+]([H])(C([H])([H])[H])C2([H])[H])c([H])c(OC([H])([H])[H])c1OC1([H])C([H])([H])C([H])([H])C([H])([H])C1([H])[H]
KKEAMO.xaa_ZINC000103030422_101;-10.0187762;-10.888247;-11.168;79;535.712;IXDKKKNOGTVPDK-ZDCRTTOTSA-O;[H]c1c([H])c([H])c([C@]2([H])C([H])([H])[C@]2([H])C(=O)N2C([H])([H])C([H])([H])[N+]([H])(C([H])([H])[C@]([H])(OC([H])([H])c3c([H])c([H])c(C#N)c([H])c3[H])c3c([H])c([H])c([H])c(N4C([H])([H])C([H])([H])C([H])([H])C4([H])[H])c3[H])C([H])([H])C2([H])[H])c([H])c1[H]
KKEAMO.xaa_ZINC000103030429_102;-10.0314976;-10.864317;-10.861;79;535.712;IXDKKKNOGTVPDK-XFCANUNOSA-O;[H]c1c([H])c([H])c([C@]2([H])C([H])([H])[C@]2([H])C(=O)N2C([H])([H])C([H])([H])[N+]([H])(C([H])([H])[C@@]([H])(OC([H])([H])c3c([H])c([H])c(C#N)c([H])c3[H])c3c([H])c([H])c([H])c(N4C([H])([H])C([H])([H])C([H])([H])C4([H])[H])c3[H])C([H])([H])C2([H])[H])c([H])c1[H]
KKEAMO.xaa_ZINC000103030426_103;-10.110814;-10.764611;-10.978;79;535.712;IXDKKKNOGTVPDK-DSPMFFIESA-O;[H]c1c([H])c([H])c([C@]2([H])C([H])([H])[C@@]2([H])C(=O)N2C([H])([H])C([H])([H])[N+]([H])(C([H])([H])[C@]([H])(OC([H])([H])c3c([H])c([H])c(C#N)c([H])c3[H])c3c([H])c([H])c([H])c(N4C([H])([H])C([H])([H])C([H])([H])C4([H])[H])c3[H])C([H])([H])C2([H])[H])c([H])c1[H]
KKEAMO.xaa_ZINC000103030432_104;-10.0860506;-10.931196;-11.402;79;535.712;IXDKKKNOGTVPDK-WIHCDAFUSA-O;[H]c1c([H])c([H])c([C@]2([H])C([H])([H])[C@@]2([H])C(=O)N2C([H])([H])C([H])([H])[N+]([H])(C([H])([H])[C@@]([H])(OC([H])([H])c3c([H])c([H])c(C#N)c([H])c3[H])c3c([H])c([H])c([H])c(N4C([H])([H])C([H])([H])C([H])([H])C4([H])[H])c3[H])C([H])([H])C2([H])[H])c([H])c1[H]
KKEAMO.xaa_ZINC000002923034_105;-10.1114714;-11.026003;-11.129;74;561.175;VBCWDBSLRCEFKN-BNIPGBBVSA-O;[H]c1c([H])c([H])c2c(c1[H])/C(=N/N([H])C(=S)N([H])c1c([H])c([H])c([H])c(Cl)c1C([H])([H])[H])C(=O)N2C([H])([H])[N@+]([H])(C([H])([H])c1c([H])c([H])c(C([H])([H])[H])c([H])c1[H])C1([H])C([H])([H])C([H])([H])C([H])([H])C([H])([H])C1([H])[H]
KKEAMO.xaa_ZINC000009360162_117;-10.246207600000002;-10.999576;-10.521;68;516.666;NRUYFEFMVYPQLV-KBVAKVRCSA-O;[H]/C(=N\N([H])c1nc2sc3c(c2c(=O)n1C1([H])C([H])([H])C([H])([H])C([H])([H])C([H])([H])C1([H])[H])C([H])([H])C([H])([H])[N@@+]([H])(C([H])([H])c1c([H])c([H])c([H])c([H])c1[H])C3([H])[H])c1c([H])c([H])c(F)c([H])c1[H]
KKEAMO.xaa_ZINC000009360162_118;-10.2444182;-10.991184;-10.104;68;516.666;NRUYFEFMVYPQLV-KBVAKVRCSA-O;[H]/C(=N\N([H])c1nc2sc3c(c2c(=O)n1C1([H])C([H])([H])C([H])([H])C([H])([H])C([H])([H])C1([H])[H])C([H])([H])C([H])([H])[N@+]([H])(C([H])([H])c1c([H])c([H])c([H])c([H])c1[H])C3([H])[H])c1c([H])c([H])c(F)c([H])c1[H]
KKEAMO.xaa_ZINC000252618590_148;-10.2397603;-10.661165;-10.362;65;541.1;LIBJBPQBPUHWSU-VTNSRFBWSA-O;[H]/C(=N\N([H])c1nc2sc3c(c2c(=O)n1C([H])([H])c1c([H])c([H])c([H])c([H])c1[H])C([H])([H])C([H])([H])[N@@+]([H])(C([H])([H])c1c([H])c([H])c([H])c([H])c1[H])C3([H])[H])c1c([H])c([H])c(Cl)c([H])c1[H]
KKEAMO.xaa_ZINC000252618590_149;-10.2389172;-10.704323;-10.534;65;541.1;LIBJBPQBPUHWSU-VTNSRFBWSA-O;[H]/C(=N\N([H])c1nc2sc3c(c2c(=O)n1C([H])([H])c1c([H])c([H])c([H])c([H])c1[H])C([H])([H])C([H])([H])[N@+]([H])(C([H])([H])c1c([H])c([H])c([H])c([H])c1[H])C3([H])[H])c1c([H])c([H])c(Cl)c([H])c1[H]
KKEAMO.xaa_ZINC000253504053_176;-10.451054;-10.920072;-10.634;101;614.895;ACCZPKBWXZLDOB-WGMQKKNTSA-O;[H]C#C[C@]1(O[H])C([H])([H])C([H])([H])[C@]2([H])[C@]3([H])C([H])([H])C([H])([H])C4=C([H])/C(=N/OC([H])([H])C(=O)N([H])C([H])([H])C([H])([H])[C@]5(c6c([H])c([H])c([H])c([H])c6[H])C([H])([H])[C@]([H])(C([H])([H])[H])[N@+]([H])(C([H])([H])[H])C([H])([H])[C@@]5([H])C([H])([H])[H])C([H])([H])C([H])([H])[C@]4(C([H])([H])[H])[C@@]3([H])C([H])([H])C([H])([H])[C@@]21C([H])([H])[H]
KKEAMO.xaa_ZINC000253504048_177;-10.5741582;-11.149047;-11.491;101;614.895;ACCZPKBWXZLDOB-BXBKVFPJSA-O;[H]C#C[C@]1(O[H])C([H])([H])C([H])([H])[C@]2([H])[C@]3([H])C([H])([H])C([H])([H])C4=C([H])/C(=N/OC([H])([H])C(=O)N([H])C([H])([H])C([H])([H])[C@]5(c6c([H])c([H])c([H])c([H])c6[H])C([H])([H])[C@]([H])(C([H])([H])[H])[N@+]([H])(C([H])([H])[H])C([H])([H])[C@]5([H])C([H])([H])[H])C([H])([H])C([H])([H])[C@]4(C([H])([H])[H])[C@@]3([H])C([H])([H])C([H])([H])[C@@]21C([H])([H])[H]
KKEAMO.xaa_ZINC000253504061_178;-10.1827974;-10.838472;-10.638;101;614.895;ACCZPKBWXZLDOB-XYEUNPBLSA-O;[H]C#C[C@]1(O[H])C([H])([H])C([H])([H])[C@]2([H])[C@]3([H])C([H])([H])C([H])([H])C4=C([H])/C(=N/OC([H])([H])C(=O)N([H])C([H])([H])C([H])([H])[C@]5(c6c([H])c([H])c([H])c([H])c6[H])C([H])([H])[C@]([H])(C([H])([H])[H])[N@+]([H])(C([H])([H])[H])C([H])([H])[C@]5([H])C([H])([H])[H])C([H])([H])C([H])([H])[C@]4(C([H])([H])[H])[C@]3([H])C([H])([H])C([H])([H])[C@@]21C([H])([H])[H]
KKEAMO.xaa_ZINC000253504800_179;-10.857026;-11.102567;-11.265;99;590.873;DUWJWUDMHJCAJI-WAYZIVPPSA-O;[H]O[C@@]1([H])C([H])([H])C([H])([H])[C@@]2([H])[C@@]3([H])C([H])([H])C([H])([H])C4=C([H])/C(=N/OC([H])([H])C(=O)N([H])C([H])([H])C([H])([H])[C@]5(c6c([H])c([H])c([H])c([H])c6[H])C([H])([H])[C@@]([H])(C([H])([H])[H])[N@+]([H])(C([H])([H])[H])C([H])([H])[C@]5([H])C([H])([H])[H])C([H])([H])C([H])([H])[C@]4(C([H])([H])[H])[C@@]3([H])C([H])([H])C([H])([H])[C@@]21C([H])([H])[H]
KKEAMO.xaa_ZINC000253504789_180;-10.700967;-10.944643;-12.414;99;590.873;DUWJWUDMHJCAJI-HRTUZWMSSA-O;[H]O[C@@]1([H])C([H])([H])C([H])([H])[C@@]2([H])[C@@]3([H])C([H])([H])C([H])([H])C4=C([H])/C(=N/OC([H])([H])C(=O)N([H])C([H])([H])C([H])([H])[C@]5(c6c([H])c([H])c([H])c([H])c6[H])C([H])([H])[C@@]([H])(C([H])([H])[H])[N@+]([H])(C([H])([H])[H])C([H])([H])[C@@]5([H])C([H])([H])[H])C([H])([H])C([H])([H])[C@]4(C([H])([H])[H])[C@]3([H])C([H])([H])C([H])([H])[C@@]21C([H])([H])[H]
KKEAMO.xaa_ZINC000253504795_181;-10.6326535;-10.796291;-11.027;99;590.873;DUWJWUDMHJCAJI-IRLBGZBMSA-O;[H]O[C@@]1([H])C([H])([H])C([H])([H])[C@@]2([H])[C@@]3([H])C([H])([H])C([H])([H])C4=C([H])/C(=N/OC([H])([H])C(=O)N([H])C([H])([H])C([H])([H])[C@]5(c6c([H])c([H])c([H])c([H])c6[H])C([H])([H])[C@@]([H])(C([H])([H])[H])[N@+]([H])(C([H])([H])[H])C([H])([H])[C@@]5([H])C([H])([H])[H])C([H])([H])C([H])([H])[C@]4(C([H])([H])[H])[C@@]3([H])C([H])([H])C([H])([H])[C@@]21C([H])([H])[H]
KKEAMO.xaa_ZINC000253504798_182;-10.874251;-11.28233;-12.374;99;590.873;DUWJWUDMHJCAJI-VMRCNRFDSA-O;[H]O[C@@]1([H])C([H])([H])C([H])([H])[C@@]2([H])[C@@]3([H])C([H])([H])C([H])([H])C4=C([H])/C(=N/OC([H])([H])C(=O)N([H])C([H])([H])C([H])([H])[C@]5(c6c([H])c([H])c([H])c([H])c6[H])C([H])([H])[C@@]([H])(C([H])([H])[H])[N@+]([H])(C([H])([H])[H])C([H])([H])[C@]5([H])C([H])([H])[H])C([H])([H])C([H])([H])[C@]4(C([H])([H])[H])[C@]3([H])C([H])([H])C([H])([H])[C@@]21C([H])([H])[H]
KKEAMO.xaa_ZINC000253506349_183;-10.4387812;-10.860895;-11.281;105;644.921;SWIPWMRPXBNGGV-HATDNFERSA-O;[H]C#C[C@]1(O[H])C([H])([H])C([H])([H])[C@]2([H])[C@]3([H])C([H])([H])C([H])([H])C4=C([H])/C(=N/OC([H])([H])C(=O)N([H])C([H])([H])C([H])([H])[C@]5(c6c([H])c([H])c(OC([H])([H])[H])c([H])c6[H])C([H])([H])[C@]([H])(C([H])([H])[H])[N@@+]([H])(C([H])([H])[H])C([H])([H])[C@]5([H])C([H])([H])[H])C([H])([H])C([H])([H])[C@]4(C([H])([H])[H])[C@@]3([H])C([H])([H])C([H])([H])[C@@]21C([H])([H])[H]
KKEAMO.xaa_ZINC000253506353_184;-10.1080352;-10.470485;-11.504;105;644.921;SWIPWMRPXBNGGV-SADPVSIGSA-O;[H]C#C[C@]1(O[H])C([H])([H])C([H])([H])[C@]2([H])[C@]3([H])C([H])([H])C([H])([H])C4=C([H])/C(=N/OC([H])([H])C(=O)N([H])C([H])([H])C([H])([H])[C@]5(c6c([H])c([H])c(OC([H])([H])[H])c([H])c6[H])C([H])([H])[C@]([H])(C([H])([H])[H])[N@@+]([H])(C([H])([H])[H])C([H])([H])[C@]5([H])C([H])([H])[H])C([H])([H])C([H])([H])[C@]4(C([H])([H])[H])[C@]3([H])C([H])([H])C([H])([H])[C@@]21C([H])([H])[H]
KKEAMO.xaa_ZINC000253506352_185;-10.3816648;-10.664101;-11.134;105;644.921;SWIPWMRPXBNGGV-LXCQMJIHSA-O;[H]C#C[C@]1(O[H])C([H])([H])C([H])([H])[C@]2([H])[C@]3([H])C([H])([H])C([H])([H])C4=C([H])/C(=N/OC([H])([H])C(=O)N([H])C([H])([H])C([H])([H])[C@]5(c6c([H])c([H])c(OC([H])([H])[H])c([H])c6[H])C([H])([H])[C@]([H])(C([H])([H])[H])[N@@+]([H])(C([H])([H])[H])C([H])([H])[C@@]5([H])C([H])([H])[H])C([H])([H])C([H])([H])[C@]4(C([H])([H])[H])[C@@]3([H])C([H])([H])C([H])([H])[C@@]21C([H])([H])[H]
KKEAMO.xaa_ZINC000253533082_186;-10.0508274;-10.782818;-10.753;101;614.895;ACCZPKBWXZLDOB-WXCOBNNNSA-O;[H]C#C[C@]1(O[H])C([H])([H])C([H])([H])[C@]2([H])[C@]3([H])C([H])([H])C([H])([H])C4=C([H])/C(=N\OC([H])([H])C(=O)N([H])C([H])([H])C([H])([H])[C@]5(c6c([H])c([H])c([H])c([H])c6[H])C([H])([H])[C@]([H])(C([H])([H])[H])[N@+]([H])(C([H])([H])[H])C([H])([H])[C@]5([H])C([H])([H])[H])C([H])([H])C([H])([H])[C@]4(C([H])([H])[H])[C@]3([H])C([H])([H])C([H])([H])[C@@]21C([H])([H])[H]
KKEAMO.xaa_ZINC000253533080_188;-10.389762199999998;-10.82983;-11.824;101;614.895;ACCZPKBWXZLDOB-AZTKFDJXSA-O;[H]C#C[C@]1(O[H])C([H])([H])C([H])([H])[C@]2([H])[C@]3([H])C([H])([H])C([H])([H])C4=C([H])/C(=N\OC([H])([H])C(=O)N([H])C([H])([H])C([H])([H])[C@]5(c6c([H])c([H])c([H])c([H])c6[H])C([H])([H])[C@]([H])(C([H])([H])[H])[N@+]([H])(C([H])([H])[H])C([H])([H])[C@]5([H])C([H])([H])[H])C([H])([H])C([H])([H])[C@]4(C([H])([H])[H])[C@@]3([H])C([H])([H])C([H])([H])[C@@]21C([H])([H])[H]
KKEAMO.xaa_ZINC000253533077_189;-10.282269199999998;-10.802467;-11.07;101;614.895;ACCZPKBWXZLDOB-UOHHNQJFSA-O;[H]C#C[C@]1(O[H])C([H])([H])C([H])([H])[C@]2([H])[C@]3([H])C([H])([H])C([H])([H])C4=C([H])/C(=N\OC([H])([H])C(=O)N([H])C([H])([H])C([H])([H])[C@]5(c6c([H])c([H])c([H])c([H])c6[H])C([H])([H])[C@]([H])(C([H])([H])[H])[N@+]([H])(C([H])([H])[H])C([H])([H])[C@@]5([H])C([H])([H])[H])C([H])([H])C([H])([H])[C@]4(C([H])([H])[H])[C@@]3([H])C([H])([H])C([H])([H])[C@@]21C([H])([H])[H]
KKEAMO.xaa_ZINC000253533253_190;-10.7334392;-11.05056;-11.905;99;590.873;DUWJWUDMHJCAJI-FHMSYEIDSA-O;[H]O[C@@]1([H])C([H])([H])C([H])([H])[C@@]2([H])[C@]3([H])C([H])([H])C([H])([H])C4=C([H])/C(=N\OC([H])([H])C(=O)N([H])C([H])([H])C([H])([H])[C@]5(c6c([H])c([H])c([H])c([H])c6[H])C([H])([H])[C@@]([H])(C([H])([H])[H])[N@+]([H])(C([H])([H])[H])C([H])([H])[C@@]5([H])C([H])([H])[H])C([H])([H])C([H])([H])[C@]4(C([H])([H])[H])[C@@]3([H])C([H])([H])C([H])([H])[C@@]21C([H])([H])[H]
KKEAMO.xaa_ZINC000253533338_191;-10.7203103;-11.001306;-12.35;103;620.899;HYHFNIUSIBDVRR-QUHQRHSOSA-O;[H]O[C@]1([H])C([H])([H])C([H])([H])[C@@]2([H])[C@]3([H])C([H])([H])C([H])([H])C4=C([H])/C(=N\OC([H])([H])C(=O)N([H])C([H])([H])C([H])([H])[C@@]5(c6c([H])c([H])c(OC([H])([H])[H])c([H])c6[H])C([H])([H])[C@]([H])(C([H])([H])[H])[N@@+]([H])(C([H])([H])[H])C([H])([H])[C@]5([H])C([H])([H])[H])C([H])([H])C([H])([H])[C@]4(C([H])([H])[H])[C@@]3([H])C([H])([H])C([H])([H])[C@@]21C([H])([H])[H]
KKEAMO.xaa_ZINC000253533336_192;-10.777696600000002;-10.941776;-10.315;103;620.899;HYHFNIUSIBDVRR-JYWGACSHSA-O;[H]O[C@]1([H])C([H])([H])C([H])([H])[C@@]2([H])[C@]3([H])C([H])([H])C([H])([H])C4=C([H])/C(=N\OC([H])([H])C(=O)N([H])C([H])([H])C([H])([H])[C@@]5(c6c([H])c([H])c(OC([H])([H])[H])c([H])c6[H])C([H])([H])[C@]([H])(C([H])([H])[H])[N@@+]([H])(C([H])([H])[H])C([H])([H])[C@@]5([H])C([H])([H])[H])C([H])([H])C([H])([H])[C@]4(C([H])([H])[H])[C@@]3([H])C([H])([H])C([H])([H])[C@@]21C([H])([H])[H]
KKEAMO.xaa_ZINC000253533334_193;-10.6177498;-11.058617;-11.071;103;620.899;HYHFNIUSIBDVRR-XWQGCAAWSA-O;[H]O[C@]1([H])C([H])([H])C([H])([H])[C@@]2([H])[C@]3([H])C([H])([H])C([H])([H])C4=C([H])/C(=N\OC([H])([H])C(=O)N([H])C([H])([H])C([H])([H])[C@@]5(c6c([H])c([H])c(OC([H])([H])[H])c([H])c6[H])C([H])([H])[C@@]([H])(C([H])([H])[H])[N@@+]([H])(C([H])([H])[H])C([H])([H])[C@]5([H])C([H])([H])[H])C([H])([H])C([H])([H])[C@]4(C([H])([H])[H])[C@@]3([H])C([H])([H])C([H])([H])[C@@]21C([H])([H])[H]
KKEAMO.xaa_ZINC000253533251_194;-10.830108;-11.009378;-11.252;99;590.873;DUWJWUDMHJCAJI-PBYMZEGOSA-O;[H]O[C@@]1([H])C([H])([H])C([H])([H])[C@@]2([H])[C@]3([H])C([H])([H])C([H])([H])C4=C([H])/C(=N\OC([H])([H])C(=O)N([H])C([H])([H])C([H])([H])[C@@]5(c6c([H])c([H])c([H])c([H])c6[H])C([H])([H])[C@@]([H])(C([H])([H])[H])[N@+]([H])(C([H])([H])[H])C([H])([H])[C@@]5([H])C([H])([H])[H])C([H])([H])C([H])([H])[C@]4(C([H])([H])[H])[C@@]3([H])C([H])([H])C([H])([H])[C@@]21C([H])([H])[H]
KKEAMO.xaa_ZINC000253533255_195;-10.8310712;-10.964066;-11.1;99;590.873;DUWJWUDMHJCAJI-RRDCFVPUSA-O;[H]O[C@@]1([H])C([H])([H])C([H])([H])[C@@]2([H])[C@]3([H])C([H])([H])C([H])([H])C4=C([H])/C(=N\OC([H])([H])C(=O)N([H])C([H])([H])C([H])([H])[C@@]5(c6c([H])c([H])c([H])c([H])c6[H])C([H])([H])[C@@]([H])(C([H])([H])[H])[N@+]([H])(C([H])([H])[H])C([H])([H])[C@]5([H])C([H])([H])[H])C([H])([H])C([H])([H])[C@]4(C([H])([H])[H])[C@@]3([H])C([H])([H])C([H])([H])[C@@]21C([H])([H])[H]
KKEAMO.xaa_ZINC000253533332_196;-10.7482924;-11.608278;-10.868;103;620.899;HYHFNIUSIBDVRR-FSZGDFPSSA-O;[H]O[C@]1([H])C([H])([H])C([H])([H])[C@@]2([H])[C@]3([H])C([H])([H])C([H])([H])C4=C([H])/C(=N\OC([H])([H])C(=O)N([H])C([H])([H])C([H])([H])[C@@]5(c6c([H])c([H])c(OC([H])([H])[H])c([H])c6[H])C([H])([H])[C@@]([H])(C([H])([H])[H])[N@@+]([H])(C([H])([H])[H])C([H])([H])[C@@]5([H])C([H])([H])[H])C([H])([H])C([H])([H])[C@]4(C([H])([H])[H])[C@@]3([H])C([H])([H])C([H])([H])[C@@]21C([H])([H])[H]
KKEAMO.xaa_ZINC000253533249_197;-10.9626308;-11.098119;-11.96;99;590.873;DUWJWUDMHJCAJI-VGOYLGDDSA-O;[H]O[C@@]1([H])C([H])([H])C([H])([H])[C@@]2([H])[C@]3([H])C([H])([H])C([H])([H])C4=C([H])/C(=N\OC([H])([H])C(=O)N([H])C([H])([H])C([H])([H])[C@]5(c6c([H])c([H])c([H])c([H])c6[H])C([H])([H])[C@@]([H])(C([H])([H])[H])[N@+]([H])(C([H])([H])[H])C([H])([H])[C@]5([H])C([H])([H])[H])C([H])([H])C([H])([H])[C@]4(C([H])([H])[H])[C@@]3([H])C([H])([H])C([H])([H])[C@@]21C([H])([H])[H]
KKEAMO.xaa_ZINC000253533864_198;-10.3473633;-10.525342;-11.933;105;644.921;SWIPWMRPXBNGGV-LJHHAECFSA-O;[H]C#C[C@]1(O[H])C([H])([H])C([H])([H])[C@]2([H])[C@]3([H])C([H])([H])C([H])([H])C4=C([H])/C(=N\OC([H])([H])C(=O)N([H])C([H])([H])C([H])([H])[C@]5(c6c([H])c([H])c(OC([H])([H])[H])c([H])c6[H])C([H])([H])[C@]([H])(C([H])([H])[H])[N@@+]([H])(C([H])([H])[H])C([H])([H])[C@]5([H])C([H])([H])[H])C([H])([H])C([H])([H])[C@]4(C([H])([H])[H])[C@@]3([H])C([H])([H])C([H])([H])[C@@]21C([H])([H])[H]
KKEAMO.xaa_ZINC000253533866_199;-10.3029642;-10.579388;-12.676;105;644.921;SWIPWMRPXBNGGV-STFJZYNYSA-O;[H]C#C[C@]1(O[H])C([H])([H])C([H])([H])[C@]2([H])[C@]3([H])C([H])([H])C([H])([H])C4=C([H])/C(=N\OC([H])([H])C(=O)N([H])C([H])([H])C([H])([H])[C@]5(c6c([H])c([H])c(OC([H])([H])[H])c([H])c6[H])C([H])([H])[C@]([H])(C([H])([H])[H])[N@@+]([H])(C([H])([H])[H])C([H])([H])[C@@]5([H])C([H])([H])[H])C([H])([H])C([H])([H])[C@]4(C([H])([H])[H])[C@@]3([H])C([H])([H])C([H])([H])[C@@]21C([H])([H])[H]
KKEAMO.xaa_ZINC000257360795_206;-10.5915182;-10.891632;-11.221;103;620.899;HYHFNIUSIBDVRR-FPCXQRHZSA-O;[H]O[C@@]1([H])C([H])([H])C([H])([H])[C@@]2([H])[C@@]3([H])C([H])([H])C([H])([H])C4=C([H])/C(=N/OC([H])([H])C(=O)N([H])C([H])([H])C([H])([H])[C@@]5(c6c([H])c([H])c(OC([H])([H])[H])c([H])c6[H])C([H])([H])[C@]([H])(C([H])([H])[H])[N@@+]([H])(C([H])([H])[H])C([H])([H])[C@]5([H])C([H])([H])[H])C([H])([H])C([H])([H])[C@]4(C([H])([H])[H])[C@@]3([H])C([H])([H])C([H])([H])[C@@]21C([H])([H])[H]
KKEAMO.xaa_ZINC000257360798_207;-10.7330864;-11.637646;-10.991;103;620.899;HYHFNIUSIBDVRR-NZKDGRIVSA-O;[H]O[C@@]1([H])C([H])([H])C([H])([H])[C@@]2([H])[C@@]3([H])C([H])([H])C([H])([H])C4=C([H])/C(=N/OC([H])([H])C(=O)N([H])C([H])([H])C([H])([H])[C@@]5(c6c([H])c([H])c(OC([H])([H])[H])c([H])c6[H])C([H])([H])[C@@]([H])(C([H])([H])[H])[N@@+]([H])(C([H])([H])[H])C([H])([H])[C@@]5([H])C([H])([H])[H])C([H])([H])C([H])([H])[C@]4(C([H])([H])[H])[C@@]3([H])C([H])([H])C([H])([H])[C@@]21C([H])([H])[H]
KKEAMO.xaa_ZINC000257360797_208;-10.5632039;-10.9299555;-11.14;103;620.899;HYHFNIUSIBDVRR-MMZAUEERSA-O;[H]O[C@@]1([H])C([H])([H])C([H])([H])[C@@]2([H])[C@@]3([H])C([H])([H])C([H])([H])C4=C([H])/C(=N/OC([H])([H])C(=O)N([H])C([H])([H])C([H])([H])[C@@]5(c6c([H])c([H])c(OC([H])([H])[H])c([H])c6[H])C([H])([H])[C@@]([H])(C([H])([H])[H])[N@@+]([H])(C([H])([H])[H])C([H])([H])[C@]5([H])C([H])([H])[H])C([H])([H])C([H])([H])[C@]4(C([H])([H])[H])[C@@]3([H])C([H])([H])C([H])([H])[C@@]21C([H])([H])[H]
KKEAMO.xaa_ZINC000257360796_209;-10.6692968;-10.797457;-11.115;103;620.899;HYHFNIUSIBDVRR-LVYFECSPSA-O;[H]O[C@@]1([H])C([H])([H])C([H])([H])[C@@]2([H])[C@@]3([H])C([H])([H])C([H])([H])C4=C([H])/C(=N/OC([H])([H])C(=O)N([H])C([H])([H])C([H])([H])[C@@]5(c6c([H])c([H])c(OC([H])([H])[H])c([H])c6[H])C([H])([H])[C@]([H])(C([H])([H])[H])[N@@+]([H])(C([H])([H])[H])C([H])([H])[C@@]5([H])C([H])([H])[H])C([H])([H])C([H])([H])[C@]4(C([H])([H])[H])[C@@]3([H])C([H])([H])C([H])([H])[C@@]21C([H])([H])[H]
KKEAMO.xaa_ZINC000104263956_228;-11.1667382;-11.516208;-10.0;57;570.438;ADBKMBGFOGZEKC-NOGPVDPTSA-O;[H]c1c([H])c([C@]([H])(/N=N/c2c([H])c([H])c([N+](=O)[O-])c([H])c2[N+](=O)[O-])C([H])([H])SC(N([H])c2c([H])c([H])c([H])c3c([H])c([H])c([H])c([H])c23)=[N+]([H])[H])c([H])c(Cl)c1Cl
KKEAMO.xaa_ZINC000104430770_229;-10.3480073;-10.697857;-12.5;78;558.706;NSXAIBDSVMYMTA-WCOSCEHPSA-O;[H]c1c([H])c([H])c(C([H])([H])[N+]2([H])C([H])([H])C([H])([H])N(C([H])([H])N3C(=O)/C(=N\c4c([H])c([H])c(C(=O)N([H])[C@@]([H])(c5c([H])c([H])c([H])c([H])c5[H])C([H])([H])[H])c([H])c4[H])c4c([H])c([H])c([H])c([H])c43)C([H])([H])C2([H])[H])c([H])c1[H]
KKEAMO.xaa_ZINC000100686302_247;-10.392372599999998;-11.187471;-10.891;68;533.121;FYEIICHFZXXKKZ-KBVAKVRCSA-O;[H]/C(=N\N([H])c1nc2sc3c(c2c(=O)n1C1([H])C([H])([H])C([H])([H])C([H])([H])C([H])([H])C1([H])[H])C([H])([H])C([H])([H])[N@@+]([H])(C([H])([H])c1c([H])c([H])c([H])c([H])c1[H])C3([H])[H])c1c([H])c([H])c(Cl)c([H])c1[H]
KKEAMO.xaa_ZINC000100686302_248;-10.39068;-11.179858;-10.466;68;533.121;FYEIICHFZXXKKZ-KBVAKVRCSA-O;[H]/C(=N\N([H])c1nc2sc3c(c2c(=O)n1C1([H])C([H])([H])C([H])([H])C([H])([H])C([H])([H])C1([H])[H])C([H])([H])C([H])([H])[N@+]([H])(C([H])([H])c1c([H])c([H])c([H])c([H])c1[H])C3([H])[H])c1c([H])c([H])c(Cl)c([H])c1[H]
KKEAMO.xaa_ZINC000100690286_249;-10.2397603;-10.661165;-10.37;65;541.1;LIBJBPQBPUHWSU-VTNSRFBWSA-O;[H]/C(=N\N([H])c1nc2sc3c(c2c(=O)n1C([H])([H])c1c([H])c([H])c([H])c([H])c1[H])C([H])([H])C([H])([H])[N@@+]([H])(C([H])([H])c1c([H])c([H])c([H])c([H])c1[H])C3([H])[H])c1c([H])c([H])c(Cl)c([H])c1[H]
KKEAMO.xaa_ZINC000100690286_250;-10.2389172;-10.704323;-10.541;65;541.1;LIBJBPQBPUHWSU-VTNSRFBWSA-O;[H]/C(=N\N([H])c1nc2sc3c(c2c(=O)n1C([H])([H])c1c([H])c([H])c([H])c([H])c1[H])C([H])([H])C([H])([H])[N@+]([H])(C([H])([H])c1c([H])c([H])c([H])c([H])c1[H])C3([H])[H])c1c([H])c([H])c(Cl)c([H])c1[H]
KKEAMO.xaa_ZINC000150425823_259;-13.115572;-14.400675;-13.639;86;879.667;JAPHFTXDOPPGAH-LQJZCPKCSA-O;[H]c1c([H])c([C@]2([H])N=C(SC([H])([H])C(=O)N([H])c3c([H])c([H])c(C([H])([H])c4c([H])c([H])c(N([H])C(=O)C([H])([H])SC5=N[C@@]([H])(c6c([H])c([H])c(Cl)c(Cl)c6[H])N([H])C(=[N+]([H])[H])N5[H])c([H])c4C#N)c(C#N)c3[H])N([H])C(N([H])[H])=N2)c([H])c(Cl)c1Cl
KKEAMO.xaa_ZINC000150425827_260;-13.0083872;-13.924392;-13.729;86;879.667;JAPHFTXDOPPGAH-CZNDPXEESA-O;[H]c1c([H])c([C@@]2([H])N=C(SC([H])([H])C(=O)N([H])c3c([H])c([H])c(C([H])([H])c4c([H])c([H])c(N([H])C(=O)C([H])([H])SC5=N[C@]([H])(c6c([H])c([H])c(Cl)c(Cl)c6[H])N([H])C(=[N+]([H])[H])N5[H])c([H])c4C#N)c(C#N)c3[H])N([H])C(N([H])[H])=N2)c([H])c(Cl)c1Cl
KKEAMO.xaa_ZINC000150426291_261;-12.8059524;-13.678548;-12.897;86;879.667;GJTJZLDIBJEEGG-LQJZCPKCSA-O;[H]c1c([H])c([C@]2([H])N=C(SC([H])([H])C(=O)N([H])c3c([H])c([H])c(C([H])([H])c4c([H])c([H])c(N([H])C(=O)C([H])([H])SC5=N[C@@]([H])(c6c([H])c([H])c(Cl)c([H])c6Cl)N([H])C(=[N+]([H])[H])N5[H])c([H])c4C#N)c(C#N)c3[H])N([H])C(N([H])[H])=N2)c(Cl)c([H])c1Cl
KKEAMO.xaa_ZINC000150426299_262;-12.7067576;-13.525459;-13.244;86;879.667;GJTJZLDIBJEEGG-CZNDPXEESA-O;[H]c1c([H])c([C@@]2([H])N=C(SC([H])([H])C(=O)N([H])c3c([H])c([H])c(C([H])([H])c4c([H])c([H])c(N([H])C(=O)C([H])([H])SC5=N[C@]([H])(c6c([H])c([H])c(Cl)c([H])c6Cl)N([H])C(=[N+]([H])[H])N5[H])c([H])c4C#N)c(C#N)c3[H])N([H])C(N([H])[H])=N2)c(Cl)c([H])c1Cl
KKEAMO.xaa_ZINC000150426279_263;-12.5778594;-13.346119;-13.922;86;810.777;AGAUWDLUJMBRTQ-LQJZCPKCSA-O;[H]c1c([H])c([H])c([C@]2([H])N=C(SC([H])([H])C(=O)N([H])c3c([H])c([H])c(C([H])([H])c4c([H])c([H])c(N([H])C(=O)C([H])([H])SC5=N[C@@]([H])(c6c([H])c([H])c([H])c([H])c6Cl)N([H])C(=[N+]([H])[H])N5[H])c([H])c4C#N)c(C#N)c3[H])N([H])C(N([H])[H])=N2)c(Cl)c1[H]
KKEAMO.xaa_ZINC000150426288_264;-12.5696452;-13.322883;-13.444;86;810.777;AGAUWDLUJMBRTQ-CZNDPXEESA-O;[H]c1c([H])c([H])c([C@@]2([H])N=C(SC([H])([H])C(=O)N([H])c3c([H])c([H])c(C([H])([H])c4c([H])c([H])c(N([H])C(=O)C([H])([H])SC5=N[C@]([H])(c6c([H])c([H])c([H])c([H])c6Cl)N([H])C(=[N+]([H])[H])N5[H])c([H])c4C#N)c(C#N)c3[H])N([H])C(N([H])[H])=N2)c(Cl)c1[H]
KKEAMO.xaa_ZINC000150426283_265;-12.568653800000002;-13.349357;-13.391;86;810.777;AGAUWDLUJMBRTQ-CZFRINIUSA-O;[H]c1c([H])c([H])c([C@]2([H])N=C(SC([H])([H])C(=O)N([H])c3c([H])c([H])c(C([H])([H])c4c([H])c([H])c(N([H])C(=O)C([H])([H])SC5=N[C@]([H])(c6c([H])c([H])c([H])c([H])c6Cl)N([H])C(=[N+]([H])[H])N5[H])c([H])c4C#N)c(C#N)c3[H])N([H])C(N([H])[H])=N2)c(Cl)c1[H]
KKEAMO.xaa_ZINC000150426283_266;-12.5855882;-13.339934;-12.578;86;810.777;AGAUWDLUJMBRTQ-CZFRINIUSA-O;[H]c1c([H])c([H])c([C@@]2([H])N=C(SC([H])([H])C(=O)N([H])c3c([H])c([H])c(C([H])([H])c4c([H])c([H])c(N([H])C(=O)C([H])([H])SC5=N[C@@]([H])(c6c([H])c([H])c([H])c([H])c6Cl)N([H])C(=[N+]([H])[H])N5[H])c([H])c4C#N)c(C#N)c3[H])N([H])C(N([H])[H])=N2)c(Cl)c1[H]
KKEAMO.xaa_ZINC000150426840_267;-12.076975;-13.002741;-13.412;100;829.993;QZIVELCTIVYNQV-JXLNJXQWSA-O;[H]c1c([H])c([C@]2([H])N=C(SC([H])([H])C(=O)N([H])c3c([H])c([H])c(C([H])([H])c4c([H])c([H])c(N([H])C(=O)C([H])([H])SC5=N[C@]([H])(c6c([H])c([H])c(OC([H])([H])C([H])([H])[H])c([H])c6[H])N([H])C(=[N+]([H])[H])N5[H])c([H])c4C#N)c(C#N)c3[H])N([H])C(N([H])[H])=N2)c([H])c([H])c1OC([H])([H])C([H])([H])[H]
KKEAMO.xaa_ZINC000150426840_268;-12.2677688;-13.171925;-12.439;100;829.993;QZIVELCTIVYNQV-JXLNJXQWSA-O;[H]c1c([H])c([C@@]2([H])N=C(SC([H])([H])C(=O)N([H])c3c([H])c([H])c(C([H])([H])c4c([H])c([H])c(N([H])C(=O)C([H])([H])SC5=N[C@@]([H])(c6c([H])c([H])c(OC([H])([H])C([H])([H])[H])c([H])c6[H])N([H])C(=[N+]([H])[H])N5[H])c([H])c4C#N)c(C#N)c3[H])N([H])C(N([H])[H])=N2)c([H])c([H])c1OC([H])([H])C([H])([H])[H]
KKEAMO.xaa_ZINC000150426855_269;-13.0597769;-13.975544;-13.389;86;810.777;ZTKQTKYHAZBQQF-LQJZCPKCSA-O;[H]c1c([H])c(Cl)c([H])c([C@]2([H])N=C(SC([H])([H])C(=O)N([H])c3c([H])c([H])c(C([H])([H])c4c([H])c([H])c(N([H])C(=O)C([H])([H])SC5=N[C@@]([H])(c6c([H])c([H])c([H])c(Cl)c6[H])N([H])C(=[N+]([H])[H])N5[H])c([H])c4C#N)c(C#N)c3[H])N([H])C(N([H])[H])=N2)c1[H]
KKEAMO.xaa_ZINC000150426860_270;-13.049218;-13.721366;-13.828;86;810.777;ZTKQTKYHAZBQQF-CZFRINIUSA-O;[H]c1c([H])c(Cl)c([H])c([C@]2([H])N=C(SC([H])([H])C(=O)N([H])c3c([H])c([H])c(C([H])([H])c4c([H])c([H])c(N([H])C(=O)C([H])([H])SC5=N[C@]([H])(c6c([H])c([H])c([H])c(Cl)c6[H])N([H])C(=[N+]([H])[H])N5[H])c([H])c4C#N)c(C#N)c3[H])N([H])C(N([H])[H])=N2)c1[H]
KKEAMO.xaa_ZINC000150426860_271;-13.0754256;-13.988729;-13.08;86;810.777;ZTKQTKYHAZBQQF-CZFRINIUSA-O;[H]c1c([H])c(Cl)c([H])c([C@@]2([H])N=C(SC([H])([H])C(=O)N([H])c3c([H])c([H])c(C([H])([H])c4c([H])c([H])c(N([H])C(=O)C([H])([H])SC5=N[C@@]([H])(c6c([H])c([H])c([H])c(Cl)c6[H])N([H])C(=[N+]([H])[H])N5[H])c([H])c4C#N)c(C#N)c3[H])N([H])C(N([H])[H])=N2)c1[H]
KKEAMO.xaa_ZINC000150426867_272;-13.0646982;-13.733065;-13.28;86;810.777;ZTKQTKYHAZBQQF-CZNDPXEESA-O;[H]c1c([H])c(Cl)c([H])c([C@@]2([H])N=C(SC([H])([H])C(=O)N([H])c3c([H])c([H])c(C([H])([H])c4c([H])c([H])c(N([H])C(=O)C([H])([H])SC5=N[C@]([H])(c6c([H])c([H])c([H])c(Cl)c6[H])N([H])C(=[N+]([H])[H])N5[H])c([H])c4C#N)c(C#N)c3[H])N([H])C(N([H])[H])=N2)c1[H]
KKEAMO.xaa_ZINC000150426836_273;-12.0675752;-13.021464;-12.013;100;829.993;QZIVELCTIVYNQV-BCRBLDSWSA-O;[H]c1c([H])c([C@]2([H])N=C(SC([H])([H])C(=O)N([H])c3c([H])c([H])c(C([H])([H])c4c([H])c([H])c(N([H])C(=O)C([H])([H])SC5=N[C@@]([H])(c6c([H])c([H])c(OC([H])([H])C([H])([H])[H])c([H])c6[H])N([H])C(=[N+]([H])[H])N5[H])c([H])c4C#N)c(C#N)c3[H])N([H])C(N([H])[H])=N2)c([H])c([H])c1OC([H])([H])C([H])([H])[H]
KKEAMO.xaa_ZINC000150426846_274;-12.0832316;-12.975512;-12.619;100;829.993;QZIVELCTIVYNQV-FZNHDDJXSA-O;[H]c1c([H])c([C@@]2([H])N=C(SC([H])([H])C(=O)N([H])c3c([H])c([H])c(C([H])([H])c4c([H])c([H])c(N([H])C(=O)C([H])([H])SC5=N[C@]([H])(c6c([H])c([H])c(OC([H])([H])C([H])([H])[H])c([H])c6[H])N([H])C(=[N+]([H])[H])N5[H])c([H])c4C#N)c(C#N)c3[H])N([H])C(N([H])[H])=N2)c([H])c([H])c1OC([H])([H])C([H])([H])[H]
KKEAMO.xaa_ZINC000150426984_275;-12.5449736;-13.262391;-12.902;86;810.777;BVWGGTGCCJYKLU-CZNDPXEESA-O;[H]c1c([H])c([C@@]2([H])N=C(SC([H])([H])C(=O)N([H])c3c([H])c([H])c(C([H])([H])c4c([H])c([H])c(N([H])C(=O)C([H])([H])SC5=N[C@]([H])(c6c([H])c([H])c(Cl)c([H])c6[H])N([H])C(=[N+]([H])[H])N5[H])c([H])c4C#N)c(C#N)c3[H])N([H])C(N([H])[H])=N2)c([H])c([H])c1Cl
KKEAMO.xaa_ZINC000150426974_276;-12.5378493;-13.27431;-13.425;86;810.777;BVWGGTGCCJYKLU-CZFRINIUSA-O;[H]c1c([H])c([C@]2([H])N=C(SC([H])([H])C(=O)N([H])c3c([H])c([H])c(C([H])([H])c4c([H])c([H])c(N([H])C(=O)C([H])([H])SC5=N[C@]([H])(c6c([H])c([H])c(Cl)c([H])c6[H])N([H])C(=[N+]([H])[H])N5[H])c([H])c4C#N)c(C#N)c3[H])N([H])C(N([H])[H])=N2)c([H])c([H])c1Cl
KKEAMO.xaa_ZINC000150426974_277;-12.655742;-13.63386;-12.658;86;810.777;BVWGGTGCCJYKLU-CZFRINIUSA-O;[H]c1c([H])c([C@@]2([H])N=C(SC([H])([H])C(=O)N([H])c3c([H])c([H])c(C([H])([H])c4c([H])c([H])c(N([H])C(=O)C([H])([H])SC5=N[C@@]([H])(c6c([H])c([H])c(Cl)c([H])c6[H])N([H])C(=[N+]([H])[H])N5[H])c([H])c4C#N)c(C#N)c3[H])N([H])C(N([H])[H])=N2)c([H])c([H])c1Cl
KKEAMO.xaa_ZINC000150426968_278;-12.6519485;-13.648464;-13.131;86;810.777;BVWGGTGCCJYKLU-LQJZCPKCSA-O;[H]c1c([H])c([C@]2([H])N=C(SC([H])([H])C(=O)N([H])c3c([H])c([H])c(C([H])([H])c4c([H])c([H])c(N([H])C(=O)C([H])([H])SC5=N[C@@]([H])(c6c([H])c([H])c(Cl)c([H])c6[H])N([H])C(=[N+]([H])[H])N5[H])c([H])c4C#N)c(C#N)c3[H])N([H])C(N([H])[H])=N2)c([H])c([H])c1Cl
KKEAMO.xaa_ZINC000150598541_282;-11.0454235;-11.340281;-9.567;57;627.444;WWEGRJYICZXVQH-QZSABBLZSA-O;[H]c1c([H])c([C@]([H])(/N=N/c2c([H])c([H])c([N+](=O)[O-])c([H])c2[N+](=O)[O-])C([H])([H])SC(N([H])c2c([H])c([H])c([H])c3c([H])c([H])c([H])c([H])c23)=[N+]([H])[H])c([H])c([H])c1I
KKEAMO.xaa_ZINC000070671861_292;-10.055498;-10.537294;-11.605;105;644.921;SWIPWMRPXBNGGV-USEQXOHLSA-O;[H]C#C[C@]1(O[H])C([H])([H])C([H])([H])[C@]2([H])[C@]3([H])C([H])([H])C([H])([H])C4=C([H])/C(=N/OC([H])([H])C(=O)N([H])C([H])([H])C([H])([H])[C@]5(c6c([H])c([H])c(OC([H])([H])[H])c([H])c6[H])C([H])([H])[C@]([H])(C([H])([H])[H])[N@@+]([H])(C([H])([H])[H])C([H])([H])[C@@]5([H])C([H])([H])[H])C([H])([H])C([H])([H])[C@]4(C([H])([H])[H])[C@]3([H])C([H])([H])C([H])([H])[C@@]21C([H])([H])[H]
KKEAMO.xaa_ZINC000070672255_294;-10.1218194;-10.882312;-10.392;101;614.895;ACCZPKBWXZLDOB-BSDQJPSWSA-O;[H]C#C[C@]1(O[H])C([H])([H])C([H])([H])[C@]2([H])[C@]3([H])C([H])([H])C([H])([H])C4=C([H])/C(=N/OC([H])([H])C(=O)N([H])C([H])([H])C([H])([H])[C@]5(c6c([H])c([H])c([H])c([H])c6[H])C([H])([H])[C@]([H])(C([H])([H])[H])[N@+]([H])(C([H])([H])[H])C([H])([H])[C@@]5([H])C([H])([H])[H])C([H])([H])C([H])([H])[C@]4(C([H])([H])[H])[C@]3([H])C([H])([H])C([H])([H])[C@@]21C([H])([H])[H]
KKEAMO.xaa_ZINC000019851541_301;-10.1570088;-10.606962;-10.308;70;507.749;WIBZQZSWLRTIOI-PCAQHJBNSA-O;[H]c1sc(-c2c(C#N)c(SC([H])([H])C(=O)N([H])[C@]([H])(C([H])([H])[H])[C@]34C([H])([H])[C@@]5([H])C([H])([H])[C@]([H])(C([H])([H])[C@]([H])(C5([H])[H])C3([H])[H])C4([H])[H])nc3c2C([H])([H])[N@@+]([H])(C([H])([H])[H])C([H])([H])C3([H])[H])c([H])c1[H]
KKEAMO.xaa_ZINC000019851544_304;-10.1631072;-10.635009;-10.196;70;507.749;WIBZQZSWLRTIOI-FGDKDGQOSA-O;[H]c1sc(-c2c(C#N)c(SC([H])([H])C(=O)N([H])[C@@]([H])(C([H])([H])[H])[C@]34C([H])([H])[C@@]5([H])C([H])([H])[C@]([H])(C([H])([H])[C@]([H])(C5([H])[H])C3([H])[H])C4([H])[H])nc3c2C([H])([H])[N@@+]([H])(C([H])([H])[H])C([H])([H])C3([H])[H])c([H])c1[H]
KKEAMO.xaa_ZINC000101381741_327;-11.0684594;-11.760497;-11.223;90;631.805;LXJOJOLDNPRJMV-UHFFFAOYSA-O;[H]c1c(C([H])([H])[H])nc(N([H])/C(=N\C(=O)C([H])([H])N2C([H])([H])C([H])([H])[N+]([H])(C([H])(c3c([H])c([H])c([H])c([H])c3[H])c3c([H])c([H])c([H])c([H])c3[H])C([H])([H])C2([H])[H])N([H])C([H])([H])C([H])([H])c2c([H])n([H])c3c([H])c(OC([H])([H])[H])c([H])c([H])c23)nc1C([H])([H])[H]
KKEAMO.xaa_ZINC000095563937_337;-10.2352666;-10.794943;-9.477;100;611.895;SKOPAXHHEKDKBL-MDHLVLOMSA-O;[H]C1=C2[C@@](C([H])([H])[H])(C([H])([H])C([H])([H])[C@@]3(C(=O)n4c(C([H])([H])[H])nc([H])c4[H])C([H])([H])C([H])([H])[C@@]([H])(C([H])([H])[H])[C@]([H])(C([H])([H])[H])[C@@]23[H])[C@]2(C([H])([H])[H])C([H])([H])C([H])([H])[C@@]3([H])C(C([H])([H])[H])(C([H])([H])[H])C(=O)/C(=C(/[H])n4c([H])c([H])[n+]([H])c4C([H])([H])[H])C([H])([H])[C@]3(C([H])([H])[H])[C@@]2([H])C1([H])[H]
KKEAMO.xaa_ZINC000023308029_343;-10.3103994;-11.124183;-10.486;81;515.722;ACTUSFZTDBVJEM-WJOKGBTCSA-O;[H]c1c([H])c(N2C([H])([H])C([H])([H])C([H])([H])C2([H])[H])c([H])c([C@]([H])(OC([H])([H])c2c([H])c([H])c(C#N)c([H])c2[H])C([H])([H])[N+]2([H])C([H])([H])C([H])([H])N(C(=O)C([H])([H])C([H])([H])C3([H])C([H])([H])C([H])([H])C([H])([H])C3([H])[H])C([H])([H])C2([H])[H])c1[H]
KKEAMO.xaa_ZINC000023308032_344;-10.3173816;-10.67437;-10.677;81;515.722;ACTUSFZTDBVJEM-HKBQPEDESA-O;[H]c1c([H])c(N2C([H])([H])C([H])([H])C([H])([H])C2([H])[H])c([H])c([C@@]([H])(OC([H])([H])c2c([H])c([H])c(C#N)c([H])c2[H])C([H])([H])[N+]2([H])C([H])([H])C([H])([H])N(C(=O)C([H])([H])C([H])([H])C3([H])C([H])([H])C([H])([H])C([H])([H])C3([H])[H])C([H])([H])C2([H])[H])c1[H]
KKEAMO.xaa_ZINC000023440089_345;-10.046280200000002;-10.698196;-11.104;78;523.701;GEDYIYYGUQOTNY-YTTGMZPUSA-O;[H]c1c([H])c([H])c(C([H])([H])C([H])([H])C(=O)N2C([H])([H])C([H])([H])[N+]([H])(C([H])([H])[C@]([H])(OC([H])([H])c3c([H])c([H])c(C#N)c([H])c3[H])c3c([H])c([H])c([H])c(N4C([H])([H])C([H])([H])C([H])([H])C4([H])[H])c3[H])C([H])([H])C2([H])[H])c([H])c1[H]
KKEAMO.xaa_ZINC000023450504_352;-10.120241000000002;-10.582875;-11.109;81;537.728;FIJXCDLDFWFFOA-SAIUNTKASA-O;[H]c1c([H])c([H])c([C@]([H])(C(=O)N2C([H])([H])C([H])([H])[N+]([H])(C([H])([H])[C@]([H])(OC([H])([H])c3c([H])c([H])c(C#N)c([H])c3[H])c3c([H])c([H])c([H])c(N4C([H])([H])C([H])([H])C([H])([H])C4([H])[H])c3[H])C([H])([H])C2([H])[H])C([H])([H])C([H])([H])[H])c([H])c1[H]
KKEAMO.xaa_ZINC000023450496_353;-10.1732156;-10.779911;-11.294;81;537.728;FIJXCDLDFWFFOA-CZNDPXEESA-O;[H]c1c([H])c([H])c([C@]([H])(C(=O)N2C([H])([H])C([H])([H])[N+]([H])(C([H])([H])[C@@]([H])(OC([H])([H])c3c([H])c([H])c(C#N)c([H])c3[H])c3c([H])c([H])c([H])c(N4C([H])([H])C([H])([H])C([H])([H])C4([H])[H])c3[H])C([H])([H])C2([H])[H])C([H])([H])C([H])([H])[H])c([H])c1[H]
KKEAMO.xaa_ZINC000097951042_360;-10.3777076;-10.932486;-11.936;78;545.711;UPPPONIAIMJMNP-MUUNZHRXSA-O;[H]c1c([H])c([H])c(C([H])(c2c([H])c([H])c([H])c([H])c2[H])[N+]2([H])C([H])([H])C([H])([H])N(c3nc4c([H])c([H])c([H])c([H])c4nc3[C@@]([H])(C#N)C(=O)N([H])C3([H])C([H])([H])C([H])([H])C([H])([H])C([H])([H])C3([H])[H])C([H])([H])C2([H])[H])c([H])c1[H]
KKEAMO.xaa_ZINC000097951043_361;-10.3777076;-10.932486;-11.944;78;545.711;UPPPONIAIMJMNP-MUUNZHRXSA-O;[H]c1c([H])c([H])c(C([H])(c2c([H])c([H])c([H])c([H])c2[H])[N+]2([H])C([H])([H])C([H])([H])N(c3nc4c([H])c([H])c([H])c([H])c4nc3[C@@]([H])(C#N)C(=O)N([H])C3([H])C([H])([H])C([H])([H])C([H])([H])C([H])([H])C3([H])[H])C([H])([H])C2([H])[H])c([H])c1[H]
KKEAMO.xaa_ZINC000104430764_369;-10.3253468;-10.680643;-12.592;78;558.706;NSXAIBDSVMYMTA-RZNUHJJPSA-O;[H]c1c([H])c([H])c(C([H])([H])[N+]2([H])C([H])([H])C([H])([H])N(C([H])([H])N3C(=O)/C(=N\c4c([H])c([H])c(C(=O)N([H])[C@]([H])(c5c([H])c([H])c([H])c([H])c5[H])C([H])([H])[H])c([H])c4[H])c4c([H])c([H])c([H])c([H])c43)C([H])([H])C2([H])[H])c([H])c1[H]
KKEAMO.xaa_ZINC000029491251_381;-11.2531768;-11.98565;-9.669;88;652.798;NJWHZZAPHLNLSL-FMFFXOCNSA-O;[H]/C(c1c([H])c([H])c(N2C([H])([H])C([H])([H])[N+]([H])(C([H])([H])c3c([H])c([H])c([H])c([H])c3[H])C([H])([H])C2([H])[H])c([N+](=O)[O-])c1[H])=[N+](/[H])[N-]c1c([H])c([H])c([N+](=O)[O-])c([H])c1S(=O)(=O)N(C([H])([H])C([H])(C([H])([H])[H])C([H])([H])[H])C([H])([H])C([H])(C([H])([H])[H])C([H])([H])[H]
KKEAMO.xaa_ZINC000029747835_385;-10.0203534;-10.907621;-9.492;87;595.768;FQUKFMFDNFEEMA-UMSFTDKQSA-O;[H]c1c(N2C([H])([H])C([H])([H])N(C([H])([H])[H])C([H])([H])C2([H])[H])c([C@@]2([H])C3=C(c4c(c([H])c([H])c5c([H])c([H])c([H])c([H])c45)N2[H])C([H])([H])C(C([H])([H])[H])(C([H])([H])[H])C([H])([H])C3=O)c([H])c([N+](=O)[O-])c1N1C([H])([H])C([H])([H])[N+]([H])(C([H])([H])[H])C([H])([H])C1([H])[H]
KKEAMO.xaa_ZINC000029747836_386;-10.0996754;-10.969944;-9.096;87;595.768;FQUKFMFDNFEEMA-UUWRZZSWSA-O;[H]c1c(N2C([H])([H])C([H])([H])N(C([H])([H])[H])C([H])([H])C2([H])[H])c([C@]2([H])C3=C(c4c(c([H])c([H])c5c([H])c([H])c([H])c([H])c45)N2[H])C([H])([H])C(C([H])([H])[H])(C([H])([H])[H])C([H])([H])C3=O)c([H])c([N+](=O)[O-])c1N1C([H])([H])C([H])([H])[N+]([H])(C([H])([H])[H])C([H])([H])C1([H])[H]
KKEAMO.xaa_ZINC000102176792_411;-10.0808083;-10.509075;-11.73;75;553.69;ULVADSDUHSBICF-GDLZYMKVSA-O;[H]c1c([H])c([H])c(C([H])([H])N([H])C(=O)[C@]([H])(C#N)c2nc3c([H])c([H])c([H])c([H])c3nc2N2C([H])([H])C([H])([H])[N+]([H])(C([H])(c3c([H])c([H])c([H])c([H])c3[H])c3c([H])c([H])c([H])c([H])c3[H])C([H])([H])C2([H])[H])c([H])c1[H]
KKEAMO.xaa_ZINC000102176797_412;-10.0808083;-10.509075;-11.732;75;553.69;ULVADSDUHSBICF-GDLZYMKVSA-O;[H]c1c([H])c([H])c(C([H])([H])N([H])C(=O)[C@]([H])(C#N)c2nc3c([H])c([H])c([H])c([H])c3nc2N2C([H])([H])C([H])([H])[N+]([H])(C([H])(c3c([H])c([H])c([H])c([H])c3[H])c3c([H])c([H])c([H])c([H])c3[H])C([H])([H])C2([H])[H])c([H])c1[H]
KGEDRN.xaa_ZINC000514292535_6;-10.0400531;-10.51948;-10.528;75;631.806;NKISFMWUEFPKTD-UHFFFAOYSA-N;[H]C([H])=C([H])C([H])([H])n1c(SC([H])([H])c2nc3c([H])c(S(=O)(=O)N(C([H])([H])C([H])([H])[H])C([H])([H])C([H])([H])[H])c([H])c([H])c3n2[H])nnc1-c1c([H])c([H])c([H])c(S(=O)(=O)N2C([H])([H])C([H])([H])OC([H])([H])C2([H])[H])c1[H]
KGEDRN.xaa_ZINC000514293946_14;-10.178650800000002;-10.444308;-9.22;78;612.778;XVVYTVQKYUXPOP-UHFFFAOYSA-N;[H]C([H])=C([H])C([H])([H])n1c(SC([H])([H])C(=O)N(C([H])([H])C(=O)N([H])c2c([H])c([H])c([H])c([H])c2C([H])([H])[H])C([H])([H])C([H])([H])C([H])([H])[H])nnc1-c1c([H])c([H])c([H])c(S(=O)(=O)N2C([H])([H])C([H])([H])OC([H])([H])C2([H])[H])c1[H]
KGEDRN.xaa_ZINC000514299957_46;-10.6987314;-11.612514;-11.043;80;614.794;MCXXHCDHNSCVKM-LGSPEHIXSA-N;[H]C([H])=C([H])C([H])([H])n1c(S[C@@]([H])(C(=O)N([H])C(=O)N([H])[C@]23C([H])([H])[C@@]4([H])C([H])([H])[C@]([H])(C([H])([H])[C@]([H])(C4([H])[H])C2([H])[H])C3([H])[H])C([H])([H])[H])nnc1-c1c([H])c([H])c([H])c(S(=O)(=O)N2C([H])([H])C([H])([H])OC([H])([H])C2([H])[H])c1[H]
KGEDRN.xaa_ZINC000514299956_47;-10.6610672;-11.656323;-12.702;80;614.794;MCXXHCDHNSCVKM-XAMDEJGOSA-N;[H]C([H])=C([H])C([H])([H])n1c(S[C@]([H])(C(=O)N([H])C(=O)N([H])[C@]23C([H])([H])[C@@]4([H])C([H])([H])[C@]([H])(C([H])([H])[C@]([H])(C4([H])[H])C2([H])[H])C3([H])[H])C([H])([H])[H])nnc1-c1c([H])c([H])c([H])c(S(=O)(=O)N2C([H])([H])C([H])([H])OC([H])([H])C2([H])[H])c1[H]
KGEDRN.xaa_ZINC000514374331_68;-10.5862216;-11.410254;-11.379;80;660.844;ANMYQDSFXQMUCO-JOCHJYFZSA-N;[H]C([H])=C([H])C([H])([H])n1c(S[C@@]([H])(C(=O)N([H])c2c([H])c([H])c(S(=O)(=O)N3C([H])([H])C([H])([H])C([H])([H])C([H])([H])C3([H])[H])c([H])c2[H])C([H])([H])[H])nnc1-c1c([H])c([H])c([H])c(S(=O)(=O)N2C([H])([H])C([H])([H])OC([H])([H])C2([H])[H])c1[H]
KGEDRN.xaa_ZINC000514374333_69;-10.5355415;-11.419916;-10.979;80;660.844;ANMYQDSFXQMUCO-QFIPXVFZSA-N;[H]C([H])=C([H])C([H])([H])n1c(S[C@]([H])(C(=O)N([H])c2c([H])c([H])c(S(=O)(=O)N3C([H])([H])C([H])([H])C([H])([H])C([H])([H])C3([H])[H])c([H])c2[H])C([H])([H])[H])nnc1-c1c([H])c([H])c([H])c(S(=O)(=O)N2C([H])([H])C([H])([H])OC([H])([H])C2([H])[H])c1[H]
KGEDRN.xaa_ZINC000514374932_74;-10.1296434;-10.559325;-9.853;69;553.71;IIMQALSREVKMRZ-DEOSSOPVSA-N;[H]C([H])=C([H])C([H])([H])n1c(SC([H])([H])C(=O)N([H])[C@]2([H])c3c([H])c([H])c([H])c([H])c3C([H])([H])C([H])([H])C2([H])[H])nnc1-c1c([H])c([H])c([H])c(S(=O)(=O)N2C([H])([H])C([H])([H])OC([H])([H])C2([H])[H])c1[H]
KGEDRN.xaa_ZINC000514374933_76;-10.1061338;-10.502259;-10.514;69;553.71;IIMQALSREVKMRZ-XMMPIXPASA-N;[H]C([H])=C([H])C([H])([H])n1c(SC([H])([H])C(=O)N([H])[C@@]2([H])c3c([H])c([H])c([H])c([H])c3C([H])([H])C([H])([H])C2([H])[H])nnc1-c1c([H])c([H])c([H])c(S(=O)(=O)N2C([H])([H])C([H])([H])OC([H])([H])C2([H])[H])c1[H]
KGEDRN.xaa_ZINC000514375037_77;-10.1028752;-10.754875;-11.309;78;612.778;KHJDJMIDOUYXGD-OAQYLSRUSA-N;[H]C([H])=C([H])C([H])([H])n1c(S[C@@]([H])(C(=O)N(C([H])([H])[H])C([H])([H])C(=O)N([H])c2c([H])c([H])c([H])c([H])c2C([H])([H])C([H])([H])[H])C([H])([H])[H])nnc1-c1c([H])c([H])c([H])c(S(=O)(=O)N2C([H])([H])C([H])([H])OC([H])([H])C2([H])[H])c1[H]
KGEDRN.xaa_ZINC000514374945_78;-10.0496866;-10.91592;-10.267;75;598.751;ILNWMVDTIYWABZ-OAQYLSRUSA-N;[H]C([H])=C([H])C([H])([H])n1c(S[C@@]([H])(C(=O)N([H])C([H])([H])C(=O)N([H])c2c(C([H])([H])[H])c([H])c([H])c([H])c2C([H])([H])[H])C([H])([H])[H])nnc1-c1c([H])c([H])c([H])c(S(=O)(=O)N2C([H])([H])C([H])([H])OC([H])([H])C2([H])[H])c1[H]
KGEDRN.xaa_ZINC000514374942_79;-10.089566;-10.991434;-9.787;75;598.751;ILNWMVDTIYWABZ-NRFANRHFSA-N;[H]C([H])=C([H])C([H])([H])n1c(S[C@]([H])(C(=O)N([H])C([H])([H])C(=O)N([H])c2c(C([H])([H])[H])c([H])c([H])c([H])c2C([H])([H])[H])C([H])([H])[H])nnc1-c1c([H])c([H])c([H])c(S(=O)(=O)N2C([H])([H])C([H])([H])OC([H])([H])C2([H])[H])c1[H]
KGEDRN.xaa_ZINC000514402465_207;-10.9518818;-11.706923;-11.443;80;660.844;JNNWQCSTLGJZKZ-UHFFFAOYSA-N;[H]C([H])=C([H])C([H])([H])n1c(SC([H])([H])C(=O)N([H])c2c([H])c(S(=O)(=O)N3C([H])([H])C([H])([H])C([H])([H])C([H])([H])C3([H])[H])c([H])c([H])c2C([H])([H])[H])nnc1-c1c([H])c([H])c([H])c(S(=O)(=O)N2C([H])([H])C([H])([H])OC([H])([H])C2([H])[H])c1[H]
KEBARN.xaa_ZINC000098009020_9;-10.30841;-10.672167;-11.843;70;618.632;MPNVOZDVSPJIMT-UHFFFAOYSA-N;[H]c1c([H])c(N2C([H])([H])C([H])([H])N(S(=O)(=O)c3c([H])c([H])c4oc5c([H])c(-n6nnnc6[H])c([H])c([H])c5c4c3[H])C([H])([H])C2([H])[H])c([N+](=O)[O-])c([H])c1C(=O)N1C([H])([H])C([H])([H])OC([H])([H])C1([H])[H]
KEBARN.xaa_ZINC000102923646_40;-10.4624145;-11.257856;-10.993;63;556.557;FRTGDJMHWBYHKB-UHFFFAOYSA-N;[H]c1c([H])c([H])c([N+](=O)[O-])c(N([H])C(=O)C([H])([H])N(C([H])([H])C(=O)N([H])c2c([H])c([H])c([H])c([H])c2[N+](=O)[O-])C([H])([H])C([H])([H])c2c([H])c([H])c(S(=O)(=O)N([H])[H])c([H])c2[H])c1[H]
KEBARN.xaa_ZINC000100116216_62;-11.1674981;-11.580412;-11.314;57;548.555;MZXVCYHJAMQXCN-UHFFFAOYSA-N;[H]c1c([H])c([H])c(C([H])([H])C(=O)N([H])C([H])([H])C([H])([H])N(S(=O)(=O)c2c([H])c([H])c([H])c([N+](=O)[O-])c2[H])S(=O)(=O)c2c([H])c([H])c([H])c([N+](=O)[O-])c2[H])c([H])c1[H]
KEBARN.xaa_ZINC000003021639_88;-10.340691;-10.777466;-10.772;53;514.545;RKHVAGVZGDBCOI-UHFFFAOYSA-N;[H]c1c([H])c(C(=O)C([H])([H])Sc2nnc3c4c([H])c(S(=O)(=O)N5C([H])([H])C([H])([H])OC([H])([H])C5([H])[H])c([H])c([H])c4n([H])c3n2)c([H])c([N+](=O)[O-])c1[H]
KEBARN.xaa_ZINC000618250531_154;-10.139642;-10.595551;-10.109;69;552.591;MEALSLXGEHPPCB-OCFHQSIDSA-N;[H]c1c([H])c([N+](=O)[O-])c([H])c2c1N1C([H])([H])[C@]3([H])c4c([H])c([H])c([H])c(=O)n4C([H])([H])[C@@]([H])(C3([H])[H])[C@@]1([H])[C@]([H])(C(=O)N([H])C([H])([H])C([H])([H])n1c([H])nc3c([H])c([H])c([H])c([H])c3c1=O)C2([H])[H]
KEBARN.xaa_ZINC000004018308_209;-10.0111421;-10.440853;-10.666;97;732.791;GYIYVRCURJSFKE-NSQMQTOTSA-N;[H]c1c([H])c([H])c(C([H])([H])[C@@]([H])(C(=O)OC([H])([H])c2c([H])c([H])c([N+](=O)[O-])c([H])c2[H])N([H])C(=O)[C@]([H])(N([H])C(=O)C([H])([H])N([H])C(=O)[C@@]([H])(N([H])C(=O)C([H])([H])N([H])C(=O)OC(C([H])([H])[H])(C([H])([H])[H])C([H])([H])[H])C([H])([H])[H])C([H])([H])c2c([H])c([H])c([H])c([H])c2[H])c([H])c1[H]
KEBARN.xaa_ZINC000004018306_210;-10.2423348;-10.924278;-10.994;97;732.791;GYIYVRCURJSFKE-YDZBWFOPSA-N;[H]c1c([H])c([H])c(C([H])([H])[C@@]([H])(C(=O)OC([H])([H])c2c([H])c([H])c([N+](=O)[O-])c([H])c2[H])N([H])C(=O)[C@@]([H])(N([H])C(=O)C([H])([H])N([H])C(=O)[C@@]([H])(N([H])C(=O)C([H])([H])N([H])C(=O)OC(C([H])([H])[H])(C([H])([H])[H])C([H])([H])[H])C([H])([H])[H])C([H])([H])c2c([H])c([H])c([H])c([H])c2[H])c([H])c1[H]
KEBARN.xaa_ZINC000150662736_248;-10.2447928;-10.706096;-10.264;97;732.791;GYIYVRCURJSFKE-QZFRTWIZSA-N;[H]c1c([H])c([H])c(C([H])([H])[C@@]([H])(C(=O)N([H])[C@@]([H])(C(=O)OC([H])([H])c2c([H])c([H])c([N+](=O)[O-])c([H])c2[H])C([H])([H])c2c([H])c([H])c([H])c([H])c2[H])N([H])C(=O)C([H])([H])N([H])C(=O)[C@@]([H])(N([H])C(=O)C([H])([H])N([H])C(=O)OC(C([H])([H])[H])(C([H])([H])[H])C([H])([H])[H])C([H])([H])[H])c([H])c1[H]
KEBARN.xaa_ZINC000150662735_249;-10.0325576;-10.607824;-12.042;97;732.791;GYIYVRCURJSFKE-SICUDWHYSA-N;[H]c1c([H])c([H])c(C([H])([H])[C@]([H])(C(=O)OC([H])([H])c2c([H])c([H])c([N+](=O)[O-])c([H])c2[H])N([H])C(=O)[C@]([H])(N([H])C(=O)C([H])([H])N([H])C(=O)[C@@]([H])(N([H])C(=O)C([H])([H])N([H])C(=O)OC(C([H])([H])[H])(C([H])([H])[H])C([H])([H])[H])C([H])([H])[H])C([H])([H])c2c([H])c([H])c([H])c([H])c2[H])c([H])c1[H]
KEBARN.xaa_ZINC000017191355_282;-10.5146764;-11.678019;-10.065;54;513.561;CDKCHDFOWMEHLZ-UHFFFAOYSA-N;[H]c1c([H])c([H])c(S(=O)(=O)N([H])C([H])([H])C([H])([H])c2nnc3c([H])c([H])c(SC([H])([H])C(=O)N([H])c4c([H])c([H])c([H])c([N+](=O)[O-])c4[H])nn23)c([H])c1[H]
KEBARN.xaa_ZINC000079216754_299;-10.0588106;-10.52874;-8.15;101;630.889;GUQQBLRVXOUDTN-AZCCPLELSA-N;[H]O[C@@]([H])(C([H])([H])[N+](C([H])([H])[H])(C([H])([H])[H])C([H])([H])C([H])([H])C([H])([H])N([H])C(=O)C([H])([H])C([H])([H])[C@@]([H])(C([H])([H])[H])[C@@]1([H])C([H])([H])C([H])([H])[C@@]2([H])[C@@]3([H])[C@]([H])(C([H])([H])[C@]([H])(O[H])[C@@]21C([H])([H])[H])[C@@]1(C([H])([H])[H])C([H])([H])C([H])([H])[C@@]([H])(O[H])C([H])([H])[C@]1([H])C([H])([H])[C@@]3([H])O[H])C([H])([H])S(=O)(=O)[O-]
KEBARN.xaa_ZINC000079216756_302;-10.078484;-10.541248;-8.25;101;630.889;GUQQBLRVXOUDTN-CAWSRFLZSA-N;[H]O[C@]1([H])C([H])([H])C([H])([H])[C@@]2(C([H])([H])[H])[C@]([H])(C1([H])[H])C([H])([H])[C@@]([H])(O[H])[C@@]1([H])[C@]3([H])C([H])([H])C([H])([H])[C@]([H])([C@]([H])(C([H])([H])[H])C([H])([H])C([H])([H])C(=O)N([H])C([H])([H])C([H])([H])C([H])([H])[N+](C([H])([H])[H])(C([H])([H])[H])C([H])([H])[C@@]([H])(O[H])C([H])([H])S(=O)(=O)[O-])[C@@]3(C([H])([H])[H])[C@@]([H])(O[H])C([H])([H])[C@]21[H]
KEBARN.xaa_ZINC000020562431_309;-10.4367022;-10.910784;-10.247;67;506.563;QYRXZZDVFXCMRE-UHFFFAOYSA-N;[H]c1c([H])c([H])c(C([H])([H])N(C(=O)C([H])([H])C([H])([H])c2nc(C([H])([H])N3C([H])([H])C([H])([H])N(C(=O)C([H])([H])c4c([H])c([H])c([H])c([N+](=O)[O-])c4[H])C([H])([H])C3([H])[H])no2)C([H])([H])[H])c([H])c1[H]
KEBARN.xaa_ZINC000096582023_330;-10.008953600000002;-10.24031;-10.515;76;526.638;CBVIWIXWRYYMJL-UHFFFAOYSA-N;[H]OC([H])(C([H])([H])N1C([H])([H])C([H])([H])N(C([H])([H])c2c([H])c([N+](=O)[O-])c([H])c([H])c2C([H])([H])[H])C([H])([H])C1([H])[H])C([H])([H])N1C([H])([H])C([H])([H])N(C([H])([H])c2c([H])c([N+](=O)[O-])c([H])c([H])c2C([H])([H])[H])C([H])([H])C1([H])[H]
KEBARN.xaa_ZINC000033354114_358;-10.230058;-10.943911;-7.995;46;512.438;ZXSCFBHPDJTMOO-UHFFFAOYSA-N;[H]c1c(SC([H])([H])C([H])([H])Sc2c([H])c([N+](=O)[O-])c([H])c([N+](=O)[O-])c2C(=O)N([H])[H])c(C(=O)N([H])[H])c([N+](=O)[O-])c([H])c1[N+](=O)[O-]
KEBARN.xaa_ZINC000033355724_359;-10.0236747;-10.956269;-10.367;58;543.587;DXBMYQSJHOAUHP-UHFFFAOYSA-N;[H]c1c([H])c(S(=O)(=O)N([H])C([H])([H])C([H])([H])c2nnc3c([H])c([H])c(SC([H])([H])C(=O)N([H])c4c([H])c([H])c([N+](=O)[O-])c([H])c4[H])nn23)c([H])c([H])c1OC([H])([H])[H]
KEBARN.xaa_ZINC000033358079_360;-10.679497200000002;-11.425865;-11.51;65;574.637;REOCBFAPXYNTAB-OPEWVJRZSA-N;[H]c1c([H])c([H])c2c(c1[H])S(=O)(=O)N(N([H])C(=O)[C@@]([H])(N([H])C(=O)c1c([H])c([H])c([N+](=O)[O-])c([H])c1[H])[C@]13C([H])([H])[C@@]4([H])C([H])([H])[C@]([H])(C([H])([H])[C@]([H])(C4([H])[H])C1([H])[H])C3([H])[H])S2(=O)=O
KEBARN.xaa_ZINC000033358080_361;-10.6180812;-11.49807;-10.451;65;574.637;REOCBFAPXYNTAB-VEMARINOSA-N;[H]c1c([H])c([H])c2c(c1[H])S(=O)(=O)N(N([H])C(=O)[C@]([H])(N([H])C(=O)c1c([H])c([H])c([N+](=O)[O-])c([H])c1[H])[C@]13C([H])([H])[C@@]4([H])C([H])([H])[C@]([H])(C([H])([H])[C@]([H])(C4([H])[H])C1([H])[H])C3([H])[H])S2(=O)=O
KDABMN.xaa_ZINC000584571178_22;-10.3746398;-10.876932;-12.318;83;610.715;ZEXLJFNSKAHNFH-ZJRZZCDQSA-N;[H]Oc1c([H])c([H])c(C([H])([H])[C@@]([H])(C(=O)N2C([H])([H])C([H])([H])C([H])([H])[C@]2([H])C(=O)N([H])[C@@]([H])(C(=O)N([H])[C@@]([H])(C(=O)N([H])[H])C([H])([H])c2c([H])c([H])c([H])c([H])c2[H])C([H])([H])c2c([H])n([H])c3c([H])c([H])c([H])c([H])c23)N([H])[H])c([H])c1[H]
KDABMN.xaa_ZINC000584571179_23;-10.4148022;-10.684933;-12.924;83;610.715;ZEXLJFNSKAHNFH-ZYVKACNBSA-N;[H]Oc1c([H])c([H])c(C([H])([H])[C@@]([H])(C(=O)N2C([H])([H])C([H])([H])C([H])([H])[C@]2([H])C(=O)N([H])[C@@]([H])(C(=O)N([H])[C@]([H])(C(=O)N([H])[H])C([H])([H])c2c([H])c([H])c([H])c([H])c2[H])C([H])([H])c2c([H])n([H])c3c([H])c([H])c([H])c([H])c23)N([H])[H])c([H])c1[H]
KGCBMM.xaa_ZINC000150444579_104;-10.2046692;-11.091225;-11.225;61;677.7;URINANFQTVKPGP-FMQUCBEESA-M;[H]Oc1c([H])c([N+](=O)[O-])c([H])c([H])c1N([H])C(=O)C([H])([H])C([H])([H])N1C(=O)/C(=C2\SC(=S)N(C([H])([H])C([H])([H])C(=O)N([H])c3c([H])c([H])c([N+](=O)[O-])c([H])c3[O-])C2=O)SC1=S
KCEBRN.xaa_ZINC001569999076_57;-10.1097432;-11.1432;-14.023;99;743.822;TXVPSVUFROLQLW-GKIXMTHWSA-N;[H]ON([H])C(=O)C([H])([H])[C@]([H])(C(=O)N([H])[C@]([H])(C(=O)N([H])[C@]([H])(C(=O)N([H])[C@]([H])(C(=O)[O-])C([H])([H])C([H])([H])C(=O)N([H])[H])C([H])([H])c1c([H])n([H])c2c([H])c([H])c([H])c([H])c12)C([H])([H])C([H])([H])C([H])([H])N([H])C(N([H])[H])=[N+]([H])[H])C([H])([H])c1c([H])c([H])c2c([H])c([H])c([H])c([H])c2c1[H]
KCEBRN.xaa_ZINC000100747795_189;-10.2112314;-10.681001;-10.713;47;522.491;VJYMCOUEEBNABE-IYBDPMFKSA-N;[H]c1c([H])c([N+](=O)[O-])c([H])c(S(=O)(=O)O[C@@]2([H])C([H])([H])S(=O)(=O)C([H])([H])[C@@]2([H])OS(=O)(=O)c2c([H])c([H])c([H])c([N+](=O)[O-])c2[H])c1[H]
KCEBRN.xaa_ZINC000100847922_193;-10.0932868;-10.256204;-10.805;47;522.491;VJYMCOUEEBNABE-HZPDHXFCSA-N;[H]c1c([H])c([N+](=O)[O-])c([H])c(S(=O)(=O)O[C@]2([H])C([H])([H])S(=O)(=O)C([H])([H])[C@@]2([H])OS(=O)(=O)c2c([H])c([H])c([H])c([N+](=O)[O-])c2[H])c1[H]
KJABRL.xaa_ZINC000408633781_47;-10.0893234;-10.749704;-10.701;59;531.546;PIGCBSTVTDNMII-FOKLQQMPSA-L;[H]/C(=C(\Sc1nc(-c2c([H])c(OC([H])([H])[H])c([H])c(OC([H])([H])[H])c2[H])n([H])n1)C(=O)[O-])c1c([H])c([H])c(OC([H])([H])c2c([H])c([H])c([H])c(C(=O)[O-])c2[H])c([H])c1[H]
KJABRL.xaa_ZINC000059662965_75;-10.2965964;-10.780935;-10.615;66;530.588;WBVLRLNNDPIGCJ-WJOKGBTCSA-L;[H]c1c([H])c([H])c(N2N=C(C([H])([H])[H])[C@@](c3c(C([H])([H])[H])[n-]n(-c4c([H])c([H])c([H])c([H])c4[H])c3=O)(c3c(C([H])([H])C([H])([H])[H])[n-]n(-c4c([H])c([H])c([H])c([H])c4[H])c3=O)C2=O)c([H])c1[H]
KJABRL.xaa_ZINC000140024258_83;-10.2482436;-10.467508;-10.215;61;584.079;OBHNSUUPBOLADB-UHFFFAOYSA-M;[H]c1nc([N-]S(=O)(=O)c2c([H])c([H])c(N([H])C(=O)c3c([H])c([H])c(Cl)c(S(=O)(=O)[N-]c4c([H])c([H])c(C([H])([H])[H])c(C([H])([H])[H])c4[H])c3[H])c([H])c2[H])nc(C([H])([H])[H])c1[H]
KJABRL.xaa_ZINC000103623513_85;-10.015866;-10.836122;-11.664;62;586.512;QHZBQBBTKVEEBW-UHFFFAOYSA-L;[H]c1c([H])c(C(=O)[O-])c(C([H])([H])[H])c(N2C(=O)c3c([H])c([H])c(C(=O)c4c([H])c([H])c5c(c4[H])C(=O)N(c4c([H])c([H])c([H])c(C(=O)[O-])c4C([H])([H])[H])C5=O)c([H])c3C2=O)c1[H]
KJABRL.xaa_ZINC000060028809_105;-10.2739656;-10.458635;-11.252;61;584.079;MRSUUXDHUYVQBQ-UHFFFAOYSA-M;[H]c1c(C([H])([H])[H])nc([N-]S(=O)(=O)c2c([H])c([H])c(N([H])C(=O)c3c([H])c([H])c(Cl)c(S(=O)(=O)[N-]c4c([H])c([H])c([H])c(C([H])([H])[H])c4[H])c3[H])c([H])c2[H])nc1C([H])([H])[H]
KJABRL.xaa_ZINC000100998672_122;-10.2965964;-10.780935;-10.619;66;530.588;WBVLRLNNDPIGCJ-WJOKGBTCSA-L;[H]c1c([H])c([H])c(N2N=C(C([H])([H])[H])[C@@](c3c(C([H])([H])[H])[n-]n(-c4c([H])c([H])c([H])c([H])c4[H])c3=O)(c3c(C([H])([H])C([H])([H])[H])[n-]n(-c4c([H])c([H])c([H])c([H])c4[H])c3=O)C2=O)c([H])c1[H]
KJABRL.xaa_ZINC000215935479_154;-10.1674472;-10.321962;-10.935;58;570.052;ONGVYJXZFYZKLS-UHFFFAOYSA-M;[H]c1nc([N-]S(=O)(=O)c2c([H])c([H])c(N([H])C(=O)c3c([H])c([H])c(Cl)c(S(=O)(=O)[N-]c4c([H])c([H])c([H])c(C([H])([H])[H])c4[H])c3[H])c([H])c2[H])nc(C([H])([H])[H])c1[H]
KJABRL.xaa_ZINC000215967839_156;-10.0000366;-10.310411;-10.604;56;555.037;XHVYSTKLEFKXAB-UHFFFAOYSA-M;[H]c1nc([N-]S(=O)(=O)c2c([H])c([H])c(N([H])C(=O)c3c([H])c([H])c(Cl)c(S(=O)(=O)[N-]c4c([H])c([H])c([H])c(C([H])([H])[H])c4[H])c3[H])c([H])c2[H])c([H])c([H])c1[H]
KJABRL.xaa_ZINC000095876413_198;-11.0715753;-12.013149;-12.07;92;826.878;UCYJMVLISUTARN-VAWYXSNFSA-L;[H]OC([H])([H])C([H])([H])N([H])c1nc(N([H])c2c([H])c([H])c([H])c([H])c2[H])nc(N([H])c2c([H])c([H])c(/C([H])=C(\[H])c3c([H])c([H])c(N([H])c4nc(N([H])c5c([H])c([H])c([H])c([H])c5[H])nc(N([H])C([H])([H])C([H])([H])O[H])n4)c([H])c3S(=O)(=O)[O-])c(S(=O)(=O)[O-])c2[H])n1
KEEARM.xaa_ZINC000253504386_88;-10.4463531;-10.958137;-10.257;87;667.688;BQOROZCHRZDSIN-CAYXBGHESA-M;[H]O[C@@]([H])(c1c([H])c([H])c([H])c([N+](=O)[O-])c1[H])[C@@]([H])(C(=O)[O-])N([H])C(=O)C([H])([H])C([H])([H])C(=O)OC([H])([H])C(=O)[C@@]1(O[H])C([H])([H])C([H])([H])[C@@]2([H])[C@@]3([H])C([H])([H])C([H])([H])C4=C([H])C(=O)C([H])=C([H])[C@]4(C([H])([H])[H])[C@]3([H])[C@@]([H])(O[H])C([H])([H])[C@@]21C([H])([H])[H]
KEEARM.xaa_ZINC000253504400_91;-10.3951628;-10.902759;-10.815;87;667.688;BQOROZCHRZDSIN-USGIDJFZSA-M;[H]O[C@@]([H])(c1c([H])c([H])c([H])c([N+](=O)[O-])c1[H])[C@]([H])(C(=O)[O-])N([H])C(=O)C([H])([H])C([H])([H])C(=O)OC([H])([H])C(=O)[C@@]1(O[H])C([H])([H])C([H])([H])[C@@]2([H])[C@@]3([H])C([H])([H])C([H])([H])C4=C([H])C(=O)C([H])=C([H])[C@]4(C([H])([H])[H])[C@]3([H])[C@@]([H])(O[H])C([H])([H])[C@@]21C([H])([H])[H]
KEEARM.xaa_ZINC000253504398_92;-10.3591808;-10.790265;-10.215;87;667.688;BQOROZCHRZDSIN-URXAGSOOSA-M;[H]O[C@@]1([H])C([H])([H])[C@@]2(C([H])([H])[H])[C@@]([H])(C([H])([H])C([H])([H])[C@]2(O[H])C(=O)C([H])([H])OC(=O)C([H])([H])C([H])([H])C(=O)N([H])[C@]([H])(C(=O)[O-])[C@]([H])(O[H])c2c([H])c([H])c([H])c([N+](=O)[O-])c2[H])[C@@]2([H])C([H])([H])C([H])([H])C3=C([H])C(=O)C([H])=C([H])[C@]3(C([H])([H])[H])[C@@]21[H]
KEEARM.xaa_ZINC000253504391_93;-10.3297626;-10.922695;-10.602;87;667.688;BQOROZCHRZDSIN-IXTGBYPASA-M;[H]O[C@@]1([H])C([H])([H])[C@@]2(C([H])([H])[H])[C@@]([H])(C([H])([H])C([H])([H])[C@]2(O[H])C(=O)C([H])([H])OC(=O)C([H])([H])C([H])([H])C(=O)N([H])[C@@]([H])(C(=O)[O-])[C@]([H])(O[H])c2c([H])c([H])c([H])c([N+](=O)[O-])c2[H])[C@@]2([H])C([H])([H])C([H])([H])C3=C([H])C(=O)C([H])=C([H])[C@]3(C([H])([H])[H])[C@@]21[H]
KEEARM.xaa_ZINC000253506087_97;-10.118713;-10.62336;-10.136;89;656.709;PUAPOUIPTCFMNT-RQMQMVEHSA-M;[H]OC([H])([H])C(=O)[C@@]1(O[H])C([H])([H])C([H])([H])[C@@]2([H])[C@@]3([H])C([H])([H])C([H])([H])C4=C([H])/C(=N\OC([H])([H])C(=O)N([H])[C@]([H])(C(=O)OC([H])([H])[H])C([H])([H])c5c([H])c([H])c([O-])c([N+](=O)[O-])c5[H])C([H])([H])C([H])([H])[C@]4(C([H])([H])[H])[C@@]3([H])[C@@]([H])(O[H])C([H])([H])[C@@]21C([H])([H])[H]
KEEARM.xaa_ZINC000253506090_100;-10.05721;-10.796606;-10.221;89;656.709;PUAPOUIPTCFMNT-URYFDLLESA-M;[H]OC([H])([H])C(=O)[C@@]1(O[H])C([H])([H])C([H])([H])[C@@]2([H])[C@@]3([H])C([H])([H])C([H])([H])C4=C([H])/C(=N\OC([H])([H])C(=O)N([H])[C@]([H])(C(=O)OC([H])([H])[H])C([H])([H])c5c([H])c([H])c([O-])c([N+](=O)[O-])c5[H])C([H])([H])C([H])([H])[C@]4(C([H])([H])[H])[C@]3([H])[C@]([H])(O[H])C([H])([H])[C@@]21C([H])([H])[H]
KEEARM.xaa_ZINC000253506084_101;-10.4469604;-11.117983;-10.821;89;656.709;PUAPOUIPTCFMNT-CPABSNGWSA-M;[H]OC([H])([H])C(=O)[C@@]1(O[H])C([H])([H])C([H])([H])[C@@]2([H])[C@@]3([H])C([H])([H])C([H])([H])C4=C([H])/C(=N\OC([H])([H])C(=O)N([H])[C@]([H])(C(=O)OC([H])([H])[H])C([H])([H])c5c([H])c([H])c([O-])c([N+](=O)[O-])c5[H])C([H])([H])C([H])([H])[C@]4(C([H])([H])[H])[C@]3([H])[C@@]([H])(O[H])C([H])([H])[C@@]21C([H])([H])[H]
KEEARM.xaa_ZINC000253506086_102;-10.2264532;-10.519839;-10.854;89;656.709;PUAPOUIPTCFMNT-FMYUBAGYSA-M;[H]OC([H])([H])C(=O)[C@@]1(O[H])C([H])([H])C([H])([H])[C@@]2([H])[C@@]3([H])C([H])([H])C([H])([H])C4=C([H])/C(=N\OC([H])([H])C(=O)N([H])[C@]([H])(C(=O)OC([H])([H])[H])C([H])([H])c5c([H])c([H])c([O-])c([N+](=O)[O-])c5[H])C([H])([H])C([H])([H])[C@]4(C([H])([H])[H])[C@@]3([H])[C@]([H])(O[H])C([H])([H])[C@@]21C([H])([H])[H]
KEEARM.xaa_ZINC000257360800_127;-10.6042652;-11.007522;-10.74;89;669.704;IANDTMRUEFTZQG-IXTGBYPASA-M;[H]O[C@@]1([H])C([H])([H])[C@@]2(C([H])([H])[H])[C@@]([H])(C([H])([H])C([H])([H])[C@]2(O[H])C(=O)C([H])([H])OC(=O)C([H])([H])C([H])([H])C(=O)N([H])[C@@]([H])(C(=O)[O-])[C@]([H])(O[H])c2c([H])c([H])c([H])c([N+](=O)[O-])c2[H])[C@@]2([H])C([H])([H])C([H])([H])C3=C([H])C(=O)C([H])([H])C([H])([H])[C@]3(C([H])([H])[H])[C@@]21[H]
KEEARM.xaa_ZINC000257360801_128;-10.6569802;-11.058813;-9.079;89;669.704;IANDTMRUEFTZQG-URXAGSOOSA-M;[H]O[C@@]1([H])C([H])([H])[C@@]2(C([H])([H])[H])[C@@]([H])(C([H])([H])C([H])([H])[C@]2(O[H])C(=O)C([H])([H])OC(=O)C([H])([H])C([H])([H])C(=O)N([H])[C@]([H])(C(=O)[O-])[C@]([H])(O[H])c2c([H])c([H])c([H])c([N+](=O)[O-])c2[H])[C@@]2([H])C([H])([H])C([H])([H])C3=C([H])C(=O)C([H])([H])C([H])([H])[C@]3(C([H])([H])[H])[C@@]21[H]
KEEARM.xaa_ZINC000257360802_129;-10.6799863;-11.034727;-10.218;89;669.704;IANDTMRUEFTZQG-USGIDJFZSA-M;[H]O[C@@]([H])(c1c([H])c([H])c([H])c([N+](=O)[O-])c1[H])[C@]([H])(C(=O)[O-])N([H])C(=O)C([H])([H])C([H])([H])C(=O)OC([H])([H])C(=O)[C@@]1(O[H])C([H])([H])C([H])([H])[C@@]2([H])[C@@]3([H])C([H])([H])C([H])([H])C4=C([H])C(=O)C([H])([H])C([H])([H])[C@]4(C([H])([H])[H])[C@]3([H])[C@@]([H])(O[H])C([H])([H])[C@@]21C([H])([H])[H]
KEEARM.xaa_ZINC000257360799_130;-10.7196302;-11.20311;-9.906;89;669.704;IANDTMRUEFTZQG-CAYXBGHESA-M;[H]O[C@@]([H])(c1c([H])c([H])c([H])c([N+](=O)[O-])c1[H])[C@@]([H])(C(=O)[O-])N([H])C(=O)C([H])([H])C([H])([H])C(=O)OC([H])([H])C(=O)[C@@]1(O[H])C([H])([H])C([H])([H])[C@@]2([H])[C@@]3([H])C([H])([H])C([H])([H])C4=C([H])C(=O)C([H])([H])C([H])([H])[C@]4(C([H])([H])[H])[C@]3([H])[C@@]([H])(O[H])C([H])([H])[C@@]21C([H])([H])[H]
KEEARM.xaa_ZINC000079216800_199;-10.142262;-10.52496;-9.824;89;669.704;IANDTMRUEFTZQG-RLQZKUMVSA-M;[H]O[C@@]([H])(c1c([H])c([H])c([H])c([N+](=O)[O-])c1[H])[C@]([H])(C(=O)[O-])N([H])C(=O)C([H])([H])C([H])([H])C(=O)OC([H])([H])C(=O)[C@@]1(O[H])C([H])([H])C([H])([H])[C@@]2([H])[C@]3([H])C([H])([H])C([H])([H])C4=C([H])C(=O)C([H])([H])C([H])([H])[C@]4(C([H])([H])[H])[C@@]3([H])[C@@]([H])(O[H])C([H])([H])[C@@]21C([H])([H])[H]
KEEARM.xaa_ZINC000079216798_201;-10.2833364;-10.492451;-10.226;89;669.704;IANDTMRUEFTZQG-FLBCVIDLSA-M;[H]O[C@@]([H])(c1c([H])c([H])c([H])c([N+](=O)[O-])c1[H])[C@@]([H])(C(=O)[O-])N([H])C(=O)C([H])([H])C([H])([H])C(=O)OC([H])([H])C(=O)[C@@]1(O[H])C([H])([H])C([H])([H])[C@@]2([H])[C@]3([H])C([H])([H])C([H])([H])C4=C([H])C(=O)C([H])([H])C([H])([H])[C@]4(C([H])([H])[H])[C@@]3([H])[C@@]([H])(O[H])C([H])([H])[C@@]21C([H])([H])[H]
KEEARM.xaa_ZINC000079216795_203;-10.1537228;-10.289382;-10.536;89;669.704;IANDTMRUEFTZQG-NQFLDKDMSA-M;[H]O[C@@]1([H])C([H])([H])[C@@]2(C([H])([H])[H])[C@@]([H])(C([H])([H])C([H])([H])[C@]2(O[H])C(=O)C([H])([H])OC(=O)C([H])([H])C([H])([H])C(=O)N([H])[C@@]([H])(C(=O)[O-])[C@]([H])(O[H])c2c([H])c([H])c([H])c([N+](=O)[O-])c2[H])[C@]2([H])C([H])([H])C([H])([H])C3=C([H])C(=O)C([H])([H])C([H])([H])[C@]3(C([H])([H])[H])[C@]21[H]
KEEARM.xaa_ZINC000079216791_204;-10.0998156;-10.412004;-9.698;89;669.704;IANDTMRUEFTZQG-RRVSIJTPSA-M;[H]O[C@@]1([H])C([H])([H])[C@@]2(C([H])([H])[H])[C@@]([H])(C([H])([H])C([H])([H])[C@]2(O[H])C(=O)C([H])([H])OC(=O)C([H])([H])C([H])([H])C(=O)N([H])[C@]([H])(C(=O)[O-])[C@]([H])(O[H])c2c([H])c([H])c([H])c([N+](=O)[O-])c2[H])[C@]2([H])C([H])([H])C([H])([H])C3=C([H])C(=O)C([H])([H])C([H])([H])[C@]3(C([H])([H])[H])[C@]21[H]
KEEARM.xaa_ZINC000033353140_212;-10.2671824;-10.628544;-11.289;75;678.725;VLWRTCZATOGVTO-UHFFFAOYSA-M;[H]c1oc(C(=O)N2C([H])([H])C([H])([H])N(S(=O)(=O)c3c([H])c([H])c4c(c3[H])C(=N[O-])c3c([H])c(S(=O)(=O)N5C([H])([H])C([H])([H])N(C(=O)c6oc([H])c([H])c6[H])C([H])([H])C5([H])[H])c([H])c([H])c3-4)C([H])([H])C2([H])[H])c([H])c1[H]
KAAARN.xaa_ZINC000068056786_208;-10.1396324;-10.81021;-12.981;90;688.742;SZQSOKVXBMULDL-VQHLWIOESA-N;[H]Oc1c([H])c([H])c(C([H])([H])[C@]([H])(C(=O)N([H])[C@@]([H])(C(=O)N([H])[H])C([H])([H])c2c([H])n([H])c3c([H])c([H])c([H])c([H])c23)N([H])C(=O)[C@@]2([H])N(C(=O)[C@@]([H])(N([H])C(=O)[C@@]3([H])N([H])C(=O)C([H])([H])C3([H])[H])C([H])([H])C(=O)N([H])[H])C([H])([H])C([H])([H])C2([H])[H])c([H])c1[H]
KJEBMN.xaa_ZINC000097984180_4;-10.0602722;-10.513763;-10.738;74;614.688;MBKTVIMLUYJONG-FDAWAROLSA-N;[H]/C(=N\N([H])c1c([H])c([H])c(S(=O)(=O)N([H])c2c([H])c([H])c(C([H])([H])[H])c([H])c2C([H])([H])[H])c([H])c1[N+](=O)[O-])c1c(C([H])([H])[H])nn2c1nc(N1C([H])([H])C([H])([H])OC([H])([H])C1([H])[H])c1c([H])c([H])c([H])c([H])c12
KJEBMN.xaa_ZINC000102983308_103;-10.625887;-10.882395;-12.119;67;594.675;DJRXIDULYPYZGZ-MTDXEUNCSA-N;[H]/C(c1sc(N2C([H])([H])C([H])([H])OC([H])([H])C2([H])[H])nc1-c1c([H])c([H])c([H])c([H])c1[H])=[N+](/[H])[N-]c1c([H])c([H])c([N+](=O)[O-])c([H])c1S(=O)(=O)N([H])c1c([H])c([H])c(OC([H])([H])[H])c([H])c1[H]
KJEBMN.xaa_ZINC000100152880_119;-10.8715071;-11.352468;-10.445;66;573.657;SBRHPUJGNIBXJT-YYXBSBLPSA-N;[H]c1nc(Sc2c([H])c([H])c(C([H])([H])/N=N/c3c([H])c([H])c([N+](=O)[O-])c([H])c3S(=O)(=O)N3C([H])([H])C([H])([H])C([H])([H])[C@]([H])(C([H])([H])[H])[C@@]3([H])C([H])([H])[H])c([H])c2[N+](=O)[O-])n(C([H])([H])[H])c1[H]
KJEBMN.xaa_ZINC000100152965_120;-11.0740814;-11.5799;-10.564;66;573.657;KUIIZQLTRNJQTH-QTXPBGKWSA-N;[H]c1nc(Sc2c([H])c([H])c(C([H])([H])/N=N/c3c([H])c([H])c([N+](=O)[O-])c([H])c3S(=O)(=O)N3C([H])([H])C([H])([H])[C@@]([H])(C([H])([H])[H])C([H])([H])[C@]3([H])C([H])([H])[H])c([H])c2[N+](=O)[O-])n(C([H])([H])[H])c1[H]
KJEBMN.xaa_ZINC000100152875_121;-10.2633937;-10.807532;-10.408;66;573.657;SBRHPUJGNIBXJT-PUIKPHIVSA-N;[H]c1nc(Sc2c([H])c([H])c(C([H])([H])/N=N/c3c([H])c([H])c([N+](=O)[O-])c([H])c3S(=O)(=O)N3C([H])([H])C([H])([H])C([H])([H])[C@@]([H])(C([H])([H])[H])[C@@]3([H])C([H])([H])[H])c([H])c2[N+](=O)[O-])n(C([H])([H])[H])c1[H]
KJEBMN.xaa_ZINC000100152977_122;-10.2849054;-10.916744;-10.101;66;573.657;KUIIZQLTRNJQTH-XASNMPCASA-N;[H]c1nc(Sc2c([H])c([H])c(C([H])([H])/N=N/c3c([H])c([H])c([N+](=O)[O-])c([H])c3S(=O)(=O)N3C([H])([H])C([H])([H])[C@]([H])(C([H])([H])[H])C([H])([H])[C@]3([H])C([H])([H])[H])c([H])c2[N+](=O)[O-])n(C([H])([H])[H])c1[H]
KJEBMN.xaa_ZINC000100180338_124;-10.348362599999998;-10.779497;-10.026;65;561.646;WRRAIPOBWHUUAG-OCEACIFDSA-N;[H]c1nc(Sc2c([H])c([H])c(C([H])([H])/N=N/c3c([H])c([H])c([N+](=O)[O-])c([H])c3S(=O)(=O)N(C([H])([H])C([H])([H])C([H])([H])[H])C([H])([H])C([H])([H])C([H])([H])[H])c([H])c2[N+](=O)[O-])n(C([H])([H])[H])c1[H]
KJEBMN.xaa_ZINC000100258572_133;-10.8225105;-11.672436;-10.866;66;573.657;OSUXAPUACZRPPX-CYYJNZCTSA-N;[H]c1nc(Sc2c([H])c([H])c(C([H])([H])/N=N/c3c([H])c([H])c([N+](=O)[O-])c([H])c3S(=O)(=O)N(C([H])([H])[H])C3([H])C([H])([H])C([H])([H])C([H])([H])C([H])([H])C3([H])[H])c([H])c2[N+](=O)[O-])n(C([H])([H])[H])c1[H]
KJEBMN.xaa_ZINC000100257813_134;-10.2577042;-10.665756;-10.533;58;552.594;ZQKVBSYPZDMEAM-CYYJNZCTSA-N;[H]c1nc2c(Sc3c([H])c([H])c(C([H])([H])/N=N/c4c([H])c([H])c([N+](=O)[O-])c([H])c4S(=O)(=O)N(C([H])([H])[H])C([H])([H])[H])c([H])c3[N+](=O)[O-])c([H])c([H])c([H])c2c([H])c1[H]
KJEBMN.xaa_ZINC000253577798_143;-10.1547715;-10.582016;-10.363;66;573.657;SBRHPUJGNIBXJT-QTXPBGKWSA-N;[H]c1nc(Sc2c([H])c([H])c(C([H])([H])/N=N/c3c([H])c([H])c([N+](=O)[O-])c([H])c3S(=O)(=O)N3C([H])([H])C([H])([H])C([H])([H])[C@@]([H])(C([H])([H])[H])[C@]3([H])C([H])([H])[H])c([H])c2[N+](=O)[O-])n(C([H])([H])[H])c1[H]
KJEBMN.xaa_ZINC000253577799_144;-10.9074983;-11.5117445;-10.361;66;573.657;SBRHPUJGNIBXJT-XASNMPCASA-N;[H]c1nc(Sc2c([H])c([H])c(C([H])([H])/N=N/c3c([H])c([H])c([N+](=O)[O-])c([H])c3S(=O)(=O)N3C([H])([H])C([H])([H])C([H])([H])[C@]([H])(C([H])([H])[H])[C@]3([H])C([H])([H])[H])c([H])c2[N+](=O)[O-])n(C([H])([H])[H])c1[H]
KJEBMN.xaa_ZINC000409192484_161;-10.5362509;-11.155444;-10.37;55;535.502;XUTBAUHSYUNDQB-ZMOGYAJESA-N;[H]/C(=N\N([H])c1c([H])c([H])c([N+](=O)[O-])c([H])c1[N+](=O)[O-])c1c([H])c([N+](=O)[O-])c([H])c([H])c1Sc1nnc(-c2c([H])c([H])nc([H])c2[H])n1C([H])([H])C([H])([H])[H]
KJEBMN.xaa_ZINC000059418328_232;-10.9779168;-11.353507;-11.09;58;520.937;VFTIKIKXDLQNAX-GKPLWNPISA-N;[H]c1c(-c2c([H])c([N+](=O)[O-])c([H])c([H])c2Cl)oc(C([H])([H])/N=N/c2nc(N([H])c3c([H])c([H])c([H])c([H])c3[H])nc(N3C([H])([H])C([H])([H])OC([H])([H])C3([H])[H])n2)c1[H]
KJEBMN.xaa_ZINC000100502243_235;-10.4195759;-10.696526;-10.457;58;538.927;QIFOAPJNUXLWCJ-QVAGMWBUSA-N;[H]c1c(-c2c([H])c([H])c([N+](=O)[O-])c([H])c2Cl)oc(C([H])([H])/N=N/c2nc(N([H])c3c([H])c([H])c(F)c([H])c3[H])nc(N3C([H])([H])C([H])([H])OC([H])([H])C3([H])[H])n2)c1[H]
KJEBMN.xaa_ZINC000100502272_236;-10.8875176;-11.198664;-10.94;58;538.927;UHAMYWVEJUJVEY-QVAGMWBUSA-N;[H]c1c(-c2c([H])c([N+](=O)[O-])c([H])c([H])c2Cl)oc(C([H])([H])/N=N/c2nc(N([H])c3c([H])c([H])c(F)c([H])c3[H])nc(N3C([H])([H])C([H])([H])OC([H])([H])C3([H])[H])n2)c1[H]
KJEBMN.xaa_ZINC000103573820_243;-10.3892196;-10.889163;-9.741;66;573.657;KUIIZQLTRNJQTH-YYXBSBLPSA-N;[H]c1nc(Sc2c([H])c([H])c(C([H])([H])/N=N/c3c([H])c([H])c([N+](=O)[O-])c([H])c3S(=O)(=O)N3C([H])([H])C([H])([H])[C@]([H])(C([H])([H])[H])C([H])([H])[C@@]3([H])C([H])([H])[H])c([H])c2[N+](=O)[O-])n(C([H])([H])[H])c1[H]
KJEBMN.xaa_ZINC000103573813_244;-10.8953104;-11.500738;-10.197;66;573.657;KUIIZQLTRNJQTH-PUIKPHIVSA-N;[H]c1nc(Sc2c([H])c([H])c(C([H])([H])/N=N/c3c([H])c([H])c([N+](=O)[O-])c([H])c3S(=O)(=O)N3C([H])([H])C([H])([H])[C@@]([H])(C([H])([H])[H])C([H])([H])[C@@]3([H])C([H])([H])[H])c([H])c2[N+](=O)[O-])n(C([H])([H])[H])c1[H]
KJEBMN.xaa_ZINC000150375996_247;-11.5855872;-12.432648;-10.998;66;641.713;AYOVBVRRWLLEHG-SJCQXOIGSA-N;[H]c1c([H])c([N+](=O)[O-])c([H])c(S(=O)(=O)N2C([H])([H])C([H])([H])C([H])(C(=O)N([H])[H])C([H])([H])C2([H])[H])c1/N=N/C([H])([H])c1c([H])c([H])c(Sc2nc3c([H])c([H])c([H])c([H])c3s2)c([N+](=O)[O-])c1[H]
KJEBMN.xaa_ZINC000150375983_248;-10.8860336;-11.4078;-11.556;69;635.684;ULRVHMSTTQWFJK-QNEJGDQOSA-N;[H]c1nc2c(Sc3c([H])c([H])c(C([H])([H])/N=N/c4c([H])c([H])c([N+](=O)[O-])c([H])c4S(=O)(=O)N4C([H])([H])C([H])([H])C([H])(C(=O)N([H])[H])C([H])([H])C4([H])[H])c([H])c3[N+](=O)[O-])c([H])c([H])c([H])c2c([H])c1[H]
KJEBMN.xaa_ZINC000103764096_249;-10.950536200000002;-11.365517;-10.59;60;600.66;SJGYTXNOGVAGHD-IMVLJIQESA-N;[H]c1c([H])c([N+](=O)[O-])c([H])c(S(=O)(=O)N2C([H])([H])C([H])([H])OC([H])([H])C2([H])[H])c1/N=N/C([H])([H])c1c([H])c([H])c(Sc2nc3c([H])c([H])c([H])c([H])c3s2)c([N+](=O)[O-])c1[H]
KJEBMN.xaa_ZINC000103764106_250;-11.552261299999998;-11.980419;-11.076;64;613.703;CUCKRDDMZSVOGC-BYCLXTJYSA-N;[H]c1c([H])c([N+](=O)[O-])c([H])c(S(=O)(=O)N2C([H])([H])C([H])([H])N(C([H])([H])[H])C([H])([H])C2([H])[H])c1/N=N/C([H])([H])c1c([H])c([H])c(Sc2nc3c([H])c([H])c([H])c([H])c3s2)c([N+](=O)[O-])c1[H]
KJEBMN.xaa_ZINC000103764078_251;-10.6141084;-10.899898;-10.511;55;558.623;VPUOMDZMHLEASW-WJTDDFOZSA-N;[H]c1c([H])c([N+](=O)[O-])c([H])c(S(=O)(=O)N(C([H])([H])[H])C([H])([H])[H])c1/N=N/C([H])([H])c1c([H])c([H])c(Sc2nc3c([H])c([H])c([H])c([H])c3s2)c([N+](=O)[O-])c1[H]
KJEBMN.xaa_ZINC000103766988_252;-10.791938899999998;-11.412721;-10.973;63;594.631;NOERXEGXPVSZLJ-ZQHSETAFSA-N;[H]c1nc2c(Sc3c([H])c([H])c(C([H])([H])/N=N/c4c([H])c([H])c([N+](=O)[O-])c([H])c4S(=O)(=O)N4C([H])([H])C([H])([H])OC([H])([H])C4([H])[H])c([H])c3[N+](=O)[O-])c([H])c([H])c([H])c2c([H])c1[H]
KJEBMN.xaa_ZINC000103767087_253;-10.7109209;-11.226106;-10.367;66;573.657;XIRYGQCNJNAINF-RSKBYLLGSA-N;[H]c1nc(Sc2c([H])c([H])c(C([H])([H])/N=N/c3c([H])c([H])c([N+](=O)[O-])c([H])c3S(=O)(=O)N3C([H])([H])C([H])([H])C([H])([H])C([H])([H])[C@@]3([H])C([H])([H])C([H])([H])[H])c([H])c2[N+](=O)[O-])n(C([H])([H])[H])c1[H]
KJEBMN.xaa_ZINC000103766998_254;-11.1676514;-11.797187;-11.529;67;607.674;RUMXNUVQDNSKMV-QVIHXGFCSA-N;[H]c1nc2c(Sc3c([H])c([H])c(C([H])([H])/N=N/c4c([H])c([H])c([N+](=O)[O-])c([H])c4S(=O)(=O)N4C([H])([H])C([H])([H])N(C([H])([H])[H])C([H])([H])C4([H])[H])c([H])c3[N+](=O)[O-])c([H])c([H])c([H])c2c([H])c1[H]
KJEBMN.xaa_ZINC000103767092_255;-10.3653888;-10.795335;-10.733;66;573.657;XIRYGQCNJNAINF-BDSWOBDFSA-N;[H]c1nc(Sc2c([H])c([H])c(C([H])([H])/N=N/c3c([H])c([H])c([N+](=O)[O-])c([H])c3S(=O)(=O)N3C([H])([H])C([H])([H])C([H])([H])C([H])([H])[C@]3([H])C([H])([H])C([H])([H])[H])c([H])c2[N+](=O)[O-])n(C([H])([H])[H])c1[H]
KJEBMN.xaa_ZINC000408971258_349;-10.063050999999998;-11.238945;-10.735;66;541.077;PVURFMVWXSLZDY-CCFHIKDMSA-N;[H]c1c(/N=N/C([H])([H])c2c([H])c(Cl)c([H])c([H])c2OS(=O)(=O)c2c([H])c([H])c(C([H])([H])[H])c([H])c2[H])nc(N2C([H])([H])C([H])([H])C([H])([H])C2([H])[H])nc1N1C([H])([H])C([H])([H])C([H])([H])C1([H])[H]
KJEBMN.xaa_ZINC000408969486_350;-10.3765015;-11.442361;-11.958;72;534.686;PQCFNZMLMIDACL-UUDCSCGESA-N;[H]c1c(/N=N/C([H])([H])c2c([H])c([H])c([H])c([H])c2OS(=O)(=O)c2c([H])c([H])c(C([H])([H])[H])c([H])c2[H])nc(N2C([H])([H])C([H])([H])C([H])([H])C([H])([H])C2([H])[H])nc1N1C([H])([H])C([H])([H])C([H])([H])C([H])([H])C1([H])[H]
KJEBMN.xaa_ZINC000032125018_367;-10.5285152;-10.967939;-11.131;64;504.62;WJRNQZODAGDLEU-URGPHPNLSA-N;[H]c1c([H])c(C([H])([H])[H])c([H])c([H])c1Sc1c([H])c([H])c(C([H])([H])/N=N/c2nc(N3C([H])([H])C([H])([H])C([H])([H])C3([H])[H])nc(N3C([H])([H])C([H])([H])C([H])([H])C3([H])[H])n2)c([H])c1[N+](=O)[O-]
KJEBMN.xaa_ZINC000006244719_369;-10.1413972;-10.642966;-10.773;68;544.572;FQJGPFNFTXQTLW-PJJLUWSFSA-N;[H]c1c(-c2c([H])c([H])c([N+](=O)[O-])c([H])c2OC([H])([H])[H])oc(C([H])([H])/N=N/c2nc(N([H])c3c([H])c(C([H])([H])[H])c([H])c([H])c3C([H])([H])[H])nc(N3C([H])([H])C([H])([H])OC([H])([H])C3([H])[H])n2)c1[H]
KJEBMN.xaa_ZINC000409192571_397;-11.2736973;-11.816668;-10.004;50;506.46;ZJIYYAQOKPORDG-ZNTNEXAZSA-N;[H]c1c([H])c([H])c(-c2nc(Sc3c([H])c([H])c(C([H])([H])/N=N/c4c([H])c([H])c([N+](=O)[O-])c([H])c4[N+](=O)[O-])c([H])c3[N+](=O)[O-])n([H])n2)c([H])c1[H]
KJEBMN.xaa_ZINC000409190364_401;-10.1767955;-10.941502;-10.69;53;524.475;XPJHQLLZELFNFS-WSDLNYQXSA-N;[H]/C(=N\N([H])c1c([H])c([H])c([N+](=O)[O-])c([H])c1[N+](=O)[O-])c1c([H])c([N+](=O)[O-])c([H])c([H])c1Sc1nnc(-c2oc([H])c([H])c2[H])n1C([H])([H])C([H])([H])[H]
KGEBRM.xaa_ZINC000118921769_177;-10.4613054;-10.717773;-10.287;91;633.766;WSADXMODJOJOJD-KYWWDYBDSA-M;[H]O[C@@]1(C([H])([H])[H])C([H])([H])C([H])([H])[C@@]2([H])[C@]3([H])C([H])([H])C([H])([H])C4=C([H])/C(=N/OC([H])([H])C(=O)N([H])C([H])([H])C(=O)N([H])[C@@]([H])(C(=O)[O-])C([H])([H])c5c([H])n([H])c6c([H])c([H])c([H])c([H])c56)C([H])([H])C([H])([H])[C@]4(C([H])([H])[H])[C@@]3([H])[C@]([H])(O[H])C([H])([H])[C@]12C([H])([H])[H]
KGEBRM.xaa_ZINC000118921768_178;-10.7636507;-11.439232;-10.322;91;633.766;WSADXMODJOJOJD-NJYYHUFJSA-M;[H]O[C@@]1(C([H])([H])[H])C([H])([H])C([H])([H])[C@@]2([H])[C@]3([H])C([H])([H])C([H])([H])C4=C([H])/C(=N/OC([H])([H])C(=O)N([H])C([H])([H])C(=O)N([H])[C@]([H])(C(=O)[O-])C([H])([H])c5c([H])n([H])c6c([H])c([H])c([H])c([H])c56)C([H])([H])C([H])([H])[C@]4(C([H])([H])[H])[C@@]3([H])[C@]([H])(O[H])C([H])([H])[C@]12C([H])([H])[H]
KGEBRM.xaa_ZINC000118921770_179;-10.3914888;-10.803105;-11.071;91;633.766;WSADXMODJOJOJD-CCXSBAOESA-M;[H]O[C@@]1(C([H])([H])[H])C([H])([H])C([H])([H])[C@@]2([H])[C@]3([H])C([H])([H])C([H])([H])C4=C([H])/C(=N/OC([H])([H])C(=O)N([H])C([H])([H])C(=O)N([H])[C@]([H])(C(=O)[O-])C([H])([H])c5c([H])n([H])c6c([H])c([H])c([H])c([H])c56)C([H])([H])C([H])([H])[C@]4(C([H])([H])[H])[C@@]3([H])[C@@]([H])(O[H])C([H])([H])[C@]12C([H])([H])[H]
KGEBRM.xaa_ZINC000118921771_180;-10.0881022;-10.623257;-10.666;91;633.766;WSADXMODJOJOJD-IBEWOVTRSA-M;[H]O[C@@]1(C([H])([H])[H])C([H])([H])C([H])([H])[C@@]2([H])[C@]3([H])C([H])([H])C([H])([H])C4=C([H])/C(=N/OC([H])([H])C(=O)N([H])C([H])([H])C(=O)N([H])[C@@]([H])(C(=O)[O-])C([H])([H])c5c([H])n([H])c6c([H])c([H])c([H])c([H])c56)C([H])([H])C([H])([H])[C@]4(C([H])([H])[H])[C@@]3([H])[C@@]([H])(O[H])C([H])([H])[C@]12C([H])([H])[H]
KGEBRM.xaa_ZINC000150405504_201;-10.8086131;-11.012335;-11.177;88;653.705;KMHGOCJVRMQKTB-ZWAFWPDYSA-M;[H]O[C@@]([H])(c1c([H])c([H])c([H])c([N+](=O)[O-])c1[H])[C@@]([H])(C(=O)[O-])N([H])C(=O)C([H])([H])C([H])([H])C(=O)OC([H])([H])C(=O)[C@@]1(O[H])C([H])([H])C([H])([H])[C@@]2([H])[C@]3([H])C([H])([H])C([H])([H])C4=C([H])C(=O)C([H])([H])C([H])([H])[C@]4(C([H])([H])[H])[C@@]3([H])C([H])([H])C([H])([H])[C@@]21C([H])([H])[H]
KGEBRM.xaa_ZINC000150405498_202;-10.6708112;-10.887974;-11.206;88;653.705;KMHGOCJVRMQKTB-UGWDYAQYSA-M;[H]O[C@]1(C(=O)C([H])([H])OC(=O)C([H])([H])C([H])([H])C(=O)N([H])[C@@]([H])(C(=O)[O-])[C@]([H])(O[H])c2c([H])c([H])c([H])c([N+](=O)[O-])c2[H])C([H])([H])C([H])([H])[C@@]2([H])[C@]3([H])C([H])([H])C([H])([H])C4=C([H])C(=O)C([H])([H])C([H])([H])[C@]4(C([H])([H])[H])[C@@]3([H])C([H])([H])C([H])([H])[C@@]21C([H])([H])[H]
KGEBRM.xaa_ZINC000150405492_203;-10.645815;-10.76932;-10.321;88;653.705;KMHGOCJVRMQKTB-OWVMRFFZSA-M;[H]O[C@]1(C(=O)C([H])([H])OC(=O)C([H])([H])C([H])([H])C(=O)N([H])[C@]([H])(C(=O)[O-])[C@]([H])(O[H])c2c([H])c([H])c([H])c([N+](=O)[O-])c2[H])C([H])([H])C([H])([H])[C@@]2([H])[C@]3([H])C([H])([H])C([H])([H])C4=C([H])C(=O)C([H])([H])C([H])([H])[C@]4(C([H])([H])[H])[C@@]3([H])C([H])([H])C([H])([H])[C@@]21C([H])([H])[H]
KGEBRM.xaa_ZINC000150405506_204;-10.6909511;-10.896368;-11.478;88;653.705;KMHGOCJVRMQKTB-XQVGSRGZSA-M;[H]O[C@@]([H])(c1c([H])c([H])c([H])c([N+](=O)[O-])c1[H])[C@]([H])(C(=O)[O-])N([H])C(=O)C([H])([H])C([H])([H])C(=O)OC([H])([H])C(=O)[C@@]1(O[H])C([H])([H])C([H])([H])[C@@]2([H])[C@]3([H])C([H])([H])C([H])([H])C4=C([H])C(=O)C([H])([H])C([H])([H])[C@]4(C([H])([H])[H])[C@@]3([H])C([H])([H])C([H])([H])[C@@]21C([H])([H])[H]
KGEBRM.xaa_ZINC000408718446_256;-10.0237932;-10.436798;-10.095;57;542.374;OEWLOTGOCHQPAI-WYMPLXKRSA-M;[H]/C(=N\N([H])c1nc(N([H])c2c([H])c(C([H])([H])[H])c([H])c([H])c2C([H])([H])[H])nc(N2C([H])([H])C([H])([H])OC([H])([H])C2([H])[H])n1)c1c([H])c(Br)c([H])c([N+](=O)[O-])c1[O-]
KGEBRM.xaa_ZINC000408721007_258;-10.2224378;-10.4134;-10.802;40;549.119;IATKCLZHCOXFCE-IFRROFPPSA-M;[H]/C(=N\N([H])c1nc2nonc2nc1N([H])c1c([H])c([H])c(Br)c([H])c1[H])c1c([H])c(Br)c([H])c([N+](=O)[O-])c1[O-]
KGEBRM.xaa_ZINC000408721493_259;-10.0601654;-10.398282;-11.268;46;641.191;UJRLLAUGPQAIBV-XTCLZLMSSA-N;[H]c1c(I)c([H])c(C([H])([H])/N=N/c2nc3nonc3[n-]/c2=N\N([H])c2c([H])c([H])c(C([H])([H])[H])c([H])c2[H])c(OC([H])([H])[H])c1I
KGEBRM.xaa_ZINC000408720678_261;-10.413908;-10.847918;-10.953;54;528.347;BZNFKQVKMOQFNY-FSJBWODESA-M;[H]/C(=N\N([H])c1nc(N([H])c2c([H])c([H])c(C([H])([H])[H])c([H])c2Br)nc(N2C([H])([H])C([H])([H])OC([H])([H])C2([H])[H])n1)c1c([H])c([N+](=O)[O-])c([H])c([H])c1[O-]
KGEBRM.xaa_ZINC000408720592_262;-10.179601;-10.484653;-11.494;40;549.119;WFUVNDZQPGYJGQ-IFRROFPPSA-M;[H]/C(=N\N([H])c1nc2nonc2nc1N([H])c1c([H])c([H])c(Br)c([H])c1[H])c1c([H])c([N+](=O)[O-])c([H])c(Br)c1[O-]
KGEBRM.xaa_ZINC000409416051_448;-10.0336728;-11.047132;-12.444;79;677.822;WWNUUTLOWTXVJF-UHFFFAOYSA-M;[H]C1=C([H])C(=[S@@](=O)([O-])N2C([H])([H])C([H])([H])C([H])([H])C2([H])[H])C([H])=C([H])C1=NC(=O)C([H])([H])N(C([H])([H])c1c([H])c([H])c(F)c([H])c1[H])S(=O)(=O)c1c([H])c([H])c(S(=O)(=O)N2C([H])([H])C([H])([H])C([H])([H])C([H])([H])C2([H])[H])c([H])c1[H]
KKCAMM.xaa_ZINC000097985263_4;-11.9457535;-12.6384945;-12.583;75;723.764;GXKYZDWPOFBANF-UHFFFAOYSA-M;[H]c1c([H])c([H])c2c(c1[H])C(=O)c1c([H])c([H])c([H])c(S(=O)(=O)[N-]c3c([H])c([H])c(-c4c([H])c([H])c(N([H])S(=O)(=O)c5c([H])c([H])c([H])c6c5C(=O)c5c([H])c([H])c([H])c([H])c5C6=O)c([H])c4[H])c([H])c3[H])c1C2=O
KKCAMM.xaa_ZINC000097985271_5;-11.052812400000002;-12.832579;-13.833;63;619.66;MLDDISGJPNVVGQ-UHFFFAOYSA-N;[H]c1c([H])c([H])c2c(N([H])S(=O)(=O)c3c([H])c([H])c4c5c(c([H])c([H])c([H])c35)C(=O)N4[H])c([H])c([H])c([N-]S(=O)(=O)c3c([H])c([H])c4c5c(c([H])c([H])c([H])c35)C(=O)N4[H])c2c1[H]
KKCAMM.xaa_ZINC000029492520_43;-10.1656956;-10.567677;-11.506;84;667.255;PKLSADZKTZZLPN-BLYFRCJBSA-N;[H]/C(=C1/C2=NN(C(=O)c3c([H])c([H])c([H])c(S(=O)(=O)[N-]c4c([H])c([H])c(Cl)c([H])c4[H])c3[H])[C@]([H])(c3c([H])c([H])c(N(C([H])([H])[H])C([H])([H])[H])c([H])c3[H])[C@]2([H])C([H])([H])C([H])([H])C1([H])[H])c1c([H])c([H])c(N(C([H])([H])[H])C([H])([H])[H])c([H])c1[H]
KKCAMM.xaa_ZINC000100031715_45;-10.4035189;-10.801763;-11.073;61;520.529;CYVFGXHODMHJSP-UHFFFAOYSA-M;[H]/C(=C1/C(=O)N(c2c([H])c([H])c([H])c([H])c2[H])N=C1C([H])([H])[H])N([H])c1c([H])c([H])c(/N=C(\[H])c2c(C([H])([H])[H])[n-]n(-c3c([H])c([H])c([H])c([H])c3[H])c2=O)c([N+](=O)[O-])c1[H]
KKCAMM.xaa_ZINC000002839852_56;-10.0115548;-10.470518;-11.273;54;526.425;KTFJZDOTNMALKY-UHFFFAOYSA-M;[H]c1c([H])c([H])c(C(=O)c2c([H])c([H])c([O-])c(C([H])([H])N([H])C(=O)C([H])([H])Sc3nnc(-c4c([H])c([H])c(Cl)c([H])c4Cl)n3C([H])([H])[H])c2[H])c([H])c1[H]
KKCAMM.xaa_ZINC000002878992_59;-10.1766328;-10.858765;-13.223;64;575.695;DZZQGNRQLOIVIN-UHFFFAOYSA-N;[H]Oc1c(Sc2nnc(-c3c([H])c([H])c([H])c([H])c3[H])c(-c3c([H])c([H])c([H])c([H])c3[H])n2)c([H])c([N-]S(=O)(=O)c2c([H])c([H])c(C([H])([H])[H])c([H])c2[H])c2c([H])c([H])c([H])c([H])c12
KKCAMM.xaa_ZINC000103079319_92;-10.1191918;-10.6989;-11.585;75;604.635;UWVGAGGHBUNQKK-OFHGOEMBSA-M;[H]Oc1c([O-])c([H])c2oc(=O)c([H])c(C([H])([H])OC(=O)c3c4c(nc5c([H])c([H])c([H])c([H])c35)/C(=C(/[H])c3c([H])c([H])c5c(c3[H])OC([H])([H])O5)C([H])([H])[C@]([H])(C(C([H])([H])[H])(C([H])([H])[H])C([H])([H])[H])C4([H])[H])c2c1[H]
KKCAMM.xaa_ZINC000103079322_93;-10.2661344;-11.037811;-11.725;75;604.635;UWVGAGGHBUNQKK-HSELDNCXSA-M;[H]Oc1c([O-])c([H])c2oc(=O)c([H])c(C([H])([H])OC(=O)c3c4c(nc5c([H])c([H])c([H])c([H])c35)/C(=C(/[H])c3c([H])c([H])c5c(c3[H])OC([H])([H])O5)C([H])([H])[C@@]([H])(C(C([H])([H])[H])(C([H])([H])[H])C([H])([H])[H])C4([H])[H])c2c1[H]
KKCAMM.xaa_ZINC000107274750_145;-10.2655387;-11.2434635;-12.084;60;580.758;IPTLXOSOBWVHBI-UHFFFAOYSA-N;[H]c1c([H])c(N([H])S(=O)(=O)c2c([H])c([H])c(C([H])([H])[H])c([H])c2[H])c([H])c(Sc2nc3c([H])c([H])c([H])c([H])c3s2)c1[N-]S(=O)(=O)c1c([H])c([H])c(C([H])([H])[H])c([H])c1[H]
KKCAMM.xaa_ZINC000004016296_180;-10.523953000000002;-11.153812;-11.069;87;595.764;KIBAEDRHSKFFAN-GDLZYMKVSA-M;[H]c1c([H])c([H])c(-n2[n-]c(N([H])C(=O)c3c([H])c([H])c([H])c(N([H])C(=O)[C@]([H])(Oc4c([H])c([H])c(C(C([H])([H])[H])(C([H])([H])[H])C([H])([H])C([H])([H])[H])c([H])c4C(C([H])([H])[H])(C([H])([H])[H])C([H])([H])C([H])([H])[H])C([H])([H])C([H])([H])[H])c3[H])c([H])c2=O)c([H])c1[H]
KKCAMM.xaa_ZINC000004016295_181;-10.588625399999998;-11.232792;-10.395;87;595.764;KIBAEDRHSKFFAN-LJAQVGFWSA-M;[H]c1c([H])c([H])c(-n2[n-]c(N([H])C(=O)c3c([H])c([H])c([H])c(N([H])C(=O)[C@@]([H])(Oc4c([H])c([H])c(C(C([H])([H])[H])(C([H])([H])[H])C([H])([H])C([H])([H])[H])c([H])c4C(C([H])([H])[H])(C([H])([H])[H])C([H])([H])C([H])([H])[H])C([H])([H])C([H])([H])[H])c3[H])c([H])c2=O)c([H])c1[H]
KKCAMM.xaa_ZINC000004257965_188;-10.0226371;-10.548206;-10.994;81;567.71;MKRYFHVMQQFOTL-LJAQVGFWSA-M;[H]c1c([H])c([H])c(-n2[n-]c(N([H])C(=O)c3c([H])c([H])c([H])c(N([H])C(=O)[C@@]([H])(Oc4c([H])c([H])c(C(C([H])([H])[H])(C([H])([H])[H])C([H])([H])C([H])([H])[H])c([H])c4[H])C([H])([H])C([H])([H])C([H])([H])C([H])([H])C([H])([H])[H])c3[H])c([H])c2=O)c([H])c1[H]
KKCAMM.xaa_ZINC000013514376_209;-10.0335513;-10.27593;-10.996;51;503.028;XISNPTZRKCCEDL-UCQKPKSFSA-M;[H]/C(=C1/SC(=S)[N-]C1=O)c1c(-c2c([H])c([H])c([H])c(OC([H])([H])c3c([H])c([H])c([H])c([H])c3Cl)c2[H])nn(-c2c([H])c([H])c([H])c([H])c2[H])c1[H]
KKCAMM.xaa_ZINC000004583550_210;-10.1821584;-10.623309;-10.998;81;671.045;PCDPNPDWIXBUFP-UHFFFAOYSA-M;[H]c1c([H])c(C(=O)N([H])c2[n-]n(-c3c(Cl)c([H])c(Cl)c([H])c3Cl)c(=O)c2[H])c([H])c(N([H])C(=O)C([H])([H])Oc2c([H])c([H])c(C(C([H])([H])[H])(C([H])([H])[H])C([H])([H])C([H])([H])[H])c([H])c2C(C([H])([H])[H])(C([H])([H])[H])C([H])([H])C([H])([H])[H])c1[H]
KKCAMM.xaa_ZINC000006142799_239;-10.3884128;-10.685521;-11.358;52;538.608;FZGYEJUTPVQDFZ-UHFFFAOYSA-N;[H]Oc1c(Sc2nc3c([H])c([H])c([H])c([H])c3s2)c([H])c([N-]S(=O)(=O)c2c([H])c([H])c(OC([H])([H])[H])c([N+](=O)[O-])c2[H])c2c([H])c([H])c([H])c([H])c12
KKCAMM.xaa_ZINC000101123760_266;-10.073132;-10.816421;-8.892;87;587.788;HZYJYSVSIALDEE-XLFHYYSASA-M;[H]/C(=N\c1c([H])c([H])c(C(=O)N([H])[C@]23C([H])([H])[C@@]4([H])C([H])([H])[C@]([H])(C([H])([H])[C@]([H])(C4([H])[H])C2([H])[H])C3([H])[H])c([H])c1[H])c1c(C([H])([H])[H])[n-]n(-c2c([H])c([H])c([C@]34C([H])([H])[C@@]5([H])C([H])([H])[C@]([H])(C([H])([H])[C@]([H])(C5([H])[H])C3([H])[H])C4([H])[H])c([H])c2[H])c1=O
KKCAMM.xaa_ZINC000020530589_274;-10.3086656;-10.786535;-11.491;65;514.627;ZJAXXPZDSPKARB-UHFFFAOYSA-M;[H]Oc1c([H])c(C(=O)C([H])([H])Sc2nnc(C([H])([H])Oc3c([H])c([H])c(C4([H])C([H])([H])C([H])([H])C([H])([H])C([H])([H])C4([H])[H])c([H])c3[H])n2-c2c([H])c([H])c([H])c([H])c2[H])c([H])c([H])c1[O-]
KKCAMM.xaa_ZINC000002049904_290;-10.1490069;-10.501202;-10.35;75;539.656;FQLAWEYTLDRENG-LJAQVGFWSA-M;[H]c1c([H])c([H])c(-n2[n-]c(N([H])C(=O)c3c([H])c([H])c([H])c(N([H])C(=O)[C@@]([H])(Oc4c([H])c([H])c(C(C([H])([H])[H])(C([H])([H])[H])C([H])([H])C([H])([H])[H])c([H])c4[H])C([H])(C([H])([H])[H])C([H])([H])[H])c3[H])c([H])c2=O)c([H])c1[H]
KKCAMM.xaa_ZINC000002053606_291;-10.1676804;-10.559032;-10.142;75;539.656;FQLAWEYTLDRENG-GDLZYMKVSA-M;[H]c1c([H])c([H])c(-n2[n-]c(N([H])C(=O)c3c([H])c([H])c([H])c(N([H])C(=O)[C@]([H])(Oc4c([H])c([H])c(C(C([H])([H])[H])(C([H])([H])[H])C([H])([H])C([H])([H])[H])c([H])c4[H])C([H])(C([H])([H])[H])C([H])([H])[H])c3[H])c([H])c2=O)c([H])c1[H]
KKCAMM.xaa_ZINC000097944955_298;-10.073132;-10.816421;-8.812;87;587.788;HZYJYSVSIALDEE-XLFHYYSASA-M;[H]/C(=N\c1c([H])c([H])c(C(=O)N([H])[C@]23C([H])([H])[C@@]4([H])C([H])([H])[C@]([H])(C([H])([H])[C@]([H])(C4([H])[H])C2([H])[H])C3([H])[H])c([H])c1[H])c1c(C([H])([H])[H])[n-]n(-c2c([H])c([H])c([C@]34C([H])([H])[C@@]5([H])C([H])([H])[C@]([H])(C([H])([H])[C@]([H])(C5([H])[H])C3([H])[H])C4([H])[H])c([H])c2[H])c1=O
KKCAMM.xaa_ZINC000097979860_317;-10.425172;-10.976303;-13.463;75;604.635;UWVGAGGHBUNQKK-IOKRJLGCSA-M;[H]Oc1c([O-])c([H])c2oc(=O)c([H])c(C([H])([H])OC(=O)c3c4c(nc5c([H])c([H])c([H])c([H])c35)/C(=C(\[H])c3c([H])c([H])c5c(c3[H])OC([H])([H])O5)C([H])([H])[C@]([H])(C(C([H])([H])[H])(C([H])([H])[H])C([H])([H])[H])C4([H])[H])c2c1[H]
KKCAMM.xaa_ZINC000097979861_318;-10.5509134;-11.174045;-13.26;75;604.635;UWVGAGGHBUNQKK-BJJGPXNVSA-M;[H]Oc1c([O-])c([H])c2oc(=O)c([H])c(C([H])([H])OC(=O)c3c4c(nc5c([H])c([H])c([H])c([H])c35)/C(=C(\[H])c3c([H])c([H])c5c(c3[H])OC([H])([H])O5)C([H])([H])[C@@]([H])(C(C([H])([H])[H])(C([H])([H])[H])C([H])([H])[H])C4([H])[H])c2c1[H]
KKCAMM.xaa_ZINC000097983978_319;-10.2834024;-10.691502;-10.013;84;667.255;PKLSADZKTZZLPN-XHJOFVNMSA-N;[H]/C(=C1/C2=NN(C(=O)c3c([H])c([H])c([H])c(S(=O)(=O)[N-]c4c([H])c([H])c(Cl)c([H])c4[H])c3[H])[C@@]([H])(c3c([H])c([H])c(N(C([H])([H])[H])C([H])([H])[H])c([H])c3[H])[C@]2([H])C([H])([H])C([H])([H])C1([H])[H])c1c([H])c([H])c(N(C([H])([H])[H])C([H])([H])[H])c([H])c1[H]
KKCAMM.xaa_ZINC000029492518_320;-10.3334562;-10.564851;-11.645;84;667.255;PKLSADZKTZZLPN-CGFAQTSMSA-N;[H]/C(=C1\C2=NN(C(=O)c3c([H])c([H])c([H])c(S(=O)(=O)[N-]c4c([H])c([H])c(Cl)c([H])c4[H])c3[H])[C@]([H])(c3c([H])c([H])c(N(C([H])([H])[H])C([H])([H])[H])c([H])c3[H])[C@@]2([H])C([H])([H])C([H])([H])C1([H])[H])c1c([H])c([H])c(N(C([H])([H])[H])C([H])([H])[H])c([H])c1[H]
KKCAMM.xaa_ZINC000029492522_321;-10.2014794;-10.519754;-10.862;84;667.255;PKLSADZKTZZLPN-QJNTYGNZSA-N;[H]/C(=C1\C2=NN(C(=O)c3c([H])c([H])c([H])c(S(=O)(=O)[N-]c4c([H])c([H])c(Cl)c([H])c4[H])c3[H])[C@]([H])(c3c([H])c([H])c(N(C([H])([H])[H])C([H])([H])[H])c([H])c3[H])[C@]2([H])C([H])([H])C([H])([H])C1([H])[H])c1c([H])c([H])c(N(C([H])([H])[H])C([H])([H])[H])c([H])c1[H]
KKCAMM.xaa_ZINC000097971218_358;-10.2383704;-10.439418;-11.529;84;667.255;PKLSADZKTZZLPN-RIZLRKHKSA-N;[H]/C(=C1\C2=NN(C(=O)c3c([H])c([H])c([H])c(S(=O)(=O)[N-]c4c([H])c([H])c(Cl)c([H])c4[H])c3[H])[C@@]([H])(c3c([H])c([H])c(N(C([H])([H])[H])C([H])([H])[H])c([H])c3[H])[C@]2([H])C([H])([H])C([H])([H])C1([H])[H])c1c([H])c([H])c(N(C([H])([H])[H])C([H])([H])[H])c([H])c1[H]
KKCAMM.xaa_ZINC000097971219_359;-10.1465406;-10.507807;-10.803;84;667.255;PKLSADZKTZZLPN-MCMSANRSSA-N;[H]/C(=C1\C2=NN(C(=O)c3c([H])c([H])c([H])c(S(=O)(=O)[N-]c4c([H])c([H])c(Cl)c([H])c4[H])c3[H])[C@@]([H])(c3c([H])c([H])c(N(C([H])([H])[H])C([H])([H])[H])c([H])c3[H])[C@@]2([H])C([H])([H])C([H])([H])C1([H])[H])c1c([H])c([H])c(N(C([H])([H])[H])C([H])([H])[H])c([H])c1[H]
KKCAMM.xaa_ZINC000097971285_360;-10.0108794;-10.308207;-11.084;54;538.505;RQDSLNVLZCGFJL-UHFFFAOYSA-M;[H]c1c([H])c(Cl)c([H])c(/N=C(/c2c(C([H])([H])Sc3c([H])c([H])c(Cl)c([H])c3[H])[n-]n(-c3nc4c([H])c([H])c([H])c([H])c4s3)c2=O)C([H])([H])C([H])([H])[H])c1[H]
KKCARO.xaa_ZINC000097983138_2;-11.2367056;-12.063069;-10.156;92;749.989;XSBFPUVILZTRSY-UHFFFAOYSA-N;[H]C(/C([H])=C1\N(c2c([H])c([H])c([H])c([H])c2[H])c2c([H])c([H])c(-c3nc4c([H])c([H])c([H])c([H])c4s3)c([H])c2N1C([H])([H])C([H])([H])[H])=C(\[H])c1n(-c2c([H])c([H])c([H])c([H])c2[H])c2c([H])c([H])c(-c3nc4c([H])c([H])c([H])c([H])c4s3)c([H])c2[n+]1C([H])([H])C([H])([H])[H]
KKCARO.xaa_ZINC000102771052_9;-10.3502176;-10.542452;-11.896;87;617.77;ADPQKFMSJFXJPV-LZBRRTOVSA-O;[H]/C(=C1\Oc2c([H])c([H])c([H])c([H])c2N(C([H])([H])c2c([H])c([H])c(C([H])([H])[H])c([H])c2[H])C1=O)c1c([H])c([H])c(C(=O)N([H])C([H])([H])C([H])([H])C([H])([H])[N+]2([H])C([H])([H])C([H])([H])N(c3c([H])c([H])c(OC([H])([H])[H])c([H])c3[H])C([H])([H])C2([H])[H])c([H])c1[H]
KKCARO.xaa_ZINC000102787840_12;-10.6270704;-11.127167;-10.98;87;633.838;OZNJSWHDZNJELJ-LAKKEJQSSA-O;[H]/C(=C1/Sc2c([H])c([H])c(C(=O)N([H])C([H])([H])C([H])([H])C([H])([H])[N+]3([H])C([H])([H])C([H])([H])N(c4c([H])c([H])c(OC([H])([H])[H])c([H])c4[H])C([H])([H])C3([H])[H])c([H])c2N(C([H])([H])c2c([H])c([H])c([H])c(C([H])([H])[H])c2[H])C1=O)c1c([H])c([H])c([H])c([H])c1[H]
KKCARO.xaa_ZINC000035927812_15;-10.065347400000002;-10.239972;-10.983;71;505.646;SPDBMDSDUXLOBX-UHFFFAOYSA-O;[H]Oc1c([H])c([H])c([H])c([H])c1C([H])([H])[N@+]1([H])C([H])([H])C([H])([H])N(c2nc(C([H])([H])c3c([H])c([H])c(C([H])([H])[H])c([H])c3[H])nc3c2c([H])nn3-c2c([H])c([H])c([H])c([H])c2[H])C([H])([H])C([H])([H])C1([H])[H]
KKCARO.xaa_ZINC000368085317_22;-10.1189282;-10.681198;-10.735;66;541.591;OKZAAFZZQSOANJ-UHFFFAOYSA-O;[H]c1c([H])c([H])c(C(=O)N([H])c2c([H])c([H])c(/N=N/c3c([H])c([H])c([N+](=O)N([H])c4c([H])c([H])c(N([H])C(=O)c5c([H])c([H])c([H])c([H])c5[H])c([H])c4[H])c([H])c3[H])c([H])c2[H])c([H])c1[H]
KKCARO.xaa_ZINC000159022458_25;-10.548409199999998;-11.312199;-11.081;95;686.833;DDFRXZUFXWMXBH-GDWJVWIDSA-O;[H]/C(=C1/c2nc3c([H])c(C(=O)N([H])C([H])([H])C([H])([H])C([H])([H])[N+]4([H])C([H])([H])C([H])([H])N(c5c([H])c([H])c(OC([H])([H])[H])c([H])c5[H])C([H])([H])C4([H])[H])c([H])c([H])c3c(=O)n2C([H])([H])C1([H])[H])c1c([H])c([H])c(OC([H])([H])[H])c(OC([H])([H])c2c([H])c([H])c([H])c([H])c2[H])c1[H]
KKCARO.xaa_ZINC000886010540_59;-11.741071800000002;-12.251188;-11.563;97;773.085;OPWWRGCGDTXENT-CLJHIGKRSA-N;[H]C(=C1/Sc2c([H])c(/C([H])=C(\[H])c3c([H])c([H])c([H])c([H])c3[H])c([H])c([H])c2N1C([H])([H])C([H])([H])[H])/C(c1c([H])c([H])c([H])c([H])c1[H])=c1/s/c(=C(/[H])c2sc(-c3c([H])c([H])c([H])c([H])c3[H])c(-c3c([H])c([H])c([H])c([H])c3[H])[n+]2C([H])([H])C([H])([H])[H])n(C([H])([H])C([H])([H])[H])c1=O
KKCARO.xaa_ZINC000100432850_71;-10.8317356;-11.6659;-10.545;62;503.677;WKOLZLGRWGZEHH-HIXSDJFHSA-O;[H]c1c([H])c(C([H])([H])[H])c([H])c([H])c1SC([H])([H])C1=NN(c2nc3c([H])c([H])c([H])c([H])c3s2)C(=O)/C1=C(/N([H])C([H])([H])C([H])([H])c1c([H])n([H])c([H])[n+]1[H])C([H])([H])C([H])([H])[H]
KKCARO.xaa_ZINC000106970619_84;-10.1003445;-10.699831;-10.902;92;555.831;YZZODXBOABVLTI-UHFFFAOYSA-O;[H]c1c([H])c([H])c(N2C([H])([H])C([H])([H])[N+]([H])(C([H])([H])c3c([H])c(C(C([H])([H])[H])(C([H])([H])[H])C([H])([H])C(C([H])([H])[H])(C([H])([H])[H])C([H])([H])[H])c([H])c(C([H])([H])[N+]4([H])C([H])([H])C([H])([H])N(c5c([H])c([H])c([H])c([H])c5[H])C([H])([H])C4([H])[H])c3[O-])C([H])([H])C2([H])[H])c([H])c1[H]
KKCARO.xaa_ZINC000100642354_86;-10.1014418;-10.598762;-9.687;73;582.775;CTUUNUZDDDOSEO-CPUZRTFYSA-O;[H]/C(=C1/SC(=S)N([C@@]([H])(c2c([H])c([H])c([H])c([H])c2[H])C([H])([H])[H])C1=O)c1c(N2C([H])([H])C([H])([H])[N+]([H])(C([H])([H])c3c([H])c([H])c([H])c([H])c3[H])C([H])([H])C2([H])[H])nc2c(C([H])([H])[H])c([H])c([H])c([H])n2c1=O
KKCARO.xaa_ZINC000100642352_87;-10.240444;-11.160373;-10.963;73;582.775;CTUUNUZDDDOSEO-OKRIBVEGSA-O;[H]/C(=C1/SC(=S)N([C@]([H])(c2c([H])c([H])c([H])c([H])c2[H])C([H])([H])[H])C1=O)c1c(N2C([H])([H])C([H])([H])[N+]([H])(C([H])([H])c3c([H])c([H])c([H])c([H])c3[H])C([H])([H])C2([H])[H])nc2c(C([H])([H])[H])c([H])c([H])c([H])n2c1=O
KKCARO.xaa_ZINC000004272036_92;-10.1004843;-10.5033455;-10.932;80;679.762;ODXKVQKYWCBUDK-UHFFFAOYSA-N;[H]/C(C1=C(N(c2c([H])c([H])c([H])c([H])c2[H])c2c([H])c([H])c([H])c([H])c2[H])/C(=C([H])/C([H])=C2/Sc3c([H])c([H])c(Cl)c([H])c3N2C([H])([H])C([H])([H])[H])C([H])([H])C1([H])[H])=C(/[H])c1sc2c([H])c([H])c(Cl)c([H])c2[n+]1C([H])([H])C([H])([H])[H]
KKCARO.xaa_ZINC000150346688_93;-10.7513598;-11.244287;-11.297;78;651.281;KRABHNCWHQDOBL-IVQJCJPDSA-O;[H]c1c([H])c([H])c(C([H])(c2c([H])c([H])c([H])c([H])c2[H])[N+]2([H])C([H])([H])C([H])([H])N(/C(=C3\C(=O)N(c4nc5c([H])c([H])c([H])c([H])c5s4)N=C3C([H])([H])Sc3c([H])c([H])c(Cl)c([H])c3[H])C([H])([H])[H])C([H])([H])C2([H])[H])c([H])c1[H]
KKCARO.xaa_ZINC000100762035_94;-10.03527;-10.541131;-10.1;73;582.775;DMRQFIZEEYVIHV-NRUOGFOHSA-O;[H]/C(=C1/SC(=S)N([C@@]([H])(c2c([H])c([H])c([H])c([H])c2[H])C([H])([H])[H])C1=O)c1c(N2C([H])([H])C([H])([H])[N+]([H])(C([H])([H])c3c([H])c([H])c([H])c([H])c3[H])C([H])([H])C2([H])[H])nc2c([H])c([H])c(C([H])([H])[H])c([H])n2c1=O
KKCARO.xaa_ZINC000100762030_95;-10.114458699999998;-11.042122;-9.926;73;582.775;DMRQFIZEEYVIHV-HMFVREHESA-O;[H]/C(=C1/SC(=S)N([C@]([H])(c2c([H])c([H])c([H])c([H])c2[H])C([H])([H])[H])C1=O)c1c(N2C([H])([H])C([H])([H])[N+]([H])(C([H])([H])c3c([H])c([H])c([H])c([H])c3[H])C([H])([H])C2([H])[H])nc2c([H])c([H])c(C([H])([H])[H])c([H])n2c1=O
KKCARO.xaa_ZINC000100884433_111;-10.0002088;-10.408293;-10.731;73;582.775;YVBOLTMWBYOHFR-ZXVVBBHZSA-O;[H]/C(=C1\SC(=S)N(C([H])([H])c2c([H])c([H])c(C([H])([H])[H])c([H])c2[H])C1=O)c1c(N2C([H])([H])C([H])([H])[N+]([H])(C([H])([H])c3c([H])c([H])c([H])c([H])c3[H])C([H])([H])C2([H])[H])nc2c(C([H])([H])[H])c([H])c([H])c([H])n2c1=O
KKCARO.xaa_ZINC000006076882_114;-10.322644;-11.404254;-11.15;87;561.794;UTJMXZFNNMBXAV-UHFFFAOYSA-O;[H]c1c([H])c([H])c(N2C([H])([H])C([H])([H])[N+]([H])(C([H])([H])c3c([H])c(C(c4c([H])c([H])c([H])c([H])c4[H])(C([H])([H])[H])C([H])([H])[H])c([H])c(C([H])([H])[N+]4([H])C([H])([H])C([H])([H])N(c5c([H])c([H])c([H])c([H])c5[H])C([H])([H])C4([H])[H])c3[O-])C([H])([H])C2([H])[H])c([H])c1[H]
KKCARO.xaa_ZINC000153632729_117;-10.0715393;-10.59239;-11.928;92;671.943;RTLRVSHZJUJWRW-LQFQNGICSA-O;[H]c1c([H])c2c(c([H])c1F)Sc1c([H])c([H])c(C([H])(C([H])([H])[H])C([H])([H])[H])c([H])c1[C@]([H])(OC([H])([H])C([H])([H])N1C([H])([H])C([H])([H])[N+]([H])([C@@]3([H])c4c([H])c(C([H])(C([H])([H])[H])C([H])([H])[H])c([H])c([H])c4Sc4c([H])c(F)c([H])c([H])c4C3([H])[H])C([H])([H])C1([H])[H])C2([H])[H]
KKCARO.xaa_ZINC000101385957_162;-10.428907;-10.589909;-11.566;70;555.193;MXBYSYLZTJZQGA-ULJHMMPZSA-O;[H]c1c([H])c(SC([H])([H])C2=NN(c3nc4c([H])c([H])c([H])c([H])c4s3)C(=O)/C2=C(\N([H])C2([H])C([H])([H])C(C([H])([H])[H])(C([H])([H])[H])[N+]([H])([H])C(C([H])([H])[H])(C([H])([H])[H])C2([H])[H])C([H])([H])[H])c([H])c([H])c1Cl
KKCARO.xaa_ZINC000101385965_163;-10.7951582;-10.952382;-11.327;67;541.166;WSPLQNLBKZPUCV-HKWRFOASSA-O;[H]/C(=C1/C(=O)N(c2nc3c([H])c([H])c([H])c([H])c3s2)N=C1C([H])([H])Sc1c([H])c([H])c(Cl)c([H])c1[H])N([H])C1([H])C([H])([H])C(C([H])([H])[H])(C([H])([H])[H])[N+]([H])([H])C(C([H])([H])[H])(C([H])([H])[H])C1([H])[H]
KKCARO.xaa_ZINC000097943420_164;-10.5448846;-10.863735;-11.012;69;531.662;QZAYAWBNHDWLNL-QNEJGDQOSA-O;[H]c1nc(N([H])S(=O)(=O)c2c([H])c([H])c(/N=N/c3c([H])c([H])c(N([H])C([H])([H])C([H])([H])C([H])([H])[N+]4([H])C([H])([H])C([H])([H])OC([H])([H])C4([H])[H])c4c([H])c([H])c([H])c([H])c34)c([H])c2[H])c([H])c([H])c1[H]
KKCARO.xaa_ZINC000101506649_176;-10.6507142;-10.921296;-11.018;87;617.77;SDMJWVZBKJYYIN-LZBRRTOVSA-O;[H]/C(=C1\Oc2c([H])c([H])c([H])c([H])c2N(C([H])([H])c2c([H])c([H])c([H])c(C([H])([H])[H])c2[H])C1=O)c1c([H])c([H])c(C(=O)N([H])C([H])([H])C([H])([H])C([H])([H])[N+]2([H])C([H])([H])C([H])([H])N(c3c([H])c([H])c(OC([H])([H])[H])c([H])c3[H])C([H])([H])C2([H])[H])c([H])c1[H]
KKCARO.xaa_ZINC000160954283_178;-10.1777836;-10.620868;-10.851;87;700.975;NDDKIPZEVLSXAJ-WOXYQHHVSA-N;[H]C(=C1/Sc2c([H])c(OC([H])([H])[H])c([H])c([H])c2N1C([H])([H])C([H])([H])[H])/C(c1c([H])c([H])c([H])c([H])c1[H])=c1/s/c(=C(/[H])c2sc(-c3c([H])c([H])c([H])c([H])c3[H])c(-c3c([H])c([H])c([H])c([H])c3[H])[n+]2C([H])([H])C([H])([H])[H])n(C([H])([H])C([H])([H])[H])c1=O
KKCARO.xaa_ZINC000160954132_179;-10.1777836;-10.620868;-10.829;87;700.975;NDDKIPZEVLSXAJ-WOXYQHHVSA-N;[H]C(=C1/Sc2c([H])c(OC([H])([H])[H])c([H])c([H])c2N1C([H])([H])C([H])([H])[H])/C(c1c([H])c([H])c([H])c([H])c1[H])=c1/s/c(=C(/[H])c2sc(-c3c([H])c([H])c([H])c([H])c3[H])c(-c3c([H])c([H])c([H])c([H])c3[H])[n+]2C([H])([H])C([H])([H])[H])n(C([H])([H])C([H])([H])[H])c1=O
KKCARO.xaa_ZINC000097955898_203;-10.9235444;-11.203873;-12.03;80;649.861;NDMTUQSOVNZZKT-UHFFFAOYSA-N;[H]C(=C1/Sc2c([H])c([H])c3c([H])c([H])c([H])c([H])c3c2N1C([H])([H])C([H])([H])Oc1c([H])c([H])c([H])c([H])c1[H])/C([H])=C(\[H])c1sc2c([H])c([H])c3c([H])c([H])c([H])c([H])c3c2[n+]1C([H])([H])C([H])([H])Oc1c([H])c([H])c([H])c([H])c1[H]
KKCARO.xaa_ZINC001501061112_217;-11.011605800000002;-11.861621;-11.696;117;821.081;OYLNBKAUYSJSCW-UHFFFAOYSA-O;[H]c1c([H])c(N2C([H])([H])C([H])([H])N(S(=O)(=O)N(C([H])([H])[H])C([H])([H])[H])C([H])([H])C2([H])[H])c([H])c([H])c1OC([H])([H])c1c(-c2c([H])c([H])c([H])c3c(C([H])([H])C([H])([H])C([H])([H])Oc4c([H])c([H])c([H])c5c([H])c([H])c([H])c([H])c45)c(C([H])([H])[H])n(C([H])([H])C([H])([H])[N+]4([H])C([H])([H])C([H])([H])OC([H])([H])C4([H])[H])c23)c(C([H])([H])[H])nn1C([H])([H])[H]
KKCARO.xaa_ZINC000685944209_219;-10.5637122;-11.22223;-9.698;86;671.781;AZFQZYBQVKKJGL-UHFFFAOYSA-N;[H]C(=C1/N(c2c([H])c([H])c([H])c([H])c2[H])c2c([H])c([H])c(-c3nc4c([H])c([H])c([H])c([H])c4o3)c([H])c2N1C([H])([H])C([H])([H])[H])/C([H])=C(\[H])c1n(C([H])([H])C([H])([H])[H])c2c([H])c([H])c(Oc3nc4c([H])c([H])c([H])c([H])c4o3)c([H])c2[n+]1C([H])([H])[H]
KKCARO.xaa_ZINC000685944210_220;-10.4932706;-11.230581;-9.86;85;655.782;BAAZRVBVAQIYMX-UHFFFAOYSA-N;[H]C(=C1/N(c2c([H])c([H])c([H])c([H])c2[H])c2c([H])c([H])c(-c3nc4c([H])c([H])c([H])c([H])c4o3)c([H])c2N1C([H])([H])C([H])([H])[H])/C([H])=C(\[H])c1n(C([H])([H])C([H])([H])[H])c2c([H])c(-c3nc4c([H])c([H])c([H])c([H])c4o3)c([H])c([H])c2[n+]1C([H])([H])[H]
KKCARO.xaa_ZINC000685944218_222;-11.0389262;-11.782193;-9.893;89;717.944;CDAFRGTXMLEUNS-UHFFFAOYSA-N;[H]C(=C1/N(c2c([H])c([H])c([H])c([H])c2[H])c2c([H])c([H])c(-c3nc4c([H])c([H])c([H])c([H])c4s3)c([H])c2N1C([H])([H])C([H])([H])[H])/C([H])=C(\[H])c1n(C([H])([H])C([H])([H])[H])c2c([H])c(Oc3nc4c([H])c([H])c([H])c([H])c4s3)c([H])c([H])c2[n+]1C([H])([H])C([H])([H])[H]
KKCARO.xaa_ZINC000685944384_223;-10.5416148;-11.466651;-9.371;100;673.925;GKLBAYJPYOLNHK-MYTKEWQOSA-N;[H]C1=C([H])[C@@]([H])(/C([H])=C(\[H])C(=C2c3c([H])c([H])c(N(C([H])([H])C([H])([H])[H])C([H])([H])C([H])([H])[H])c([H])c3Oc3c([H])c(N(C([H])([H])C([H])([H])[H])C([H])([H])C([H])([H])[H])c([H])c([H])c32)/C([H])=C(\[H])c2c([H])c([H])c3c([H])c([H])c([H])c([H])c3[n+]2C([H])([H])[H])N(C([H])([H])[H])c2c([H])c([H])c([H])c([H])c21
KKCARO.xaa_ZINC000685944304_226;-10.355737;-11.040041;-10.877;89;653.872;JFQPRANAUYWXBE-UHFFFAOYSA-N;[H]C(=C(C(\[H])=C(/[H])c1n(C([H])([H])C([H])([H])[H])c2c([H])c([H])c(C(=O)OC([H])([H])C([H])([H])[H])c([H])c2[n+]1C([H])([H])C([H])([H])[H])/c1nc2c([H])c([H])c([H])c([H])c2s1)/C([H])=c1\c2c([H])c([H])c([H])c3c([H])c([H])c([H])c(c32)n1C([H])([H])C([H])([H])C([H])([H])C([H])([H])[H]
KKCARO.xaa_ZINC000685944453_228;-10.5953442;-11.220924;-9.962;86;687.849;NWSICDSUOIONLN-UHFFFAOYSA-N;[H]C(=C1/N(c2c([H])c([H])c([H])c([H])c2[H])c2c([H])c([H])c(-c3nc4c([H])c([H])c([H])c([H])c4o3)c([H])c2N1C([H])([H])C([H])([H])[H])/C([H])=C(\[H])c1n(C([H])([H])C([H])([H])[H])c2c([H])c([H])c(Oc3nc4c([H])c([H])c([H])c([H])c4s3)c([H])c2[n+]1C([H])([H])[H]
KKCARO.xaa_ZINC000685944385_229;-10.4555517;-11.4604225;-8.007;100;673.925;GKLBAYJPYOLNHK-UEJGTNMRSA-N;[H]C1=C([H])[C@]([H])(/C([H])=C(\[H])C(=C2c3c([H])c([H])c(N(C([H])([H])C([H])([H])[H])C([H])([H])C([H])([H])[H])c([H])c3Oc3c([H])c(N(C([H])([H])C([H])([H])[H])C([H])([H])C([H])([H])[H])c([H])c([H])c32)/C([H])=C(\[H])c2c([H])c([H])c3c([H])c([H])c([H])c([H])c3[n+]2C([H])([H])[H])N(C([H])([H])[H])c2c([H])c([H])c([H])c([H])c21
KKCARO.xaa_ZINC000685944420_230;-10.7340982;-11.719757;-8.808;82;701.279;JPAIPPKBDBHYTD-UHFFFAOYSA-N;[H]C(/C([H])=C1\N(c2nc([H])c([H])c([H])c2[H])c2c([H])c([H])c(Cl)c([H])c2N1c1nc([H])c([H])c([H])c1[H])=C(/[H])c1n(C([H])([H])C([H])([H])[H])c2c([H])c(-c3nc4c([H])c([H])c([H])c([H])c4s3)c([H])c([H])c2[n+]1-c1c([H])c([H])c([H])c([H])c1[H]
KKCARO.xaa_ZINC000685944577_232;-10.0729296;-10.366831;-10.161;79;643.796;OHYMSSQXFOJOFF-UHFFFAOYSA-N;[H]C(=C1/N(c2c([H])c([H])c([H])c([H])c2[H])c2c([H])c([H])c(-c3nc4c([H])c([H])c([H])c([H])c4o3)c([H])c2N1C([H])([H])C([H])([H])[H])/C([H])=C(\[H])c1n(-c2nc3c([H])c([H])c([H])c([H])c3s2)c2c([H])c([H])c([H])c([H])c2[n+]1C([H])([H])[H]
KKCARO.xaa_ZINC000685944573_234;-10.838220799999998;-11.759893;-8.556;95;727.892;NQTPWQGJVWAXDW-UHFFFAOYSA-N;[H]C(=C1/N(c2c([H])c([H])c([H])c([H])c2[H])c2c([H])c([H])c(-c3nc4c([H])c([H])c([H])c([H])c4o3)c([H])c2N1C([H])([H])C([H])([H])[H])/C([H])=C(\[H])c1n(-c2c([H])c([H])c([H])c([H])c2[H])c2c([H])c([H])c(-c3nc4c([H])c([H])c([H])c([H])c4c([H])c3[H])c([H])c2[n+]1C([H])([H])C([H])([H])[H]
KKCARO.xaa_ZINC000685944597_235;-10.718740400000002;-11.652985;-8.859;92;717.853;DNOQGGPDAFWWOQ-UHFFFAOYSA-N;[H]C(=C1/N(c2c([H])c([H])c([H])c([H])c2[H])c2c([H])c([H])c(-c3nc4c([H])c([H])c([H])c([H])c4o3)c([H])c2N1C([H])([H])C([H])([H])[H])/C([H])=C(\[H])c1n(-c2c([H])c([H])c([H])c([H])c2[H])c2c([H])c([H])c(-c3nc4c([H])c([H])c([H])c([H])c4o3)c([H])c2[n+]1C([H])([H])C([H])([H])[H]
KKCARO.xaa_ZINC000685944629_236;-10.8476264;-11.556011;-8.084;94;781.987;XVWYMDUKPJGESL-UHFFFAOYSA-N;[H]OC([H])([H])C([H])([H])N1/C(=C([H])/C([H])=C(\[H])c2n(-c3c([H])c([H])c([H])c([H])c3[H])c3c([H])c([H])c(-c4nc5c([H])c([H])c([H])c([H])c5s4)c([H])c3[n+]2C([H])([H])C([H])([H])O[H])N(c2c([H])c([H])c([H])c([H])c2[H])c2c([H])c([H])c(-c3nc4c([H])c([H])c([H])c([H])c4s3)c([H])c21
KKCARO.xaa_ZINC000162636333_245;-11.741071800000002;-12.251188;-11.436;97;773.085;OPWWRGCGDTXENT-CLJHIGKRSA-N;[H]C(=C1/Sc2c([H])c(/C([H])=C(\[H])c3c([H])c([H])c([H])c([H])c3[H])c([H])c([H])c2N1C([H])([H])C([H])([H])[H])/C(c1c([H])c([H])c([H])c([H])c1[H])=c1/s/c(=C(/[H])c2sc(-c3c([H])c([H])c([H])c([H])c3[H])c(-c3c([H])c([H])c([H])c([H])c3[H])[n+]2C([H])([H])C([H])([H])[H])n(C([H])([H])C([H])([H])[H])c1=O
KKCARO.xaa_ZINC000097981023_251;-11.5071008;-12.11773;-11.252;82;732.017;WJLWJTIJHURTRH-UHFFFAOYSA-N;[H]C(=C1/Sc2c([H])c([H])c(-c3nc4c([H])c([H])c5c([H])c([H])c([H])c([H])c5c4s3)c([H])c2N1C([H])([H])C([H])([H])[H])/C([H])=C(\[H])c1sc2c([H])c([H])c(-c3nc4c([H])c([H])c5c([H])c([H])c([H])c([H])c5c4s3)c([H])c2[n+]1C([H])([H])C([H])([H])[H]
KKCARO.xaa_ZINC000097981150_253;-10.223363099999998;-10.650528;-12.042;95;686.833;DDFRXZUFXWMXBH-QCKNELIISA-O;[H]/C(=C1\c2nc3c([H])c(C(=O)N([H])C([H])([H])C([H])([H])C([H])([H])[N+]4([H])C([H])([H])C([H])([H])N(c5c([H])c([H])c(OC([H])([H])[H])c([H])c5[H])C([H])([H])C4([H])[H])c([H])c([H])c3c(=O)n2C([H])([H])C1([H])[H])c1c([H])c([H])c(OC([H])([H])[H])c(OC([H])([H])c2c([H])c([H])c([H])c([H])c2[H])c1[H]
KJCARM.xaa_ZINC000102846642_25;-10.137524;-10.339588;-11.893;61;577.411;REDHERGRPQXDPX-JJFYIABZSA-M;[H]/C(=C1/C(=O)N(c2c([H])c([H])c([H])c(C(=O)[O-])c2[H])N=C1C([H])([H])[H])c1c([H])c(Br)c(OC([H])([H])C(=O)N([H])C([H])([H])c2c([H])c([H])c([H])c([H])c2[H])c(OC([H])([H])[H])c1[H]
KJCARM.xaa_ZINC000261492978_34;-10.0568356;-10.964465;-9.671;46;516.384;SSVWXDJXBMRYAG-FMQUCBEESA-M;[H]c1c([H])c(S(=O)(=O)[O-])c([H])c([H])c1/N=N/c1c([H])c([H])c(N(N=O)c2c([H])c([H])c([N+](=O)[O-])c([H])c2[N+](=O)[O-])c([N+](=O)[O-])c1[H]
KJCARM.xaa_ZINC000100147376_92;-10.0629579;-10.451616;-11.151;54;533.358;OGXQKFDLIUOWSJ-HMAPJEAMSA-M;[H]/C(=C1/C(=O)N(c2c([H])c([H])c([H])c(C(=O)[O-])c2[H])N=C1C([H])([H])[H])c1c([H])c(Br)c([H])c([H])c1OC([H])([H])C(=O)N([H])c1c([H])c([H])c([H])c([H])c1[H]
KJCARM.xaa_ZINC000100147378_93;-10.176762;-10.624389;-11.156;54;533.358;OGXQKFDLIUOWSJ-HYARGMPZSA-M;[H]/C(=C1\C(=O)N(c2c([H])c([H])c([H])c(C(=O)[O-])c2[H])N=C1C([H])([H])[H])c1c([H])c(Br)c([H])c([H])c1OC([H])([H])C(=O)N([H])c1c([H])c([H])c([H])c([H])c1[H]
KJCARM.xaa_ZINC000100192369_110;-10.1962829;-10.759143;-9.054;54;501.431;WJAUHKQUYKYXRP-UDWIEESQSA-M;[H]/C(=C1/C(=O)[N-]C(=O)N(c2c([H])c(C([H])([H])[H])c([H])c(C([H])([H])[H])c2[H])C1=O)c1c([H])c([H])c(Oc2c([H])c([H])c([N+](=O)[O-])c([H])c2[N+](=O)[O-])c([H])c1[H]
KJCARM.xaa_ZINC000103071986_123;-10.2029585;-10.367444;-11.478;61;577.411;REDHERGRPQXDPX-SSDVNMTOSA-M;[H]/C(=C1\C(=O)N(c2c([H])c([H])c([H])c(C(=O)[O-])c2[H])N=C1C([H])([H])[H])c1c([H])c(Br)c(OC([H])([H])C(=O)N([H])C([H])([H])c2c([H])c([H])c([H])c([H])c2[H])c(OC([H])([H])[H])c1[H]
KJCARM.xaa_ZINC000252517859_144;-10.1453942;-10.969774;-10.229;74;617.707;SXABGJNFMSIQQJ-HVDVVURSSA-M;[H]/C(c1c([H])c(C([H])([H])[H])n(-c2c([H])c([H])c([H])c(C(=O)[O-])c2[H])c1C([H])([H])[H])=c1/sc2n(c1=O)[C@@]([H])(c1c([H])c([H])c(OC([H])([H])[H])c([H])c1[H])C(C(=O)N([H])c1c([H])c([H])c([H])c([H])c1[H])=C(C([H])([H])[H])N=2
KJCARM.xaa_ZINC000252517860_145;-10.2793118;-10.96988;-8.646;74;617.707;SXABGJNFMSIQQJ-WOSHRIRTSA-M;[H]/C(c1c([H])c(C([H])([H])[H])n(-c2c([H])c([H])c([H])c(C(=O)[O-])c2[H])c1C([H])([H])[H])=c1/sc2n(c1=O)[C@]([H])(c1c([H])c([H])c(OC([H])([H])[H])c([H])c1[H])C(C(=O)N([H])c1c([H])c([H])c([H])c([H])c1[H])=C(C([H])([H])[H])N=2
KJCARM.xaa_ZINC000043194484_162;-10.1901954;-10.41068;-10.591;60;517.609;ZBFIDNLREQYXGG-UHFFFAOYSA-N;[H]c1c([H])c(-c2nc([N-]S(=O)(=O)c3c([H])c([H])c(OC([H])([H])[H])c(OC([H])([H])[H])c3[H])sc2C([H])([H])N2C([H])([H])C([H])([H])C([H])([H])C([H])([H])C2([H])[H])c([H])c([N+](=O)[O-])c1[H]
KJCARM.xaa_ZINC000150391939_268;-10.206806600000002;-10.401552;-11.174;64;638.438;OYBQVRGVIJKWAF-FMCGGJTJSA-M;[H]/C(=C1/C(=O)N(c2c([H])c([H])c([H])c(C(=O)[O-])c2[H])N=C1C([H])([H])[H])c1c([H])c(I)c(OC([H])([H])C(=O)N([H])C([H])([H])c2c([H])c([H])c([H])c([H])c2[H])c(OC([H])([H])C([H])([H])[H])c1[H]
KJCARM.xaa_ZINC000150398394_270;-10.2527064;-10.749209;-9.126;55;643.326;SADDWPGHUIPXPZ-RQZCQDPDSA-M;[H]/C(=C1/C(=O)[N-]C(=O)N(c2c([H])c([H])c(C([H])([H])[H])c([H])c2[H])C1=O)c1c([H])c(I)c(Oc2c([H])c([H])c([N+](=O)[O-])c([H])c2[N+](=O)[O-])c(OC([H])([H])[H])c1[H]
KJCARM.xaa_ZINC000150421610_274;-10.2928165;-10.47538;-12.257;64;638.438;OYBQVRGVIJKWAF-FSJBWODESA-M;[H]/C(=C1\C(=O)N(c2c([H])c([H])c([H])c(C(=O)[O-])c2[H])N=C1C([H])([H])[H])c1c([H])c(I)c(OC([H])([H])C(=O)N([H])C([H])([H])c2c([H])c([H])c([H])c([H])c2[H])c(OC([H])([H])C([H])([H])[H])c1[H]
KJCARM.xaa_ZINC000100903849_322;-10.2248232;-10.786357;-12.117;67;595.748;YAIYLBOTYOFLTK-VKINRBECSA-M;[H]/C(=C1/SC(=S)N(C([H])([H])C([H])([H])C(=O)[O-])C1=O)c1c(-c2c([H])c([H])c([H])c(S(=O)(=O)N3C([H])([H])C([H])([H])C([H])([H])[C@@]([H])(C([H])([H])[H])C3([H])[H])c2[H])nn(-c2c([H])c([H])c([H])c([H])c2[H])c1[H]
KJBAMN.xaa_ZINC000008443388_18;-10.958055599999998;-12.076412;-10.141;66;605.589;UUCLZDUHOSSZFR-UHFFFAOYSA-N;[H]c1c(C([H])([H])[H])nc(N([H])S(=O)(=O)c2c([H])c([H])c(N([H])C(=O)c3c([H])c([N+](=O)[O-])c(N([H])c4c([H])c([H])c([H])c(C(=O)C([H])([H])[H])c4[H])c([N+](=O)[O-])c3[H])c([H])c2[H])nc1C([H])([H])[H]
KJBAMN.xaa_ZINC000102756016_19;-10.6715644;-11.021699;-10.35;61;535.512;DHGNOQBDRBOUQU-AREMUKBSSA-N;[H]Oc1c2c(c(O[H])n1-c1c([H])c([H])c([H])c([H])c1[H])[C@@]([H])(c1c([H])c([H])c(OC(=O)c3c([H])c([H])c([H])c([H])c3[H])c([H])c1[H])N(c1c([H])c([H])c([H])c([N+](=O)[O-])c1[H])O2
KJBAMN.xaa_ZINC000008445029_21;-10.3835272;-10.739097;-10.986;55;501.524;BTMMQLSAGODYAH-MDZDMXLPSA-N;[H]/C(=C(/[H])c1c([H])c([H])c([H])c([N+](=O)[O-])c1[H])c1nc(N([H])S(=O)(=O)c2c([H])c([H])c(N([H])C(=O)c3c([H])c([H])c([H])c([H])c3[H])c([H])c2[H])nc([H])c1[H]
KJBAMN.xaa_ZINC000035774513_26;-10.2426892;-10.97001;-11.082;69;520.655;IWVBYIVECMWCPG-UHFFFAOYSA-N;[H]c1sc(C([H])([H])N(C(=O)C([H])([H])N(C(=O)c2c([H])c([H])c([H])c([N+](=O)[O-])c2[H])C([H])([H])C([H])([H])N2C([H])([H])C([H])([H])C([H])([H])C2([H])[H])C([H])([H])c2c([H])c([H])c([H])c([H])c2[H])c(C([H])([H])[H])c1[H]
KJBAMN.xaa_ZINC000102895221_44;-10.315064199999998;-10.55948;-10.838;65;565.538;YBDFLUJVXISRIT-HHHXNRCGSA-N;[H]Oc1c2c(c(O[H])n1-c1c([H])c([H])c([H])c([H])c1[H])[C@@]([H])(c1c([H])c([H])c(OC(=O)c3c([H])c([H])c([H])c([H])c3[H])c(OC([H])([H])[H])c1[H])N(c1c([H])c([H])c([H])c([N+](=O)[O-])c1[H])O2
KJBAMN.xaa_ZINC000102895217_45;-10.315064199999998;-10.55948;-10.824;65;565.538;YBDFLUJVXISRIT-HHHXNRCGSA-N;[H]Oc1c2c(c(O[H])n1-c1c([H])c([H])c([H])c([H])c1[H])[C@@]([H])(c1c([H])c([H])c(OC(=O)c3c([H])c([H])c([H])c([H])c3[H])c(OC([H])([H])[H])c1[H])N(c1c([H])c([H])c([H])c([N+](=O)[O-])c1[H])O2
KJBAMN.xaa_ZINC000227243603_50;-10.315064199999998;-10.55948;-10.879;65;565.538;YBDFLUJVXISRIT-HHHXNRCGSA-N;[H]Oc1c2c(c(O[H])n1-c1c([H])c([H])c([H])c([H])c1[H])[C@@]([H])(c1c([H])c([H])c(OC(=O)c3c([H])c([H])c([H])c([H])c3[H])c(OC([H])([H])[H])c1[H])N(c1c([H])c([H])c([H])c([N+](=O)[O-])c1[H])O2
KJBAMN.xaa_ZINC000227244103_51;-10.6715644;-11.021699;-10.394;61;535.512;DHGNOQBDRBOUQU-AREMUKBSSA-N;[H]Oc1c2c(c(O[H])n1-c1c([H])c([H])c([H])c([H])c1[H])[C@@]([H])(c1c([H])c([H])c(OC(=O)c3c([H])c([H])c([H])c([H])c3[H])c([H])c1[H])N(c1c([H])c([H])c([H])c([N+](=O)[O-])c1[H])O2
KJBAMN.xaa_ZINC000102939132_57;-10.9403414;-11.804416;-10.982;66;570.584;HGMLXTAGHYSMRN-UHFFFAOYSA-N;[H]c1c([H])c([H])c(N([H])S(=O)(=O)c2c([H])c(N([H])C(=O)N([H])c3c([H])c([N+](=O)[O-])c([H])c([N+](=O)[O-])c3[H])c([H])c([H])c2N2C([H])([H])C([H])([H])C([H])([H])C([H])([H])C2([H])[H])c(OC([H])([H])[H])c1[H]
KJBAMN.xaa_ZINC000100005148_91;-10.2922586;-10.461959;-11.107;83;610.711;ANEBWFXPVPTEET-YTTGMZPUSA-N;[H]c1c([H])c([H])c(C([H])(c2c([H])c([H])c([H])c([H])c2[H])N2C([H])([H])C([H])([H])N(C([H])([H])C([H])([H])OC(=O)C3=C(C([H])([H])[H])N([H])C(C([H])([H])[H])=C(C(=O)OC([H])([H])[H])[C@]3([H])c3c([H])c([H])c([H])c([N+](=O)[O-])c3[H])C([H])([H])C2([H])[H])c([H])c1[H]
KJBAMN.xaa_ZINC000100005150_92;-10.397385;-10.864493;-10.331;83;610.711;ANEBWFXPVPTEET-JGCGQSQUSA-N;[H]c1c([H])c([H])c(C([H])(c2c([H])c([H])c([H])c([H])c2[H])N2C([H])([H])C([H])([H])N(C([H])([H])C([H])([H])OC(=O)C3=C(C([H])([H])[H])N([H])C(C([H])([H])[H])=C(C(=O)OC([H])([H])[H])[C@@]3([H])c3c([H])c([H])c([H])c([N+](=O)[O-])c3[H])C([H])([H])C2([H])[H])c([H])c1[H]
KJBAMN.xaa_ZINC000036340245_109;-10.1785078;-10.479269;-10.524;72;523.637;HVCGERMMLFKUOU-NDEPHWFRSA-N;[H]O[C@@]([H])(C([H])([H])c1c([H])c([H])c([H])c([H])c1[H])C([H])([H])N1C([H])([H])C([H])([H])N(c2nc(-c3c([H])c([H])c([H])c([H])c3[H])nc(C([H])([H])[H])c2C([H])([H])c2c([H])c([H])c([N+](=O)[O-])c([H])c2[H])C([H])([H])C1([H])[H]
KJBAMN.xaa_ZINC000036340244_110;-10.3436636;-10.624071;-10.237;72;523.637;HVCGERMMLFKUOU-MUUNZHRXSA-N;[H]O[C@]([H])(C([H])([H])c1c([H])c([H])c([H])c([H])c1[H])C([H])([H])N1C([H])([H])C([H])([H])N(c2nc(-c3c([H])c([H])c([H])c([H])c3[H])nc(C([H])([H])[H])c2C([H])([H])c2c([H])c([H])c([N+](=O)[O-])c([H])c2[H])C([H])([H])C1([H])[H]
KJBAMN.xaa_ZINC000245330021_114;-10.395146399999998;-10.575733;-10.476;67;536.629;WOMSFYYZCUDQCB-UZTOHYMASA-N;[H]c1sc2c(c1[H])[C@@]([H])(c1c([H])c([H])c([H])c(F)c1[H])N(C([H])([H])C([H])([H])C(=O)N1C([H])([H])C([H])([H])N(C(=O)c3c([H])c([H])c([H])c([N+](=O)[O-])c3[H])[C@@]([H])(C([H])([H])[H])C1([H])[H])C([H])([H])C2([H])[H]
KJBAMN.xaa_ZINC000245343255_117;-10.115199;-10.551803;-10.37;68;607.129;JTBHWLNGWAWPKR-XRHLQHRESA-N;[H]c1sc2c(c1[H])[C@@]([H])(c1c([H])c([H])c([H])c(F)c1[H])N(C([H])([H])C([H])([H])C(=O)N1C([H])([H])C([H])([H])N(S(=O)(=O)c3c([H])c([H])c(Cl)c([N+](=O)[O-])c3[H])[C@@]([H])(C([H])([H])[H])C1([H])[H])C([H])([H])C2([H])[H]
KJBAMN.xaa_ZINC000103088191_130;-10.0161055;-10.9270525;-9.987;53;548.986;KJRWGDWPWKZCSD-UHFFFAOYSA-N;[H]c1c([H])c([H])c(N([H])S(=O)(=O)c2c([H])c([H])c3oc(SC([H])([H])C(=O)N([H])c4c([H])c([H])c([N+](=O)[O-])c([H])c4Cl)nc3c2[H])c(OC([H])([H])[H])c1[H]
KJBAMN.xaa_ZINC000103107556_133;-10.0167046;-10.703765;-10.664;68;607.129;JTBHWLNGWAWPKR-MYUZEXMDSA-N;[H]c1sc2c(c1[H])[C@]([H])(c1c([H])c([H])c([H])c(F)c1[H])N(C([H])([H])C([H])([H])C(=O)N1C([H])([H])C([H])([H])N(S(=O)(=O)c3c([H])c([H])c(Cl)c([N+](=O)[O-])c3[H])[C@@]([H])(C([H])([H])[H])C1([H])[H])C([H])([H])C2([H])[H]
KJBAMN.xaa_ZINC000103368754_148;-10.3283462;-10.589044;-10.094;67;536.629;WOMSFYYZCUDQCB-PPHZAIPVSA-N;[H]c1sc2c(c1[H])[C@]([H])(c1c([H])c([H])c([H])c(F)c1[H])N(C([H])([H])C([H])([H])C(=O)N1C([H])([H])C([H])([H])N(C(=O)c3c([H])c([H])c([H])c([N+](=O)[O-])c3[H])[C@@]([H])(C([H])([H])[H])C1([H])[H])C([H])([H])C2([H])[H]
KJBAMN.xaa_ZINC000103368751_149;-10.0141514;-10.166844;-10.082;67;536.629;WOMSFYYZCUDQCB-WINIVTDRSA-N;[H]c1sc2c(c1[H])[C@]([H])(c1c([H])c([H])c([H])c(F)c1[H])N(C([H])([H])C([H])([H])C(=O)N1C([H])([H])C([H])([H])N(C(=O)c3c([H])c([H])c([H])c([N+](=O)[O-])c3[H])[C@]([H])(C([H])([H])[H])C1([H])[H])C([H])([H])C2([H])[H]
KJBAMN.xaa_ZINC000106020474_170;-10.315064199999998;-10.55948;-10.791;65;565.538;YBDFLUJVXISRIT-HHHXNRCGSA-N;[H]Oc1c2c(c(O[H])n1-c1c([H])c([H])c([H])c([H])c1[H])[C@@]([H])(c1c([H])c([H])c(OC(=O)c3c([H])c([H])c([H])c([H])c3[H])c(OC([H])([H])[H])c1[H])N(c1c([H])c([H])c([H])c([N+](=O)[O-])c1[H])O2
KJBAMN.xaa_ZINC000100816907_189;-10.5186119;-11.0819025;-11.225;54;594.056;GQCSMKLGJSYVBT-UHFFFAOYSA-N;[H]c1c([H])c([N+](=O)[O-])c(C(=O)N([H])c2nnc(SC([H])([H])C(=O)N([H])c3nnc(-c4c([H])c(OC([H])([H])[H])c([H])c([H])c4OC([H])([H])[H])s3)s2)c([H])c1Cl
KJBAMN.xaa_ZINC000150450927_192;-10.778026;-11.424719;-11.358;71;672.141;DGDCAWAJCGPTHN-UHFFFAOYSA-N;[H]c1c([H])c([H])c(N([H])S(=O)(=O)c2c([H])c(N([H])C(=O)c3c([H])c([H])c(N([H])S(=O)(=O)c4c([H])c([H])c([H])c([N+](=O)[O-])c4[H])c([H])c3[H])c([H])c([H])c2N2C([H])([H])C([H])([H])OC([H])([H])C2([H])[H])c(Cl)c1[H]
KJBAMN.xaa_ZINC000015946943_198;-10.5348071;-10.71801;-11.423;74;527.691;ZKFCVUCBZHMYNA-GOSISDBHSA-N;[H]c1c([H])c(N([H])C(=O)c2c(N([H])C(=O)C([H])([H])C([H])([H])N3C([H])([H])C([H])([H])N(C([H])([H])[H])C([H])([H])C3([H])[H])sc3c2C([H])([H])C([H])([H])[C@@]([H])(C(C([H])([H])[H])(C([H])([H])[H])C([H])([H])[H])C3([H])[H])c([H])c([N+](=O)[O-])c1[H]
KJBAMN.xaa_ZINC000015946941_199;-10.523905;-10.764379;-11.223;74;527.691;ZKFCVUCBZHMYNA-SFHVURJKSA-N;[H]c1c([H])c(N([H])C(=O)c2c(N([H])C(=O)C([H])([H])C([H])([H])N3C([H])([H])C([H])([H])N(C([H])([H])[H])C([H])([H])C3([H])[H])sc3c2C([H])([H])C([H])([H])[C@]([H])(C(C([H])([H])[H])(C([H])([H])[H])C([H])([H])[H])C3([H])[H])c([H])c([N+](=O)[O-])c1[H]
KJBAMN.xaa_ZINC000169677765_208;-10.1668115;-10.293972;-9.804;65;505.018;JVYKJDJPCXURAV-UYDITSSVSA-N;[H]c1c([H])c([H])c([C@@]([H])(N([H])C(=O)[C@]2([H])C([H])([H])c3c([H])c([N+](=O)[O-])c([H])c([H])c3N3C([H])([H])C([H])([H])N(C([H])([H])c4c([H])c([H])c(Cl)c([H])c4[H])C([H])([H])[C@]32[H])C([H])([H])[H])c([H])c1[H]
KJBAMN.xaa_ZINC000169677767_209;-10.103225;-10.276752;-9.235;65;505.018;JVYKJDJPCXURAV-BYGVMDBSSA-N;[H]c1c([H])c([H])c([C@@]([H])(N([H])C(=O)[C@@]2([H])C([H])([H])c3c([H])c([N+](=O)[O-])c([H])c([H])c3N3C([H])([H])C([H])([H])N(C([H])([H])c4c([H])c([H])c(Cl)c([H])c4[H])C([H])([H])[C@]32[H])C([H])([H])[H])c([H])c1[H]
KJBAMN.xaa_ZINC000001050268_220;-10.616710199999998;-11.058214;-10.47;48;527.356;KMOFDUDUIHLIJT-UHFFFAOYSA-N;[H]c1nc2c(N([H])S(=O)(=O)c3c([H])c([H])c([H])c(C(=O)N([H])c4c([H])c([H])c([H])c([N+](=O)[O-])c4[H])c3[H])c([H])c([H])c(Br)c2c([H])c1[H]
KJBAMN.xaa_ZINC000101161848_223;-10.6346543;-11.166687;-10.64;61;535.512;KGBLZUFTTAWBDC-PFBJBMPXSA-N;[H]c1c([H])c([H])c(C(=O)Oc2c([H])c([H])c([C@@]3([H])N(c4c([H])c([H])c([H])c([N+](=O)[O-])c4[H])O[C@]4([H])C(=O)N(c5c([H])c([H])c([H])c([H])c5[H])C(=O)[C@]34[H])c([H])c2[H])c([H])c1[H]
KJBAMN.xaa_ZINC000026964991_229;-10.1943546;-10.73646;-10.076;61;509.522;IIWGZTQHFACDEP-AHWVRZQESA-N;[H]c1c([H])c([H])c(-n2nc(-c3c([H])c([H])c([H])c([N+](=O)[O-])c3[H])c([C@]3([H])N([H])C(=O)N=C(C([H])([H])[H])[C@]3([H])C(=O)OC([H])([H])c3c([H])c([H])c([H])c([H])c3[H])c2[H])c([H])c1[H]
KJBAMN.xaa_ZINC000026964981_230;-10.0502792;-10.593645;-10.953;61;509.522;IIWGZTQHFACDEP-AZGAKELHSA-N;[H]c1c([H])c([H])c(-n2nc(-c3c([H])c([H])c([H])c([N+](=O)[O-])c3[H])c([C@@]3([H])N([H])C(=O)N=C(C([H])([H])[H])[C@]3([H])C(=O)OC([H])([H])c3c([H])c([H])c([H])c([H])c3[H])c2[H])c([H])c1[H]
KJBAMN.xaa_ZINC000097954747_231;-10.6715644;-11.021699;-10.284;61;535.512;DHGNOQBDRBOUQU-AREMUKBSSA-N;[H]Oc1c2c(c(O[H])n1-c1c([H])c([H])c([H])c([H])c1[H])[C@@]([H])(c1c([H])c([H])c(OC(=O)c3c([H])c([H])c([H])c([H])c3[H])c([H])c1[H])N(c1c([H])c([H])c([H])c([N+](=O)[O-])c1[H])O2
KFABRO.xaa_ZINC000261362879_72;-10.8021906;-11.823666;-13.021;94;682.802;QBDRNGBZKAOZHF-LYVYPOQBSA-O;[H]c1c([H])c([H])c(C(=O)N([H])[C@]([H])(C(=O)N([H])[C@@]([H])(C(=O)N([H])[C@]([H])(C(=O)N([H])c2c([H])c([H])c3c(C([H])([H])[H])c([H])c(=O)oc3c2[H])C([H])([H])C([H])([H])C([H])([H])N([H])C(N([H])[H])=[N+]([H])[H])C([H])(C([H])([H])[H])C([H])([H])[H])C([H])([H])c2c([H])c([H])c([H])c([H])c2[H])c([H])c1[H]
KFABRO.xaa_ZINC000253394167_100;-10.2062308;-10.517877;-10.17;96;636.818;ANSWQKSNCXLVRL-FTXAVJGESA-O;[H]c1c([H])c([H])c2c(c1[H])OC([H])([H])C([H])([H])[C@@]1([H])O[C@]([H])(C([H])([H])N([H])C(=O)[C@@]3([H])N(C2=O)C([H])([H])C([H])([H])[N@@+]([H])([C@]2([H])C([H])([H])C([H])([H])[C@]([H])(C([H])([H])[H])C([H])([H])C2([H])[H])C3([H])[H])[C@]([H])(n2nnc(C([H])([H])N3C([H])([H])C([H])([H])OC([H])([H])C3([H])[H])c2[H])C([H])([H])C1([H])[H]
KFABRO.xaa_ZINC000253396098_105;-10.0800584;-10.434334;-10.31;96;636.818;DAIDUJXTFNJYFP-AUXUOOQGSA-O;[H]c1c([H])c([H])c2c(c1[H])OC([H])([H])C([H])([H])[C@@]1([H])O[C@]([H])(C([H])([H])N([H])C(=O)[C@@]3([H])N(C2=O)C([H])([H])C([H])([H])[N@+]([H])(C([H])([H])C2([H])C([H])([H])C([H])([H])C([H])([H])C([H])([H])C2([H])[H])C3([H])[H])[C@]([H])(n2nnc(C([H])([H])N3C([H])([H])C([H])([H])OC([H])([H])C3([H])[H])c2[H])C([H])([H])C1([H])[H]
KFABRO.xaa_ZINC000253399860_113;-10.0773752;-10.277311;-9.576;89;583.75;KBPUUSLOKMZLQE-DXLYGPJMSA-O;[H]c1c([H])c([H])c2c(c1[H])OC([H])([H])C([H])([H])[C@@]1([H])O[C@]([H])(C([H])([H])N([H])C(=O)[C@@]3([H])N(C2=O)C([H])([H])C([H])([H])[N@@+]([H])(C2([H])C([H])([H])C([H])([H])C([H])([H])C([H])([H])C2([H])[H])C3([H])[H])[C@]([H])(N([H])C(=O)C2([H])C([H])([H])C([H])([H])OC([H])([H])C2([H])[H])C([H])([H])C1([H])[H]
KFABRO.xaa_ZINC000253400699_114;-10.2905074;-10.410394;-9.553;92;597.777;LMXOBLIMCOIEHF-LQHSHAJDSA-O;[H]c1c([H])c([H])c2c(c1[H])OC([H])([H])C([H])([H])[C@@]1([H])O[C@]([H])(C([H])([H])N([H])C(=O)[C@@]3([H])N(C2=O)C([H])([H])C([H])([H])[N@@+]([H])([C@]2([H])C([H])([H])C([H])([H])[C@]([H])(C([H])([H])[H])C([H])([H])C2([H])[H])C3([H])[H])[C@]([H])(N([H])C(=O)C2([H])C([H])([H])C([H])([H])OC([H])([H])C2([H])[H])C([H])([H])C1([H])[H]
KFABRO.xaa_ZINC000253403849_119;-10.38198;-10.783859;-10.231;92;597.777;QNSCSBFQNZNIIL-RKDXIHMYSA-O;[H]c1c([H])c([H])c2c(c1[H])OC([H])([H])C([H])([H])[C@@]1([H])O[C@]([H])(C([H])([H])N([H])C(=O)[C@@]3([H])N(C2=O)C([H])([H])C([H])([H])[N@+]([H])(C([H])([H])C2([H])C([H])([H])C([H])([H])C([H])([H])C([H])([H])C2([H])[H])C3([H])[H])[C@]([H])(N([H])C(=O)C2([H])C([H])([H])C([H])([H])OC([H])([H])C2([H])[H])C([H])([H])C1([H])[H]
KFABRO.xaa_ZINC000257295698_140;-10.010548599999998;-10.499671;-10.742;79;541.738;QZMQRIBUSZLERP-YTMVLYRLSA-O;[H]O[C@@]1([H])C([H])([H])N(C([H])([H])C(=O)N([H])c2c([H])c([H])c([H])c(S(=O)(=O)N3C([H])([H])C([H])([H])C([H])([H])C([H])([H])C3([H])[H])c2[H])C([H])([H])C([H])([H])[C@@]12C([H])([H])C([H])([H])C([H])([H])[N@+]2([H])C([H])([H])C([H])([H])c1c([H])c([H])c([H])c([H])c1[H]
KFABRO.xaa_ZINC000012480888_158;-10.1264285;-10.452071;-10.79;73;506.631;QXWVLBWBMTYHAQ-UHFFFAOYSA-O;[H]c1c(-c2nnn(C([H])([H])C(=O)N(C([H])([H])C(=O)N([H])C3([H])C([H])([H])C([H])([H])C([H])([H])C3([H])[H])[C@]3([H])C([H])([H])C([H])([H])[N@@+]([H])(C([H])([H])c4c([H])c([H])c([H])c([H])c4[H])C([H])([H])C3([H])[H])n2)oc(C([H])([H])[H])c1[H]
KFABRO.xaa_ZINC000003947495_184;-10.0887028;-10.278151;-10.539;87;612.751;DEQITUUQPICUMR-NNTHOFKBSA-O;[H]O[C@@]12O[C@@](N([H])C(=O)[C@]3([H])C([H])([H])[C@]4([H])c5c([H])c([H])c([H])c6c5c(c([H])n6[H])C([H])([H])[C@]4([H])[N@+]([H])(C([H])([H])[H])C3([H])[H])(C([H])(C([H])([H])[H])C([H])([H])[H])C(=O)N1[C@]([H])(C([H])([H])c1c([H])c([H])c([H])c([H])c1[H])C(=O)N1C([H])([H])C([H])([H])C([H])([H])[C@@]12[H]
KFABRO.xaa_ZINC000150340496_210;-10.1870602;-11.099731;-11.715;100;722.82;BPXNNDRYRRUSMM-CAVYSCNFSA-O;[H]c1c([H])c([H])c(C([H])([H])OC(=O)C([H])([H])C([H])([H])[C@@]([H])(C(=O)N([H])[C@]([H])(C(=O)N([H])[C@]([H])(C(=O)N([H])c2c([H])c([H])c3c(C([H])([H])[H])c([H])c(=O)oc3c2[H])C([H])([H])C([H])([H])C([H])([H])N([H])C(N([H])[H])=[N+]([H])[H])C([H])([H])[H])N([H])C(=O)OC(C([H])([H])[H])(C([H])([H])[H])C([H])([H])[H])c([H])c1[H]
KFABRO.xaa_ZINC000004534357_213;-10.8559072;-11.911581;-13.265;94;682.802;QBDRNGBZKAOZHF-NPLMNSEMSA-O;[H]c1c([H])c([H])c(C(=O)N([H])[C@@]([H])(C(=O)N([H])[C@@]([H])(C(=O)N([H])[C@]([H])(C(=O)N([H])c2c([H])c([H])c3c(C([H])([H])[H])c([H])c(=O)oc3c2[H])C([H])([H])C([H])([H])C([H])([H])N([H])C(N([H])[H])=[N+]([H])[H])C([H])(C([H])([H])[H])C([H])([H])[H])C([H])([H])c2c([H])c([H])c([H])c([H])c2[H])c([H])c1[H]
KFABRO.xaa_ZINC000514287555_236;-10.1403391;-10.603795;-10.084;78;531.677;LEEGHMCYJPZLCW-TUKPBSOISA-O;[H]/C1=C(\[H])[C@@]2([H])C([H])([H])N(C(=O)C([H])([H])N(C(=O)c3c([H])c([H])c([H])c([H])c3[H])C([H])([H])c3c([H])c([H])c([H])c([H])c3OC1([H])[H])C([H])([H])C([H])([H])[C@@]2([H])C([H])([H])C(=O)N1C([H])([H])C([H])([H])[N+]([H])(C([H])([H])[H])C([H])([H])C1([H])[H]
KFABRO.xaa_ZINC000071788391_277;-10.1003402;-10.777984;-12.964;79;551.664;LCXURRLYDBPUAM-DPZBCOQUSA-O;[H]Oc1c([H])c([H])c(C([H])([H])[C@@]([H])(C(=O)N([H])c2c([H])c([H])c3c(C([H])([H])[H])c([H])c(=O)oc3c2[H])N([H])C(=O)[C@@]([H])(N([H])C(=O)[C@]([H])(C([H])([H])C([H])(C([H])([H])[H])C([H])([H])[H])[N+]([H])([H])[H])C([H])(C([H])([H])[H])C([H])([H])[H])c([H])c1[H]
KFABRO.xaa_ZINC000085533092_292;-10.0724942;-10.614084;-11.917;101;734.831;CGHJNIDVCUBKPA-KCHLEUMXSA-O;[H]c1c([H])c([H])c(C([H])([H])OC(=O)C([H])([H])[C@@]([H])(C(=O)N2C([H])([H])C([H])([H])C([H])([H])[C@@]2([H])C(=O)N([H])[C@]([H])(C(=O)N([H])c2c([H])c([H])c3c(C([H])([H])[H])c([H])c(=O)oc3c2[H])C([H])([H])C([H])([H])C([H])([H])N([H])C(N([H])[H])=[N+]([H])[H])N([H])C(=O)OC(C([H])([H])[H])(C([H])([H])[H])C([H])([H])[H])c([H])c1[H]
KFABRO.xaa_ZINC000085577171_294;-10.5224188;-11.267472;-13.53;94;682.802;QBDRNGBZKAOZHF-OLWNVYNHSA-O;[H]c1c([H])c([H])c(C(=O)N([H])[C@]([H])(C(=O)N([H])[C@]([H])(C(=O)N([H])[C@]([H])(C(=O)N([H])c2c([H])c([H])c3c(C([H])([H])[H])c([H])c(=O)oc3c2[H])C([H])([H])C([H])([H])C([H])([H])N([H])C(N([H])[H])=[N+]([H])[H])C([H])(C([H])([H])[H])C([H])([H])[H])C([H])([H])c2c([H])c([H])c([H])c([H])c2[H])c([H])c1[H]
KFABRO.xaa_ZINC000067878805_388;-10.5366426;-10.940746;-11.345;82;544.724;DJXKTGKWFAHSBP-UIOOFZCWSA-O;[H]c1nc(N2C([H])([H])C([H])([H])N(C(=O)C([H])([H])[C@]3([H])C([H])([H])C([H])([H])[N+]([H])([H])C([H])([H])[C@]3([H])C([H])([H])c3noc(C([H])([H])N4C([H])([H])C([H])([H])N(c5c([H])c([H])c([H])c([H])c5[H])C([H])([H])C4([H])[H])c3[H])C([H])([H])C2([H])[H])c([H])c([H])c1[H]
KIBARM.xaa_ZINC000034840163_4;-10.2801144;-10.848645;-11.246;64;516.53;KHPQFBFIBZRUKQ-OUOWLKGYSA-M;[H]c1oc(C([H])([H])[C@@]2([H])C([H])([H])C([H])([H])C([H])([H])C([H])([H])[C@]2([H])N([H])C(=O)[C@@]([H])(N2C(=O)c3c([H])c([H])c([H])c([H])c3C2=O)C([H])([H])c2c([H])c([H])c([O-])c([N+](=O)[O-])c2[H])c([H])c1[H]
KIBARM.xaa_ZINC000034840154_5;-10.3433388;-10.797742;-10.422;64;516.53;KHPQFBFIBZRUKQ-XANCMCCPSA-M;[H]c1oc(C([H])([H])[C@@]2([H])C([H])([H])C([H])([H])C([H])([H])C([H])([H])[C@@]2([H])N([H])C(=O)[C@@]([H])(N2C(=O)c3c([H])c([H])c([H])c([H])c3C2=O)C([H])([H])c2c([H])c([H])c([O-])c([N+](=O)[O-])c2[H])c([H])c1[H]
KIBARM.xaa_ZINC000008443267_6;-10.2077076;-10.698912;-9.917;55;658.475;KCYXCVURNCFMTE-DUBROFONSA-M;[H]/C(c1c([H])c(I)c([O-])c([N+](=O)[O-])c1[H])=c1/sc2n(c1=O)[C@]([H])(c1sc([H])c([H])c1[H])C(C(=O)OC([H])([H])C([H])([H])[H])=C(c1c([H])c([H])c([H])c([H])c1[H])N=2
KIBARM.xaa_ZINC000008443269_7;-10.15928;-10.533529;-10.261;55;658.475;KCYXCVURNCFMTE-QUYTYNJFSA-M;[H]/C(c1c([H])c(I)c([O-])c([N+](=O)[O-])c1[H])=c1/sc2n(c1=O)[C@@]([H])(c1sc([H])c([H])c1[H])C(C(=O)OC([H])([H])C([H])([H])[H])=C(c1c([H])c([H])c([H])c([H])c1[H])N=2
KIBARM.xaa_ZINC000102869279_19;-10.9150112;-11.151177;-9.971;60;599.579;KFBRBUOBBREBTG-UHFFFAOYSA-N;[H]c1c([H])c([H])c(C([H])([H])Oc2c([H])c([H])c(Oc3c([H])c([H])c([N+](=O)[O-])c([H])c3S(=O)(=O)[N-]c3c([H])c([H])c([N+](=O)[O-])c([H])c3S(=O)(=O)N([H])[H])c([H])c2[H])c([H])c1[H]
KIBARM.xaa_ZINC000261492388_21;-10.618237400000002;-11.252665;-8.599;58;587.437;WQUZFVCGORQGIW-UHFFFAOYSA-M;[H]c1c([H])c(-c2c([H])c(=O)n(C([H])([H])[H])c3c([N+](=O)[O-])c([H])c([N+](=O)[O-])c([H])c23)c([H])c(-c2c([H])c(=O)n(C([H])([H])[H])c3c([N+](=O)[O-])c([H])c([N+](=O)[O-])c([H])c23)c1[O-]
KIBARM.xaa_ZINC000261492251_22;-10.8543759;-11.604786;-8.737;62;617.463;OZKZRPZENUTZDS-UHFFFAOYSA-M;[H]c1c(OC([H])([H])[H])c([H])c(-c2c([H])c(=O)n(C([H])([H])[H])c3c([N+](=O)[O-])c([H])c([N+](=O)[O-])c([H])c23)c([O-])c1-c1c([H])c(=O)n(C([H])([H])[H])c2c([N+](=O)[O-])c([H])c([N+](=O)[O-])c([H])c12
KIBARM.xaa_ZINC000008685628_23;-11.3762584;-12.155507;-12.492;62;567.629;GSAQBDKMLUAEOO-UHFFFAOYSA-N;[H]c1c([H])c([N+](=O)[O-])c([H])c(S(=O)(=O)[N-]c2nc3c([H])c([H])c([H])c([H])c3nc2N([H])c2c([H])c([H])c([H])c(S(=O)(=O)N3C([H])([H])C([H])([H])C([H])([H])C([H])([H])C3([H])[H])c2[H])c1[H]
KIBARM.xaa_ZINC000002652618_30;-10.0296832;-10.512692;-10.036;52;531.523;WWSXNWJKXMDJKK-UHFFFAOYSA-N;[H]c1c([H])c([H])c(OC([H])([H])[H])c([N-]S(=O)(=O)c2c([H])c([H])c3oc(SC([H])([H])C(=O)N([H])c4c([H])c([N+](=O)[O-])c([H])c([H])c4F)nc3c2[H])c1[H]
KIBARM.xaa_ZINC000102988302_48;-10.169579;-10.526287;-10.161;52;533.86;MXBNNRTUKVLSSO-UHFFFAOYSA-M;[H]c1c([H])c(Cl)c([H])c(C(=O)c2c([H])c(C(=O)N([H])c3c([H])c([H])c([N+](=O)[O-])c([H])c3[H])c(=O)n(-c3c([H])c([H])c([N+](=O)[O-])c([H])c3[H])c2[H])c1[O-]
KIBARM.xaa_ZINC000103000657_54;-10.4363626;-10.666158;-10.655;57;564.021;VXACOCSOWAKPAC-UHFFFAOYSA-M;[H]c1c([H])c(N([H])C(=O)c2c([H])c([H])c([N-]S(=O)(=O)c3c([H])c([H])c(Cl)c([N+](=O)[O-])c3[H])c([H])c2[H])c([H])c(S(=O)(=O)N2C([H])([H])C([H])([H])C([H])([H])C2([H])[H])c1[H]
KIBARM.xaa_ZINC000103000985_55;-10.7190492;-11.110162;-11.567;57;590.015;QLOAPUMPDCRDMT-UHFFFAOYSA-M;[H]c1oc(C([H])([H])N([H])S(=O)(=O)c2c([H])c([H])c([H])c(N([H])C(=O)c3c([H])c([H])c([N-]S(=O)(=O)c4c([H])c([N+](=O)[O-])c([H])c([H])c4Cl)c([H])c3[H])c2[H])c([H])c1[H]
KIBARM.xaa_ZINC000100080194_57;-10.7895662;-10.963086;-8.594;51;512.367;XLKWITSYWZVKMC-KRWDZBQOSA-M;[H]c1c([H])c(C([H])([H])[C@@]([H])(C(=O)[O-])N([H])c2c([H])c([H])c([N+](=O)[O-])c([H])c2[N+](=O)[O-])c([H])c([H])c1Oc1c([H])c([H])c([N+](=O)[O-])c([H])c1[N+](=O)[O-]
KIBARM.xaa_ZINC000100080199_58;-11.0308404;-11.216368;-9.379;51;512.367;XLKWITSYWZVKMC-QGZVFWFLSA-M;[H]c1c([H])c(C([H])([H])[C@]([H])(C(=O)[O-])N([H])c2c([H])c([H])c([N+](=O)[O-])c([H])c2[N+](=O)[O-])c([H])c([H])c1Oc1c([H])c([H])c([N+](=O)[O-])c([H])c1[N+](=O)[O-]
KIBARM.xaa_ZINC000036277643_60;-10.2123555;-10.567635;-11.178;64;516.53;KHPQFBFIBZRUKQ-ANJVHQHFSA-M;[H]c1oc(C([H])([H])[C@]2([H])C([H])([H])C([H])([H])C([H])([H])C([H])([H])[C@@]2([H])N([H])C(=O)[C@@]([H])(N2C(=O)c3c([H])c([H])c([H])c([H])c3C2=O)C([H])([H])c2c([H])c([H])c([O-])c([N+](=O)[O-])c2[H])c([H])c1[H]
KIBARM.xaa_ZINC000036277646_61;-10.3489592;-10.777098;-10.911;64;516.53;KHPQFBFIBZRUKQ-OEOAZWSVSA-M;[H]c1oc(C([H])([H])[C@]2([H])C([H])([H])C([H])([H])C([H])([H])C([H])([H])[C@]2([H])N([H])C(=O)[C@@]([H])(N2C(=O)c3c([H])c([H])c([H])c([H])c3C2=O)C([H])([H])c2c([H])c([H])c([O-])c([N+](=O)[O-])c2[H])c([H])c1[H]
KIBARM.xaa_ZINC000002956472_67;-10.3284808;-10.716021;-10.139;48;509.292;ASJBRBSHYNOAHG-UDWIEESQSA-M;[H]/C(=C(/C(=O)N([H])c1c([H])c([H])c([H])c(C(=O)[O-])c1[H])N([H])C(=O)c1c([H])c([H])c([H])c([H])c1Br)c1c([H])c([H])c([H])c([N+](=O)[O-])c1[H]
KIBARM.xaa_ZINC000100157760_68;-10.2351474;-11.251147;-9.099;51;511.448;BHDYQDFZUZUFGR-OVCLIPMQSA-M;[H]/C(=C1\c2c(c([H])c([N+](=O)[O-])c([H])c2[N+](=O)[O-])N(S(=O)(=O)c2c([H])c([H])c(C([H])([H])[H])c([H])c2[H])C1([H])[H])c1c([H])c([N+](=O)[O-])c([H])c([H])c1[O-]
KIBARM.xaa_ZINC000252670298_76;-10.2077076;-10.698912;-9.917;55;658.475;KCYXCVURNCFMTE-DUBROFONSA-M;[H]/C(c1c([H])c(I)c([O-])c([N+](=O)[O-])c1[H])=c1/sc2n(c1=O)[C@]([H])(c1sc([H])c([H])c1[H])C(C(=O)OC([H])([H])C([H])([H])[H])=C(c1c([H])c([H])c([H])c([H])c1[H])N=2
KIBARM.xaa_ZINC000252670299_77;-10.15928;-10.533529;-10.281;55;658.475;KCYXCVURNCFMTE-QUYTYNJFSA-M;[H]/C(c1c([H])c(I)c([O-])c([N+](=O)[O-])c1[H])=c1/sc2n(c1=O)[C@@]([H])(c1sc([H])c([H])c1[H])C(C(=O)OC([H])([H])C([H])([H])[H])=C(c1c([H])c([H])c([H])c([H])c1[H])N=2
KIBARM.xaa_ZINC000103142251_88;-10.4148122;-11.330055;-10.76;60;538.496;RXGFHCLUEYQYMI-UHFFFAOYSA-M;[H]/C(=C1\C(=O)N(C([H])([H])c2c([H])c([H])c([H])c(C(=O)OC([H])([H])[H])c2[H])C(=O)N1[H])c1c(-c2c([H])c([H])c([H])c([H])c2[H])[n-]n(-c2c([H])c([H])c([N+](=O)[O-])c([H])c2[H])c1=O
KIBARM.xaa_ZINC000003240003_91;-10.2123499;-10.5627575;-10.249;52;513.533;NZFMCTYCYOYLKJ-UHFFFAOYSA-N;[H]c1c([H])c([H])c(OC([H])([H])[H])c([N-]S(=O)(=O)c2c([H])c([H])c3oc(SC([H])([H])C(=O)N([H])c4c([H])c([H])c([H])c([N+](=O)[O-])c4[H])nc3c2[H])c1[H]
KIBARM.xaa_ZINC000003244953_94;-10.352093200000002;-10.846016;-11.017;54;598.353;IYKPPSBUPKSZQX-UHFFFAOYSA-N;[H]c1c([H])c(S(=O)(=O)[N-]c2c([H])c([N+](=O)[O-])c([H])c([H])c2OC([H])([H])[H])c([H])c(C(=O)OC([H])([H])C(=O)N([H])c2c([H])c([N+](=O)[O-])c([H])c([H])c2Cl)c1Cl
KIBARM.xaa_ZINC000103932387_98;-10.1237818;-10.886531;-9.399;64;608.634;LLJVEIPDRKKJHS-KGENOOAVSA-M;[H]/C(=C(/C(=O)N([H])c1c([H])c([H])c(S(=O)(=O)[N-]c2nc([H])c([H])s2)c([H])c1[H])N([H])C(=O)c1c([H])c([H])c([H])c([H])c1[H])c1c([H])c(OC([H])([H])[H])c(OC([H])([H])[H])c([H])c1[N+](=O)[O-]
KIBARM.xaa_ZINC000104195123_99;-10.5114497;-11.099134;-10.569;50;522.833;UEEGOCDVFFFCMZ-PANRORFQSA-M;[H]c1c([H])c([H])c2c(c1[H])C(=O)O[C@]2([H])/C(C(=O)C(=O)N([H])c1c([H])c([H])c(Cl)c([H])c1[N+](=O)[O-])=C(/[O-])c1c([H])c([H])c([H])c([N+](=O)[O-])c1[H]
KIBARM.xaa_ZINC000104195133_101;-10.5114497;-11.099134;-10.586;50;522.833;UEEGOCDVFFFCMZ-PANRORFQSA-M;[H]c1c([H])c([H])c2c(c1[H])C(=O)O[C@]2([H])/C(C(=O)C(=O)N([H])c1c([H])c([H])c(Cl)c([H])c1[N+](=O)[O-])=C(/[O-])c1c([H])c([H])c([H])c([N+](=O)[O-])c1[H]
KIBARM.xaa_ZINC000105484434_118;-10.6454121;-11.5580845;-12.181;68;540.618;YXZAMHCDPBQETO-NRMMPSKBSA-M;[H]c1c([H])c(C(=O)O[C@]([H])(C(=O)N([H])[C@]23C([H])([H])[C@@]4([H])C([H])([H])[C@]([H])(C([H])([H])[C@]([H])(C4([H])[H])C2([H])[H])C3([H])[H])C([H])([H])[H])c([H])c([H])c1[N-]S(=O)(=O)c1c([H])c([N+](=O)[O-])c([H])c([H])c1C([H])([H])[H]
KIBARM.xaa_ZINC000105484438_119;-10.6453844;-11.592222;-12.542;68;540.618;YXZAMHCDPBQETO-ADTLFBKLSA-M;[H]c1c([H])c(C(=O)O[C@@]([H])(C(=O)N([H])[C@]23C([H])([H])[C@@]4([H])C([H])([H])[C@]([H])(C([H])([H])[C@]([H])(C4([H])[H])C2([H])[H])C3([H])[H])C([H])([H])[H])c([H])c([H])c1[N-]S(=O)(=O)c1c([H])c([N+](=O)[O-])c([H])c([H])c1C([H])([H])[H]
KIBARM.xaa_ZINC000150481555_147;-11.0387866;-11.671273;-9.824;55;651.418;XSVPEUAPMMILOY-XOBACGFXSA-M;[H]/C(c1c([H])c(I)c([O-])c([N+](=O)[O-])c1[H])=c1\sc2n(c1=O)[C@@]([H])(c1c([H])c([H])c([H])c([N+](=O)[O-])c1[H])C1=C(N=2)c2c([H])c([H])c([H])c([H])c2C([H])([H])C1([H])[H]
KIBARM.xaa_ZINC000150481554_148;-11.3190576;-11.861595;-11.1;55;651.418;XSVPEUAPMMILOY-SEXPAEGTSA-M;[H]/C(c1c([H])c(I)c([O-])c([N+](=O)[O-])c1[H])=c1\sc2n(c1=O)[C@]([H])(c1c([H])c([H])c([H])c([N+](=O)[O-])c1[H])C1=C(N=2)c2c([H])c([H])c([H])c([H])c2C([H])([H])C1([H])[H]
KIBARM.xaa_ZINC000005942153_154;-10.0242066;-10.450264;-11.314;62;567.629;CPIMDGSTOSFRDA-UHFFFAOYSA-N;[H]c1c([H])c(S(=O)(=O)N2C([H])([H])C([H])([H])C([H])([H])C([H])([H])C2([H])[H])c([H])c([H])c1N([H])c1nc2c([H])c([H])c([H])c([H])c2nc1[N-]S(=O)(=O)c1c([H])c([H])c([N+](=O)[O-])c([H])c1[H]
KIBARM.xaa_ZINC000150497946_155;-11.7733515;-12.382799;-10.695;55;651.418;XSVPEUAPMMILOY-DKOMQPSQSA-M;[H]/C(c1c([H])c(I)c([O-])c([N+](=O)[O-])c1[H])=c1/sc2n(c1=O)[C@]([H])(c1c([H])c([H])c([H])c([N+](=O)[O-])c1[H])C1=C(N=2)c2c([H])c([H])c([H])c([H])c2C([H])([H])C1([H])[H]
KIBARM.xaa_ZINC000150497949_156;-11.531285399999998;-12.224433;-10.05;55;651.418;XSVPEUAPMMILOY-IZBTWGKQSA-M;[H]/C(c1c([H])c(I)c([O-])c([N+](=O)[O-])c1[H])=c1/sc2n(c1=O)[C@@]([H])(c1c([H])c([H])c([H])c([N+](=O)[O-])c1[H])C1=C(N=2)c2c([H])c([H])c([H])c([H])c2C([H])([H])C1([H])[H]
KIBARM.xaa_ZINC000015910839_161;-10.118343199999998;-10.434209;-11.031;55;513.442;OUJWJSCWULOMEP-UHFFFAOYSA-M;[H]c1c([H])c([H])c([N+](=O)[O-])c(N([H])C(=O)c2c([H])c(C(=O)c3c([H])c(C([H])([H])[H])c([H])c([H])c3[O-])c([H])n(-c3c([H])c([H])c([H])c([H])c3[N+](=O)[O-])c2=O)c1[H]
KIBARM.xaa_ZINC000015911514_162;-10.0292976;-10.340697;-10.623;55;513.442;PDIHOAAAFREMDA-UHFFFAOYSA-M;[H]c1c([H])c(C([H])([H])[H])c([H])c(C(=O)c2c([H])c(C(=O)N([H])c3c([H])c([H])c([N+](=O)[O-])c([H])c3[H])c(=O)n(-c3c([H])c([H])c([N+](=O)[O-])c([H])c3[H])c2[H])c1[O-]
KIBARM.xaa_ZINC000100958363_163;-10.2477898;-10.987639;-11.503;55;559.967;PTBVCQORAWLJQS-LYRGBEMXSA-M;[H]/C(c1c([H])c([N+](=O)[O-])c([O-])c([N+](=O)[O-])c1[H])=c1\sc2n(c1=O)[C@]([H])(c1c([H])c([H])c(Cl)c([H])c1[H])C1=C(N=2)c2c([H])c([H])c([H])c([H])c2C([H])([H])C1([H])[H]
KIBARM.xaa_ZINC000169712916_166;-12.1547144;-12.947139;-13.218;72;805.923;XEBIBGDFOKVZLT-UHFFFAOYSA-M;[H]c1c([H])c(C([O-])=C(c2nn3c(N([H])C(=O)N([H])c4c([H])c([H])c(Cl)c([H])c4[H])nnc3n([H])c2=O)c2nn3c(N([H])C(=O)N([H])c4c([H])c([H])c(Cl)c([H])c4[H])nnc3n([H])c2=O)c(Cl)c([N+](=O)[O-])c1[H]
KIBARM.xaa_ZINC000001815388_179;-10.5357047;-11.059181;-8.445;55;559.967;PTBVCQORAWLJQS-MFUBYVTQSA-M;[H]/C(c1c([H])c([N+](=O)[O-])c([O-])c([N+](=O)[O-])c1[H])=c1/sc2n(c1=O)[C@@]([H])(c1c([H])c([H])c(Cl)c([H])c1[H])C1=C(N=2)c2c([H])c([H])c([H])c([H])c2C([H])([H])C1([H])[H]
KIBARM.xaa_ZINC000001815390_180;-10.6453715;-11.238792;-9.357;55;559.967;PTBVCQORAWLJQS-RWTNITNYSA-M;[H]/C(c1c([H])c([N+](=O)[O-])c([O-])c([N+](=O)[O-])c1[H])=c1/sc2n(c1=O)[C@]([H])(c1c([H])c([H])c(Cl)c([H])c1[H])C1=C(N=2)c2c([H])c([H])c([H])c([H])c2C([H])([H])C1([H])[H]
KIBARM.xaa_ZINC000097437105_187;-10.3368918;-10.756662;-10.026;48;509.292;GPANMFCINCCRDV-RGVLZGJSSA-M;[H]/C(=C(/C(=O)N([H])c1c([H])c([H])c([H])c(C(=O)[O-])c1[H])N([H])C(=O)c1c([H])c([H])c([H])c(Br)c1[H])c1c([H])c([H])c([H])c([N+](=O)[O-])c1[H]
KIBARM.xaa_ZINC000002117265_190;-10.5383038;-10.898659;-11.391;48;509.292;GPANMFCINCCRDV-JAIQZWGSSA-M;[H]/C(=C(\C(=O)N([H])c1c([H])c([H])c([H])c(C(=O)[O-])c1[H])N([H])C(=O)c1c([H])c([H])c([H])c(Br)c1[H])c1c([H])c([H])c([H])c([N+](=O)[O-])c1[H]
KIBARM.xaa_ZINC000102412114_202;-10.4374448;-10.717424;-10.92;61;542.503;BFQCUBJCOJENMY-UHFFFAOYSA-M;[H]/C(=C1\C(=O)N(C([H])([H])c2c([H])c([H])c([H])c([N+](=O)[O-])c2[H])C(=O)N1[H])c1c(C([H])([H])c2c([H])c([H])c(F)c([H])c2[H])[n-]n(-c2c([H])c([H])c(OC([H])([H])[H])c([H])c2[H])c1=O
KEBDRN.xaa_ZINC000514294988_14;-10.2172429;-10.992363;-10.125;73;604.711;GRRJIHUHRKYGBE-UHFFFAOYSA-N;[H]c1c([H])c([H])c(S(=O)(=O)N2C([H])([H])C([H])([H])N(C(=O)C([H])([H])C([H])([H])c3nc4c([H])c(S(=O)(=O)N5C([H])([H])C([H])([H])C([H])([H])C([H])([H])C5([H])[H])c([H])c([H])c4n3C([H])([H])[H])C([H])([H])C2([H])[H])c([N+](=O)[O-])c1[H]
KEBDRN.xaa_ZINC000514295984_29;-10.144787400000002;-10.580181;-11.281;68;584.68;NDQQLMGSAHWCQR-UHFFFAOYSA-N;[H]c1nc(SC([H])([H])C(=O)N2C([H])([H])C([H])([H])C([H])(C(=O)N3C([H])([H])C([H])([H])N(S(=O)(=O)c4c([H])c([H])c([N+](=O)[O-])c([H])c4[H])C([H])([H])C3([H])[H])C([H])([H])C2([H])[H])c2c([H])c([H])c([H])c([H])c2n1
KEBDRN.xaa_ZINC000514296676_48;-10.0012982;-10.535223;-11.021;67;550.659;TWZBZRAQLHWSGU-KDURUIRLSA-N;[H]c1c([H])c(C(=O)N2C([H])([H])C([H])([H])N(S(=O)(=O)c3c([H])c([H])c([N+](=O)[O-])c([H])c3[H])C([H])([H])C2([H])[H])c([H])c(S(=O)(=O)N2C([H])([H])[C@]([H])(C([H])([H])[H])C([H])([H])[C@]([H])(C([H])([H])[H])C2([H])[H])c1[H]
KEBDRN.xaa_ZINC000514296598_49;-10.281897699999998;-10.8550625;-12.024;70;610.736;NRIXGMUUSHMAFX-SFHVURJKSA-N;[H]c1c([H])c([H])c(C(=O)N(C([H])([H])C(=O)N([H])[C@@]2([H])C([H])([H])C([H])([H])S(=O)(=O)C2([H])[H])C([H])([H])C([H])([H])[H])c(Sc2c([H])c([H])c(S(=O)(=O)N3C([H])([H])C([H])([H])C([H])([H])C3([H])[H])c([H])c2[N+](=O)[O-])c1[H]
KEBDRN.xaa_ZINC000514296595_50;-10.3349223;-10.988284;-11.438;70;610.736;NRIXGMUUSHMAFX-GOSISDBHSA-N;[H]c1c([H])c([H])c(C(=O)N(C([H])([H])C(=O)N([H])[C@]2([H])C([H])([H])C([H])([H])S(=O)(=O)C2([H])[H])C([H])([H])C([H])([H])[H])c(Sc2c([H])c([H])c(S(=O)(=O)N3C([H])([H])C([H])([H])C([H])([H])C3([H])[H])c([H])c2[N+](=O)[O-])c1[H]
KEBDRN.xaa_ZINC000514298762_80;-10.1776018;-10.498829;-10.436;71;576.697;FEBQLUVTDZWEGY-UHFFFAOYSA-N;[H]c1c([H])c([H])c(S(=O)(=O)N2C([H])([H])C([H])([H])N(C(=O)C3([H])C([H])([H])C([H])([H])N(S(=O)(=O)c4c([H])c([H])c5c(c4[H])C([H])([H])C([H])([H])C([H])([H])C5([H])[H])C([H])([H])C3([H])[H])C([H])([H])C2([H])[H])c([N+](=O)[O-])c1[H]
KEBDRN.xaa_ZINC000514379269_168;-10.209665;-10.71643;-10.916;72;605.695;RRZQPEQYLAMBCK-UHFFFAOYSA-N;[H]c1c([H])c(S(=O)(=O)N2C([H])([H])C([H])([H])C([H])([H])C([H])([H])C2([H])[H])c([H])c2c1N(C(=O)C1([H])C([H])([H])C([H])([H])N(S(=O)(=O)c3c([H])c([N+](=O)[O-])c([H])c([H])c3C([H])([H])[H])C([H])([H])C1([H])[H])C([H])([H])C(=O)N2[H]
KEBDRN.xaa_ZINC000514379734_185;-10.2536676;-10.870491;-10.901;71;576.701;XUKAWDMISPYICA-UHFFFAOYSA-N;[H]c1c([H])c(C(=O)N([H])[H])c([H])c([N+](=O)[O-])c1SC([H])([H])C(=O)N([H])c1c([H])c(S(=O)(=O)N2C([H])([H])C([H])([H])C([H])([H])C([H])([H])C2([H])[H])c([H])c([H])c1N1C([H])([H])C([H])([H])N(C([H])([H])[H])C([H])([H])C1([H])[H]
KEBDRN.xaa_ZINC000514381593_259;-10.5592728;-10.926242;-11.277;71;576.697;KNFLHQSSRROTKE-UHFFFAOYSA-N;[H]c1c([H])c([N+](=O)[O-])c([H])c(S(=O)(=O)N2C([H])([H])C([H])([H])N(C(=O)C3([H])C([H])([H])C([H])([H])N(S(=O)(=O)c4c([H])c([H])c5c(c4[H])C([H])([H])C([H])([H])C([H])([H])C5([H])[H])C([H])([H])C3([H])[H])C([H])([H])C2([H])[H])c1[H]
KKAARP.xaa_ZINC000008427157_2;-11.2539614;-12.039106;-10.879;89;683.727;UFOKNNMOTSVBTQ-UHFFFAOYSA-P;[H]c1c([H])c([H])c(C([H])(/C(N([H])C([H])([H])C([H])([H])C([H])([H])/[N+]([H])=C(/N([H])c2c([H])c([H])c(Cl)c([H])c2[H])C([H])(c2c([H])c([H])c([H])c([H])c2[H])c2c([H])c([H])c([H])c([H])c2[H])=[N+](\[H])c2c([H])c([H])c(Cl)c([H])c2[H])c2c([H])c([H])c([H])c([H])c2[H])c([H])c1[H]
KKAARP.xaa_ZINC000097997035_5;-11.707313;-12.096381;-12.598;110;728.978;FICDOSLWBCUQQL-COCZKOEFSA-P;[H]O[C@]([H])(C([H])([H])Oc1c([H])c([H])c(OC([H])([H])[C@@]([H])(O[H])C([H])([H])N2C([H])([H])C([H])([H])[N+]([H])(C([H])(c3c([H])c([H])c([H])c([H])c3[H])c3c([H])c([H])c([H])c([H])c3[H])C([H])([H])C2([H])[H])c([H])c1[H])C([H])([H])N1C([H])([H])C([H])([H])[N+]([H])(C([H])(c2c([H])c([H])c([H])c([H])c2[H])c2c([H])c([H])c([H])c([H])c2[H])C([H])([H])C1([H])[H]
KKAARP.xaa_ZINC000097997033_6;-11.799409399999998;-12.213725;-12.083;110;728.978;FICDOSLWBCUQQL-ZRKBJOGQSA-P;[H]O[C@@]([H])(C([H])([H])Oc1c([H])c([H])c(OC([H])([H])[C@@]([H])(O[H])C([H])([H])N2C([H])([H])C([H])([H])[N+]([H])(C([H])(c3c([H])c([H])c([H])c([H])c3[H])c3c([H])c([H])c([H])c([H])c3[H])C([H])([H])C2([H])[H])c([H])c1[H])C([H])([H])N1C([H])([H])C([H])([H])[N+]([H])(C([H])(c2c([H])c([H])c([H])c([H])c2[H])c2c([H])c([H])c([H])c([H])c2[H])C([H])([H])C1([H])[H]
KKAARP.xaa_ZINC000097997034_7;-11.8621281;-12.384422;-13.356;110;728.978;FICDOSLWBCUQQL-NCRNUEESSA-P;[H]O[C@@]([H])(C([H])([H])Oc1c([H])c([H])c(OC([H])([H])[C@]([H])(O[H])C([H])([H])N2C([H])([H])C([H])([H])[N+]([H])(C([H])(c3c([H])c([H])c([H])c([H])c3[H])c3c([H])c([H])c([H])c([H])c3[H])C([H])([H])C2([H])[H])c([H])c1[H])C([H])([H])N1C([H])([H])C([H])([H])[N+]([H])(C([H])(c2c([H])c([H])c([H])c([H])c2[H])c2c([H])c([H])c([H])c([H])c2[H])C([H])([H])C1([H])[H]
KKAARP.xaa_ZINC000098000397_8;-10.1949192;-10.965674;-9.911;100;582.87;DCCVKJJGCWASFE-MEKGRNQZSA-P;[H]c1c([H])c(C(=O)[C@@]([H])(C([H])([H])C([H])([H])C([H])([H])C([H])([H])[C@@]([H])(C(=O)c2c([H])c([H])c(OC([H])([H])C([H])([H])C([H])([H])C([H])([H])C([H])([H])[H])c([H])c2[H])C([H])([H])[N+]([H])(C([H])([H])[H])C([H])([H])[H])C([H])([H])[N+]([H])(C([H])([H])[H])C([H])([H])[H])c([H])c([H])c1OC([H])([H])C([H])([H])C([H])([H])C([H])([H])C([H])([H])[H]
KKAARP.xaa_ZINC000008445569_9;-10.6828494;-12.236865;-10.349;90;616.81;LAUZCPKQBUPOML-QCILUUKCSA-P;[H]c1c([H])c([H])c(/C2=N/c3c([H])c([H])c(N([H])C(=O)C([H])([H])[N+]([H])(C([H])([H])C([H])([H])[H])C([H])([H])C([H])([H])[H])c([H])c3/C(c3c([H])c([H])c([H])c([H])c3[H])=N\c3c([H])c([H])c(N([H])C(=O)C([H])([H])[N+]([H])(C([H])([H])C([H])([H])[H])C([H])([H])C([H])([H])[H])c([H])c32)c([H])c1[H]
KKAARP.xaa_ZINC000008732641_12;-10.620157;-11.202347;-10.97;93;564.811;CHGIQXRICGGUOO-QRRGNZNSSA-P;[H]c1c([H])c(C(=O)[C@@]([H])(C([H])([H])[C@@]([H])(C(=O)c2c([H])c([H])c(OC([H])([H])C([H])([H])[H])c([H])c2[H])C([H])([H])[N+]2([H])C([H])([H])C([H])([H])C([H])([H])C([H])([H])C([H])([H])C2([H])[H])C([H])([H])[N+]2([H])C([H])([H])C([H])([H])C([H])([H])C([H])([H])C([H])([H])C2([H])[H])c([H])c([H])c1OC([H])([H])C([H])([H])[H]
KKAARP.xaa_ZINC000199305058_19;-10.3502194;-10.578515;-11.434;84;527.753;VDVXWSMCRKUYMN-OODHRNECSA-P;[H]c1c([H])c2c(c([H])c1OC([H])([H])[C@@]1([H])C([H])([H])[C@@]([H])(C(=O)N([H])C([H])([H])C([H])([H])[C@@]3([H])C([H])([H])C([H])([H])C([H])([H])[N@@+]3([H])C([H])([H])[H])C([H])([H])[N@+]([H])(C([H])([H])c3c([H])c([H])c4c([H])c([H])c([H])c([H])c4c3[H])C1([H])[H])C([H])([H])C([H])([H])C2([H])[H]
KKAARP.xaa_ZINC000199305079_20;-10.2812092;-10.632029;-11.969;84;527.753;VDVXWSMCRKUYMN-YKTXNGGMSA-P;[H]c1c([H])c2c(c([H])c1OC([H])([H])[C@@]1([H])C([H])([H])[C@@]([H])(C(=O)N([H])C([H])([H])C([H])([H])[C@]3([H])C([H])([H])C([H])([H])C([H])([H])[N@@+]3([H])C([H])([H])[H])C([H])([H])[N@+]([H])(C([H])([H])c3c([H])c([H])c4c([H])c([H])c([H])c([H])c4c3[H])C1([H])[H])C([H])([H])C([H])([H])C2([H])[H]
KKAARP.xaa_ZINC000390822409_23;-10.3025948;-11.407105;-10.876;88;668.844;ULJPPHWPPGBLKV-UHFFFAOYSA-N;[H]c1c([H])c([H])c(C([H])([H])n2c([H])[n+](-c3c([H])c([H])c4c([H])c([H])c([H])c([H])c4c3-c3c(-n4c([H])[n+](C([H])([H])c5c([H])c([H])c([H])c([H])c5[H])c5c([H])c([H])c([H])c([H])c54)c([H])c([H])c4c([H])c([H])c([H])c([H])c34)c3c([H])c([H])c([H])c([H])c32)c([H])c1[H]
KKAARP.xaa_ZINC000008926063_31;-10.0859397;-10.6017685;-10.414;87;536.757;BVUMFDFVOZVFKR-ISILISOKSA-P;[H]c1c([H])c(C(=O)[C@@]([H])(C([H])([H])[C@@]([H])(C(=O)c2c([H])c([H])c(OC([H])([H])[H])c([H])c2[H])C([H])([H])[N+]2([H])C([H])([H])C([H])([H])C([H])([H])C([H])([H])C([H])([H])C2([H])[H])C([H])([H])[N+]2([H])C([H])([H])C([H])([H])C([H])([H])C([H])([H])C([H])([H])C2([H])[H])c([H])c([H])c1OC([H])([H])[H]
KKAARP.xaa_ZINC000008925979_32;-10.205428;-10.98948;-9.595;86;538.776;KFEZGJFTVICLIJ-KKLWWLSJSA-P;[H]OC(c1c([H])c([H])c([H])c([H])c1[H])(c1c([H])c([H])c([H])c([H])c1[H])[C@]([H])(C([H])([H])C([H])([H])[C@@]([H])(C(O[H])(c1c([H])c([H])c([H])c([H])c1[H])c1c([H])c([H])c([H])c([H])c1[H])C([H])([H])[N+]([H])(C([H])([H])[H])C([H])([H])[H])C([H])([H])[N+]([H])(C([H])([H])[H])C([H])([H])[H]
KKAARP.xaa_ZINC000009046803_34;-10.0474506;-10.471846;-10.279;84;522.73;WUCCTPWXHXLLMT-NSOVKSMOSA-P;[H]c1c([H])c(C(=O)[C@@]([H])(C([H])([H])C([H])([H])[C@]([H])(C(=O)c2c([H])c([H])c(OC([H])([H])[H])c([H])c2[H])C([H])([H])[N+]2([H])C([H])([H])C([H])([H])C([H])([H])C([H])([H])C2([H])[H])C([H])([H])[N+]2([H])C([H])([H])C([H])([H])C([H])([H])C([H])([H])C2([H])[H])c([H])c([H])c1OC([H])([H])[H]
KKAARP.xaa_ZINC000009046806_35;-10.0408275;-10.787635;-11.078;84;522.73;WUCCTPWXHXLLMT-VSGBNLITSA-P;[H]c1c([H])c(C(=O)[C@]([H])(C([H])([H])C([H])([H])[C@@]([H])(C(=O)c2c([H])c([H])c(OC([H])([H])[H])c([H])c2[H])C([H])([H])[N+]2([H])C([H])([H])C([H])([H])C([H])([H])C([H])([H])C2([H])[H])C([H])([H])[N+]2([H])C([H])([H])C([H])([H])C([H])([H])C([H])([H])C2([H])[H])c([H])c([H])c1OC([H])([H])[H]
KKAARP.xaa_ZINC000009046804_36;-10.074611;-10.709629;-11.096;84;522.73;WUCCTPWXHXLLMT-HNRBIFIRSA-P;[H]c1c([H])c(C(=O)[C@@]([H])(C([H])([H])C([H])([H])[C@@]([H])(C(=O)c2c([H])c([H])c(OC([H])([H])[H])c([H])c2[H])C([H])([H])[N+]2([H])C([H])([H])C([H])([H])C([H])([H])C([H])([H])C2([H])[H])C([H])([H])[N+]2([H])C([H])([H])C([H])([H])C([H])([H])C([H])([H])C2([H])[H])c([H])c([H])c1OC([H])([H])[H]
KKAARP.xaa_ZINC000009067751_37;-10.2416386;-11.252137;-11.324;87;536.757;BVUMFDFVOZVFKR-FQLXRVMXSA-P;[H]c1c([H])c(C(=O)[C@]([H])(C([H])([H])[C@@]([H])(C(=O)c2c([H])c([H])c(OC([H])([H])[H])c([H])c2[H])C([H])([H])[N+]2([H])C([H])([H])C([H])([H])C([H])([H])C([H])([H])C([H])([H])C2([H])[H])C([H])([H])[N+]2([H])C([H])([H])C([H])([H])C([H])([H])C([H])([H])C([H])([H])C2([H])[H])c([H])c([H])c1OC([H])([H])[H]
KKAARP.xaa_ZINC000012159383_40;-10.3405918;-10.764795;-10.899;82;516.73;WOUUPFRMPVKLJF-LJAQVGFWSA-P;[H]c1nc2c(C([H])([H])[N@+]([H])(C([H])([H])[H])C([H])([H])c3c([H])c([H])c([H])c(OC([H])([H])C([H])([H])[C@@]4([H])N(C(=O)C([H])([H])[N+]5([H])C([H])([H])C([H])([H])C([H])([H])C([H])([H])C5([H])[H])C([H])([H])C([H])([H])C([H])([H])C4([H])[H])c3[H])c([H])c([H])c([H])c2c([H])c1[H]
KKAARP.xaa_ZINC000012159389_41;-10.4061037;-10.810703;-10.728;82;516.73;WOUUPFRMPVKLJF-GDLZYMKVSA-P;[H]c1nc2c(C([H])([H])[N@+]([H])(C([H])([H])[H])C([H])([H])c3c([H])c([H])c([H])c(OC([H])([H])C([H])([H])[C@]4([H])N(C(=O)C([H])([H])[N+]5([H])C([H])([H])C([H])([H])C([H])([H])C([H])([H])C5([H])[H])C([H])([H])C([H])([H])C([H])([H])C4([H])[H])c3[H])c([H])c([H])c([H])c2c([H])c1[H]
KKAARP.xaa_ZINC000245380791_44;-10.714066;-11.810509;-11.051;80;524.752;MTFXVXUBNOYWNP-DYLMPHRMSA-P;[H]c1c([H])c([H])c(C([H])([H])C([H])([H])[N@@+]2([H])[C@@]([H])(c3c([H])c([H])c([H])c([H])c3[H])[C@]([H])(c3c([H])c([H])c([H])c([H])c3[H])[C@@]([H])([N+]([H])([H])C([H])([H])c3c([H])c([H])c([H])c([H])c3[H])C([H])([H])[C@@]2([H])c2c([H])c([H])c([H])c([H])c2[H])c([H])c1[H]
KKAARP.xaa_ZINC000100181545_45;-10.0882882;-10.429615;-11.467;86;586.78;BOWAMZRCBVQGNT-UHFFFAOYSA-P;[H]c1c([H])c([H])c2c(c1[H])C([H])([H])C([H])([H])[N@@+]([H])(C([H])([H])c1c([H])c([H])c(C(=O)N3C([H])([H])C([H])([H])N(C(=O)c4c([H])c([H])c(C([H])([H])[N@@+]5([H])C([H])([H])c6c([H])c([H])c([H])c([H])c6C([H])([H])C5([H])[H])c([H])c4[H])C([H])([H])C3([H])[H])c([H])c1[H])C2([H])[H]
KKAARP.xaa_ZINC000252197604_49;-11.371668;-11.904104;-13.02;91;856.373;SQBNAQMQCILGQW-QMWXCIFZSA-P;[H]O[C@@]([H])(C([H])([H])Oc1c(Br)c([H])c(C(c2c([H])c(Br)c(OC([H])([H])[C@@]([H])(O[H])C([H])([H])[N@+]3([H])C([H])([H])C([H])([H])C([H])([H])C([H])([H])[C@@]3([H])C([H])([H])[H])c(Br)c2[H])(C([H])([H])[H])C([H])([H])[H])c([H])c1Br)C([H])([H])[N@+]1([H])C([H])([H])C([H])([H])C([H])([H])C([H])([H])[C@@]1([H])C([H])([H])[H]
KKAARP.xaa_ZINC000252197602_50;-11.2757724;-11.688452;-12.176;91;856.373;SQBNAQMQCILGQW-DDOAZUFRSA-P;[H]O[C@]([H])(C([H])([H])Oc1c(Br)c([H])c(C(c2c([H])c(Br)c(OC([H])([H])[C@@]([H])(O[H])C([H])([H])[N@+]3([H])C([H])([H])C([H])([H])C([H])([H])C([H])([H])[C@@]3([H])C([H])([H])[H])c(Br)c2[H])(C([H])([H])[H])C([H])([H])[H])c([H])c1Br)C([H])([H])[N@+]1([H])C([H])([H])C([H])([H])C([H])([H])C([H])([H])[C@]1([H])C([H])([H])[H]
KKAARP.xaa_ZINC000252197603_51;-11.2294117;-11.60426;-12.398;91;856.373;SQBNAQMQCILGQW-PWGHIRGTSA-P;[H]O[C@]([H])(C([H])([H])Oc1c(Br)c([H])c(C(c2c([H])c(Br)c(OC([H])([H])[C@@]([H])(O[H])C([H])([H])[N@+]3([H])C([H])([H])C([H])([H])C([H])([H])C([H])([H])[C@@]3([H])C([H])([H])[H])c(Br)c2[H])(C([H])([H])[H])C([H])([H])[H])c([H])c1Br)C([H])([H])[N@+]1([H])C([H])([H])C([H])([H])C([H])([H])C([H])([H])[C@@]1([H])C([H])([H])[H]
KKAARP.xaa_ZINC000038664843_52;-11.078695;-12.265652;-11.431;92;518.834;VAQMUYHBDHTZMU-UHFFFAOYSA-R;[H]c1c([H])c([H])c(C([H])([H])[N+]([H])([H])C([H])([H])C([H])([H])C([H])([H])C([H])([H])C([H])([H])C([H])([H])[N+]([H])([H])C([H])([H])c2c([H])c([H])c(C([H])([H])[N+]([H])([H])C([H])([H])C([H])([H])C([H])([H])C([H])([H])C([H])([H])C([H])([H])[N+]([H])([H])C([H])([H])c3c([H])c([H])c([H])c([H])c3[H])c([H])c2[H])c([H])c1[H]
KKAARP.xaa_ZINC000200528915_56;-10.1464246;-10.931535;-11.146;84;527.753;KKSWGFCCZGCKHG-YKTXNGGMSA-P;[H]c1c([H])c2c(c([H])c1OC([H])([H])[C@@]1([H])C([H])([H])[C@@]([H])(C(=O)N([H])C([H])([H])[C@]3([H])C([H])([H])C([H])([H])C([H])([H])[N@@+]3([H])C([H])([H])C([H])([H])[H])C([H])([H])[N@@+]([H])(C([H])([H])c3c([H])c([H])c4c([H])c([H])c([H])c([H])c4c3[H])C1([H])[H])C([H])([H])C([H])([H])C2([H])[H]
KKAARP.xaa_ZINC000200528885_57;-10.5512954;-11.355665;-11.378;84;527.753;KKSWGFCCZGCKHG-OODHRNECSA-P;[H]c1c([H])c2c(c([H])c1OC([H])([H])[C@@]1([H])C([H])([H])[C@@]([H])(C(=O)N([H])C([H])([H])[C@@]3([H])C([H])([H])C([H])([H])C([H])([H])[N@@+]3([H])C([H])([H])C([H])([H])[H])C([H])([H])[N@@+]([H])(C([H])([H])c3c([H])c([H])c4c([H])c([H])c([H])c([H])c4c3[H])C1([H])[H])C([H])([H])C([H])([H])C2([H])[H]
KKAARP.xaa_ZINC000003163545_59;-10.2106978;-11.29577;-8.83;80;546.758;FXCDWSMBGCLNKT-UHFFFAOYSA-N;[H]c1c([H])c([H])c(-c2c([H])c(C([H])([H])C([H])([H])C([H])([H])C([H])([H])c3c([H])c(-c4c([H])c([H])c([H])c([H])c4[H])[n+](C([H])([H])[H])c(-c4c([H])c([H])c([H])c([H])c4[H])c3[H])c([H])c(-c3c([H])c([H])c([H])c([H])c3[H])[n+]2C([H])([H])[H])c([H])c1[H]
KKAARP.xaa_ZINC000044460018_62;-10.5315618;-10.844844;-10.684;90;550.784;WZVXOSLRDCQYGW-KYJUHHDHSA-P;[H]c1c([H])c(C(=O)[C@@]([H])(C([H])([H])C([H])([H])C([H])([H])C([H])([H])[C@]([H])(C(=O)c2c([H])c([H])c(OC([H])([H])[H])c([H])c2[H])C([H])([H])[N+]2([H])C([H])([H])C([H])([H])C([H])([H])C([H])([H])C2([H])[H])C([H])([H])[N+]2([H])C([H])([H])C([H])([H])C([H])([H])C([H])([H])C2([H])[H])c([H])c([H])c1OC([H])([H])[H]
KKAARP.xaa_ZINC000009761154_64;-10.754119;-11.377568;-11.243;79;507.722;HORALVKPCRKEEY-UHFFFAOYSA-P;[H]c1c([H])c([H])c(C([H])([H])[N+]([H])(C([H])([H])c2c([H])c([H])c([H])c([H])c2[H])C([H])([H])C([H])([H])n2c3c(c4c([H])c(C([H])([H])[N+]5([H])C([H])([H])C([H])([H])C([H])([H])C([H])([H])C5([H])[H])c([H])c([H])c42)C(=O)C([H])([H])C([H])([H])C3([H])[H])c([H])c1[H]
KKAARP.xaa_ZINC000254823487_65;-11.2849366;-12.064415;-11.54;93;564.819;KVSODEOZJBNRSP-KAYWLYCHSA-P;[H]c1c([H])c(C([H])([H])c2c([H])c([H])c(N([H])C(=O)N([H])C([H])([H])C([H])([H])C([H])([H])[N@+]3([H])C([H])([H])C([H])([H])C([H])([H])C([H])([H])[C@@]3([H])C([H])([H])[H])c([H])c2[H])c([H])c([H])c1N([H])C(=O)N([H])C([H])([H])C([H])([H])C([H])([H])[N@@+]1([H])C([H])([H])C([H])([H])C([H])([H])C([H])([H])[C@@]1([H])C([H])([H])[H]
KKAARP.xaa_ZINC000049626586_67;-11.8091027;-12.193926;-7.881;111;729.99;WJUOPSPFQSXVSK-UHFFFAOYSA-Q;[H]c1c([H])c([H])c(C([H])([H])[N@+]2([H])C([H])([H])C([H])([H])[C@@]([H])(N([H])C(=O)c3c([H])c(C(=O)N([H])[C@]4([H])C([H])([H])C([H])([H])[N@@+]([H])(C([H])([H])c5c([H])c([H])c([H])c([H])c5[H])C([H])([H])C4([H])[H])c([H])c(C(=O)N([H])[C@]4([H])C([H])([H])C([H])([H])[N@@+]([H])(C([H])([H])c5c([H])c([H])c([H])c([H])c5[H])C([H])([H])C4([H])[H])c3[H])C([H])([H])C2([H])[H])c([H])c1[H]
KKAARP.xaa_ZINC000049763204_69;-12.1412226;-12.493861;-11.824;106;724.946;GXJZUJYXQQSZAJ-KKLWWLSJSA-P;[H]O[C@@]([H])(C([H])([H])Oc1c([H])c([H])c(OC([H])([H])[C@]([H])(O[H])C([H])([H])N2C([H])([H])C([H])([H])[N+]([H])(C3([H])c4c([H])c([H])c([H])c([H])c4-c4c([H])c([H])c([H])c([H])c43)C([H])([H])C2([H])[H])c([H])c1[H])C([H])([H])N1C([H])([H])C([H])([H])[N+]([H])(C2([H])c3c([H])c([H])c([H])c([H])c3-c3c([H])c([H])c([H])c([H])c32)C([H])([H])C1([H])[H]
KKAARP.xaa_ZINC000049763206_70;-12.0695671;-12.4534645;-12.674;106;724.946;GXJZUJYXQQSZAJ-HEVIKAOCSA-P;[H]O[C@]([H])(C([H])([H])Oc1c([H])c([H])c(OC([H])([H])[C@@]([H])(O[H])C([H])([H])N2C([H])([H])C([H])([H])[N+]([H])(C3([H])c4c([H])c([H])c([H])c([H])c4-c4c([H])c([H])c([H])c([H])c43)C([H])([H])C2([H])[H])c([H])c1[H])C([H])([H])N1C([H])([H])C([H])([H])[N+]([H])(C2([H])c3c([H])c([H])c([H])c([H])c3-c3c([H])c([H])c([H])c([H])c32)C([H])([H])C1([H])[H]
KKAARP.xaa_ZINC000049763202_71;-12.1365578;-12.234007;-12.304;106;724.946;GXJZUJYXQQSZAJ-AQOUDTPCSA-P;[H]O[C@@]([H])(C([H])([H])Oc1c([H])c([H])c(OC([H])([H])[C@@]([H])(O[H])C([H])([H])N2C([H])([H])C([H])([H])[N+]([H])(C3([H])c4c([H])c([H])c([H])c([H])c4-c4c([H])c([H])c([H])c([H])c43)C([H])([H])C2([H])[H])c([H])c1[H])C([H])([H])N1C([H])([H])C([H])([H])[N+]([H])(C2([H])c3c([H])c([H])c([H])c([H])c3-c3c([H])c([H])c([H])c([H])c32)C([H])([H])C1([H])[H]
KKAARP.xaa_ZINC000058638344_76;-10.2475562;-10.481743;-11.652;86;511.755;QOECJCJVIMVJGX-UHFFFAOYSA-P;[H]c1c(OC([H])([H])C([H])([H])C([H])([H])[N+]2([H])C([H])([H])C([H])([H])C([H])([H])C2([H])[H])c(OC([H])([H])[H])c([H])c2c(N([H])[C@]3([H])C([H])([H])C([H])([H])[N@@+]([H])(C([H])(C([H])([H])[H])C([H])([H])[H])C([H])([H])C3([H])[H])nc(C3([H])C([H])([H])C([H])([H])C([H])([H])C([H])([H])C3([H])[H])nc12
KKAARP.xaa_ZINC000106586649_78;-10.2990614;-11.619302;-10.306;80;524.752;MTFXVXUBNOYWNP-CDBYGCFJSA-P;[H]c1c([H])c([H])c(C([H])([H])C([H])([H])[N@+]2([H])[C@]([H])(c3c([H])c([H])c([H])c([H])c3[H])C([H])([H])[C@]([H])([N+]([H])([H])C([H])([H])c3c([H])c([H])c([H])c([H])c3[H])[C@@]([H])(c3c([H])c([H])c([H])c([H])c3[H])[C@@]2([H])c2c([H])c([H])c([H])c([H])c2[H])c([H])c1[H]
KKAARP.xaa_ZINC000103551623_85;-10.716687399999998;-11.693596;-10.262;77;584.727;MYYKEXCKRUQHKY-UHFFFAOYSA-N;[H]c1c([H])c([H])c(-n2nc(C([H])([H])c3nn(-c4c([H])c([H])c([H])c([H])c4[H])c(C([H])([H])[H])[n+]3-c3c([H])c([H])c([H])c4c([H])c([H])c([H])c([H])c34)[n+](-c3c([H])c([H])c([H])c4c([H])c([H])c([H])c([H])c34)c2C([H])([H])[H])c([H])c1[H]
KKAARP.xaa_ZINC000100698059_87;-10.9601592;-11.490688;-9.158;70;572.798;XIIBNURPSAPVEY-UHFFFAOYSA-N;[H]c1c([H])c([H])c(-c2[s+]c(-c3c([H])c([H])c([H])c([H])c3[H])c([H])c(-c3c([H])c([H])c(-c4c([H])c(-c5c([H])c([H])c([H])c([H])c5[H])[s+]c(-c5c([H])c([H])c([H])c([H])c5[H])c4[H])c([H])c3[H])c2[H])c([H])c1[H]
KKAARP.xaa_ZINC000150338737_89;-12.1246716;-12.796769;-12.113;94;695.827;VMLOJVKKOABMEO-UHFFFAOYSA-P;[H]c1c([H])c([H])c2c3c(c([H])c([H])c2c1[H])C([H])([H])P(C([H])([H])C([H])([H])[N+]([H])([H])C([H])([H])C([H])([H])[P+]1([H])C([H])([H])c2c([H])c([H])c4c([H])c([H])c([H])c([H])c4c2-c2c(c([H])c([H])c4c([H])c([H])c([H])c([H])c24)C1([H])[H])C([H])([H])c1c([H])c([H])c2c([H])c([H])c([H])c([H])c2c1-3
KKAARP.xaa_ZINC000150342586_90;-11.3768556;-12.403342;-11.491;103;733.956;VGHUWPLFLVESCA-UHFFFAOYSA-P;[H]c1c([H])c([H])c(C(c2c([H])c([H])c([H])c([H])c2[H])(c2c([H])c([H])c([H])c([H])c2[H])[N+]([H])([H])C([H])([H])C([H])([H])C(=O)Oc2c([H])c([H])c3c(c2[H])c(C([H])([H])C([H])([H])[N+]([H])([H])C(c2c([H])c([H])c([H])c([H])c2[H])(c2c([H])c([H])c([H])c([H])c2[H])c2c([H])c([H])c([H])c([H])c2[H])c([H])n3[H])c([H])c1[H]
KKAARP.xaa_ZINC000150356608_93;-11.1024596;-11.558529;-12.213;85;828.319;QHSOWUWEVOQBOV-ZEQRLZLVSA-P;[H]O[C@]([H])(C([H])([H])Oc1c(Br)c([H])c(C(c2c([H])c(Br)c(OC([H])([H])[C@@]([H])(O[H])C([H])([H])[N+]3([H])C([H])([H])C([H])([H])C([H])([H])C([H])([H])C3([H])[H])c(Br)c2[H])(C([H])([H])[H])C([H])([H])[H])c([H])c1Br)C([H])([H])[N+]1([H])C([H])([H])C([H])([H])C([H])([H])C([H])([H])C1([H])[H]
KKAARP.xaa_ZINC000150356604_94;-11.0742408;-11.489666;-12.45;85;828.319;QHSOWUWEVOQBOV-PSWAGMNNSA-P;[H]O[C@@]([H])(C([H])([H])Oc1c(Br)c([H])c(C(c2c([H])c(Br)c(OC([H])([H])[C@@]([H])(O[H])C([H])([H])[N+]3([H])C([H])([H])C([H])([H])C([H])([H])C([H])([H])C3([H])[H])c(Br)c2[H])(C([H])([H])[H])C([H])([H])[H])c([H])c1Br)C([H])([H])[N+]1([H])C([H])([H])C([H])([H])C([H])([H])C([H])([H])C1([H])[H]
KKAARP.xaa_ZINC000150356601_95;-11.0670531;-11.4907255;-12.009;85;828.319;QHSOWUWEVOQBOV-DNQXCXABSA-P;[H]O[C@@]([H])(C([H])([H])Oc1c(Br)c([H])c(C(c2c([H])c(Br)c(OC([H])([H])[C@]([H])(O[H])C([H])([H])[N+]3([H])C([H])([H])C([H])([H])C([H])([H])C([H])([H])C3([H])[H])c(Br)c2[H])(C([H])([H])[H])C([H])([H])[H])c([H])c1Br)C([H])([H])[N+]1([H])C([H])([H])C([H])([H])C([H])([H])C([H])([H])C1([H])[H]
KKAARP.xaa_ZINC000150362794_96;-11.233946;-11.901794;-12.048;91;856.373;AFUAUZQLJVZUDG-WMPKNSHKSA-P;[H]O[C@@]([H])(C([H])([H])Oc1c(Br)c([H])c(C(c2c([H])c(Br)c(OC([H])([H])[C@@]([H])(O[H])C([H])([H])[N+]3([H])C([H])([H])C([H])([H])C([H])([H])C([H])([H])C([H])([H])C3([H])[H])c(Br)c2[H])(C([H])([H])[H])C([H])([H])[H])c([H])c1Br)C([H])([H])[N+]1([H])C([H])([H])C([H])([H])C([H])([H])C([H])([H])C([H])([H])C1([H])[H]
KKAARP.xaa_ZINC000150362798_97;-11.3701281;-11.93111;-12.242;91;856.373;AFUAUZQLJVZUDG-UIOOFZCWSA-P;[H]O[C@]([H])(C([H])([H])Oc1c(Br)c([H])c(C(c2c([H])c(Br)c(OC([H])([H])[C@@]([H])(O[H])C([H])([H])[N+]3([H])C([H])([H])C([H])([H])C([H])([H])C([H])([H])C([H])([H])C3([H])[H])c(Br)c2[H])(C([H])([H])[H])C([H])([H])[H])c([H])c1Br)C([H])([H])[N+]1([H])C([H])([H])C([H])([H])C([H])([H])C([H])([H])C([H])([H])C1([H])[H]
KKAARP.xaa_ZINC000150362790_98;-11.1131487;-11.852979;-13.357;91;856.373;AFUAUZQLJVZUDG-CLJLJLNGSA-P;[H]O[C@@]([H])(C([H])([H])Oc1c(Br)c([H])c(C(c2c([H])c(Br)c(OC([H])([H])[C@]([H])(O[H])C([H])([H])[N+]3([H])C([H])([H])C([H])([H])C([H])([H])C([H])([H])C([H])([H])C3([H])[H])c(Br)c2[H])(C([H])([H])[H])C([H])([H])[H])c([H])c1Br)C([H])([H])[N+]1([H])C([H])([H])C([H])([H])C([H])([H])C([H])([H])C([H])([H])C1([H])[H]
KKAARP.xaa_ZINC000004551913_99;-10.3033823;-11.286411;-11.346;85;636.803;YJJIMZAUEQESPX-UHFFFAOYSA-N;[H]c1c([H])c([H])c(-c2n(-c3c([H])c([H])c(C([H])([H])[H])c([H])c3[H])c(C([H])([H])c3nn(-c4c([H])c([H])c([H])c([H])c4[H])c(-c4c([H])c([H])c([H])c([H])c4[H])[n+]3-c3c([H])c([H])c(C([H])([H])[H])c([H])c3[H])n[n+]2-c2c([H])c([H])c([H])c([H])c2[H])c([H])c1[H]
KKAARP.xaa_ZINC000004552080_100;-10.3314106;-11.517781;-9.824;89;588.839;MUURRXCKVZPVOK-UHFFFAOYSA-P;[H]c1c([H])c([H])c(C(c2c([H])c([H])c([H])c([H])c2[H])(c2c([H])c([H])c([H])c([H])c2[H])[N+]([H])([H])C([H])([H])C([H])([H])C([H])([H])C([H])([H])C([H])([H])[N+]([H])([H])C(c2c([H])c([H])c([H])c([H])c2[H])(c2c([H])c([H])c([H])c([H])c2[H])c2c([H])c([H])c([H])c([H])c2[H])c([H])c1[H]
KKAARP.xaa_ZINC000004566687_103;-10.0559118;-11.236433;-9.446;92;602.866;UITJEZCJASXRPT-UHFFFAOYSA-P;[H]c1c([H])c([H])c(C(c2c([H])c([H])c([H])c([H])c2[H])(c2c([H])c([H])c([H])c([H])c2[H])[N+]([H])([H])C([H])([H])C([H])([H])C([H])([H])C([H])([H])C([H])([H])C([H])([H])[N+]([H])([H])C(c2c([H])c([H])c([H])c([H])c2[H])(c2c([H])c([H])c([H])c([H])c2[H])c2c([H])c([H])c([H])c([H])c2[H])c([H])c1[H]
KKAARP.xaa_ZINC000004577096_105;-10.7738391;-11.519724;-9.122;94;670.9;SCYNNJJRCUQXDO-UHFFFAOYSA-N;[H]c1c([H])c([H])c(-c2c([H])c(-c3c([H])c([H])c([H])c([H])c3[H])[n+](C([H])([H])C([H])([H])C([H])([H])C([H])([H])[n+]3c(-c4c([H])c([H])c([H])c([H])c4[H])c([H])c(-c4c([H])c([H])c([H])c([H])c4[H])c([H])c3-c3c([H])c([H])c([H])c([H])c3[H])c(-c3c([H])c([H])c([H])c([H])c3[H])c2[H])c([H])c1[H]
KKAARP.xaa_ZINC000004783176_109;-12.1787551;-12.960152;-13.079;109;693.011;JQYJJPSTWWRURQ-UHFFFAOYSA-P;[H]c1c([H])c(S(=O)(=O)c2c([H])c([H])c(N([H])C(=O)C([H])([H])[N+]([H])(C3([H])C([H])([H])C([H])([H])C([H])([H])C([H])([H])C3([H])[H])C3([H])C([H])([H])C([H])([H])C([H])([H])C([H])([H])C3([H])[H])c([H])c2[H])c([H])c([H])c1N([H])C(=O)C([H])([H])[N+]([H])(C1([H])C([H])([H])C([H])([H])C([H])([H])C([H])([H])C1([H])[H])C1([H])C([H])([H])C([H])([H])C([H])([H])C([H])([H])C1([H])[H]
KKAARP.xaa_ZINC000005648403_111;-11.214536399999998;-12.250415;-11.622;93;564.819;KVSODEOZJBNRSP-MKPDMIMOSA-P;[H]c1c([H])c(C([H])([H])c2c([H])c([H])c(N([H])C(=O)N([H])C([H])([H])C([H])([H])C([H])([H])[N@+]3([H])C([H])([H])C([H])([H])C([H])([H])C([H])([H])[C@@]3([H])C([H])([H])[H])c([H])c2[H])c([H])c([H])c1N([H])C(=O)N([H])C([H])([H])C([H])([H])C([H])([H])[N@@+]1([H])C([H])([H])C([H])([H])C([H])([H])C([H])([H])[C@]1([H])C([H])([H])[H]
KKAARP.xaa_ZINC000005648404_112;-11.0573267;-12.018226;-11.394;93;564.819;KVSODEOZJBNRSP-SVBPBHIXSA-P;[H]c1c([H])c(C([H])([H])c2c([H])c([H])c(N([H])C(=O)N([H])C([H])([H])C([H])([H])C([H])([H])[N@@+]3([H])C([H])([H])C([H])([H])C([H])([H])C([H])([H])[C@]3([H])C([H])([H])[H])c([H])c2[H])c([H])c([H])c1N([H])C(=O)N([H])C([H])([H])C([H])([H])C([H])([H])[N@@+]1([H])C([H])([H])C([H])([H])C([H])([H])C([H])([H])[C@]1([H])C([H])([H])[H]
KKAARP.xaa_ZINC000150466906_114;-11.2578224;-11.561896;-12.773;91;856.373;SQBNAQMQCILGQW-CEWHCAETSA-P;[H]O[C@@]([H])(C([H])([H])Oc1c(Br)c([H])c(C(c2c([H])c(Br)c(OC([H])([H])[C@@]([H])(O[H])C([H])([H])[N@+]3([H])C([H])([H])C([H])([H])C([H])([H])C([H])([H])[C@@]3([H])C([H])([H])[H])c(Br)c2[H])(C([H])([H])[H])C([H])([H])[H])c([H])c1Br)C([H])([H])[N@@+]1([H])C([H])([H])C([H])([H])C([H])([H])C([H])([H])[C@]1([H])C([H])([H])[H]
KKAARP.xaa_ZINC000100890045_115;-10.3109388;-10.586023;-10.805;85;586.821;IVMOSHFMAARMIX-FJQKOURKSA-P;[H]c1c([H])c([H])c2c(c1[H])-c1c([H])c([H])c(C([H])([H])[N@@+]3([H])C([H])([H])[C@]([H])(Sc4c([H])c([H])c(F)c([H])c4[H])C([H])([H])[C@@]3([H])C(=O)N3C([H])([H])C([H])([H])N([C@]4([H])C([H])([H])C([H])([H])[N@@+]([H])(C([H])([H])[H])C([H])([H])C4([H])[H])C([H])([H])C3([H])[H])c([H])c1C2([H])[H]
KKAARP.xaa_ZINC000150500716_119;-10.407138;-11.443654;-12.335;102;769.957;GBJIBINONLFFCZ-GGZAYICLSA-N;[H]C1=C(c2c([H])c([H])c([H])c([H])c2[H])N2N=C(/C(=C([H])\C([H])=C3/N(C([H])([H])[H])c4c([H])c([H])c([H])c([H])c4C3(C([H])([H])[H])C([H])([H])[H])c3n[n+]4c(-c5c([H])c([H])c([H])c([H])c5[H])c([H])c(-c5c([H])c([H])c([H])c([H])c5[H])nc4n3C([H])([H])[H])N(C([H])([H])[H])C2=[N+]=C1c1c([H])c([H])c([H])c([H])c1[H]
KKAARP.xaa_ZINC000006472227_131;-10.2609486;-10.634212;-9.463;100;582.87;DCCVKJJGCWASFE-ACHIHNKUSA-P;[H]c1c([H])c(C(=O)[C@@]([H])(C([H])([H])C([H])([H])C([H])([H])C([H])([H])[C@]([H])(C(=O)c2c([H])c([H])c(OC([H])([H])C([H])([H])C([H])([H])C([H])([H])C([H])([H])[H])c([H])c2[H])C([H])([H])[N+]([H])(C([H])([H])[H])C([H])([H])[H])C([H])([H])[N+]([H])(C([H])([H])[H])C([H])([H])[H])c([H])c([H])c1OC([H])([H])C([H])([H])C([H])([H])C([H])([H])C([H])([H])[H]
KKAARP.xaa_ZINC000069902483_132;-10.352223400000002;-11.321595;-9.916;67;511.497;GNHHMRRDCARSFU-UHFFFAOYSA-P;[H]OC([H])([H])C([H])([H])[N@+]1([H])C([H])([H])C([H])([H])[C@@]([H])(C([H])([H])[N+]([H])(C([H])([H])c2c([H])c(Cl)c([H])c3c([H])c([H])c([H])nc23)C([H])([H])c2c([H])c(Cl)c([H])c3c([H])c([H])c([H])nc23)C([H])([H])C1([H])[H]
KKAARP.xaa_ZINC000071260646_163;-11.7647738;-13.781224;-10.82;92;518.834;AZIRSQWIUWDRGW-UHFFFAOYSA-R;[H]c1c([H])c([H])c(C([H])([H])[N+]([H])([H])C([H])([H])C([H])([H])C([H])([H])C([H])([H])C([H])([H])C([H])([H])[N+]([H])([H])C([H])([H])c2c([H])c([H])c([H])c(C([H])([H])[N+]([H])([H])C([H])([H])C([H])([H])C([H])([H])C([H])([H])C([H])([H])C([H])([H])[N+]([H])([H])C([H])([H])c3c([H])c([H])c([H])c([H])c3[H])c2[H])c([H])c1[H]
KKAARP.xaa_ZINC000095721537_171;-11.1796462;-11.516759;-11.413;99;592.865;FKQODEXMCHSCOS-CZFRINIUSA-P;[H]c1c([H])c(C(=O)[C@@]([H])(C([H])([H])[C@@]([H])(C(=O)c2c([H])c([H])c(OC([H])([H])C([H])([H])C([H])([H])[H])c([H])c2[H])C([H])([H])[N+]2([H])C([H])([H])C([H])([H])C([H])([H])C([H])([H])C([H])([H])C2([H])[H])C([H])([H])[N+]2([H])C([H])([H])C([H])([H])C([H])([H])C([H])([H])C([H])([H])C2([H])[H])c([H])c([H])c1OC([H])([H])C([H])([H])C([H])([H])[H]
KKAARP.xaa_ZINC000095721561_172;-10.5568816;-11.418047;-10.933;93;564.811;CHGIQXRICGGUOO-FIRIVFDPSA-P;[H]c1c([H])c(C(=O)[C@]([H])(C([H])([H])[C@@]([H])(C(=O)c2c([H])c([H])c(OC([H])([H])C([H])([H])[H])c([H])c2[H])C([H])([H])[N+]2([H])C([H])([H])C([H])([H])C([H])([H])C([H])([H])C([H])([H])C2([H])[H])C([H])([H])[N+]2([H])C([H])([H])C([H])([H])C([H])([H])C([H])([H])C([H])([H])C2([H])[H])c([H])c([H])c1OC([H])([H])C([H])([H])[H]
KKAARP.xaa_ZINC000095721534_173;-10.7487992;-11.184918;-11.741;99;592.865;FKQODEXMCHSCOS-LQJZCPKCSA-P;[H]c1c([H])c(C(=O)[C@@]([H])(C([H])([H])[C@]([H])(C(=O)c2c([H])c([H])c(OC([H])([H])C([H])([H])C([H])([H])[H])c([H])c2[H])C([H])([H])[N+]2([H])C([H])([H])C([H])([H])C([H])([H])C([H])([H])C([H])([H])C2([H])[H])C([H])([H])[N+]2([H])C([H])([H])C([H])([H])C([H])([H])C([H])([H])C([H])([H])C2([H])[H])c([H])c([H])c1OC([H])([H])C([H])([H])C([H])([H])[H]
KKAARP.xaa_ZINC000095721540_174;-10.9868966;-12.046914;-11.238;99;592.865;FKQODEXMCHSCOS-CZNDPXEESA-P;[H]c1c([H])c(C(=O)[C@]([H])(C([H])([H])[C@@]([H])(C(=O)c2c([H])c([H])c(OC([H])([H])C([H])([H])C([H])([H])[H])c([H])c2[H])C([H])([H])[N+]2([H])C([H])([H])C([H])([H])C([H])([H])C([H])([H])C([H])([H])C2([H])[H])C([H])([H])[N+]2([H])C([H])([H])C([H])([H])C([H])([H])C([H])([H])C([H])([H])C2([H])[H])c([H])c([H])c1OC([H])([H])C([H])([H])C([H])([H])[H]
KKAARP.xaa_ZINC000095721557_175;-10.209359;-10.639744;-11.3;93;564.811;CHGIQXRICGGUOO-CONSDPRKSA-P;[H]c1c([H])c(C(=O)[C@@]([H])(C([H])([H])[C@]([H])(C(=O)c2c([H])c([H])c(OC([H])([H])C([H])([H])[H])c([H])c2[H])C([H])([H])[N+]2([H])C([H])([H])C([H])([H])C([H])([H])C([H])([H])C([H])([H])C2([H])[H])C([H])([H])[N+]2([H])C([H])([H])C([H])([H])C([H])([H])C([H])([H])C([H])([H])C2([H])[H])c([H])c([H])c1OC([H])([H])C([H])([H])[H]
KKAARP.xaa_ZINC000095740267_176;-10.6988928;-11.131206;-10.843;96;578.838;UYHDWGIIEJMIPY-ACHIHNKUSA-P;[H]c1c([H])c(C(=O)[C@@]([H])(C([H])([H])C([H])([H])C([H])([H])C([H])([H])[C@]([H])(C(=O)c2c([H])c([H])c(OC([H])([H])C([H])([H])[H])c([H])c2[H])C([H])([H])[N+]2([H])C([H])([H])C([H])([H])C([H])([H])C([H])([H])C2([H])[H])C([H])([H])[N+]2([H])C([H])([H])C([H])([H])C([H])([H])C([H])([H])C2([H])[H])c([H])c([H])c1OC([H])([H])C([H])([H])[H]
KKAARP.xaa_ZINC000095740280_177;-10.6309684;-11.335432;-11.382;102;606.892;IHVYMGWBFIEHEA-HEVIKAOCSA-P;[H]c1c([H])c(C(=O)[C@@]([H])(C([H])([H])C([H])([H])C([H])([H])C([H])([H])[C@]([H])(C(=O)c2c([H])c([H])c(OC([H])([H])C([H])([H])[H])c([H])c2[H])C([H])([H])[N+]2([H])C([H])([H])C([H])([H])C([H])([H])C([H])([H])C([H])([H])C2([H])[H])C([H])([H])[N+]2([H])C([H])([H])C([H])([H])C([H])([H])C([H])([H])C([H])([H])C2([H])[H])c([H])c([H])c1OC([H])([H])C([H])([H])[H]
KKAARP.xaa_ZINC000095740195_178;-10.4094372;-11.355794;-11.247;102;606.892;YQMUBMLHPKHBBP-KKLWWLSJSA-P;[H]c1c([H])c(C(=O)[C@]([H])(C([H])([H])C([H])([H])C([H])([H])C([H])([H])[C@@]([H])(C(=O)c2c([H])c([H])c(OC([H])([H])C([H])([H])C([H])([H])[H])c([H])c2[H])C([H])([H])[N+]2([H])C([H])([H])C([H])([H])C([H])([H])C([H])([H])C2([H])[H])C([H])([H])[N+]2([H])C([H])([H])C([H])([H])C([H])([H])C([H])([H])C2([H])[H])c([H])c([H])c1OC([H])([H])C([H])([H])C([H])([H])[H]
KKAARP.xaa_ZINC000095740217_179;-10.3470174;-10.849367;-11.448;90;550.784;WZVXOSLRDCQYGW-RNPORBBMSA-P;[H]c1c([H])c(C(=O)[C@@]([H])(C([H])([H])C([H])([H])C([H])([H])C([H])([H])[C@@]([H])(C(=O)c2c([H])c([H])c(OC([H])([H])[H])c([H])c2[H])C([H])([H])[N+]2([H])C([H])([H])C([H])([H])C([H])([H])C([H])([H])C2([H])[H])C([H])([H])[N+]2([H])C([H])([H])C([H])([H])C([H])([H])C([H])([H])C2([H])[H])c([H])c([H])c1OC([H])([H])[H]
KKAARP.xaa_ZINC000095740191_180;-10.9059882;-11.317728;-10.892;102;606.892;YQMUBMLHPKHBBP-HEVIKAOCSA-P;[H]c1c([H])c(C(=O)[C@@]([H])(C([H])([H])C([H])([H])C([H])([H])C([H])([H])[C@]([H])(C(=O)c2c([H])c([H])c(OC([H])([H])C([H])([H])C([H])([H])[H])c([H])c2[H])C([H])([H])[N+]2([H])C([H])([H])C([H])([H])C([H])([H])C([H])([H])C2([H])[H])C([H])([H])[N+]2([H])C([H])([H])C([H])([H])C([H])([H])C([H])([H])C2([H])[H])c([H])c([H])c1OC([H])([H])C([H])([H])C([H])([H])[H]
KKAARP.xaa_ZINC000095740272_181;-10.2553595;-11.226264;-11.211;96;578.838;UYHDWGIIEJMIPY-ROJLCIKYSA-P;[H]c1c([H])c(C(=O)[C@]([H])(C([H])([H])C([H])([H])C([H])([H])C([H])([H])[C@@]([H])(C(=O)c2c([H])c([H])c(OC([H])([H])C([H])([H])[H])c([H])c2[H])C([H])([H])[N+]2([H])C([H])([H])C([H])([H])C([H])([H])C([H])([H])C2([H])[H])C([H])([H])[N+]2([H])C([H])([H])C([H])([H])C([H])([H])C([H])([H])C2([H])[H])c([H])c([H])c1OC([H])([H])C([H])([H])[H]
KKAARP.xaa_ZINC000095740219_182;-10.1362329;-10.943913;-10.29;90;550.784;WZVXOSLRDCQYGW-LOYHVIPDSA-P;[H]c1c([H])c(C(=O)[C@]([H])(C([H])([H])C([H])([H])C([H])([H])C([H])([H])[C@@]([H])(C(=O)c2c([H])c([H])c(OC([H])([H])[H])c([H])c2[H])C([H])([H])[N+]2([H])C([H])([H])C([H])([H])C([H])([H])C([H])([H])C2([H])[H])C([H])([H])[N+]2([H])C([H])([H])C([H])([H])C([H])([H])C([H])([H])C2([H])[H])c([H])c([H])c1OC([H])([H])[H]
KKAARP.xaa_ZINC000095740255_183;-10.7651838;-11.082059;-10.93;96;578.838;VMJHGPBTRARTCZ-ROJLCIKYSA-P;[H]c1c([H])c(C(=O)[C@]([H])(C([H])([H])C([H])([H])C([H])([H])C([H])([H])[C@@]([H])(C(=O)c2c([H])c([H])c(OC([H])([H])[H])c([H])c2[H])C([H])([H])[N+]2([H])C([H])([H])C([H])([H])C([H])([H])C([H])([H])C([H])([H])C2([H])[H])C([H])([H])[N+]2([H])C([H])([H])C([H])([H])C([H])([H])C([H])([H])C([H])([H])C2([H])[H])c([H])c([H])c1OC([H])([H])[H]
KKAARP.xaa_ZINC000095740247_184;-10.1812976;-10.820786;-11.486;96;578.838;VMJHGPBTRARTCZ-ACHIHNKUSA-P;[H]c1c([H])c(C(=O)[C@@]([H])(C([H])([H])C([H])([H])C([H])([H])C([H])([H])[C@]([H])(C(=O)c2c([H])c([H])c(OC([H])([H])[H])c([H])c2[H])C([H])([H])[N+]2([H])C([H])([H])C([H])([H])C([H])([H])C([H])([H])C([H])([H])C2([H])[H])C([H])([H])[N+]2([H])C([H])([H])C([H])([H])C([H])([H])C([H])([H])C([H])([H])C2([H])[H])c([H])c([H])c1OC([H])([H])[H]
KKAARP.xaa_ZINC000095740269_185;-10.5238336;-11.146984;-11.801;96;578.838;UYHDWGIIEJMIPY-MEKGRNQZSA-P;[H]c1c([H])c(C(=O)[C@@]([H])(C([H])([H])C([H])([H])C([H])([H])C([H])([H])[C@@]([H])(C(=O)c2c([H])c([H])c(OC([H])([H])C([H])([H])[H])c([H])c2[H])C([H])([H])[N+]2([H])C([H])([H])C([H])([H])C([H])([H])C([H])([H])C2([H])[H])C([H])([H])[N+]2([H])C([H])([H])C([H])([H])C([H])([H])C([H])([H])C2([H])[H])c([H])c([H])c1OC([H])([H])C([H])([H])[H]
KKAARP.xaa_ZINC000095740193_186;-10.7326248;-11.391398;-11.938;102;606.892;YQMUBMLHPKHBBP-AQOUDTPCSA-P;[H]c1c([H])c(C(=O)[C@@]([H])(C([H])([H])C([H])([H])C([H])([H])C([H])([H])[C@@]([H])(C(=O)c2c([H])c([H])c(OC([H])([H])C([H])([H])C([H])([H])[H])c([H])c2[H])C([H])([H])[N+]2([H])C([H])([H])C([H])([H])C([H])([H])C([H])([H])C2([H])[H])C([H])([H])[N+]2([H])C([H])([H])C([H])([H])C([H])([H])C([H])([H])C2([H])[H])c([H])c([H])c1OC([H])([H])C([H])([H])C([H])([H])[H]
KKAARP.xaa_ZINC000095740283_187;-10.710991;-11.495962;-10.906;102;606.892;IHVYMGWBFIEHEA-AQOUDTPCSA-P;[H]c1c([H])c(C(=O)[C@@]([H])(C([H])([H])C([H])([H])C([H])([H])C([H])([H])[C@@]([H])(C(=O)c2c([H])c([H])c(OC([H])([H])C([H])([H])[H])c([H])c2[H])C([H])([H])[N+]2([H])C([H])([H])C([H])([H])C([H])([H])C([H])([H])C([H])([H])C2([H])[H])C([H])([H])[N+]2([H])C([H])([H])C([H])([H])C([H])([H])C([H])([H])C([H])([H])C2([H])[H])c([H])c([H])c1OC([H])([H])C([H])([H])[H]
KKAARP.xaa_ZINC000095740250_188;-10.322017399999998;-10.867124;-11.683;96;578.838;VMJHGPBTRARTCZ-MEKGRNQZSA-P;[H]c1c([H])c(C(=O)[C@@]([H])(C([H])([H])C([H])([H])C([H])([H])C([H])([H])[C@@]([H])(C(=O)c2c([H])c([H])c(OC([H])([H])[H])c([H])c2[H])C([H])([H])[N+]2([H])C([H])([H])C([H])([H])C([H])([H])C([H])([H])C([H])([H])C2([H])[H])C([H])([H])[N+]2([H])C([H])([H])C([H])([H])C([H])([H])C([H])([H])C([H])([H])C2([H])[H])c([H])c([H])c1OC([H])([H])[H]
KKAARP.xaa_ZINC000095740286_189;-11.0025116;-11.508547;-11.012;102;606.892;IHVYMGWBFIEHEA-KKLWWLSJSA-P;[H]c1c([H])c(C(=O)[C@]([H])(C([H])([H])C([H])([H])C([H])([H])C([H])([H])[C@@]([H])(C(=O)c2c([H])c([H])c(OC([H])([H])C([H])([H])[H])c([H])c2[H])C([H])([H])[N+]2([H])C([H])([H])C([H])([H])C([H])([H])C([H])([H])C([H])([H])C2([H])[H])C([H])([H])[N+]2([H])C([H])([H])C([H])([H])C([H])([H])C([H])([H])C([H])([H])C2([H])[H])c([H])c([H])c1OC([H])([H])C([H])([H])[H]
KKAARP.xaa_ZINC000095785648_191;-10.739591399999998;-11.128032;-11.725;102;606.892;JCFZFJXVZYBZTM-AQOUDTPCSA-P;[H]c1c([H])c(C(=O)[C@@]([H])(C([H])([H])C([H])([H])[C@@]([H])(C(=O)c2c([H])c([H])c(OC([H])([H])C([H])([H])C([H])([H])C([H])([H])[H])c([H])c2[H])C([H])([H])[N+]2([H])C([H])([H])C([H])([H])C([H])([H])C([H])([H])C2([H])[H])C([H])([H])[N+]2([H])C([H])([H])C([H])([H])C([H])([H])C([H])([H])C2([H])[H])c([H])c([H])c1OC([H])([H])C([H])([H])C([H])([H])C([H])([H])[H]
KKAARP.xaa_ZINC000095785619_192;-10.6288032;-11.180684;-11.687;96;578.838;QTPUABBGOFNODG-MEKGRNQZSA-P;[H]c1c([H])c(C(=O)[C@@]([H])(C([H])([H])C([H])([H])[C@@]([H])(C(=O)c2c([H])c([H])c(OC([H])([H])C([H])([H])C([H])([H])[H])c([H])c2[H])C([H])([H])[N+]2([H])C([H])([H])C([H])([H])C([H])([H])C([H])([H])C2([H])[H])C([H])([H])[N+]2([H])C([H])([H])C([H])([H])C([H])([H])C([H])([H])C2([H])[H])c([H])c([H])c1OC([H])([H])C([H])([H])C([H])([H])[H]
KKAARP.xaa_ZINC000095785645_193;-10.630013600000002;-10.900734;-11.199;102;606.892;JCFZFJXVZYBZTM-HEVIKAOCSA-P;[H]c1c([H])c(C(=O)[C@@]([H])(C([H])([H])C([H])([H])[C@]([H])(C(=O)c2c([H])c([H])c(OC([H])([H])C([H])([H])C([H])([H])C([H])([H])[H])c([H])c2[H])C([H])([H])[N+]2([H])C([H])([H])C([H])([H])C([H])([H])C([H])([H])C2([H])[H])C([H])([H])[N+]2([H])C([H])([H])C([H])([H])C([H])([H])C([H])([H])C2([H])[H])c([H])c([H])c1OC([H])([H])C([H])([H])C([H])([H])C([H])([H])[H]
KKAARP.xaa_ZINC000095785622_194;-10.5680132;-11.35686;-11.643;96;578.838;QTPUABBGOFNODG-ROJLCIKYSA-P;[H]c1c([H])c(C(=O)[C@]([H])(C([H])([H])C([H])([H])[C@@]([H])(C(=O)c2c([H])c([H])c(OC([H])([H])C([H])([H])C([H])([H])[H])c([H])c2[H])C([H])([H])[N+]2([H])C([H])([H])C([H])([H])C([H])([H])C([H])([H])C2([H])[H])C([H])([H])[N+]2([H])C([H])([H])C([H])([H])C([H])([H])C([H])([H])C2([H])[H])c([H])c([H])c1OC([H])([H])C([H])([H])C([H])([H])[H]
KKAARP.xaa_ZINC000095785616_195;-10.4698066;-10.792913;-11.099;96;578.838;QTPUABBGOFNODG-ACHIHNKUSA-P;[H]c1c([H])c(C(=O)[C@@]([H])(C([H])([H])C([H])([H])[C@]([H])(C(=O)c2c([H])c([H])c(OC([H])([H])C([H])([H])C([H])([H])[H])c([H])c2[H])C([H])([H])[N+]2([H])C([H])([H])C([H])([H])C([H])([H])C([H])([H])C2([H])[H])C([H])([H])[N+]2([H])C([H])([H])C([H])([H])C([H])([H])C([H])([H])C2([H])[H])c([H])c([H])c1OC([H])([H])C([H])([H])C([H])([H])[H]
KKAARP.xaa_ZINC000095785633_196;-10.315218;-10.951777;-11.252;90;550.784;YVTKTAFHZHUQOU-LOYHVIPDSA-P;[H]c1c([H])c(C(=O)[C@]([H])(C([H])([H])C([H])([H])[C@@]([H])(C(=O)c2c([H])c([H])c(OC([H])([H])C([H])([H])[H])c([H])c2[H])C([H])([H])[N+]2([H])C([H])([H])C([H])([H])C([H])([H])C([H])([H])C2([H])[H])C([H])([H])[N+]2([H])C([H])([H])C([H])([H])C([H])([H])C([H])([H])C2([H])[H])c([H])c([H])c1OC([H])([H])C([H])([H])[H]
KKAARP.xaa_ZINC000095785627_197;-10.2479214;-10.646197;-10.872;90;550.784;YVTKTAFHZHUQOU-KYJUHHDHSA-P;[H]c1c([H])c(C(=O)[C@@]([H])(C([H])([H])C([H])([H])[C@]([H])(C(=O)c2c([H])c([H])c(OC([H])([H])C([H])([H])[H])c([H])c2[H])C([H])([H])[N+]2([H])C([H])([H])C([H])([H])C([H])([H])C([H])([H])C2([H])[H])C([H])([H])[N+]2([H])C([H])([H])C([H])([H])C([H])([H])C([H])([H])C2([H])[H])c([H])c([H])c1OC([H])([H])C([H])([H])[H]
KKAARP.xaa_ZINC000095785630_198;-10.3744741;-10.8988;-11.288;90;550.784;YVTKTAFHZHUQOU-RNPORBBMSA-P;[H]c1c([H])c(C(=O)[C@@]([H])(C([H])([H])C([H])([H])[C@@]([H])(C(=O)c2c([H])c([H])c(OC([H])([H])C([H])([H])[H])c([H])c2[H])C([H])([H])[N+]2([H])C([H])([H])C([H])([H])C([H])([H])C([H])([H])C2([H])[H])C([H])([H])[N+]2([H])C([H])([H])C([H])([H])C([H])([H])C([H])([H])C2([H])[H])c([H])c([H])c1OC([H])([H])C([H])([H])[H]
KKAARP.xaa_ZINC000095785653_199;-10.6268725;-11.574923;-12.001;102;606.892;JCFZFJXVZYBZTM-KKLWWLSJSA-P;[H]c1c([H])c(C(=O)[C@]([H])(C([H])([H])C([H])([H])[C@@]([H])(C(=O)c2c([H])c([H])c(OC([H])([H])C([H])([H])C([H])([H])C([H])([H])[H])c([H])c2[H])C([H])([H])[N+]2([H])C([H])([H])C([H])([H])C([H])([H])C([H])([H])C2([H])[H])C([H])([H])[N+]2([H])C([H])([H])C([H])([H])C([H])([H])C([H])([H])C2([H])[H])c([H])c([H])c1OC([H])([H])C([H])([H])C([H])([H])C([H])([H])[H]
KKAARP.xaa_ZINC000096022011_201;-11.3261186;-11.857517;-11.241;91;628.821;QMAKTLNOQPDBKH-UHFFFAOYSA-P;[H]c1c([H])c([H])c(-n2nc(-c3c([H])c([H])c(OC([H])([H])[H])c([H])c3[H])c(C([H])([H])[N+]([H])([H])C([H])([H])C([H])([H])C([H])([H])C([H])([H])C([H])([H])[N+]([H])([H])C([H])([H])c3c(-c4c([H])c([H])c(OC([H])([H])[H])c([H])c4[H])nn(-c4c([H])c([H])c([H])c([H])c4[H])c3[H])c2[H])c([H])c1[H]
KKAARP.xaa_ZINC000097944140_210;-10.722211;-11.520841;-8.734;92;618.818;HOBJQNDPHXNUGP-XPSQVAKYSA-P;[H]O[C@@]([H])(C([H])([H])Oc1c([H])c([H])c(OC([H])([H])[C@]([H])(O[H])C([H])([H])[N+]([H])(C([H])([H])c2c([H])c([H])c([H])c([H])c2[H])C([H])([H])c2c([H])c([H])c([H])c([H])c2[H])c([H])c1[H])C([H])([H])[N+]([H])(C([H])([H])c1c([H])c([H])c([H])c([H])c1[H])C([H])([H])c1c([H])c([H])c([H])c([H])c1[H]
KKAARP.xaa_ZINC000097944139_211;-10.3549398;-11.04763;-9.014;92;618.818;HOBJQNDPHXNUGP-MAZIBIHTSA-P;[H]O[C@@]([H])(C([H])([H])Oc1c([H])c([H])c(OC([H])([H])[C@@]([H])(O[H])C([H])([H])[N+]([H])(C([H])([H])c2c([H])c([H])c([H])c([H])c2[H])C([H])([H])c2c([H])c([H])c([H])c([H])c2[H])c([H])c1[H])C([H])([H])[N+]([H])(C([H])([H])c1c([H])c([H])c([H])c([H])c1[H])C([H])([H])c1c([H])c([H])c([H])c([H])c1[H]
KKAARP.xaa_ZINC000150519240_218;-11.8288429;-12.442976;-14.699;108;748.972;RVIXWRRXGWSMFX-AQOUDTPCSA-P;[H]O[C@@]([H])(C([H])([H])N1C([H])([H])C([H])([H])[N+]([H])(C2([H])c3c([H])c([H])c([H])c([H])c3-c3c([H])c([H])c([H])c([H])c32)C([H])([H])C1([H])[H])C([H])([H])n1c(=O)n(C([H])([H])[C@]([H])(O[H])C([H])([H])N2C([H])([H])C([H])([H])[N+]([H])(C3([H])c4c([H])c([H])c([H])c([H])c4-c4c([H])c([H])c([H])c([H])c43)C([H])([H])C2([H])[H])c2c([H])c([H])c([H])c([H])c21
KKAARP.xaa_ZINC000028821483_222;-10.1080015;-10.605921;-11.091;82;512.738;XQQWCGJGUHJSLR-UHFFFAOYSA-P;[H]c1c([H])c([H])c(C(=C(c2c([H])c([H])c(OC([H])([H])C([H])([H])[N+]3([H])C([H])([H])C([H])([H])C([H])([H])C3([H])[H])c([H])c2[H])c2c([H])c([H])c(OC([H])([H])C([H])([H])[N+]3([H])C([H])([H])C([H])([H])C([H])([H])C3([H])[H])c([H])c2[H])C([H])([H])C([H])([H])[H])c([H])c1[H]
KKAARP.xaa_ZINC000029130731_223;-10.68639816;-12.859482;-10.585;82;656.75;IPHKOIQHBLKHPT-UHFFFAOYSA-N;[H]c1c([H])c([H])c(-c2nn(-c3c([H])c([H])c(-c4c([H])c([H])c(-n5nc(-c6c([H])c([H])c([H])c([H])c6[H])n[n+]5-c5c([H])c([H])c([H])c([H])c5[H])c(OC([H])([H])[H])c4[H])c([H])c3OC([H])([H])[H])[n+](-c3c([H])c([H])c([H])c([H])c3[H])n2)c([H])c1[H]
KKAARP.xaa_ZINC000102034445_234;-10.3182438;-10.759095;-11.776;85;574.769;VWYBOQZLIDFHCH-HHHXNRCGSA-P;[H]c1c([H])c([H])c2c(c1[H])C([H])([H])C([H])([H])[N@@+]([H])(C([H])([H])c1c([H])c([H])c(C(=O)N([H])C([H])([H])[C@]([H])(N([H])C(=O)c3c([H])c([H])c(C([H])([H])[N@@+]4([H])C([H])([H])c5c([H])c([H])c([H])c([H])c5C([H])([H])C4([H])[H])c([H])c3[H])C([H])([H])[H])c([H])c1[H])C2([H])[H]
KKAARP.xaa_ZINC000102034440_235;-10.884536399999998;-11.257224;-11.839;85;574.769;VWYBOQZLIDFHCH-MHZLTWQESA-P;[H]c1c([H])c([H])c2c(c1[H])C([H])([H])C([H])([H])[N@@+]([H])(C([H])([H])c1c([H])c([H])c(C(=O)N([H])C([H])([H])[C@@]([H])(N([H])C(=O)c3c([H])c([H])c(C([H])([H])[N@@+]4([H])C([H])([H])c5c([H])c([H])c([H])c([H])c5C([H])([H])C4([H])[H])c([H])c3[H])C([H])([H])[H])c([H])c1[H])C2([H])[H]
KKAARP.xaa_ZINC000014745147_241;-10.0219668;-11.036026;-11.152;77;505.678;MYWFHUYVRQMXAM-WIDNXDAUSA-P;[H]c1c([H])c(F)c([H])c(OC([H])([H])[C@@]2([H])C([H])([H])[C@@]([H])(C(=O)N([H])C([H])([H])C([H])([H])[C@@]3([H])C([H])([H])C([H])([H])C([H])([H])[N@@+]3([H])C([H])([H])[H])C([H])([H])[N@@+]([H])(C([H])([H])c3c([H])c([H])c4c([H])c([H])c([H])c([H])c4c3[H])C2([H])[H])c1[H]
KKAARP.xaa_ZINC000102314939_244;-10.1324282;-11.474193;-9.075;84;594.802;XPLAJAVRYRTEJQ-MYEKBQHHSA-N;[H]/C(=C(/[H])c1c([H])c(-c2c([H])c(/C([H])=C(\[H])c3c([H])c([H])c([H])c([H])c3[H])[n+](C([H])([H])[H])c(/C([H])=C(\[H])c3c([H])c([H])c([H])c([H])c3[H])c2[H])c([H])c(/C([H])=C(\[H])c2c([H])c([H])c([H])c([H])c2[H])[n+]1C([H])([H])[H])c1c([H])c([H])c([H])c([H])c1[H]
KKAARP.xaa_ZINC000102406052_245;-10.105960200000002;-10.653067;-12.068;84;540.752;LTPNREFXLJNFGW-WTGSTYHVSA-P;[H]c1c([H])c2c(c([H])c1N([H])C(=O)[C@]1([H])C([H])([H])[C@]([H])(C(=O)N([H])C([H])([H])[C@]3([H])C([H])([H])C([H])([H])C([H])([H])[N@@+]3([H])C([H])([H])C([H])([H])[H])C([H])([H])[N@+]([H])(C([H])([H])c3c([H])c([H])c4c([H])c([H])c([H])c([H])c4c3[H])C1([H])[H])C([H])([H])C([H])([H])C2([H])[H]
KKAARP.xaa_ZINC000102406049_246;-10.2289226;-10.811811;-11.418;84;540.752;LTPNREFXLJNFGW-XAGDYJCDSA-P;[H]c1c([H])c2c(c([H])c1N([H])C(=O)[C@]1([H])C([H])([H])[C@]([H])(C(=O)N([H])C([H])([H])[C@@]3([H])C([H])([H])C([H])([H])C([H])([H])[N@@+]3([H])C([H])([H])C([H])([H])[H])C([H])([H])[N@+]([H])(C([H])([H])c3c([H])c([H])c4c([H])c([H])c([H])c([H])c4c3[H])C1([H])[H])C([H])([H])C([H])([H])C2([H])[H]
KKAARP.xaa_ZINC000102413219_252;-10.840123600000002;-12.214504;-10.893;97;634.861;UKHGGWAKHYGULF-KKLWWLSJSA-P;[H]O[C@@]([H])(C([H])([H])Oc1c([H])c([H])c(C2(c3c([H])c([H])c(OC([H])([H])[C@]([H])(O[H])C([H])([H])[N+]4([H])C([H])([H])C([H])([H])C([H])([H])C([H])([H])C4([H])[H])c([H])c3[H])c3c([H])c([H])c([H])c([H])c3-c3c([H])c([H])c([H])c([H])c32)c([H])c1[H])C([H])([H])[N+]1([H])C([H])([H])C([H])([H])C([H])([H])C([H])([H])C1([H])[H]
KKAARP.xaa_ZINC000102413223_253;-10.8364394;-12.085737;-10.482;97;634.861;UKHGGWAKHYGULF-AQOUDTPCSA-P;[H]O[C@@]([H])(C([H])([H])Oc1c([H])c([H])c(C2(c3c([H])c([H])c(OC([H])([H])[C@@]([H])(O[H])C([H])([H])[N+]4([H])C([H])([H])C([H])([H])C([H])([H])C([H])([H])C4([H])[H])c([H])c3[H])c3c([H])c([H])c([H])c([H])c3-c3c([H])c([H])c([H])c([H])c32)c([H])c1[H])C([H])([H])[N+]1([H])C([H])([H])C([H])([H])C([H])([H])C([H])([H])C1([H])[H]
KKAARP.xaa_ZINC000102413228_254;-10.8457444;-11.975698;-11.27;97;634.861;UKHGGWAKHYGULF-HEVIKAOCSA-P;[H]O[C@]([H])(C([H])([H])Oc1c([H])c([H])c(C2(c3c([H])c([H])c(OC([H])([H])[C@@]([H])(O[H])C([H])([H])[N+]4([H])C([H])([H])C([H])([H])C([H])([H])C([H])([H])C4([H])[H])c([H])c3[H])c3c([H])c([H])c([H])c([H])c3-c3c([H])c([H])c([H])c([H])c32)c([H])c1[H])C([H])([H])[N+]1([H])C([H])([H])C([H])([H])C([H])([H])C([H])([H])C1([H])[H]
KKAARP.xaa_ZINC000102432684_256;-10.0020566;-10.996908;-11.549;80;555.685;WRQBVIWRODFOBK-WIDNXDAUSA-P;[H]c1c([H])c(OC([H])([H])[C@@]2([H])C([H])([H])[C@@]([H])(C(=O)N([H])C([H])([H])C([H])([H])[C@@]3([H])C([H])([H])C([H])([H])C([H])([H])[N@@+]3([H])C([H])([H])[H])C([H])([H])[N@@+]([H])(C([H])([H])c3c([H])c([H])c4c([H])c([H])c([H])c([H])c4c3[H])C2([H])[H])c([H])c(C(F)(F)F)c1[H]
KKAARP.xaa_ZINC000685944205_258;-10.3530046;-10.49324;-12.594;89;614.833;AGABCDXWVWGOAX-UHFFFAOYSA-N;[H]C(=C1/N(C([H])([H])[H])c2c([H])c([H])c([H])c([H])c2C1(C([H])([H])[H])C([H])([H])[H])/C([H])=C(C(\[H])=C(/[H])C1=[N+](C([H])([H])[H])c2c([H])c([H])c([H])c([H])c2C1(C([H])([H])[H])C([H])([H])[H])/c1c([H])c(-c2c([H])c([H])c([H])c([H])c2[H])[o+]c(-c2c([H])c([H])c([H])c([H])c2[H])c1[H]
KKAARP.xaa_ZINC000685944288_259;-10.676372;-11.184565;-11.127;93;640.871;IOOWRZZOHNWGQJ-OCEACIFDSA-N;[H]C(=C1/N(C([H])([H])[H])c2c([H])c([H])c([H])c([H])c2C1(C([H])([H])[H])C([H])([H])[H])/C([H])=C(C(/[H])=C(\[H])C1=[N+](C([H])([H])[H])c2c([H])c([H])c([H])c([H])c2C1(C([H])([H])[H])C([H])([H])[H])\C([H])=C(/[H])c1c([H])c(-c2c([H])c([H])c([H])c([H])c2[H])[o+]c(-c2c([H])c([H])c([H])c([H])c2[H])c1[H]
KKAARP.xaa_ZINC000685944649_264;-10.7126901;-11.218248;-10.819;93;656.939;YUCNNSIJQXNNSK-OCEACIFDSA-N;[H]C(/C([H])=C1\N(C([H])([H])[H])c2c([H])c([H])c([H])c([H])c2C1(C([H])([H])[H])C([H])([H])[H])=C(C(/[H])=C(\[H])C1=[N+](C([H])([H])[H])c2c([H])c([H])c([H])c([H])c2C1(C([H])([H])[H])C([H])([H])[H])\C([H])=C(/[H])c1c([H])c(-c2c([H])c([H])c([H])c([H])c2[H])[s+]c(-c2c([H])c([H])c([H])c([H])c2[H])c1[H]
KKAARP.xaa_ZINC000685944656_265;-10.5127556;-11.402536;-11.685;89;636.839;ZDVZTOPOVOZATE-XDHTVYJESA-N;[H]C(C([H])=C(/C([H])=C(\[H])c1c([H])c([H])c2c([H])c([H])c([H])c([H])c2[n+]1C([H])([H])C([H])([H])[H])/C([H])=C(\[H])c1c([H])c([H])c2c([H])c([H])c([H])c([H])c2[n+]1C([H])([H])C([H])([H])[H])=C1C([H])=C(c2c([H])c([H])c([H])c([H])c2[H])OC(c2c([H])c([H])c([H])c([H])c2[H])=C1[H]
KKAARP.xaa_ZINC000097976765_269;-10.407138;-11.443654;-12.313;102;769.957;GBJIBINONLFFCZ-GGZAYICLSA-N;[H]C1=C(c2c([H])c([H])c([H])c([H])c2[H])N2N=C(/C(=C([H])\C([H])=C3/N(C([H])([H])[H])c4c([H])c([H])c([H])c([H])c4C3(C([H])([H])[H])C([H])([H])[H])c3n[n+]4c(-c5c([H])c([H])c([H])c([H])c5[H])c([H])c(-c5c([H])c([H])c([H])c([H])c5[H])nc4n3C([H])([H])[H])N(C([H])([H])[H])C2=[N+]=C1c1c([H])c([H])c([H])c([H])c1[H]
KKAARP.xaa_ZINC000102604313_271;-10.8980734;-12.020359;-12.267;102;606.892;BIIAQGUARVZTSC-KKLWWLSJSA-P;[H]c1c([H])c(C(=O)[C@]([H])(C([H])([H])C([H])([H])[C@@]([H])(C(=O)c2c([H])c([H])c(OC([H])([H])C([H])([H])C([H])([H])[H])c([H])c2[H])C([H])([H])[N+]2([H])C([H])([H])C([H])([H])C([H])([H])C([H])([H])C([H])([H])C2([H])[H])C([H])([H])[N+]2([H])C([H])([H])C([H])([H])C([H])([H])C([H])([H])C([H])([H])C2([H])[H])c([H])c([H])c1OC([H])([H])C([H])([H])C([H])([H])[H]
KKAARP.xaa_ZINC000102604307_272;-10.6383282;-11.380132;-11.065;102;606.892;BIIAQGUARVZTSC-HEVIKAOCSA-P;[H]c1c([H])c(C(=O)[C@@]([H])(C([H])([H])C([H])([H])[C@]([H])(C(=O)c2c([H])c([H])c(OC([H])([H])C([H])([H])C([H])([H])[H])c([H])c2[H])C([H])([H])[N+]2([H])C([H])([H])C([H])([H])C([H])([H])C([H])([H])C([H])([H])C2([H])[H])C([H])([H])[N+]2([H])C([H])([H])C([H])([H])C([H])([H])C([H])([H])C([H])([H])C2([H])[H])c([H])c([H])c1OC([H])([H])C([H])([H])C([H])([H])[H]
KKAARP.xaa_ZINC000102604310_273;-10.667567;-11.855912;-11.608;102;606.892;BIIAQGUARVZTSC-AQOUDTPCSA-P;[H]c1c([H])c(C(=O)[C@@]([H])(C([H])([H])C([H])([H])[C@@]([H])(C(=O)c2c([H])c([H])c(OC([H])([H])C([H])([H])C([H])([H])[H])c([H])c2[H])C([H])([H])[N+]2([H])C([H])([H])C([H])([H])C([H])([H])C([H])([H])C([H])([H])C2([H])[H])C([H])([H])[N+]2([H])C([H])([H])C([H])([H])C([H])([H])C([H])([H])C([H])([H])C2([H])[H])c([H])c([H])c1OC([H])([H])C([H])([H])C([H])([H])[H]
KICAMN.xaa_ZINC000102925333_12;-10.002254;-10.306397;-11.717;64;569.595;QPTMTMRZFGMBLV-QGZVFWFLSA-N;[H]c1c([H])c([H])c2c(c1[H])C(=O)c1c([H])c([H])c([H])c(N([H])C(=O)[C@]([H])(OC(=O)c3c([H])c([H])c([H])c([H])c3N([H])S(=O)(=O)c3c([H])c([H])c([H])c(N([H])[H])c3[H])C([H])([H])[H])c1C2=O
KICAMN.xaa_ZINC000102925329_13;-10.0183946;-10.366921;-11.482;64;569.595;QPTMTMRZFGMBLV-KRWDZBQOSA-N;[H]c1c([H])c([H])c2c(c1[H])C(=O)c1c([H])c([H])c([H])c(N([H])C(=O)[C@@]([H])(OC(=O)c3c([H])c([H])c([H])c([H])c3N([H])S(=O)(=O)c3c([H])c([H])c([H])c(N([H])[H])c3[H])C([H])([H])[H])c1C2=O
KICAMN.xaa_ZINC000230460776_27;-10.009956;-10.722545;-12.354;78;607.663;APZCOSXCECTGJQ-HHHXNRCGSA-N;[H]Oc1nc2c([H])c([H])c([H])c([H])n2c(=O)c1[C@@]([H])(c1c([H])c([H])c(OC([H])([H])C([H])([H])c2c([H])c([H])c3c(c2[H])C([H])([H])C([H])([H])O3)c([H])c1[H])C([H])([H])C(=O)N([H])C([H])([H])C([H])([H])c1c([H])c([H])c(O[H])c(O[H])c1[H]
KICAMN.xaa_ZINC000001610492_191;-10.0883442;-10.892748;-12.154;55;528.633;NBEVCZCMLOZMFY-UHFFFAOYSA-N;[H]c1c([H])c([H])c(S(=O)(=O)c2c([H])c(N([H])S(=O)(=O)c3c([H])c([H])c([H])c([H])c3[H])c([H])c([H])c2N([H])S(=O)(=O)c2c([H])c([H])c([H])c([H])c2[H])c([H])c1[H]
KICAMN.xaa_ZINC000001610492_192;-10.0883442;-10.892748;-12.126;55;528.633;NBEVCZCMLOZMFY-UHFFFAOYSA-N;[H]c1c([H])c([H])c(S(=O)(=O)c2c([H])c(N([H])S(=O)(=O)c3c([H])c([H])c([H])c([H])c3[H])c([H])c([H])c2N([H])S(=O)(=O)c2c([H])c([H])c([H])c([H])c2[H])c([H])c1[H]
KKBAMN.xaa_ZINC000008399914_1;-10.6083642;-11.270617;-11.053;70;604.626;WDIMKQNXWZTSQW-UHFFFAOYSA-N;[H]c1c([H])c([H])c(-c2nc(-c3c([H])c([H])c([N+](=O)[O-])c([H])c3[H])c(-c3c([H])c([H])c(-c4nc(-c5c([H])c([H])c([H])c([H])c5[H])n([H])c4-c4c([H])c([H])c([N+](=O)[O-])c([H])c4[H])c([H])c3[H])n2[H])c([H])c1[H]
KKBAMN.xaa_ZINC000008399914_2;-10.590431;-11.328869;-8.407;70;604.626;WDIMKQNXWZTSQW-UHFFFAOYSA-N;[H]c1c([H])c([H])c(-c2nc(-c3c([H])c([H])c([N+](=O)[O-])c([H])c3[H])c(-c3c([H])c([H])c(-c4c(-c5c([H])c([H])c([N+](=O)[O-])c([H])c5[H])nc(-c5c([H])c([H])c([H])c([H])c5[H])n4[H])c([H])c3[H])n2[H])c([H])c1[H]
KKBAMN.xaa_ZINC000008424745_5;-10.466532400000002;-11.400629;-9.876;70;604.626;OJYVHIDISULMHY-UHFFFAOYSA-N;[H]c1c([H])c([H])c(-c2nc(-c3c([H])c([H])c([N+](=O)[O-])c([H])c3[H])n([H])c2-c2c([H])c([H])c([H])c(-c3nc(-c4c([H])c([H])c([N+](=O)[O-])c([H])c4[H])n([H])c3-c3c([H])c([H])c([H])c([H])c3[H])c2[H])c([H])c1[H]
KKBAMN.xaa_ZINC000008424745_6;-10.2647884;-10.982396;-10.258;70;604.626;OJYVHIDISULMHY-UHFFFAOYSA-N;[H]c1c([H])c([H])c(-c2c(-c3c([H])c([H])c([H])c(-c4nc(-c5c([H])c([H])c([N+](=O)[O-])c([H])c5[H])n([H])c4-c4c([H])c([H])c([H])c([H])c4[H])c3[H])nc(-c3c([H])c([H])c([N+](=O)[O-])c([H])c3[H])n2[H])c([H])c1[H]
KKBAMN.xaa_ZINC000102723894_10;-10.9158216;-11.38694;-11.687;67;537.576;IDHLVRROVSWQJC-QQXSKIMKSA-N;[H]/C(=C1\C(=O)N(C([H])([H])c2c([H])c([H])c([H])c([N+](=O)[O-])c2[H])C(=O)N1[H])c1c(C([H])([H])c2c([H])c([H])c([H])c([H])c2C([H])([H])[H])n([H])n(-c2c([H])c([H])c([H])c(C([H])([H])[H])c2C([H])([H])[H])c1=O
KKBAMN.xaa_ZINC000097995670_15;-10.0334154;-10.593613;-10.713;71;554.603;SSTVHCNXKXWZLR-UHFFFAOYSA-N;[H]c1c(C(=O)N([H])c2c([H])c(C(=O)OC([H])([H])C([H])([H])[H])c([H])c([H])c2N2C([H])([H])C([H])([H])N(C([H])([H])c3c([H])c([H])c([H])c([H])c3[H])C([H])([H])C2([H])[H])oc(-c2c([H])c([H])c([H])c([N+](=O)[O-])c2[H])c1[H]
KKBAMN.xaa_ZINC000008440359_16;-10.2915982;-10.787627;-11.736;63;535.046;SVSYCMUWYKADCH-UHFFFAOYSA-N;[H]c1c([H])c([H])c(C(=O)c2c([H])c([H])c(-c3nc(-c4c5c([H])c([H])c([H])c([H])c5c(Cl)c5c([H])c([H])c([H])c([H])c45)n([H])c3-c3c([H])c([H])c([H])c([H])c3[H])c([H])c2[H])c([H])c1[H]
KKBAMN.xaa_ZINC000102869286_31;-10.2090196;-10.566275;-9.732;49;519.967;SUDKIQDLVFIOMH-UHFFFAOYSA-N;[H]c1c([H])c(-c2nnc(Sc3c([H])c([H])c([N+](=O)[O-])c([H])c3S(=O)(=O)N([H])c3c([H])c([H])c(Cl)c([H])c3[H])n2C([H])([H])[H])c([H])c([H])c1F
KKBAMN.xaa_ZINC000102871708_33;-10.309082;-10.605425;-9.893;61;553.502;QTLMOCYPKHNIAW-AREMUKBSSA-N;[H]Oc1c2c(c(O[H])n1-c1c([H])c([H])c(F)c([H])c1[H])[C@@]([H])(c1c([H])c([H])c(OC(=O)c3c([H])c([H])c([H])c([H])c3[H])c([H])c1[H])N(c1c([H])c([H])c([H])c([N+](=O)[O-])c1[H])O2
KKBAMN.xaa_ZINC000102871716_34;-10.309082;-10.605425;-9.978;61;553.502;QTLMOCYPKHNIAW-AREMUKBSSA-N;[H]Oc1c2c(c(O[H])n1-c1c([H])c([H])c(F)c([H])c1[H])[C@@]([H])(c1c([H])c([H])c(OC(=O)c3c([H])c([H])c([H])c([H])c3[H])c([H])c1[H])N(c1c([H])c([H])c([H])c([N+](=O)[O-])c1[H])O2
KKBAMN.xaa_ZINC000102877567_40;-10.3520177;-10.574513;-10.829;68;614.01;FVJUKPJGUPPHIF-MUUNZHRXSA-N;[H]Oc1c2c(c(O[H])n1-c1c([H])c([H])c([H])c(Cl)c1C([H])([H])[H])[C@@]([H])(c1c([H])c([H])c(OC(=O)c3c([H])c([H])c([H])c([H])c3[H])c(OC([H])([H])[H])c1[H])N(c1c([H])c([H])c([H])c([N+](=O)[O-])c1[H])O2
KKBAMN.xaa_ZINC000102877571_41;-10.3520177;-10.574513;-10.551;68;614.01;FVJUKPJGUPPHIF-MUUNZHRXSA-N;[H]Oc1c2c(c(O[H])n1-c1c([H])c([H])c([H])c(Cl)c1C([H])([H])[H])[C@@]([H])(c1c([H])c([H])c(OC(=O)c3c([H])c([H])c([H])c([H])c3[H])c(OC([H])([H])[H])c1[H])N(c1c([H])c([H])c([H])c([N+](=O)[O-])c1[H])O2
KKBAMN.xaa_ZINC000008743643_54;-10.1734437;-10.546359;-11.186;62;523.035;PTNAJCHYSNTFLM-UHFFFAOYSA-N;[H]c1c([H])c([H])c(Oc2c([H])c([H])c(-c3c(-c4c([H])c([H])c([H])c([H])c4[H])nc(-c4c5c([H])c([H])c([H])c([H])c5c(Cl)c5c([H])c([H])c([H])c([H])c45)n3[H])c([H])c2[H])c([H])c1[H]
KKBAMN.xaa_ZINC000102896316_55;-10.392348000000002;-10.633905;-11.121;68;579.565;PYEPQFXGMBZKGH-MUUNZHRXSA-N;[H]Oc1c2c(c(O[H])n1-c1c([H])c([H])c([H])c(C([H])([H])[H])c1[H])[C@@]([H])(c1c([H])c([H])c(OC(=O)c3c([H])c([H])c([H])c([H])c3[H])c(OC([H])([H])[H])c1[H])N(c1c([H])c([H])c([H])c([N+](=O)[O-])c1[H])O2
KKBAMN.xaa_ZINC000102896314_56;-10.392348000000002;-10.633905;-10.541;68;579.565;PYEPQFXGMBZKGH-MUUNZHRXSA-N;[H]Oc1c2c(c(O[H])n1-c1c([H])c([H])c([H])c(C([H])([H])[H])c1[H])[C@@]([H])(c1c([H])c([H])c(OC(=O)c3c([H])c([H])c([H])c([H])c3[H])c(OC([H])([H])[H])c1[H])N(c1c([H])c([H])c([H])c([N+](=O)[O-])c1[H])O2
KKBAMN.xaa_ZINC000227076604_64;-10.3520177;-10.574513;-10.827;68;614.01;FVJUKPJGUPPHIF-MUUNZHRXSA-N;[H]Oc1c2c(c(O[H])n1-c1c([H])c([H])c([H])c(Cl)c1C([H])([H])[H])[C@@]([H])(c1c([H])c([H])c(OC(=O)c3c([H])c([H])c([H])c([H])c3[H])c(OC([H])([H])[H])c1[H])N(c1c([H])c([H])c([H])c([N+](=O)[O-])c1[H])O2
KKBAMN.xaa_ZINC000102925779_65;-10.342462;-10.5726;-12.063;58;596.042;CGETXEIVDPIUKI-UHFFFAOYSA-N;[H]c1c([H])c([H])c2c(c1[H])Sc1c([H])c([H])c([H])c([H])c1N2C(=O)C([H])([H])OC(=O)c1c([H])c([H])c(N([H])S(=O)(=O)c2c([H])c([H])c(Cl)c([N+](=O)[O-])c2[H])c([H])c1[H]
KKBAMN.xaa_ZINC000227245312_66;-10.392348000000002;-10.633905;-11.157;68;579.565;PYEPQFXGMBZKGH-MUUNZHRXSA-N;[H]Oc1c2c(c(O[H])n1-c1c([H])c([H])c([H])c(C([H])([H])[H])c1[H])[C@@]([H])(c1c([H])c([H])c(OC(=O)c3c([H])c([H])c([H])c([H])c3[H])c(OC([H])([H])[H])c1[H])N(c1c([H])c([H])c([H])c([N+](=O)[O-])c1[H])O2
KKBAMN.xaa_ZINC000008386733_70;-11.1090464;-11.85688;-4.937;80;714.698;XAZPHBWQVJWRMD-UHFFFAOYSA-N;[H]c1c([H])c([H])c([N+](=O)[O-])c(C(=O)N([H])c2c([H])c([H])c(-c3nc4c([H])c([H])c(-c5c([H])c([H])c6nc(-c7c([H])c([H])c(N([H])C(=O)c8c([H])c([H])c([H])c([H])c8[N+](=O)[O-])c([H])c7[H])n([H])c6c5[H])c([H])c4n3[H])c([H])c2[H])c1[H]
KKBAMN.xaa_ZINC000008386733_71;-11.1090464;-11.85688;-8.497;80;714.698;XAZPHBWQVJWRMD-UHFFFAOYSA-N;[H]c1c([H])c([H])c([N+](=O)[O-])c(C(=O)N([H])c2c([H])c([H])c(-c3nc4c([H])c([H])c(-c5c([H])c([H])c6nc(-c7c([H])c([H])c(N([H])C(=O)c8c([H])c([H])c([H])c([H])c8[N+](=O)[O-])c([H])c7[H])n([H])c6c5[H])c([H])c4n3[H])c([H])c2[H])c1[H]
KKBAMN.xaa_ZINC000229875359_85;-10.3649304;-10.755386;-9.449;76;597.671;CLHDAUXYXIBFAM-HTSRKFHSSA-N;[H]O/C(=C1/[C@]([H])(C(=O)c2c([H])c([H])c([H])c([N+](=O)[O-])c2[H])N2c3c([H])c([H])c([H])c([H])c3C([H])=C([H])[C@@]2([H])[C@@]12C(=O)N([H])c1c([H])c([H])c([H])c([H])c12)c1c([H])c([H])c(C([H])([H])C([H])(C([H])([H])[H])C([H])([H])[H])c([H])c1[H]
KKBAMN.xaa_ZINC000150391567_112;-10.936970400000002;-11.430346;-11.379;68;653.595;QXDQRUNQNHPAKF-UQQQWYQISA-N;[H]/C(=C1/C(=O)N(c2c([H])c([H])c([H])c(C(F)(F)F)c2[H])C(=O)c2c([H])c([H])c([H])c([H])c21)N([H])N([H])c1c([H])c([H])c([N+](=O)[O-])c([H])c1S(=O)(=O)N([H])c1c([H])c([H])c(OC([H])([H])[H])c([H])c1[H]
KKBAMN.xaa_ZINC000229931840_116;-10.0280874;-10.509909;-10.298;79;611.698;WJCFHGJEMCPRGL-NSEKJFQJSA-N;[H]O/C(=C1/[C@]([H])(C(=O)c2c([H])c([H])c([N+](=O)[O-])c([H])c2[H])N2c3c([H])c([H])c([H])c([H])c3C([H])=C([H])[C@@]2([H])[C@@]12C(=O)N([H])c1c([H])c([H])c([H])c([H])c12)c1c([H])c([H])c(C([H])([H])C([H])([H])C([H])([H])C([H])([H])C([H])([H])[H])c([H])c1[H]
KKBAMN.xaa_ZINC000229930968_119;-10.0939704;-10.406939;-10.516;76;597.671;WPXWWBZWPBPCPZ-HTSRKFHSSA-N;[H]O/C(=C1/[C@]([H])(C(=O)c2c([H])c([H])c([N+](=O)[O-])c([H])c2[H])N2c3c([H])c([H])c([H])c([H])c3C([H])=C([H])[C@@]2([H])[C@@]12C(=O)N([H])c1c([H])c([H])c([H])c([H])c12)c1c([H])c([H])c(C([H])([H])C([H])(C([H])([H])[H])C([H])([H])[H])c([H])c1[H]
KKBAMN.xaa_ZINC000008871962_135;-10.3929382;-10.798815;-11.377;57;516.531;BURPTRQKQYLEFS-UHFFFAOYSA-N;[H]c1c([H])c([H])c(C([H])([H])OC(=O)c2c(C([H])([H])[H])oc3c2c([H])c(N([H])S(=O)(=O)c2c([H])c([H])c([H])c([N+](=O)[O-])c2[H])c2c([H])c([H])c([H])c([H])c23)c([H])c1[H]
KKBAMN.xaa_ZINC000100024165_149;-10.5494506;-11.54339;-10.597;70;604.626;VRQKUZPQOOOJQV-UHFFFAOYSA-N;[H]c1c([H])c([H])c(-c2nc(-c3c([H])c([H])c([H])c(-c4nc(-c5c([H])c([H])c([N+](=O)[O-])c([H])c5[H])c(-c5c([H])c([H])c([H])c([H])c5[H])n4[H])c3[H])n([H])c2-c2c([H])c([H])c([N+](=O)[O-])c([H])c2[H])c([H])c1[H]
KKBAMN.xaa_ZINC000100024165_150;-10.223995;-11.25517;-10.23;70;604.626;VRQKUZPQOOOJQV-UHFFFAOYSA-N;[H]c1c([H])c([H])c(-c2c(-c3c([H])c([H])c([N+](=O)[O-])c([H])c3[H])nc(-c3c([H])c([H])c([H])c(-c4nc(-c5c([H])c([H])c([N+](=O)[O-])c([H])c5[H])c(-c5c([H])c([H])c([H])c([H])c5[H])n4[H])c3[H])n2[H])c([H])c1[H]
KKBAMN.xaa_ZINC000102975760_157;-10.2781131;-10.782143;-12.35;60;576.612;JHLCHDCDQDOPPG-INIZCTEOSA-N;[H]c1sc2nc([C@@]([H])(OC(=O)c3c([H])c([H])c(N([H])S(=O)(=O)c4c([H])c([H])c([H])c([N+](=O)[O-])c4[H])c([H])c3[H])C([H])([H])[H])n([H])c(=O)c2c1-c1c([H])c([H])c([H])c([H])c1[H]
KKBAMN.xaa_ZINC000102975762_158;-10.2784056;-10.739933;-12.441;60;576.612;JHLCHDCDQDOPPG-MRXNPFEDSA-N;[H]c1sc2nc([C@]([H])(OC(=O)c3c([H])c([H])c(N([H])S(=O)(=O)c4c([H])c([H])c([H])c([N+](=O)[O-])c4[H])c([H])c3[H])C([H])([H])[H])n([H])c(=O)c2c1-c1c([H])c([H])c([H])c([H])c1[H]
KKBAMN.xaa_ZINC000100041991_159;-10.393652400000002;-11.03462;-9.118;70;604.626;IHZAULOMKSKXSA-UHFFFAOYSA-N;[H]c1c([H])c([H])c(-c2nc(-c3c([H])c([H])c(-c4nc(-c5c([H])c([H])c([N+](=O)[O-])c([H])c5[H])c(-c5c([H])c([H])c([H])c([H])c5[H])n4[H])c([H])c3[H])n([H])c2-c2c([H])c([H])c([N+](=O)[O-])c([H])c2[H])c([H])c1[H]
KKBAMN.xaa_ZINC000100041991_160;-10.295140600000002;-10.940549;-8.907;70;604.626;IHZAULOMKSKXSA-UHFFFAOYSA-N;[H]c1c([H])c([H])c(-c2c(-c3c([H])c([H])c([N+](=O)[O-])c([H])c3[H])nc(-c3c([H])c([H])c(-c4nc(-c5c([H])c([H])c([N+](=O)[O-])c([H])c5[H])c(-c5c([H])c([H])c([H])c([H])c5[H])n4[H])c([H])c3[H])n2[H])c([H])c1[H]
KKBAMN.xaa_ZINC000103004427_167;-10.9265076;-11.325544;-11.435;63;605.028;WPQGBFZNQLXRMV-QJOMJCCJSA-N;[H]/C(=C1/C(=O)N(c2c([H])c([H])c([H])c(S(=O)(=O)N([H])c3c([H])c([H])c([H])c([H])c3OC([H])([H])[H])c2[H])C(=O)c2c([H])c([H])c([H])c([H])c21)N([H])c1c([H])c([H])c(Cl)c([N+](=O)[O-])c1[H]
KKBAMN.xaa_ZINC000103004639_168;-10.5604422;-10.884048;-10.574;71;613.652;XAFDGCPWXIDJEP-ITYLOYPMSA-N;[H]/C(=C1/C(=O)N(c2c([H])c([H])c(C([H])([H])[H])c([H])c2C([H])([H])[H])C(=O)c2c([H])c([H])c([H])c([H])c21)N([H])N([H])c1c([H])c([H])c([N+](=O)[O-])c([H])c1S(=O)(=O)N([H])c1c([H])c([H])c(OC([H])([H])[H])c([H])c1[H]
KKBAMN.xaa_ZINC000103024161_172;-10.476563;-11.062829;-10.171;77;556.667;KNSVFSOLUMGNBV-UHFFFAOYSA-N;[H]c1c([H])c([H])c(C([H])([H])N2C([H])([H])C([H])([H])N(c3c([H])c([H])c(N([H])C(=O)N([H])c4c([H])c([H])c([N+](=O)[O-])c([H])c4[H])c([H])c3C(=O)N([H])C3([H])C([H])([H])C([H])([H])C([H])([H])C([H])([H])C3([H])[H])C([H])([H])C2([H])[H])c([H])c1[H]
KKBAMN.xaa_ZINC000245311332_174;-10.3672454;-11.112554;-9.099;76;597.671;CLHDAUXYXIBFAM-YVNKYLDPSA-N;[H]O/C(=C1/[C@]([H])(C(=O)c2c([H])c([H])c([H])c([N+](=O)[O-])c2[H])N2c3c([H])c([H])c([H])c([H])c3C([H])=C([H])[C@@]2([H])[C@]12C(=O)N([H])c1c([H])c([H])c([H])c([H])c12)c1c([H])c([H])c(C([H])([H])C([H])(C([H])([H])[H])C([H])([H])[H])c([H])c1[H]
KKBAMN.xaa_ZINC000248201768_186;-10.0232624;-10.691007;-8.938;76;597.671;WPXWWBZWPBPCPZ-YVNKYLDPSA-N;[H]O/C(=C1/[C@]([H])(C(=O)c2c([H])c([H])c([N+](=O)[O-])c([H])c2[H])N2c3c([H])c([H])c([H])c([H])c3C([H])=C([H])[C@@]2([H])[C@]12C(=O)N([H])c1c([H])c([H])c([H])c([H])c12)c1c([H])c([H])c(C([H])([H])C([H])(C([H])([H])[H])C([H])([H])[H])c([H])c1[H]
KKBAMN.xaa_ZINC000103083442_206;-10.7008896;-10.983927;-11.491;59;527.558;KIGZFOACEYQRLO-BMRADRMJSA-N;[H]/C(=C1\c2nc3c([H])c([H])c([H])c([H])c3c(C(=O)OC([H])([H])C(=O)N([H])C(=O)c3c([H])c([H])c([H])c([N+](=O)[O-])c3[H])c2C([H])([H])C([H])([H])C1([H])[H])c1sc([H])c([H])c1[H]
KKBAMN.xaa_ZINC000103083440_207;-10.4298827;-10.599893;-10.522;59;527.558;KIGZFOACEYQRLO-ICFOKQHNSA-N;[H]/C(=C1/c2nc3c([H])c([H])c([H])c([H])c3c(C(=O)OC([H])([H])C(=O)N([H])C(=O)c3c([H])c([H])c([H])c([N+](=O)[O-])c3[H])c2C([H])([H])C([H])([H])C1([H])[H])c1sc([H])c([H])c1[H]
KKBAMN.xaa_ZINC000253487297_211;-10.0022844;-10.405075;-8.937;79;611.698;WJCFHGJEMCPRGL-LWTAEDMNSA-N;[H]O/C(=C1/[C@]([H])(C(=O)c2c([H])c([H])c([N+](=O)[O-])c([H])c2[H])N2c3c([H])c([H])c([H])c([H])c3C([H])=C([H])[C@@]2([H])[C@]12C(=O)N([H])c1c([H])c([H])c([H])c([H])c12)c1c([H])c([H])c(C([H])([H])C([H])([H])C([H])([H])C([H])([H])C([H])([H])[H])c([H])c1[H]
KKBAMN.xaa_ZINC000053356561_227;-10.0021343;-10.319177;-10.16;61;526.061;JPBHRXMBDJBGIA-RNWIMVQKSA-N;[H]c1c([H])c([H])c([C@]2([H])c3c(n([H])c4c([H])c([H])c([H])c([H])c34)[C@@]([H])(c3c([H])c([H])c(Sc4c([H])c([H])c(C([H])([H])[H])c([H])c4[H])c([N+](=O)[O-])c3[H])N([H])C2([H])[H])c(Cl)c1[H]
KKBAMN.xaa_ZINC000104059202_238;-10.1144977;-10.401566;-10.879;68;579.565;JPBJLEWHGPKKIB-MUUNZHRXSA-N;[H]Oc1c2c(c(O[H])n1-c1c([H])c([H])c([H])c([H])c1C([H])([H])[H])[C@@]([H])(c1c([H])c([H])c(OC(=O)c3c([H])c([H])c([H])c([H])c3[H])c(OC([H])([H])[H])c1[H])N(c1c([H])c([H])c([H])c([N+](=O)[O-])c1[H])O2
KKBAMN.xaa_ZINC000104059199_239;-10.1144977;-10.401566;-10.875;68;579.565;JPBJLEWHGPKKIB-MUUNZHRXSA-N;[H]Oc1c2c(c(O[H])n1-c1c([H])c([H])c([H])c([H])c1C([H])([H])[H])[C@@]([H])(c1c([H])c([H])c(OC(=O)c3c([H])c([H])c([H])c([H])c3[H])c(OC([H])([H])[H])c1[H])N(c1c([H])c([H])c([H])c([N+](=O)[O-])c1[H])O2
KKBAMN.xaa_ZINC000012497113_247;-10.2248354;-10.731619;-11.627;64;525.587;CDTQWXQGELKRAY-UHFFFAOYSA-N;[H]c1c([H])c([H])c(N([H])S(=O)(=O)c2c([H])c(N([H])C(=O)N([H])c3c([H])c([H])c([H])c([N+](=O)[O-])c3[H])c([H])c([H])c2N2C([H])([H])C([H])([H])C([H])([H])C([H])([H])C2([H])[H])c(OC([H])([H])[H])c1[H]
KKBAMN.xaa_ZINC000012564517_253;-10.7685528;-10.996942;-10.338;52;503.561;PUQBXXAZALMQCN-UHFFFAOYSA-N;[H]c1c([H])c([H])c2c(c1[H])Sc1c([H])c([H])c([H])c([H])c1N2C(=O)c1c([H])c([H])c(N([H])S(=O)(=O)c2c([H])c([H])c([H])c([N+](=O)[O-])c2[H])c([H])c1[H]
KKBAMN.xaa_ZINC000106015294_263;-10.309082;-10.605425;-9.887;61;553.502;QTLMOCYPKHNIAW-AREMUKBSSA-N;[H]Oc1c2c(c(O[H])n1-c1c([H])c([H])c(F)c([H])c1[H])[C@@]([H])(c1c([H])c([H])c(OC(=O)c3c([H])c([H])c([H])c([H])c3[H])c([H])c1[H])N(c1c([H])c([H])c([H])c([N+](=O)[O-])c1[H])O2
KKBAMN.xaa_ZINC000106015291_264;-10.309082;-10.605425;-9.819;61;553.502;QTLMOCYPKHNIAW-AREMUKBSSA-N;[H]Oc1c2c(c(O[H])n1-c1c([H])c([H])c(F)c([H])c1[H])[C@@]([H])(c1c([H])c([H])c(OC(=O)c3c([H])c([H])c([H])c([H])c3[H])c([H])c1[H])N(c1c([H])c([H])c([H])c([N+](=O)[O-])c1[H])O2
KKBAMN.xaa_ZINC000106016293_265;-10.3520177;-10.574513;-10.847;68;614.01;FVJUKPJGUPPHIF-MUUNZHRXSA-N;[H]Oc1c2c(c(O[H])n1-c1c([H])c([H])c([H])c(Cl)c1C([H])([H])[H])[C@@]([H])(c1c([H])c([H])c(OC(=O)c3c([H])c([H])c([H])c([H])c3[H])c(OC([H])([H])[H])c1[H])N(c1c([H])c([H])c([H])c([N+](=O)[O-])c1[H])O2
KKBAMN.xaa_ZINC000106020936_266;-10.517971800000002;-10.742062;-9.271;61;569.957;QJKXOFFHIUSQIT-AREMUKBSSA-N;[H]Oc1c2c(c(O[H])n1-c1c([H])c([H])c(Cl)c([H])c1[H])[C@@]([H])(c1c([H])c([H])c(OC(=O)c3c([H])c([H])c([H])c([H])c3[H])c([H])c1[H])N(c1c([H])c([H])c([H])c([N+](=O)[O-])c1[H])O2
KKBAMN.xaa_ZINC000106020943_267;-10.392348000000002;-10.633905;-10.918;68;579.565;PYEPQFXGMBZKGH-MUUNZHRXSA-N;[H]Oc1c2c(c(O[H])n1-c1c([H])c([H])c([H])c(C([H])([H])[H])c1[H])[C@@]([H])(c1c([H])c([H])c(OC(=O)c3c([H])c([H])c([H])c([H])c3[H])c(OC([H])([H])[H])c1[H])N(c1c([H])c([H])c([H])c([N+](=O)[O-])c1[H])O2
KKBAMN.xaa_ZINC000106020937_268;-10.517971800000002;-10.742062;-9.588;61;569.957;QJKXOFFHIUSQIT-AREMUKBSSA-N;[H]Oc1c2c(c(O[H])n1-c1c([H])c([H])c(Cl)c([H])c1[H])[C@@]([H])(c1c([H])c([H])c(OC(=O)c3c([H])c([H])c([H])c([H])c3[H])c([H])c1[H])N(c1c([H])c([H])c([H])c([N+](=O)[O-])c1[H])O2
KKBAMN.xaa_ZINC000150346547_311;-11.3751516;-12.273903;-3.977;85;760.723;OLQCULVNIAZWAC-UHFFFAOYSA-N;[H]c1c([H])c([H])c([N+](=O)[O-])c(C(=O)N([H])c2c([H])c([H])c(C(=O)N([H])c3c([H])c([H])c(-c4nc5c([H])c([H])c(N([H])C(=O)c6c([H])c([H])c(N([H])C(=O)c7c([H])c([H])c([H])c([H])c7[N+](=O)[O-])c([H])c6[H])c([H])c5n4[H])c([H])c3[H])c([H])c2[H])c1[H]
KKBAMN.xaa_ZINC000150346571_313;-12.2241366;-12.658344;-13.362;81;696.723;GRFXFTDLIUPUHY-UHFFFAOYSA-N;[H]c1c([H])c([H])c(-c2nc(-c3c([H])c([H])c([N+](=O)[O-])c([H])c3[H])c(-c3c([H])c([H])c(Oc4c([H])c([H])c(-c5nc(-c6c([H])c([H])c([H])c([H])c6[H])n([H])c5-c5c([H])c([H])c([N+](=O)[O-])c([H])c5[H])c([H])c4[H])c([H])c3[H])n2[H])c([H])c1[H]
KKBAMN.xaa_ZINC000150346571_314;-12.3763717;-12.83921;-12.053;81;696.723;GRFXFTDLIUPUHY-UHFFFAOYSA-N;[H]c1c([H])c([H])c(-c2nc(-c3c([H])c([H])c([N+](=O)[O-])c([H])c3[H])c(-c3c([H])c([H])c(Oc4c([H])c([H])c(-c5c(-c6c([H])c([H])c([N+](=O)[O-])c([H])c6[H])nc(-c6c([H])c([H])c([H])c([H])c6[H])n5[H])c([H])c4[H])c([H])c3[H])n2[H])c([H])c1[H]
KKBAMN.xaa_ZINC000150351396_316;-12.9056436;-14.210747;-9.646;85;786.717;BWDHDJSMTFGKGN-UHFFFAOYSA-N;[H]c1c([H])c(-c2nc(-c3c([H])c([H])c([N+](=O)[O-])c([H])c3[H])n([H])c2-c2c([H])c([H])c([N+](=O)[O-])c([H])c2[H])c([H])c([H])c1Oc1c([H])c([H])c(-c2c(-c3c([H])c([H])c([N+](=O)[O-])c([H])c3[H])nc(-c3c([H])c([H])c([N+](=O)[O-])c([H])c3[H])n2[H])c([H])c1[H]
KKBAMN.xaa_ZINC000150351396_317;-12.875736800000002;-14.098283;-9.613;85;786.717;BWDHDJSMTFGKGN-UHFFFAOYSA-N;[H]c1c([H])c(-c2c(-c3c([H])c([H])c([N+](=O)[O-])c([H])c3[H])nc(-c3c([H])c([H])c([N+](=O)[O-])c([H])c3[H])n2[H])c([H])c([H])c1Oc1c([H])c([H])c(-c2c(-c3c([H])c([H])c([N+](=O)[O-])c([H])c3[H])nc(-c3c([H])c([H])c([N+](=O)[O-])c([H])c3[H])n2[H])c([H])c1[H]
KKBAMN.xaa_ZINC000150351805_318;-11.6740634;-12.293498;-10.13;89;788.911;WNJVWDLRURGTJI-UHFFFAOYSA-N;[H]c1c([H])c(-c2nc(-c3c([H])c([H])c(SC([H])([H])[H])c([H])c3[H])n([H])c2-c2c([H])c([H])c([N+](=O)[O-])c([H])c2[H])c([H])c([H])c1Oc1c([H])c([H])c(-c2c(-c3c([H])c([H])c([N+](=O)[O-])c([H])c3[H])nc(-c3c([H])c([H])c(SC([H])([H])[H])c([H])c3[H])n2[H])c([H])c1[H]
KKBAMN.xaa_ZINC000150351805_319;-11.5005698;-12.018005;-10.282;89;788.911;WNJVWDLRURGTJI-UHFFFAOYSA-N;[H]c1c([H])c(-c2c(-c3c([H])c([H])c([N+](=O)[O-])c([H])c3[H])nc(-c3c([H])c([H])c(SC([H])([H])[H])c([H])c3[H])n2[H])c([H])c([H])c1Oc1c([H])c([H])c(-c2c(-c3c([H])c([H])c([N+](=O)[O-])c([H])c3[H])nc(-c3c([H])c([H])c(SC([H])([H])[H])c([H])c3[H])n2[H])c([H])c1[H]
KKBAMN.xaa_ZINC000150384228_320;-10.718817;-11.25523;-8.889;70;638.6;JVSUISXZDSZLCU-UHFFFAOYSA-N;[H]c1c([H])c([H])c([N+](=O)[O-])c(C(=O)N([H])c2c([H])c([H])c3c(nc(-c4c([H])c([H])c(-c5nc6c([H])c([H])c(N([H])C(=O)c7c([H])c([H])c([H])c([H])c7[N+](=O)[O-])c([H])c6n5[H])c([H])c4[H])n3[H])c2[H])c1[H]
KKBAMN.xaa_ZINC000150387679_321;-13.7452513;-14.59079;-11.481;79;694.707;ZIITZBDVZWTMNH-UHFFFAOYSA-N;[H]c1c([H])c([H])c(-c2c(-c3c([H])c([H])c4oc5c([H])c([H])c(-c6nc(-c7c([H])c([H])c([H])c([N+](=O)[O-])c7[H])n([H])c6-c6c([H])c([H])c([H])c([H])c6[H])c([H])c5c4c3[H])nc(-c3c([H])c([H])c([H])c([N+](=O)[O-])c3[H])n2[H])c([H])c1[H]
KKBAMN.xaa_ZINC000150387679_322;-13.7452513;-14.59079;-11.466;79;694.707;ZIITZBDVZWTMNH-UHFFFAOYSA-N;[H]c1c([H])c([H])c(-c2c(-c3c([H])c([H])c4oc5c([H])c([H])c(-c6nc(-c7c([H])c([H])c([H])c([N+](=O)[O-])c7[H])n([H])c6-c6c([H])c([H])c([H])c([H])c6[H])c([H])c5c4c3[H])nc(-c3c([H])c([H])c([H])c([N+](=O)[O-])c3[H])n2[H])c([H])c1[H]
KKBAMN.xaa_ZINC000004647381_324;-10.039493600000002;-10.332247;-10.385;70;536.654;XXQYKDPKUZAXCC-PMACEKPBSA-N;[H]c1c([H])c(N2C([H])([H])[C@@]([H])(C([H])([H])[H])C([H])([H])[C@]([H])(C([H])([H])[H])C2([H])[H])c(N([H])S(=O)(=O)c2c([H])c([H])c([N+](=O)[O-])c([H])c2[H])c([H])c1C(=O)N([H])c1c([H])c([H])c(C([H])([H])C([H])([H])[H])c([H])c1[H]
KKBAMN.xaa_ZINC000150406593_327;-10.5919957;-10.931584;-10.001;54;639.325;FVOIVUSQAHKSCE-SEXPAEGTSA-N;[H]Oc1c(Br)c([H])c(Br)c([H])c1/C([H])=c1/sc2n(c1=O)[C@]([H])(c1c([H])c([H])c([H])c([N+](=O)[O-])c1[H])C1=C(N=2)c2c([H])c([H])c([H])c([H])c2C([H])([H])C1([H])[H]
KKBAMN.xaa_ZINC000150406596_328;-10.4012876;-11.048894;-8.851;54;639.325;FVOIVUSQAHKSCE-XOBACGFXSA-N;[H]Oc1c(Br)c([H])c(Br)c([H])c1/C([H])=c1/sc2n(c1=O)[C@@]([H])(c1c([H])c([H])c([H])c([N+](=O)[O-])c1[H])C1=C(N=2)c2c([H])c([H])c([H])c([H])c2C([H])([H])C1([H])[H]
KKBAMN.xaa_ZINC000150406583_329;-10.7769394;-11.174452;-9.368;54;639.325;FVOIVUSQAHKSCE-IZBTWGKQSA-N;[H]Oc1c(Br)c([H])c(Br)c([H])c1/C([H])=c1\sc2n(c1=O)[C@@]([H])(c1c([H])c([H])c([H])c([N+](=O)[O-])c1[H])C1=C(N=2)c2c([H])c([H])c([H])c([H])c2C([H])([H])C1([H])[H]
KKBAMN.xaa_ZINC000150406581_330;-10.993184799999998;-11.621791;-10.097;54;639.325;FVOIVUSQAHKSCE-DKOMQPSQSA-N;[H]Oc1c(Br)c([H])c(Br)c([H])c1/C([H])=c1\sc2n(c1=O)[C@]([H])(c1c([H])c([H])c([H])c([N+](=O)[O-])c1[H])C1=C(N=2)c2c([H])c([H])c([H])c([H])c2C([H])([H])C1([H])[H]
KKBAMN.xaa_ZINC000150413117_333;-14.319619;-15.041037;-13.523;82;708.734;QFHCVCPNYLZCSF-UHFFFAOYSA-N;[H]c1c([H])c([H])c(-c2nc(-c3c([H])c([H])c([H])c([N+](=O)[O-])c3[H])n([H])c2-c2c([H])c([H])c(C(=O)c3c([H])c([H])c(-c4nc(-c5c([H])c([H])c([H])c([N+](=O)[O-])c5[H])n([H])c4-c4c([H])c([H])c([H])c([H])c4[H])c([H])c3[H])c([H])c2[H])c([H])c1[H]
KKBAMN.xaa_ZINC000150413117_334;-14.1099162;-14.805969;-13.768;82;708.734;QFHCVCPNYLZCSF-UHFFFAOYSA-N;[H]c1c([H])c([H])c(-c2c(-c3c([H])c([H])c(C(=O)c4c([H])c([H])c(-c5nc(-c6c([H])c([H])c([H])c([N+](=O)[O-])c6[H])n([H])c5-c5c([H])c([H])c([H])c([H])c5[H])c([H])c4[H])c([H])c3[H])nc(-c3c([H])c([H])c([H])c([N+](=O)[O-])c3[H])n2[H])c([H])c1[H]
KKBAMN.xaa_ZINC000150415368_336;-14.878674900000002;-15.785925;-13.225;85;786.717;SAYCEUGJDSCYSF-UHFFFAOYSA-N;[H]c1c([H])c(-c2nc(-c3c([H])c([H])c([N+](=O)[O-])c([H])c3[H])c(-c3c([H])c([H])c(Oc4c([H])c([H])c(-c5nc(-c6c([H])c([H])c([H])c([N+](=O)[O-])c6[H])n([H])c5-c5c([H])c([H])c([N+](=O)[O-])c([H])c5[H])c([H])c4[H])c([H])c3[H])n2[H])c([H])c([N+](=O)[O-])c1[H]
KKBAMN.xaa_ZINC000150415368_337;-14.6385198;-15.512629;-12.356;85;786.717;SAYCEUGJDSCYSF-UHFFFAOYSA-N;[H]c1c([H])c(-c2nc(-c3c([H])c([H])c([N+](=O)[O-])c([H])c3[H])c(-c3c([H])c([H])c(Oc4c([H])c([H])c(-c5c(-c6c([H])c([H])c([N+](=O)[O-])c([H])c6[H])nc(-c6c([H])c([H])c([H])c([N+](=O)[O-])c6[H])n5[H])c([H])c4[H])c([H])c3[H])n2[H])c([H])c([N+](=O)[O-])c1[H]
KKBAMN.xaa_ZINC000150428853_341;-12.2754394;-13.229006;-10.733;87;724.777;ZORRDAJCABBUDL-UHFFFAOYSA-N;[H]c1c([H])c(-c2nc(-c3c([H])c([H])c(C([H])([H])[H])c([H])c3[H])n([H])c2-c2c([H])c([H])c([N+](=O)[O-])c([H])c2[H])c([H])c([H])c1Oc1c([H])c([H])c(-c2c(-c3c([H])c([H])c([N+](=O)[O-])c([H])c3[H])nc(-c3c([H])c([H])c(C([H])([H])[H])c([H])c3[H])n2[H])c([H])c1[H]
KKBAMN.xaa_ZINC000150428853_342;-11.837837;-12.771608;-10.355;87;724.777;ZORRDAJCABBUDL-UHFFFAOYSA-N;[H]c1c([H])c(-c2c(-c3c([H])c([H])c([N+](=O)[O-])c([H])c3[H])nc(-c3c([H])c([H])c(C([H])([H])[H])c([H])c3[H])n2[H])c([H])c([H])c1Oc1c([H])c([H])c(-c2c(-c3c([H])c([H])c([N+](=O)[O-])c([H])c3[H])nc(-c3c([H])c([H])c(C([H])([H])[H])c([H])c3[H])n2[H])c([H])c1[H]
KKBAMN.xaa_ZINC000150435099_343;-10.9648344;-11.430781;-11.731;70;679.683;DIMXOQCVKOJLBR-UHFFFAOYSA-N;[H]c1c([H])c([H])c(N([H])S(=O)(=O)c2c([H])c([H])c(F)c([H])c2[H])c(C(=O)N([H])c2c([H])c([N+](=O)[O-])c([H])c([H])c2N([H])c2c([H])c([H])c([H])c([H])c2N([H])S(=O)(=O)c2c([H])c([H])c(F)c([H])c2[H])c1[H]
KKBAMN.xaa_ZINC000150445021_348;-10.936970400000002;-11.430346;-11.398;68;653.595;QXDQRUNQNHPAKF-UQQQWYQISA-N;[H]/C(=C1/C(=O)N(c2c([H])c([H])c([H])c(C(F)(F)F)c2[H])C(=O)c2c([H])c([H])c([H])c([H])c21)N([H])N([H])c1c([H])c([H])c([N+](=O)[O-])c([H])c1S(=O)(=O)N([H])c1c([H])c([H])c(OC([H])([H])[H])c([H])c1[H]
KKBAMN.xaa_ZINC000150452949_349;-13.0426873;-13.663767;-13.128;83;728.721;XDTGGVJROSCGHN-UHFFFAOYSA-N;[H]Oc1c([H])c([H])c([H])c(-c2nc(-c3c([H])c([H])c([N+](=O)[O-])c([H])c3[H])c(-c3c([H])c([H])c(Oc4c([H])c([H])c(-c5nc(-c6c([H])c([H])c([H])c(O[H])c6[H])n([H])c5-c5c([H])c([H])c([N+](=O)[O-])c([H])c5[H])c([H])c4[H])c([H])c3[H])n2[H])c1[H]
KKBAMN.xaa_ZINC000150452949_350;-13.2287068;-13.881513;-12.585;83;728.721;XDTGGVJROSCGHN-UHFFFAOYSA-N;[H]Oc1c([H])c([H])c([H])c(-c2nc(-c3c([H])c([H])c([N+](=O)[O-])c([H])c3[H])c(-c3c([H])c([H])c(Oc4c([H])c([H])c(-c5c(-c6c([H])c([H])c([N+](=O)[O-])c([H])c6[H])nc(-c6c([H])c([H])c([H])c(O[H])c6[H])n5[H])c([H])c4[H])c([H])c3[H])n2[H])c1[H]
KKBAMN.xaa_ZINC000005941401_360;-10.9265076;-11.325544;-11.439;63;605.028;WPQGBFZNQLXRMV-QJOMJCCJSA-N;[H]/C(=C1/C(=O)N(c2c([H])c([H])c([H])c(S(=O)(=O)N([H])c3c([H])c([H])c([H])c([H])c3OC([H])([H])[H])c2[H])C(=O)c2c([H])c([H])c([H])c([H])c21)N([H])c1c([H])c([H])c(Cl)c([N+](=O)[O-])c1[H]
KKBAMN.xaa_ZINC000006078565_365;-10.0776686;-10.436876;-11.128;65;565.457;FTSHJVMJZMTPPL-UHFFFAOYSA-N;[H]c1c([H])c(N([H])C(=O)c2c([H])c([N+](=O)[O-])c([H])c([H])c2N2C([H])([H])C([H])([H])N(C([H])([H])C([H])([H])[H])C([H])([H])C2([H])[H])c([H])c(Cl)c1Oc1c([H])c([H])c2c([H])c([H])c([H])c([H])c2c1Cl
KKBAMN.xaa_ZINC000159655022_366;-12.4114122;-13.003298;-10.163;81;712.791;BZGWSFXKKXXBOW-UHFFFAOYSA-N;[H]c1c([H])c([H])c(-c2nc(-c3c([H])c([H])c([N+](=O)[O-])c([H])c3[H])n([H])c2-c2c([H])c([H])c(Sc3c([H])c([H])c(-c4nc(-c5c([H])c([H])c([N+](=O)[O-])c([H])c5[H])n([H])c4-c4c([H])c([H])c([H])c([H])c4[H])c([H])c3[H])c([H])c2[H])c([H])c1[H]
KKBAMN.xaa_ZINC000159655022_367;-12.2733576;-12.921197;-10.292;81;712.791;BZGWSFXKKXXBOW-UHFFFAOYSA-N;[H]c1c([H])c([H])c(-c2c(-c3c([H])c([H])c(Sc4c([H])c([H])c(-c5nc(-c6c([H])c([H])c([N+](=O)[O-])c([H])c6[H])n([H])c5-c5c([H])c([H])c([H])c([H])c5[H])c([H])c4[H])c([H])c3[H])nc(-c3c([H])c([H])c([N+](=O)[O-])c([H])c3[H])n2[H])c([H])c1[H]
KKBAMN.xaa_ZINC000006142497_370;-10.1772506;-10.509116;-11.029;60;513.015;LUFLXRSCTRUMDK-HNNXBMFYSA-N;[H]c1c([H])c(S(=O)(=O)N([H])c2c([H])c3c4c(oc3c3c([H])c([H])c([H])c([H])c23)C([H])([H])C([H])([H])[C@]([H])(C(C([H])([H])[H])(C([H])([H])[H])C([H])([H])[H])C4([H])[H])c([H])c([N+](=O)[O-])c1Cl
KKBAMN.xaa_ZINC000006142496_371;-10.2107647;-10.482438;-11.077;60;513.015;LUFLXRSCTRUMDK-OAHLLOKOSA-N;[H]c1c([H])c(S(=O)(=O)N([H])c2c([H])c3c4c(oc3c3c([H])c([H])c([H])c([H])c23)C([H])([H])C([H])([H])[C@@]([H])(C(C([H])([H])[H])(C([H])([H])[H])C([H])([H])[H])C4([H])[H])c([H])c([N+](=O)[O-])c1Cl
KKBAMN.xaa_ZINC000000859511_373;-10.0844508;-10.253112;-9.746;43;510.753;FEQKGLXASMOKJC-UHFFFAOYSA-N;[H]c1c([H])c(N([H])C(=O)c2c([H])c([H])c(Br)c(S(=O)(=O)N([H])c3c([H])c([H])c(Cl)c([H])c3[H])c2[H])c([H])c([N+](=O)[O-])c1[H]
KKBAMN.xaa_ZINC000198725790_379;-10.6158812;-11.208779;-11.839;64;565.611;DWIDCPCGFDORBN-PKAZHMFMSA-N;[H]O/C(C(=O)N([H])c1c([H])c([N+](=O)[O-])c([H])c([H])c1C([H])([H])[H])=C(/[H])C(=O)c1sc(-n2nc(-c3c([H])c([H])c([H])c([H])c3[H])c([H])c2-c2c([H])c([H])c([H])c([H])c2[H])nc1C([H])([H])[H]
KKBAMN.xaa_ZINC000006445406_383;-11.5098024;-11.719276;-10.585;57;522.477;BPERJFCAQODQKA-UHFFFAOYSA-N;[H]c1c([H])c(C(=O)N([H])c2c([H])c([H])c(-c3nc4c([H])c([H])c(N([H])C(=O)c5c([H])c([H])c([H])c([N+](=O)[O-])c5[H])c([H])c4n3[H])c([H])c2[H])c([H])c([N+](=O)[O-])c1[H]
KKBAMN.xaa_ZINC000006446745_385;-10.748064;-11.054981;-11.972;53;524.374;CYUKIRGZORXBIH-UHFFFAOYSA-N;[H]c1c([H])c([H])c(C(=O)c2c([H])c([H])c([H])c(-c3nc(-c4c([H])c([H])c(Br)c([N+](=O)[O-])c4[H])n([H])c3-c3c([H])c([H])c([H])c([H])c3[H])c2[H])c([H])c1[H]
KKBAMN.xaa_ZINC000006446732_386;-12.6498698;-13.28132;-13.552;70;604.626;RANJOAAIEBXABI-UHFFFAOYSA-N;[H]c1c([H])c([H])c(-c2nc(-c3c([H])c([H])c([H])c([N+](=O)[O-])c3[H])n([H])c2-c2c([H])c([H])c(-c3nc(-c4c([H])c([H])c([H])c([N+](=O)[O-])c4[H])n([H])c3-c3c([H])c([H])c([H])c([H])c3[H])c([H])c2[H])c([H])c1[H]
KKBAMN.xaa_ZINC000006446732_387;-12.803402799999995;-13.406373;-13.163;70;604.626;RANJOAAIEBXABI-UHFFFAOYSA-N;[H]c1c([H])c([H])c(-c2c(-c3c([H])c([H])c(-c4nc(-c5c([H])c([H])c([H])c([N+](=O)[O-])c5[H])n([H])c4-c4c([H])c([H])c([H])c([H])c4[H])c([H])c3[H])nc(-c3c([H])c([H])c([H])c([N+](=O)[O-])c3[H])n2[H])c([H])c1[H]
KKBAMN.xaa_ZINC000020133694_392;-10.0766916;-10.58862;-9.796;59;501.568;KRPXNZFSMKGNTL-HSZRJFAPSA-N;[H]c1c([H])c([N+](=O)[O-])c([H])c([C@]2([H])C(C(=O)OC([H])([H])C([H])([H])[H])=C(C([H])([H])[H])N([H])c3nc(SC([H])([H])c4c([H])c([H])c5c([H])c([H])c([H])c([H])c5c4[H])nn32)c1[H]
KKBAMN.xaa_ZINC000020133697_393;-10.1433616;-10.614216;-10.334;59;501.568;KRPXNZFSMKGNTL-QHCPKHFHSA-N;[H]c1c([H])c([N+](=O)[O-])c([H])c([C@@]2([H])C(C(=O)OC([H])([H])C([H])([H])[H])=C(C([H])([H])[H])N([H])c3nc(SC([H])([H])c4c([H])c([H])c5c([H])c([H])c([H])c([H])c5c4[H])nn32)c1[H]
KKBAMN.xaa_ZINC000071257463_397;-10.1299138;-10.387453;-10.697;71;524.617;GYWPAIAUFMGISM-XMMPIXPASA-N;[H]c1c([H])c([H])c(C([H])([H])Oc2c([H])c([H])c(C(=O)C([H])([H])N(C([H])([H])c3c([H])c([H])c([H])c([H])c3[H])[C@]([H])(C([H])([H])[H])C([H])([H])c3c([H])c([H])c(OC([H])([H])[H])c([H])c3[H])c([H])c2[N+](=O)[O-])c([H])c1[H]
KKBAMN.xaa_ZINC000071257462_398;-10.8167613;-11.1030855;-11.854;71;524.617;GYWPAIAUFMGISM-DEOSSOPVSA-N;[H]c1c([H])c([H])c(C([H])([H])Oc2c([H])c([H])c(C(=O)C([H])([H])N(C([H])([H])c3c([H])c([H])c([H])c([H])c3[H])[C@@]([H])(C([H])([H])[H])C([H])([H])c3c([H])c([H])c(OC([H])([H])[H])c([H])c3[H])c([H])c2[N+](=O)[O-])c([H])c1[H]
KKBAMN.xaa_ZINC000225219861_405;-10.1144977;-10.401566;-10.866;68;579.565;JPBJLEWHGPKKIB-MUUNZHRXSA-N;[H]Oc1c2c(c(O[H])n1-c1c([H])c([H])c([H])c([H])c1C([H])([H])[H])[C@@]([H])(c1c([H])c([H])c(OC(=O)c3c([H])c([H])c([H])c([H])c3[H])c(OC([H])([H])[H])c1[H])N(c1c([H])c([H])c([H])c([N+](=O)[O-])c1[H])O2
KKBAMN.xaa_ZINC000001505397_409;-10.0802768;-10.307248;-9.814;43;555.204;QIFJXZRGIZRZQX-UHFFFAOYSA-N;[H]c1c([H])c(N([H])C(=O)c2c([H])c([H])c(Br)c(S(=O)(=O)N([H])c3c([H])c([H])c(Br)c([H])c3[H])c2[H])c([H])c([N+](=O)[O-])c1[H]
KKBAMN.xaa_ZINC000101285240_416;-10.0073873;-10.3792715;-10.496;63;527.606;OPRLUGRJYOCIEP-VWLOTQADSA-N;[H]c1c([H])c([H])c(-c2c([H])c([H])c(C([H])([H])Sc3nc4n(n3)[C@@]([H])(c3c([H])c([H])c([N+](=O)[O-])c([H])c3[H])C(C(=O)OC([H])([H])C([H])([H])[H])=C(C([H])([H])[H])N4[H])c([H])c2[H])c([H])c1[H]
KKBAMN.xaa_ZINC000101285238_417;-10.015019;-10.352821;-9.484;63;527.606;OPRLUGRJYOCIEP-RUZDIDTESA-N;[H]c1c([H])c([H])c(-c2c([H])c([H])c(C([H])([H])Sc3nc4n(n3)[C@]([H])(c3c([H])c([H])c([N+](=O)[O-])c([H])c3[H])C(C(=O)OC([H])([H])C([H])([H])[H])=C(C([H])([H])[H])N4[H])c([H])c2[H])c([H])c1[H]
KKBAMN.xaa_ZINC000101286646_418;-11.5354864;-11.840463;-11.401;69;594.653;BVWFUCAVIKGOCL-MHZLTWQESA-N;[H]c1nc(-c2c([H])c([H])c(C([H])([H])Sc3nc4n(n3)[C@@]([H])(c3c([H])c([H])c([H])c([N+](=O)[O-])c3[H])C(C(=O)OC([H])([H])C([H])([H])[H])=C(C([H])([H])[H])N4[H])c([H])c2[H])oc1-c1c([H])c([H])c([H])c([H])c1[H]
KKBAMN.xaa_ZINC000101286640_419;-11.4562016;-11.832224;-10.626;69;594.653;BVWFUCAVIKGOCL-HHHXNRCGSA-N;[H]c1nc(-c2c([H])c([H])c(C([H])([H])Sc3nc4n(n3)[C@]([H])(c3c([H])c([H])c([H])c([N+](=O)[O-])c3[H])C(C(=O)OC([H])([H])C([H])([H])[H])=C(C([H])([H])[H])N4[H])c([H])c2[H])oc1-c1c([H])c([H])c([H])c([H])c1[H]
KKBAMN.xaa_ZINC000100570132_427;-10.3488397;-11.574793;-11.348;78;579.719;XHWQZMMOCBYBMU-YNSKKZRUSA-N;[H]c1c([H])c([N+](=O)[O-])c([H])c(S(=O)(=O)N([H])c2c3c(c([H])c4c([H])c([H])c([H])c([H])c24)O[C@@]2(N4C([H])([H])C([H])([H])OC([H])([H])C4([H])[H])C([H])([H])C([H])([H])[C@@]([H])(C(C([H])([H])[H])(C([H])([H])[H])C([H])([H])C([H])([H])[H])C([H])([H])[C@@]32[H])c1[H]
KKBAMN.xaa_ZINC000097945992_435;-10.304039;-11.13306;-10.371;68;540.576;RLRXOZQWGWEZRV-UHFFFAOYSA-N;[H]c1c(C(=O)N([H])c2c([H])c(C(=O)OC([H])([H])[H])c([H])c([H])c2N2C([H])([H])C([H])([H])N(C([H])([H])c3c([H])c([H])c([H])c([H])c3[H])C([H])([H])C2([H])[H])oc(-c2c([H])c([H])c([H])c([N+](=O)[O-])c2[H])c1[H]
KKBAMN.xaa_ZINC000101514064_438;-10.4102634;-11.34105;-9.168;76;597.671;CLHDAUXYXIBFAM-MHIGUCIASA-N;[H]O/C(=C1\[C@]2(C(=O)N([H])c3c([H])c([H])c([H])c([H])c32)[C@@]2([H])C([H])=C([H])c3c([H])c([H])c([H])c([H])c3N2[C@]1([H])C(=O)c1c([H])c([H])c([H])c([N+](=O)[O-])c1[H])c1c([H])c([H])c(C([H])([H])C([H])(C([H])([H])[H])C([H])([H])[H])c([H])c1[H]
KKBAMN.xaa_ZINC000097951174_440;-10.3103747;-10.635911;-11.19;53;542.364;GSUHZVPBQVSTMD-UHFFFAOYSA-N;[H]c1c([H])c([H])c(-c2c(-c3c([H])c([H])c(C(=O)c4c([H])c([H])c(F)c([H])c4[H])c([H])c3[H])nc(-c3c([H])c([H])c(Br)c([N+](=O)[O-])c3[H])n2[H])c([H])c1[H]
KKBAMN.xaa_ZINC000101670569_452;-10.088113;-10.780664;-8.986;79;611.698;WJCFHGJEMCPRGL-HJKPMWTCSA-N;[H]O/C(=C1\[C@]2(C(=O)N([H])c3c([H])c([H])c([H])c([H])c32)[C@@]2([H])C([H])=C([H])c3c([H])c([H])c([H])c([H])c3N2[C@]1([H])C(=O)c1c([H])c([H])c([N+](=O)[O-])c([H])c1[H])c1c([H])c([H])c(C([H])([H])C([H])([H])C([H])([H])C([H])([H])C([H])([H])[H])c([H])c1[H]
KKBAMN.xaa_ZINC000027110029_455;-10.566941;-10.919728;-10.998;71;624.669;OFYNAZUAUPZGAX-UHFFFAOYSA-N;[H]c1c([H])c([H])c(-n2c(=O)c3c(C([H])([H])N(C([H])([H])[H])C([H])([H])c4c([H])c([H])c([H])c([H])c4[H])c(-c4c([H])c([H])c([N+](=O)[O-])c([H])c4[H])sc3n(C([H])([H])c3c(F)c([H])c([H])c([H])c3F)c2=O)c([H])c1[H]
KKBAMN.xaa_ZINC000101673746_457;-10.0410645;-10.872602;-8.628;82;625.725;MRZFSTIVHNMWJA-ZBGCYSIESA-N;[H]O/C(=C1\[C@]2(C(=O)N([H])c3c([H])c([H])c([H])c([H])c32)[C@@]2([H])C([H])=C(C([H])([H])[H])c3c([H])c([H])c([H])c([H])c3N2[C@]1([H])C(=O)c1c([H])c([H])c([N+](=O)[O-])c([H])c1[H])c1c([H])c([H])c(C([H])([H])C([H])([H])C([H])([H])C([H])([H])C([H])([H])[H])c([H])c1[H]
KKBAMN.xaa_ZINC000101674045_458;-10.0956541;-10.915559;-8.929;76;597.671;WPXWWBZWPBPCPZ-MHIGUCIASA-N;[H]O/C(=C1\[C@]2(C(=O)N([H])c3c([H])c([H])c([H])c([H])c32)[C@@]2([H])C([H])=C([H])c3c([H])c([H])c([H])c([H])c3N2[C@]1([H])C(=O)c1c([H])c([H])c([N+](=O)[O-])c([H])c1[H])c1c([H])c([H])c(C([H])([H])C([H])(C([H])([H])[H])C([H])([H])[H])c([H])c1[H]
KKBAMN.xaa_ZINC000102040121_465;-11.5210186;-12.310036;-12.227;65;599.624;UEDQFFQYNUWTIY-UHFFFAOYSA-N;[H]c1c([H])c([H])c(-c2c(-c3c([H])c([H])c4c(c3[H])S(=O)(=O)c3c([H])c([H])c([H])c([H])c3-4)nc(-c3c([H])c([H])c(OC(=O)c4c([H])c([H])c([H])c([N+](=O)[O-])c4[H])c([H])c3[H])n2[H])c([H])c1[H]
KKBAMN.xaa_ZINC000150416975_473;-11.8669942;-12.856428;-9.253;79;694.707;MAPGHYWPTKAQPD-UHFFFAOYSA-N;[H]c1c([H])c([H])c(-c2nc(-c3c([H])c([H])c([N+](=O)[O-])c([H])c3[H])n([H])c2-c2c([H])c([H])c3oc4c([H])c([H])c(-c5nc(-c6c([H])c([H])c([N+](=O)[O-])c([H])c6[H])n([H])c5-c5c([H])c([H])c([H])c([H])c5[H])c([H])c4c3c2[H])c([H])c1[H]
KKBAMN.xaa_ZINC000150416975_474;-11.6208622;-12.223223;-9.832;79;694.707;MAPGHYWPTKAQPD-UHFFFAOYSA-N;[H]c1c([H])c([H])c(-c2c(-c3c([H])c([H])c4oc5c([H])c([H])c(-c6nc(-c7c([H])c([H])c([N+](=O)[O-])c([H])c7[H])n([H])c6-c6c([H])c([H])c([H])c([H])c6[H])c([H])c5c4c3[H])nc(-c3c([H])c([H])c([N+](=O)[O-])c([H])c3[H])n2[H])c([H])c1[H]
KKBAMN.xaa_ZINC000150486916_475;-11.4325566;-12.058475;-7.866;69;674.585;FWGKRCQVYWLGAL-UHFFFAOYSA-N;[H]c1c([H])c(N2C(=O)c3c([H])c([H])c([H])c4c([N+](=O)[O-])c([H])c([H])c(c34)C2=O)c([H])c([H])c1-c1nc2c([H])c([H])c(N3C(=O)c4c([H])c([H])c([H])c5c([N+](=O)[O-])c([H])c([H])c(c45)C3=O)c([H])c2n1[H]
KKBAMN.xaa_ZINC000033354424_479;-11.1482518;-11.420211;-10.768;75;648.697;XYVYTLOGMNLYFY-UHFFFAOYSA-N;[H]c1c([H])c([H])c(C(=O)c2c([H])c(C([H])([H])[H])c([H])c([H])c2N([H])C(=O)c2c([H])c([H])c([H])c([H])c2N([H])C(=O)c2c([H])c([N+](=O)[O-])c([H])c([H])c2N([H])S(=O)(=O)c2c([H])c([H])c(C([H])([H])[H])c([H])c2[H])c([H])c1[H]
KKBAMN.xaa_ZINC000033355617_480;-10.3931411;-10.845786;-9.274;63;552.033;WGNOLVFAOUAEST-UHFFFAOYSA-N;[H]c1c([H])c([H])c(-c2nc(-c3c4c([H])c([H])c([H])c([H])c4c(Cl)c4c([H])c([H])c([H])c([H])c34)n([H])c2-c2c([H])c([H])c(-c3c([H])c([H])c([N+](=O)[O-])c([H])c3[H])c([H])c2[H])c([H])c1[H]
KKBAMN.xaa_ZINC000033357618_482;-11.4602424;-12.05339;-10.88;68;595.641;YQUNWNFCVFMSCD-RUZDIDTESA-N;[H]c1c([H])c([H])c(-c2nnc(-c3c([H])c([H])c(C([H])([H])Sc4nc5n(n4)[C@]([H])(c4c([H])c([H])c([N+](=O)[O-])c([H])c4[H])C(C(=O)OC([H])([H])C([H])([H])[H])=C(C([H])([H])[H])N5[H])c([H])c3[H])o2)c([H])c1[H]
KKBAMN.xaa_ZINC000033357619_483;-11.4665986;-12.041675;-11.591;68;595.641;YQUNWNFCVFMSCD-VWLOTQADSA-N;[H]c1c([H])c([H])c(-c2nnc(-c3c([H])c([H])c(C([H])([H])Sc4nc5n(n4)[C@@]([H])(c4c([H])c([H])c([N+](=O)[O-])c([H])c4[H])C(C(=O)OC([H])([H])C([H])([H])[H])=C(C([H])([H])[H])N5[H])c([H])c3[H])o2)c([H])c1[H]
KKBAMN.xaa_ZINC000033357614_484;-10.2203337;-10.534252;-9.552;63;527.606;KCUYTQOYVPXSFY-RUZDIDTESA-N;[H]c1c([H])c([H])c(-c2c([H])c([H])c(C([H])([H])Sc3nc4n(n3)[C@]([H])(c3c([H])c([H])c([H])c([N+](=O)[O-])c3[H])C(C(=O)OC([H])([H])C([H])([H])[H])=C(C([H])([H])[H])N4[H])c([H])c2[H])c([H])c1[H]
KKBAMN.xaa_ZINC000033357615_485;-10.2889924;-10.581594;-9.934;63;527.606;KCUYTQOYVPXSFY-VWLOTQADSA-N;[H]c1c([H])c([H])c(-c2c([H])c([H])c(C([H])([H])Sc3nc4n(n3)[C@@]([H])(c3c([H])c([H])c([H])c([N+](=O)[O-])c3[H])C(C(=O)OC([H])([H])C([H])([H])[H])=C(C([H])([H])[H])N4[H])c([H])c2[H])c([H])c1[H]
KKBAMN.xaa_ZINC000033358546_495;-10.2022128;-10.709238;-11.552;60;537.087;PEXTWJIQZIWIKP-UHFFFAOYSA-N;[H]c1c([H])c([H])c(-c2c(-c3c([H])c([H])c4sc5c([H])c([H])c([H])c([H])c5c4c3[H])nc(-c3c4c([H])c([H])c([H])c([H])c4c(Cl)c4c([H])c([H])c([H])c([H])c34)n2[H])c([H])c1[H]
KKBAMN.xaa_ZINC000103004640_499;-10.5604422;-10.884048;-10.622;71;613.652;XAFDGCPWXIDJEP-ITYLOYPMSA-N;[H]/C(=C1/C(=O)N(c2c([H])c([H])c(C([H])([H])[H])c([H])c2C([H])([H])[H])C(=O)c2c([H])c([H])c([H])c([H])c21)N([H])N([H])c1c([H])c([H])c([N+](=O)[O-])c([H])c1S(=O)(=O)N([H])c1c([H])c([H])c(OC([H])([H])[H])c([H])c1[H]
KGABMM.xaa_ZINC000197825827_207;-10.2448904;-10.671846;-11.044;73;653.784;KJDKCYOXLSWQJW-GDLZYMKVSA-N;[H]c1c([H])c([H])c(S(=O)(=O)N2C([H])([H])C([H])([H])N(S(=O)(=O)c3c([H])c([H])c([H])c([H])c3[H])[C@@]([H])(C(=O)N([H])c3c([H])c([H])c(S(=O)(=O)[N-]c4c([H])c([H])c([H])c(C([H])([H])[H])c4[H])c([H])c3[H])C2([H])[H])c([H])c1[H]
KGABRO.xaa_ZINC000253405643_155;-10.262495;-10.534831;-9.783;91;603.784;SUJMXWRANMRNOE-CLWAWUJFSA-O;[H]c1c([H])c([H])c2c(c1[H])OC([H])([H])C([H])([H])[C@@]1([H])O[C@]([H])(C([H])([H])N([H])C(=O)[C@@]3([H])N(C2=O)C([H])([H])C([H])([H])[N@@+]([H])(C2([H])C([H])([H])c4c([H])c([H])c([H])c([H])c4C2([H])[H])C3([H])[H])[C@]([H])(N([H])C(=O)C([H])([H])C(C([H])([H])[H])(C([H])([H])[H])C([H])([H])[H])C([H])([H])C1([H])[H]
KGABRO.xaa_ZINC000257210593_164;-10.212808;-10.897517;-10.62;77;506.111;BVHHDJQASQXPJI-UHFFFAOYSA-O;[H]c1c([H])c(Cl)c([H])c(OC([H])([H])C2(C([H])([H])C(=O)N3C([H])([H])C([H])([H])C([H])([H])C([H])([H])C3([H])[H])C([H])([H])C([H])([H])N(C(=O)C([H])([H])N3C([H])([H])C([H])([H])[N+]([H])(C([H])([H])C([H])([H])[H])C([H])([H])C3([H])[H])C([H])([H])C2([H])[H])c1[H]
KGABRO.xaa_ZINC000257315473_185;-10.1572144;-10.962501;-10.738;77;506.111;VBNOFVSUQYOZIV-HHHXNRCGSA-O;[H]c1c([H])c(Cl)c([H])c(OC([H])([H])[C@]2(C([H])([H])C(=O)N3C([H])([H])C([H])([H])N(C([H])([H])[H])C([H])([H])C3([H])[H])C([H])([H])N(C(=O)C([H])([H])[N@+]3([H])C([H])([H])C([H])([H])[C@@]([H])(C([H])([H])[H])C([H])([H])C3([H])[H])C([H])([H])C([H])([H])C2([H])[H])c1[H]
KGABRO.xaa_ZINC000257341550_189;-10.2050148;-10.757927;-10.865;88;598.768;ZKVZUTPVSXMTQD-GSVNFSBYSA-O;[H]/C1=C(/[H])C([H])([H])[C@@]2([H])C([H])([H])N(C(=O)[C@]([H])(C([H])([H])c3c([H])n([H])c4c([H])c([H])c([H])c([H])c34)[N+]([H])([H])[H])C([H])([H])C([H])([H])[C@]2([H])N([H])C(=O)[C@@]([H])(C([H])([H])c2c([H])c([H])c([H])c([H])c2[H])N([H])C(=O)C2(C1([H])[H])C([H])([H])C([H])([H])OC([H])([H])C2([H])[H]
KGABRO.xaa_ZINC000105345929_201;-10.2722128;-10.944123;-11.332;66;530.638;OBFQMYQCQPVVRC-UHFFFAOYSA-O;[H]c1c([H])c([H])c(-n2nnnc2SC([H])([H])C([H])([H])[N+]([H])([H])C([H])([H])c2c([H])c([H])c(OC([H])([H])c3nnnn3-c3c([H])c([H])c(C([H])([H])[H])c([H])c3[H])c(OC([H])([H])[H])c2[H])c([H])c1[H]
KGABRO.xaa_ZINC000012705717_205;-10.1814708;-10.520818;-11.232;73;528.637;HVYGPWROPNSDOQ-UHFFFAOYSA-O;[H]c1c(-c2nnn(C([H])([H])C(=O)N(C([H])([H])C(=O)N([H])C([H])([H])c3c([H])c([H])c([H])c([H])c3[H])[C@]3([H])C([H])([H])C([H])([H])[N@@+]([H])(C([H])([H])c4c([H])c([H])c([H])c([H])c4[H])C([H])([H])C3([H])[H])n2)oc(C([H])([H])[H])c1[H]
KGABRO.xaa_ZINC000067878792_255;-10.714006;-11.234143;-11.397;77;532.665;XBQXFTLXDKWUJE-ZEQRLZLVSA-O;[H]c1c(C([H])([H])[C@@]2([H])C([H])([H])[N+]([H])([H])C([H])([H])C([H])([H])[C@@]2([H])C([H])([H])C(=O)N([H])C([H])([H])c2c([H])c([H])c3c(c2[H])OC([H])([H])O3)noc1C([H])([H])N1C([H])([H])C([H])([H])N(c2c([H])c([H])c([H])c([H])c2[H])C([H])([H])C1([H])[H]
KGABRO.xaa_ZINC000067898858_257;-10.5048422;-11.200251;-11.967;99;653.914;XBUNPAUSTXWNJX-JTYAINGHSA-O;[H]O[C@@]1([H])[C@]([H])([C@@]([H])(C(=O)N([H])C([H])([H])C([H])([H])N2C([H])([H])C([H])([H])OC([H])([H])C2([H])[H])C([H])([H])[H])C([H])([H])C([H])([H])[C@@]2(C([H])([H])[H])C([H])([H])c3sc(N([H])C(=O)c4c([H])c([H])c(C([H])([H])N5C([H])([H])C([H])([H])[N+]([H])(C([H])([H])[H])C([H])([H])C5([H])[H])c([H])c4[H])nc3[C@@]([H])(C([H])([H])[H])[C@@]21[H]
KGABRO.xaa_ZINC000067898859_258;-10.26391;-10.930114;-11.001;99;653.914;XBUNPAUSTXWNJX-NXXSYOELSA-O;[H]O[C@@]1([H])[C@@]([H])([C@@]([H])(C(=O)N([H])C([H])([H])C([H])([H])N2C([H])([H])C([H])([H])OC([H])([H])C2([H])[H])C([H])([H])[H])C([H])([H])C([H])([H])[C@@]2(C([H])([H])[H])C([H])([H])c3sc(N([H])C(=O)c4c([H])c([H])c(C([H])([H])N5C([H])([H])C([H])([H])[N+]([H])(C([H])([H])[H])C([H])([H])C5([H])[H])c([H])c4[H])nc3[C@@]([H])(C([H])([H])[H])[C@@]21[H]
KGABRO.xaa_ZINC000504134278_274;-10.2436386;-10.932578;-12.473;95;629.822;ZPNNSMMTNANTMX-JBFGIVHASA-O;[H]O[C@]([H])(C(=O)[C@]([H])(N([H])C(=O)[C@@]([H])(N1C([H])([H])C([H])([H])C([H])([H])[N+]([H])([H])C1([H])[H])C([H])(C([H])([H])[H])C([H])([H])[H])C([H])([H])c1c([H])c([H])c([H])c([H])c1[H])[C@]([H])(N([H])C(=O)C([H])([H])Oc1c(C([H])([H])[H])c([H])c([H])c([H])c1C([H])([H])[H])C([H])([H])c1c([H])c([H])c([H])c([H])c1[H]
KGABRO.xaa_ZINC000199488690_287;-10.5133529;-11.000089;-12.901;95;629.822;ZPNNSMMTNANTMX-CUTZNAIYSA-O;[H]O[C@]([H])(C(=O)[C@]([H])(N([H])C(=O)[C@]([H])(N1C([H])([H])C([H])([H])C([H])([H])[N+]([H])([H])C1([H])[H])C([H])(C([H])([H])[H])C([H])([H])[H])C([H])([H])c1c([H])c([H])c([H])c([H])c1[H])[C@]([H])(N([H])C(=O)C([H])([H])Oc1c(C([H])([H])[H])c([H])c([H])c([H])c1C([H])([H])[H])C([H])([H])c1c([H])c([H])c([H])c([H])c1[H]
KGABRO.xaa_ZINC000019941385_329;-10.02684;-10.75333;-12.353;77;506.675;CAFWJXXYSKSBIF-ZEQKJWHPSA-O;[H]c1c(C([H])([H])C([H])([H])[H])c([H])c2c([H])c([C@]([H])(c3nnnn3C([H])([H])[C@]3([H])OC([H])([H])C([H])([H])C3([H])[H])N3C([H])([H])C([H])([H])[N+]([H])(C4([H])C([H])([H])C([H])([H])C([H])([H])C([H])([H])C4([H])[H])C([H])([H])C3([H])[H])c(=O)n([H])c2c1[H]
KGABRO.xaa_ZINC000514287343_346;-10.0661426;-10.453987;-11.831;81;545.704;TUYHWJRQXJZXLB-QFYDASNSSA-O;[H]/C1=C(\[H])[C@@]2([H])C([H])([H])N(C(=O)C([H])([H])N(C(=O)c3c([H])c([H])c([H])c([H])c3[H])C([H])([H])c3c([H])c([H])c([H])c([H])c3OC1([H])[H])C([H])([H])C([H])([H])[C@@]2([H])C([H])([H])C(=O)N([H])C([H])([H])C([H])([H])[N+]1([H])C([H])([H])C([H])([H])C([H])([H])C1([H])[H]
KGABRO.xaa_ZINC000020463590_359;-10.0348;-10.656832;-11.067;76;503.671;WTBIYQDQTMUHIC-DQEYMECFSA-O;[H]c1nc(N2C([H])([H])C([H])([H])N(C(=O)C([H])([H])[C@]3([H])C([H])([H])C([H])([H])[N+]([H])([H])C([H])([H])[C@]3([H])C([H])([H])c3noc(C([H])([H])N(C([H])([H])[H])C([H])([H])c4c([H])c([H])c([H])c([H])c4[H])c3[H])C([H])([H])C2([H])[H])c([H])c([H])c1[H]
KGABRO.xaa_ZINC000067870958_420;-10.7349916;-11.285126;-11.723;90;617.771;ZZHXIGQPKDISAN-UIOOFZCWSA-O;[H]c1c(C([H])([H])[C@@]2([H])C([H])([H])[N+]([H])([H])C([H])([H])C([H])([H])[C@@]2([H])C([H])([H])C(=O)N2C([H])([H])C([H])([H])N(c3c([H])c([H])c([H])c([H])c3OC([H])([H])[H])C([H])([H])C2([H])[H])noc1C(=O)N1C([H])([H])C([H])([H])N(c2c([H])c([H])c([H])c([H])c2OC([H])([H])[H])C([H])([H])C1([H])[H]
KGABRO.xaa_ZINC000067870955_425;-10.570327;-10.739313;-11.311;82;557.719;UWVLRAHRXKIHPE-UIOOFZCWSA-O;[H]c1c(C([H])([H])[C@@]2([H])C([H])([H])[N+]([H])([H])C([H])([H])C([H])([H])[C@@]2([H])C([H])([H])C(=O)N2C([H])([H])C([H])([H])N(c3c([H])c([H])c([H])c([H])c3[H])C([H])([H])C2([H])[H])noc1C(=O)N1C([H])([H])C([H])([H])N(c2c([H])c([H])c([H])c([H])c2[H])C([H])([H])C1([H])[H]
KKCAMO.xaa_ZINC000150664258_83;-11.0132849;-11.928645;-14.75;95;682.845;RRBNQSVDKBWIHM-UHFFFAOYSA-O;[H]OC([H])([H])C([H])([H])N(C([H])([H])c1c([H])c([H])c([H])c([H])c1[H])C([H])([H])C([H])([H])n1nc2c3c(c(N([H])C([H])([H])C([H])([H])C([H])([H])[N+]([H])([H])[H])c([H])c([H])c31)C(=O)c1c(OC([H])([H])c3c([H])c([H])c([H])c([H])c3[H])c([H])c([H])c(OC([H])([H])c3c([H])c([H])c([H])c([H])c3[H])c1-2
KKCAMO.xaa_ZINC000153632729_86;-10.0514658;-10.671004;-11.83;92;671.943;RTLRVSHZJUJWRW-LQFQNGICSA-O;[H]c1c([H])c2c(c([H])c1F)Sc1c([H])c([H])c(C([H])(C([H])([H])[H])C([H])([H])[H])c([H])c1[C@]([H])(OC([H])([H])C([H])([H])[N+]1([H])C([H])([H])C([H])([H])N([C@@]3([H])c4c([H])c(C([H])(C([H])([H])[H])C([H])([H])[H])c([H])c([H])c4Sc4c([H])c(F)c([H])c([H])c4C3([H])[H])C([H])([H])C1([H])[H])C2([H])[H]
KKCAMO.xaa_ZINC000071767100_122;-10.568942600000002;-11.170451;-11.835;80;516.71;WTCQBOHXXPGESO-KQEOIHSVSA-O;[H]O[C@@]([H])(c1c([H])c([H])c([H])c(/N=N/c2c([H])c([H])c(N([H])C([H])([H])C([H])([H])[N@+]3([H])C([H])([H])C([H])([H])[C@@]([H])(C([H])([H])C([H])([H])N4C([H])([H])C([H])([H])OC([H])([H])C4([H])[H])C([H])([H])C3([H])[H])c3c([H])c([H])c([H])c([H])c23)c1[H])C([H])([H])[H]
KKCAMO.xaa_ZINC000071767099_123;-10.5238896;-11.121062;-11.558;80;516.71;WTCQBOHXXPGESO-KKBKIUAUSA-O;[H]O[C@]([H])(c1c([H])c([H])c([H])c(/N=N/c2c([H])c([H])c(N([H])C([H])([H])C([H])([H])[N@+]3([H])C([H])([H])C([H])([H])[C@@]([H])(C([H])([H])C([H])([H])N4C([H])([H])C([H])([H])OC([H])([H])C4([H])[H])C([H])([H])C3([H])[H])c3c([H])c([H])c([H])c([H])c23)c1[H])C([H])([H])[H]
KKCAMO.xaa_ZINC000101149578_124;-10.3113428;-11.237505;-10.556;95;639.86;NEOVWBNAXIBNRT-ZAQUEYBZSA-O;[H]OC(c1c([H])c([H])c([H])c([H])c1[H])(c1c([H])c([H])c([H])c([H])c1[H])[C@]1([H])C([H])([H])C([H])([H])C([H])([H])[N@@+]1([H])C([H])([H])c1c([H])c(C([H])([H])[H])c([H])c(C([H])([H])[N@+]2([H])C([H])([H])C([H])([H])C([H])([H])[C@@]2([H])C(O[H])(c2c([H])c([H])c([H])c([H])c2[H])c2c([H])c([H])c([H])c([H])c2[H])c1[O-]
KKCAMO.xaa_ZINC000101149254_126;-10.203546800000002;-11.196068;-10.89;95;639.86;NEOVWBNAXIBNRT-XRSDMRJBSA-O;[H]OC(c1c([H])c([H])c([H])c([H])c1[H])(c1c([H])c([H])c([H])c([H])c1[H])[C@@]1([H])C([H])([H])C([H])([H])C([H])([H])[N@+]1([H])C([H])([H])c1c([H])c(C([H])([H])[H])c([H])c(C([H])([H])[N@+]2([H])C([H])([H])C([H])([H])C([H])([H])[C@]2([H])C(O[H])(c2c([H])c([H])c([H])c([H])c2[H])c2c([H])c([H])c([H])c([H])c2[H])c1[O-]
KKCAMO.xaa_ZINC000524729914_191;-10.1252746;-10.697082;-12.494;84;533.733;OEOZUAHTYWQVCC-FREGXXQWSA-O;[H]c1c([H])c([H])c(C([H])([H])c2c(C([H])([H])[H])c3c([H])c(C([H])([H])[N@+]([H])(C([H])([H])C([H])([H])C([H])([H])OC([H])([H])[H])C([H])([H])[C@]4([H])C([H])([H])C([H])([H])C([H])([H])[N@+]5([H])C([H])([H])C([H])([H])C([H])([H])C([H])([H])[C@]45[H])c([O-])c(C([H])([H])[H])c3oc2=O)c([H])c1[H]
KKCAMO.xaa_ZINC000524729818_200;-10.0889568;-10.491543;-11.304;81;519.706;KJMLANPYRLEICF-ABYGYWHVSA-O;[H]c1c([H])c([H])c(C([H])([H])c2c(C([H])([H])[H])c3c([H])c(C([H])([H])[N@+]([H])(C([H])([H])C([H])([H])OC([H])([H])[H])C([H])([H])[C@]4([H])C([H])([H])C([H])([H])C([H])([H])[N@+]5([H])C([H])([H])C([H])([H])C([H])([H])C([H])([H])[C@]45[H])c([O-])c(C([H])([H])[H])c3oc2=O)c([H])c1[H]
KKCAMO.xaa_ZINC000034698850_252;-10.135895;-10.632748;-9.83;75;501.666;HSIWFKABJMHFHI-PDDLMNHVSA-O;[H]Oc1c([H])c([H])c([H])c([H])c1C([H])([H])[N@@+]1([H])C([H])([H])[C@]([H])(C([H])([H])N(C(=O)c2c([H])c([H])c(F)c([H])c2[H])C2([H])C([H])([H])C([H])([H])C([H])([H])C([H])([H])C2([H])[H])[C@]([H])(c2c([H])c([H])c([H])c([H])c2C([H])([H])[H])C1([H])[H]
KJBBRM.xaa_ZINC000035168143_1;-10.3466079;-10.825592;-11.336;54;507.577;IGYAIQUDOXBABK-UHFFFAOYSA-M;[H]c1c(C(=O)N([H])C(=S)[N-]n2c(SC([H])([H])c3c([H])c([H])c([H])c([H])c3[H])nnc2C([H])([H])C([H])([H])[H])oc(-c2c([H])c([H])c([H])c([N+](=O)[O-])c2[H])c1[H]
KJBBRM.xaa_ZINC000102943949_40;-10.0419798;-10.775606;-11.252;56;538.448;VOMJUEBYCVGFSQ-YDXOOXCKSA-M;[H]c1c([H])c([H])c2c(c1[H])C(=O)O[C@]2([H])/C(C(=O)C(=O)N([H])c1c([H])c([H])c([N+](=O)[O-])c([H])c1[N+](=O)[O-])=C(/[O-])c1c([H])c([H])c2c([H])c([H])c([H])c([H])c2c1[H]
KJBBRM.xaa_ZINC000102943948_41;-10.0419798;-10.775606;-11.244;56;538.448;VOMJUEBYCVGFSQ-YDXOOXCKSA-M;[H]c1c([H])c([H])c2c(c1[H])C(=O)O[C@]2([H])/C(C(=O)C(=O)N([H])c1c([H])c([H])c([N+](=O)[O-])c([H])c1[N+](=O)[O-])=C(/[O-])c1c([H])c([H])c2c([H])c([H])c([H])c([H])c2c1[H]
KJBBRM.xaa_ZINC000408705915_48;-10.236167;-10.558032;-10.966;46;515.376;XNMWQGFBJKILLW-UHFFFAOYSA-N;[H]c1c([H])c(Cl)c(Cl)c(N([H])S(=O)(=O)c2c([H])c([H])c([N-]S(=O)(=O)c3c([H])c([N+](=O)[O-])c([H])c([H])c3C([H])([H])[H])c([H])c2[H])c1[H]
KJBBRM.xaa_ZINC000100308397_82;-10.4737876;-10.767021;-10.251;46;557.318;GDUKPEGZXNWODV-UHFFFAOYSA-M;[H]c1c([H])c(-c2nc3c([H])c(N([H])C(=S)N([H])C(=O)c4c([H])c([N+](=O)[O-])c([H])c([N+](=O)[O-])c4[H])c([H])c([H])c3o2)c([H])c(Br)c1[O-]
KJBBRM.xaa_ZINC000408997081_83;-10.4818746;-11.363991;-8.918;62;698.54;QUJUWOYVCXSSAF-GMPUOFRTSA-M;[H]/C(c1c([H])c(I)c([O-])c([N+](=O)[O-])c1[H])=c1/sc2n(c1=O)[C@@]([H])(c1c([H])c([H])c(SC([H])([H])[H])c([H])c1[H])C(C(=O)OC([H])([H])C([H])([H])[H])=C(c1c([H])c([H])c([H])c([H])c1[H])N=2
KJBBRM.xaa_ZINC000408997080_84;-10.546105200000005;-11.1666355;-9.531;62;698.54;QUJUWOYVCXSSAF-BQKWAYIGSA-M;[H]/C(c1c([H])c(I)c([O-])c([N+](=O)[O-])c1[H])=c1/sc2n(c1=O)[C@]([H])(c1c([H])c([H])c(SC([H])([H])[H])c([H])c1[H])C(C(=O)OC([H])([H])C([H])([H])[H])=C(c1c([H])c([H])c([H])c([H])c1[H])N=2
KJBBRM.xaa_ZINC000408992740_85;-11.1667134;-11.44998;-9.532;69;613.628;BKBHAQCYQSLEPM-KLKBWYFJSA-M;[H]/C(c1c([H])c([N+](=O)[O-])c([H])c([N+](=O)[O-])c1[O-])=c1/sc2n(c1=O)[C@]([H])(c1c([H])c([H])c(C([H])(C([H])([H])[H])C([H])([H])[H])c([H])c1[H])C(C(=O)OC([H])([H])C([H])([H])[H])=C(c1c([H])c([H])c([H])c([H])c1[H])N=2
KJBBRM.xaa_ZINC000408999065_86;-10.654573600000004;-11.035219;-9.685;71;598.657;RGVIQGDPAAPGHK-ZPVURNRZSA-M;[H]/C(c1c([H])c(OC([H])([H])[H])c([O-])c([N+](=O)[O-])c1[H])=c1/sc2n(c1=O)[C@]([H])(c1c([H])c([H])c(C([H])(C([H])([H])[H])C([H])([H])[H])c([H])c1[H])C(C(=O)OC([H])([H])C([H])([H])[H])=C(c1c([H])c([H])c([H])c([H])c1[H])N=2
KJBBRM.xaa_ZINC000409003301_95;-10.6669118;-10.953005;-10.524;67;568.631;ZHRWUHBOLZWMMR-ZPVURNRZSA-M;[H]/C(c1c([H])c([N+](=O)[O-])c([H])c([H])c1[O-])=c1/sc2n(c1=O)[C@]([H])(c1c([H])c([H])c(C([H])(C([H])([H])[H])C([H])([H])[H])c([H])c1[H])C(C(=O)OC([H])([H])C([H])([H])[H])=C(c1c([H])c([H])c([H])c([H])c1[H])N=2
KJBBRM.xaa_ZINC000257209513_97;-10.1856044;-10.71527;-11.43;71;550.661;BQSMXXONKAIZDV-UHFFFAOYSA-M;[H]c1nc(N(C([H])([H])[H])C([H])([H])C([H])([H])c2c([H])c([H])c([H])c([H])c2[H])nc(C([H])([H])C([H])([H])C2([H])C([H])([H])C([H])([H])C([H])([H])C([H])([H])C2([H])[H])c1C(=O)[N-]S(=O)(=O)c1c([H])c([H])c([H])c([H])c1[N+](=O)[O-]
KJBBRM.xaa_ZINC000585265503_102;-10.9229362;-11.329455;-11.453;71;550.661;NJTGUFGPYYTRSC-UHFFFAOYSA-M;[H]c1nc(N(C([H])([H])[H])C([H])([H])C([H])([H])c2c([H])c([H])c([H])c([H])c2[H])nc(C([H])([H])C([H])([H])C2([H])C([H])([H])C([H])([H])C([H])([H])C([H])([H])C2([H])[H])c1C(=O)[N-]S(=O)(=O)c1c([H])c([H])c([H])c([N+](=O)[O-])c1[H]
KJBBRM.xaa_ZINC000585265839_103;-10.3784725;-10.9548435;-11.876;76;614.704;VSGZWGPFOZAGTK-UHFFFAOYSA-M;[H]c1nc(N2C([H])([H])C([H])([H])C([H])(C([H])([H])c3c([H])c([H])c([H])c([H])c3[H])C([H])([H])C2([H])[H])nc(C([H])([H])C([H])([H])c2c([H])c([H])c([H])c(OC([H])([H])[H])c2[H])c1C(=O)[N-]S(=O)(=O)c1c([H])c([H])c([N+](=O)[O-])c([H])c1[H]
KJBBRM.xaa_ZINC000585265246_104;-11.214056;-11.326465;-11.761;73;600.677;CGDSYYIRUUZHGU-UHFFFAOYSA-M;[H]c1nc(N2C([H])([H])C([H])([H])C([H])(C([H])([H])c3c([H])c([H])c([H])c([H])c3[H])C([H])([H])C2([H])[H])nc(C([H])([H])c2c([H])c([H])c(OC([H])([H])[H])c([H])c2[H])c1C(=O)[N-]S(=O)(=O)c1c([H])c([H])c([H])c([N+](=O)[O-])c1[H]
KJBBRM.xaa_ZINC000585265263_105;-11.7379504;-12.018323;-12.109;72;584.678;DEQLXFXEMUVHSA-UHFFFAOYSA-M;[H]c1nc(N2C([H])([H])C([H])([H])C([H])(C([H])([H])c3c([H])c([H])c([H])c([H])c3[H])C([H])([H])C2([H])[H])nc(C([H])([H])c2c([H])c([H])c([H])c(C([H])([H])[H])c2[H])c1C(=O)[N-]S(=O)(=O)c1c([H])c([H])c([H])c([N+](=O)[O-])c1[H]
KJBBRM.xaa_ZINC000585265228_106;-10.268987200000002;-10.873587;-11.147;71;550.661;BWMXHTDDOZASFT-UHFFFAOYSA-M;[H]c1nc(N(C([H])([H])[H])C([H])([H])C([H])([H])c2c([H])c([H])c([H])c([H])c2[H])nc(C([H])([H])C([H])([H])C2([H])C([H])([H])C([H])([H])C([H])([H])C([H])([H])C2([H])[H])c1C(=O)[N-]S(=O)(=O)c1c([H])c([H])c([N+](=O)[O-])c([H])c1[H]
KJBBRM.xaa_ZINC000104655070_110;-10.0616358;-10.395031;-11.305;57;589.447;CSFYJYZWHOXOGC-PLQXQRLBSA-M;[H]/C(c1c([H])c(Br)c([H])c([N+](=O)[O-])c1[O-])=c1/sc2n(c1=O)[C@@]([H])(c1c([H])c([H])c([H])c([H])c1OC([H])([H])[H])C1=C(N=2)c2c([H])c([H])c([H])c([H])c2C([H])([H])C1([H])[H]
KJBBRM.xaa_ZINC000104655048_111;-10.2371824;-10.582106;-11.286;57;589.447;MEWAPZLRWLJWQD-PLQXQRLBSA-M;[H]/C(c1c([H])c([N+](=O)[O-])c([H])c(Br)c1[O-])=c1/sc2n(c1=O)[C@@]([H])(c1c([H])c([H])c([H])c([H])c1OC([H])([H])[H])C1=C(N=2)c2c([H])c([H])c([H])c([H])c2C([H])([H])C1([H])[H]
KJBBRM.xaa_ZINC000104656255_112;-10.1507268;-10.604206;-9.835;57;589.447;VFQXCNAOKLJXQB-CBYYHRJHSA-M;[H]/C(c1c([H])c(OC([H])([H])[H])c([O-])c([N+](=O)[O-])c1[H])=c1/sc2n(c1=O)[C@]([H])(c1c([H])c([H])c(Br)c([H])c1[H])C1=C(N=2)c2c([H])c([H])c([H])c([H])c2C([H])([H])C1([H])[H]
KJBBRM.xaa_ZINC000104656252_114;-10.0680462;-10.602761;-8.758;57;589.447;VFQXCNAOKLJXQB-PNZYDNNZSA-M;[H]/C(c1c([H])c(OC([H])([H])[H])c([O-])c([N+](=O)[O-])c1[H])=c1/sc2n(c1=O)[C@@]([H])(c1c([H])c([H])c(Br)c([H])c1[H])C1=C(N=2)c2c([H])c([H])c([H])c([H])c2C([H])([H])C1([H])[H]
KJBBRM.xaa_ZINC000104656362_116;-10.2586745;-10.689133;-10.115;53;559.421;CYNBCPZSHQMMPY-CBYYHRJHSA-M;[H]/C(c1c([H])c([H])c([O-])c([N+](=O)[O-])c1[H])=c1/sc2n(c1=O)[C@]([H])(c1c([H])c([H])c(Br)c([H])c1[H])C1=C(N=2)c2c([H])c([H])c([H])c([H])c2C([H])([H])C1([H])[H]
KJBBRM.xaa_ZINC000104656365_117;-10.1624177;-10.705094;-8.732;53;559.421;CYNBCPZSHQMMPY-PNZYDNNZSA-M;[H]/C(c1c([H])c([H])c([O-])c([N+](=O)[O-])c1[H])=c1/sc2n(c1=O)[C@@]([H])(c1c([H])c([H])c(Br)c([H])c1[H])C1=C(N=2)c2c([H])c([H])c([H])c([H])c2C([H])([H])C1([H])[H]
KJBBRM.xaa_ZINC000104656957_120;-10.285256;-10.6871;-9.843;57;589.447;IZZIOBSERLGTPR-VVNKCDPRSA-M;[H]/C(c1c([H])c([N+](=O)[O-])c([H])c(Br)c1[O-])=c1/sc2n(c1=O)[C@]([H])(c1c([H])c([H])c(OC([H])([H])[H])c([H])c1[H])C1=C(N=2)c2c([H])c([H])c([H])c([H])c2C([H])([H])C1([H])[H]
KJBBRM.xaa_ZINC000104656963_121;-10.2412536;-10.822436;-10.43;57;589.447;IZZIOBSERLGTPR-PLQXQRLBSA-M;[H]/C(c1c([H])c([N+](=O)[O-])c([H])c(Br)c1[O-])=c1/sc2n(c1=O)[C@@]([H])(c1c([H])c([H])c(OC([H])([H])[H])c([H])c1[H])C1=C(N=2)c2c([H])c([H])c([H])c([H])c2C([H])([H])C1([H])[H]
KJBBRM.xaa_ZINC000104658119_122;-10.2105644;-10.478189;-10.146;61;619.473;BESWXLKKOPMGSB-NFYDWNOTSA-M;[H]/C(c1c([H])c([N+](=O)[O-])c([H])c(Br)c1[O-])=c1/sc2n(c1=O)[C@]([H])(c1c([H])c([H])c(OC([H])([H])[H])c(OC([H])([H])[H])c1[H])C1=C(N=2)c2c([H])c([H])c([H])c([H])c2C([H])([H])C1([H])[H]
KJBBRM.xaa_ZINC000104658123_123;-10.1263004;-10.533438;-8.402;61;619.473;BESWXLKKOPMGSB-ZFWDJNJRSA-M;[H]/C(c1c([H])c([N+](=O)[O-])c([H])c(Br)c1[O-])=c1/sc2n(c1=O)[C@@]([H])(c1c([H])c([H])c(OC([H])([H])[H])c(OC([H])([H])[H])c1[H])C1=C(N=2)c2c([H])c([H])c([H])c([H])c2C([H])([H])C1([H])[H]
KJBBRM.xaa_ZINC000104659624_124;-10.1448804;-10.770233;-11.544;53;606.421;BULGOZKGWIKWLF-MGSPXPDISA-M;[H]/C(c1c([H])c(I)c([O-])c([N+](=O)[O-])c1[H])=c1\sc2n(c1=O)[C@]([H])(c1c([H])c([H])c([H])c([H])c1[H])C1=C(N=2)c2c([H])c([H])c([H])c([H])c2C([H])([H])C1([H])[H]
KJBBRM.xaa_ZINC000106447895_130;-10.43804;-10.827203;-10.968;50;529.898;MQQAWWFBXWOGCE-UHFFFAOYSA-N;[H]c1c([H])c(S(=O)(=O)[N-]c2nc3c([H])c([H])c([H])c([H])c3nc2N([H])c2c([H])c([H])c(OC([H])([H])[H])c([N+](=O)[O-])c2[H])c([H])c([N+](=O)[O-])c1Cl
KJBBRM.xaa_ZINC000111504706_133;-10.0153442;-10.474656;-9.752;54;549.426;JXDDAIFHVVYNSK-VRANQKIWSA-M;[H]C([H])=c1/c(=C(\[H])c2c([H])c(Br)c([O-])c([N+](=O)[O-])c2[H])s/c(=N\c2c([H])c([H])c([H])c([H])c2[H])n1C([H])([H])c1c([H])c([H])c(C(=O)C([H])([H])[H])c([H])c1[H]
KJBBRM.xaa_ZINC000142840612_136;-10.1187802;-10.751039;-10.009;53;559.421;AGHNMLLTNUQFRK-RWTNITNYSA-M;[H]/C(c1c([H])c(Br)c([H])c([N+](=O)[O-])c1[O-])=c1/sc2n(c1=O)[C@]([H])(c1c([H])c([H])c([H])c([H])c1[H])C1=C(N=2)c2c([H])c([H])c([H])c([H])c2C([H])([H])C1([H])[H]
KJBBRM.xaa_ZINC000142840837_137;-10.0446935;-10.7065735;-11.245;53;559.421;AGHNMLLTNUQFRK-MFUBYVTQSA-M;[H]/C(c1c([H])c(Br)c([H])c([N+](=O)[O-])c1[O-])=c1/sc2n(c1=O)[C@@]([H])(c1c([H])c([H])c([H])c([H])c1[H])C1=C(N=2)c2c([H])c([H])c([H])c([H])c2C([H])([H])C1([H])[H]
KJBBRM.xaa_ZINC000059887500_146;-10.7253328;-11.345278;-11.198;67;609.662;ZPYZWZXSGXTCBX-UHFFFAOYSA-N;[H]c1c([H])c([H])c(S(=O)(=O)N(c2c([H])c([H])c([H])c([N+](=O)[O-])c2[H])C([H])([H])C(=O)N([H])c2c([H])c([H])c(S(=O)(=O)[N-]c3c([H])c(C([H])([H])[H])c([H])c([H])c3OC([H])([H])[H])c([H])c2[H])c([H])c1[H]
KJBBRM.xaa_ZINC000059888987_147;-10.1912348;-10.591119;-10.803;67;609.662;LGEHTWDOGGORAG-UHFFFAOYSA-N;[H]c1c([H])c([H])c(S(=O)(=O)N(c2c([H])c([H])c([N+](=O)[O-])c([H])c2[H])C([H])([H])C(=O)N([H])c2c([H])c([H])c(S(=O)(=O)[N-]c3c([H])c(C([H])([H])[H])c([H])c([H])c3OC([H])([H])[H])c([H])c2[H])c([H])c1[H]
KJBBRM.xaa_ZINC000059924301_149;-10.111783;-10.452671;-10.586;60;528.57;BSANKQLOIQECJN-KOEQRZSOSA-M;[H]/C(=C(\C(=O)N([H])c1c([H])c([H])c(S(=O)(=O)[N-]c2nc(C([H])([H])[H])c([H])c(C([H])([H])[H])n2)c([H])c1[H])c1c([H])c([H])c([H])c([H])c1[H])c1c([H])c([H])c([H])c([N+](=O)[O-])c1[H]
KJBBRM.xaa_ZINC000150429951_154;-10.062362;-10.417105;-12.109;61;666.473;AAQYPDGCCIQPHX-DJTCXORXSA-M;[H]/C(c1c([H])c(I)c([O-])c([N+](=O)[O-])c1[H])=c1\sc2n(c1=O)[C@]([H])(c1c([H])c([H])c(OC([H])([H])[H])c(OC([H])([H])[H])c1[H])C1=C(N=2)c2c([H])c([H])c([H])c([H])c2C([H])([H])C1([H])[H]
KJBBRM.xaa_ZINC000014224993_157;-10.1356566;-10.538852;-10.803;43;501.349;WNZAWKLYHBXFJL-UHFFFAOYSA-N;[H]c1c([H])c([N+](=O)[O-])c([H])c(S(=O)(=O)[N-]c2c([H])c([H])c(S(=O)(=O)N([H])c3c([H])c(Cl)c([H])c(Cl)c3[H])c([H])c2[H])c1[H]
KJBBRM.xaa_ZINC000163257091_165;-10.124266600000002;-10.507251;-11.896;57;636.447;PFXHIWYTVOPUDV-AQIZGWBQSA-M;[H]/C(c1c([H])c(I)c([O-])c([N+](=O)[O-])c1[H])=c1\sc2n(c1=O)[C@]([H])(c1c([H])c([H])c(OC([H])([H])[H])c([H])c1[H])C1=C(N=2)c2c([H])c([H])c([H])c([H])c2C([H])([H])C1([H])[H]
KJBBRM.xaa_ZINC000163458310_167;-10.375758;-10.710622;-9.185;66;660.51;AUACMVZFWJFEFG-IGSWSUAKSA-M;[H]/C(c1c([H])c(I)c([O-])c([N+](=O)[O-])c1[H])=c1/sc2n(c1=O)[C@]([H])(c1c([H])c([H])c(C([H])(C([H])([H])[H])C([H])([H])[H])c([H])c1[H])C(C(=O)OC([H])([H])C([H])([H])[H])=C(C([H])([H])C([H])([H])C([H])([H])[H])N=2
KJBBRM.xaa_ZINC000163458181_168;-10.2283066;-10.664827;-10.589;66;660.51;AUACMVZFWJFEFG-YMSBRDKKSA-M;[H]/C(c1c([H])c(I)c([O-])c([N+](=O)[O-])c1[H])=c1/sc2n(c1=O)[C@@]([H])(c1c([H])c([H])c(C([H])(C([H])([H])[H])C([H])([H])[H])c([H])c1[H])C(C(=O)OC([H])([H])C([H])([H])[H])=C(C([H])([H])C([H])([H])C([H])([H])[H])N=2
KJBBRM.xaa_ZINC000100958413_171;-10.9819752;-11.336507;-9.587;55;604.418;OYHOOPSTQAIILT-XOBACGFXSA-M;[H]/C(c1c([H])c([N+](=O)[O-])c([H])c(Br)c1[O-])=c1\sc2n(c1=O)[C@@]([H])(c1c([H])c([H])c([H])c([N+](=O)[O-])c1[H])C1=C(N=2)c2c([H])c([H])c([H])c([H])c2C([H])([H])C1([H])[H]
KJBBRM.xaa_ZINC000100958411_172;-11.101022;-11.677036;-10.805;55;604.418;OYHOOPSTQAIILT-SEXPAEGTSA-M;[H]/C(c1c([H])c([N+](=O)[O-])c([H])c(Br)c1[O-])=c1\sc2n(c1=O)[C@]([H])(c1c([H])c([H])c([H])c([N+](=O)[O-])c1[H])C1=C(N=2)c2c([H])c([H])c([H])c([H])c2C([H])([H])C1([H])[H]
KJBBRM.xaa_ZINC000197695585_176;-10.1472694;-10.883469;-11.208;50;612.45;ALHJVMNJGXOGHL-PZDOZLBDSA-M;[H]/C(c1c([H])c(I)c([O-])c([N+](=O)[O-])c1[H])=c1\sc2n(c1=O)[C@]([H])(c1sc([H])c([H])c1[H])C1=C(N=2)c2c([H])c([H])c([H])c([H])c2C([H])([H])C1([H])[H]
KJBBRM.xaa_ZINC000408730632_179;-11.3546076;-11.610725;-9.837;67;624.607;SOPUQGPKCJLSCM-FUFNRSNVSA-M;[H]/C(c1oc(-c2c([H])c([H])c(C(=O)[O-])c([H])c2[H])c([H])c1[H])=c1/sc2n(c1=O)[C@@]([H])(c1oc(-c3c([H])c([H])c([H])c([N+](=O)[O-])c3[H])c([H])c1[H])C(C(=O)OC([H])([H])C([H])([H])[H])=C(C([H])([H])[H])N=2
KJBBRM.xaa_ZINC000408730634_180;-11.4805266;-11.759386;-11.635;67;624.607;SOPUQGPKCJLSCM-PRLWALMFSA-M;[H]/C(c1oc(-c2c([H])c([H])c(C(=O)[O-])c([H])c2[H])c([H])c1[H])=c1/sc2n(c1=O)[C@]([H])(c1oc(-c3c([H])c([H])c([H])c([N+](=O)[O-])c3[H])c([H])c1[H])C(C(=O)OC([H])([H])C([H])([H])[H])=C(C([H])([H])[H])N=2
KJBBRM.xaa_ZINC000408729875_181;-11.3557338;-11.814646;-10.543;58;782.33;KIQZUWHQQUCJQT-YOURIZNBSA-M;[H]/C(c1c([H])c(I)c([O-])c(I)c1[H])=c1/sc2n(c1=O)[C@@]([H])(c1oc(-c3c([H])c([H])c([H])c([N+](=O)[O-])c3[H])c([H])c1[H])C(C(=O)OC([H])([H])C([H])([H])[H])=C(C([H])([H])[H])N=2
KJBBRM.xaa_ZINC000408729871_182;-11.6260754;-12.122368;-10.465;58;782.33;KIQZUWHQQUCJQT-GSOQPGDSSA-M;[H]/C(c1c([H])c(I)c([O-])c(I)c1[H])=c1/sc2n(c1=O)[C@]([H])(c1oc(-c3c([H])c([H])c([H])c([N+](=O)[O-])c3[H])c([H])c1[H])C(C(=O)OC([H])([H])C([H])([H])[H])=C(C([H])([H])[H])N=2
KJBBRM.xaa_ZINC000408755857_183;-10.648613200000002;-11.215358;-9.337;55;604.418;GCZOZNVFTRFMRT-RWTNITNYSA-M;[H]/C(c1c([H])c([N+](=O)[O-])c([O-])c([N+](=O)[O-])c1[H])=c1/sc2n(c1=O)[C@]([H])(c1c([H])c([H])c(Br)c([H])c1[H])C1=C(N=2)c2c([H])c([H])c([H])c([H])c2C([H])([H])C1([H])[H]
KJBBRM.xaa_ZINC000408755854_184;-10.5433082;-11.092323;-8.526;55;604.418;GCZOZNVFTRFMRT-MFUBYVTQSA-M;[H]/C(c1c([H])c([N+](=O)[O-])c([O-])c([N+](=O)[O-])c1[H])=c1/sc2n(c1=O)[C@@]([H])(c1c([H])c([H])c(Br)c([H])c1[H])C1=C(N=2)c2c([H])c([H])c([H])c([H])c2C([H])([H])C1([H])[H]
KJBBRM.xaa_ZINC000408758053_197;-10.2504334;-10.74865;-11.16;53;559.421;UUVRDNJIYDPMNN-MFUBYVTQSA-M;[H]/C(c1c([H])c([N+](=O)[O-])c([H])c(Br)c1[O-])=c1/sc2n(c1=O)[C@@]([H])(c1c([H])c([H])c([H])c([H])c1[H])C1=C(N=2)c2c([H])c([H])c([H])c([H])c2C([H])([H])C1([H])[H]
KJBBRM.xaa_ZINC000408758056_198;-10.376278;-10.849559;-9.668;53;559.421;UUVRDNJIYDPMNN-RWTNITNYSA-M;[H]/C(c1c([H])c([N+](=O)[O-])c([H])c(Br)c1[O-])=c1/sc2n(c1=O)[C@]([H])(c1c([H])c([H])c([H])c([H])c1[H])C1=C(N=2)c2c([H])c([H])c([H])c([H])c2C([H])([H])C1([H])[H]
KJBBRM.xaa_ZINC000216002960_200;-10.190042600000002;-10.413406;-11.416;71;674.137;BNMGXRFKIWBYHO-UHFFFAOYSA-M;[H]c1c(C([H])([H])[H])nc([N-]S(=O)(=O)c2c([H])c([H])c(N([H])C(=O)C([H])([H])N(c3c([H])c(Cl)c([H])c([H])c3OC([H])([H])[H])S(=O)(=O)c3c([H])c([H])c(C([H])([H])[H])c([N+](=O)[O-])c3[H])c([H])c2[H])nc1C([H])([H])[H]
KJBBRM.xaa_ZINC000408826534_204;-10.3844114;-10.800907;-11.786;57;636.447;HCGLIEUJBUATTN-YXDQGSNCSA-M;[H]/C(c1c([H])c(I)c([O-])c([N+](=O)[O-])c1[H])=c1\sc2n(c1=O)[C@]([H])(c1c([H])c([H])c([H])c(OC([H])([H])[H])c1[H])C1=C(N=2)c2c([H])c([H])c([H])c([H])c2C([H])([H])C1([H])[H]
KJBBRM.xaa_ZINC000408826529_205;-10.0562698;-10.665937;-9.739;57;636.447;HCGLIEUJBUATTN-ITIZVALFSA-M;[H]/C(c1c([H])c(I)c([O-])c([N+](=O)[O-])c1[H])=c1\sc2n(c1=O)[C@@]([H])(c1c([H])c([H])c([H])c(OC([H])([H])[H])c1[H])C1=C(N=2)c2c([H])c([H])c([H])c([H])c2C([H])([H])C1([H])[H]
KJBBRM.xaa_ZINC000408847062_211;-10.3838517;-11.121159;-8.747;63;634.488;MEKVDOYYKMKOAL-CBYYHRJHSA-M;[H]/C(c1c([H])c([N+](=O)[O-])c([H])c(Br)c1[O-])=c1/sc2n(c1=O)[C@]([H])(c1c([H])c([H])c(OC([H])([H])C([H])([H])[H])c([H])c1[H])C(C(=O)N([H])c1c([H])c([H])c([H])c([H])c1[H])=C(C([H])([H])[H])N=2
KJBBRM.xaa_ZINC000408847069_212;-10.2437018;-10.685679;-11.426;63;634.488;MEKVDOYYKMKOAL-PNZYDNNZSA-M;[H]/C(c1c([H])c([N+](=O)[O-])c([H])c(Br)c1[O-])=c1/sc2n(c1=O)[C@@]([H])(c1c([H])c([H])c(OC([H])([H])C([H])([H])[H])c([H])c1[H])C(C(=O)N([H])c1c([H])c([H])c([H])c([H])c1[H])=C(C([H])([H])[H])N=2
KJBBRM.xaa_ZINC000408856838_213;-10.0529411;-10.523588;-11.474;63;634.488;LNLMCOMLQNIDRI-PNZYDNNZSA-M;[H]/C(c1c([H])c(Br)c([H])c([N+](=O)[O-])c1[O-])=c1/sc2n(c1=O)[C@@]([H])(c1c([H])c([H])c(OC([H])([H])C([H])([H])[H])c([H])c1[H])C(C(=O)N([H])c1c([H])c([H])c([H])c([H])c1[H])=C(C([H])([H])[H])N=2
KJBBRM.xaa_ZINC000408856834_214;-10.3215008;-10.977203;-8.896;63;634.488;LNLMCOMLQNIDRI-CBYYHRJHSA-M;[H]/C(c1c([H])c(Br)c([H])c([N+](=O)[O-])c1[O-])=c1/sc2n(c1=O)[C@]([H])(c1c([H])c([H])c(OC([H])([H])C([H])([H])[H])c([H])c1[H])C(C(=O)N([H])c1c([H])c([H])c([H])c([H])c1[H])=C(C([H])([H])[H])N=2
KJBBRM.xaa_ZINC000101161849_217;-11.017899599999998;-11.45951;-10.605;60;534.504;QFKNLPMPRDFLBE-FTJBHMTQSA-M;[H]c1c([H])c([H])c(C(=O)Oc2c([H])c([H])c([C@]3([H])N(c4c([H])c([H])c([H])c([N+](=O)[O-])c4[H])OC4=C([O-])N(c5c([H])c([H])c([H])c([H])c5[H])C(=O)[C@@]43[H])c([H])c2[H])c([H])c1[H]
KJBBRM.xaa_ZINC000408906627_218;-10.2467239;-10.523375;-10.684;46;515.376;CIFOBZNIOHCMIU-UHFFFAOYSA-N;[H]c1c([H])c(Cl)c(Cl)c(N([H])S(=O)(=O)c2c([H])c([H])c([N-]S(=O)(=O)c3c([H])c([H])c(C([H])([H])[H])c([N+](=O)[O-])c3[H])c([H])c2[H])c1[H]
KJBBRM.xaa_ZINC000408992741_223;-11.1196708;-11.472016;-8.217;69;613.628;BKBHAQCYQSLEPM-LKWZWFHSSA-M;[H]/C(c1c([H])c([N+](=O)[O-])c([H])c([N+](=O)[O-])c1[O-])=c1/sc2n(c1=O)[C@@]([H])(c1c([H])c([H])c(C([H])(C([H])([H])[H])C([H])([H])[H])c([H])c1[H])C(C(=O)OC([H])([H])C([H])([H])[H])=C(c1c([H])c([H])c([H])c([H])c1[H])N=2
KJBBRM.xaa_ZINC000408989537_227;-10.0882756;-10.310941;-9.833;59;569.666;IATMQBWYGXWREK-KJOVKWNASA-M;[H]c1c([H])c([C@]2([H])SC([H])([H])[C@@]([H])(C(=O)[O-])N2[H])c([H])c([N+](=O)[O-])c1Sc1nc2c([H])c([H])c(N3C(=O)[C@@]4([H])C([H])([H])C([H])([H])C([H])([H])C([H])([H])[C@@]4([H])C3=O)c([H])c2s1
KJBBRM.xaa_ZINC000408989534_228;-10.0662041;-10.530851;-9.714;59;569.666;IATMQBWYGXWREK-BJMYLWLSSA-M;[H]c1c([H])c([C@@]2([H])SC([H])([H])[C@@]([H])(C(=O)[O-])N2[H])c([H])c([N+](=O)[O-])c1Sc1nc2c([H])c([H])c(N3C(=O)[C@@]4([H])C([H])([H])C([H])([H])C([H])([H])C([H])([H])[C@]4([H])C3=O)c([H])c2s1
KJBBRM.xaa_ZINC000408989539_229;-10.063737800000002;-10.531417;-9.958;59;569.666;IATMQBWYGXWREK-ODEMNLNRSA-M;[H]c1c([H])c([C@@]2([H])SC([H])([H])[C@@]([H])(C(=O)[O-])N2[H])c([H])c([N+](=O)[O-])c1Sc1nc2c([H])c([H])c(N3C(=O)[C@]4([H])C([H])([H])C([H])([H])C([H])([H])C([H])([H])[C@@]4([H])C3=O)c([H])c2s1
KJBBRM.xaa_ZINC000408989532_230;-10.0531145;-10.186343;-10.67;59;569.666;IATMQBWYGXWREK-ATUDVECKSA-M;[H]c1c([H])c([C@@]2([H])SC([H])([H])[C@@]([H])(C(=O)[O-])N2[H])c([H])c([N+](=O)[O-])c1Sc1nc2c([H])c([H])c(N3C(=O)[C@@]4([H])C([H])([H])C([H])([H])C([H])([H])C([H])([H])[C@@]4([H])C3=O)c([H])c2s1
KJBBRM.xaa_ZINC000408996155_231;-10.7320438;-11.047024;-9.586;67;568.631;LFFYWORXQQCPQL-ZPVURNRZSA-M;[H]/C(c1c([H])c([H])c([O-])c([N+](=O)[O-])c1[H])=c1/sc2n(c1=O)[C@]([H])(c1c([H])c([H])c(C([H])(C([H])([H])[H])C([H])([H])[H])c([H])c1[H])C(C(=O)OC([H])([H])C([H])([H])[H])=C(c1c([H])c([H])c([H])c([H])c1[H])N=2
KJBBRM.xaa_ZINC000408996153_232;-10.6618972;-11.008961;-8.484;67;568.631;LFFYWORXQQCPQL-FBRKSOCZSA-M;[H]/C(c1c([H])c([H])c([O-])c([N+](=O)[O-])c1[H])=c1/sc2n(c1=O)[C@@]([H])(c1c([H])c([H])c(C([H])(C([H])([H])[H])C([H])([H])[H])c([H])c1[H])C(C(=O)OC([H])([H])C([H])([H])[H])=C(c1c([H])c([H])c([H])c([H])c1[H])N=2
KJBBRM.xaa_ZINC000409003299_233;-10.625231;-10.950205;-9.892;67;568.631;ZHRWUHBOLZWMMR-FBRKSOCZSA-M;[H]/C(c1c([H])c([N+](=O)[O-])c([H])c([H])c1[O-])=c1/sc2n(c1=O)[C@@]([H])(c1c([H])c([H])c(C([H])(C([H])([H])[H])C([H])([H])[H])c([H])c1[H])C(C(=O)OC([H])([H])C([H])([H])[H])=C(c1c([H])c([H])c([H])c([H])c1[H])N=2
KJBBRM.xaa_ZINC000409001699_234;-11.1790502;-11.527155;-7.838;69;613.628;QNYMSUGMHYAKNZ-QFDNUGPTSA-M;[H]/C(c1c([H])c([N+](=O)[O-])c([O-])c([N+](=O)[O-])c1[H])=c1/sc2n(c1=O)[C@@]([H])(c1c([H])c([H])c(C([H])(C([H])([H])[H])C([H])([H])[H])c([H])c1[H])C(C(=O)OC([H])([H])C([H])([H])[H])=C(c1c([H])c([H])c([H])c([H])c1[H])N=2
KJBBRM.xaa_ZINC000409001698_235;-11.2375968;-11.617381;-9.436;69;613.628;QNYMSUGMHYAKNZ-MZANGIHLSA-M;[H]/C(c1c([H])c([N+](=O)[O-])c([O-])c([N+](=O)[O-])c1[H])=c1/sc2n(c1=O)[C@]([H])(c1c([H])c([H])c(C([H])(C([H])([H])[H])C([H])([H])[H])c([H])c1[H])C(C(=O)OC([H])([H])C([H])([H])[H])=C(c1c([H])c([H])c([H])c([H])c1[H])N=2
KJBBRM.xaa_ZINC000408999063_236;-10.6359827;-11.095954;-8.52;71;598.657;RGVIQGDPAAPGHK-FBRKSOCZSA-M;[H]/C(c1c([H])c(OC([H])([H])[H])c([O-])c([N+](=O)[O-])c1[H])=c1/sc2n(c1=O)[C@@]([H])(c1c([H])c([H])c(C([H])(C([H])([H])[H])C([H])([H])[H])c([H])c1[H])C(C(=O)OC([H])([H])C([H])([H])[H])=C(c1c([H])c([H])c([H])c([H])c1[H])N=2
KJBBRM.xaa_ZINC000409176436_272;-10.0070226;-10.255655;-10.553;46;515.376;JNBNGWNSHVWOBC-UHFFFAOYSA-N;[H]c1c([H])c(N([H])S(=O)(=O)c2c([H])c([H])c([N-]S(=O)(=O)c3c([H])c([H])c(C([H])([H])[H])c([N+](=O)[O-])c3[H])c([H])c2[H])c(Cl)c([H])c1Cl
KJBBRM.xaa_ZINC000033651771_281;-10.3980476;-10.591307;-10.887;43;501.349;CITKQQKFFYVUCO-UHFFFAOYSA-N;[H]c1c([H])c(Cl)c(Cl)c(N([H])S(=O)(=O)c2c([H])c([H])c([N-]S(=O)(=O)c3c([H])c([H])c([H])c([N+](=O)[O-])c3[H])c([H])c2[H])c1[H]
KDBDRN.xaa_ZINC000514294822_19;-10.055220899999998;-10.481188;-10.821;67;580.641;BQPILZPTGDOWDS-UHFFFAOYSA-N;[H]c1c([H])c([H])c(S(=O)(=O)N2C([H])([H])C([H])([H])C([H])(C(=O)N3C([H])([H])C([H])([H])N(S(=O)(=O)c4c([H])c([H])c([H])c([N+](=O)[O-])c4[H])C([H])([H])C3([H])[H])C([H])([H])C2([H])[H])c(C(=O)OC([H])([H])[H])c1[H]
KDBDRN.xaa_ZINC000514295987_28;-10.039582;-10.375574;-9.441;61;522.605;NEHORKDERRNXDC-UHFFFAOYSA-N;[H]c1c([H])c([N+](=O)[O-])c([H])c(S(=O)(=O)N2C([H])([H])C([H])([H])N(C(=O)c3c([H])c([H])c(S(=O)(=O)N4C([H])([H])C([H])([H])C([H])([H])C([H])([H])C4([H])[H])c([H])c3[H])C([H])([H])C2([H])[H])c1[H]
KDBDRN.xaa_ZINC000514298183_59;-10.3222114;-10.527758;-11.948;64;536.632;ZRTBOVXNUIKGHC-UHFFFAOYSA-N;[H]c1c([H])c([N+](=O)[O-])c([H])c(S(=O)(=O)N2C([H])([H])C([H])([H])N(C(=O)C([H])([H])C([H])([H])N([H])S(=O)(=O)c3c([H])c([H])c4c(c3[H])C([H])([H])C([H])([H])C([H])([H])C4([H])[H])C([H])([H])C2([H])[H])c1[H]
KDBDRN.xaa_ZINC000514378016_158;-10.260350399999998;-10.676366;-10.61;66;564.642;CCCHCTXPVQUEEF-UHFFFAOYSA-N;[H]c1c([H])c([N+](=O)[O-])c([H])c(S(=O)(=O)N2C([H])([H])C([H])([H])N(C(=O)C3([H])C([H])([H])C([H])([H])N(S(=O)(=O)c4c([H])c([H])c(C(=O)C([H])([H])[H])c([H])c4[H])C([H])([H])C3([H])[H])C([H])([H])C2([H])[H])c1[H]
KDBDRN.xaa_ZINC000514378971_175;-10.1824742;-10.770568;-9.688;65;552.631;KZIJNGCKOJCPFS-HDICACEKSA-N;[H]c1c([H])c([N+](=O)[O-])c([H])c(S(=O)(=O)N2C([H])([H])C([H])([H])N(C(=O)c3c([H])c([H])c(S(=O)(=O)N4C([H])([H])[C@]([H])(C([H])([H])[H])O[C@]([H])(C([H])([H])[H])C4([H])[H])c([H])c3[H])C([H])([H])C2([H])[H])c1[H]
KDBDRN.xaa_ZINC000514379768_193;-10.0440903;-10.615084;-10.417;66;518.592;UHRXIVCDBFJKLK-NJDAHSKKSA-N;[H]C1=C([H])C([H])([H])[C@@]2([H])C(=O)N([C@@]([H])(C(=O)N3C([H])([H])C([H])([H])N(S(=O)(=O)c4c([H])c([H])c([H])c([N+](=O)[O-])c4[H])C([H])([H])C3([H])[H])C([H])([H])C([H])(C([H])([H])[H])C([H])([H])[H])C(=O)[C@]2([H])C1([H])[H]
KDBDRN.xaa_ZINC000514379770_198;-10.095359599999998;-10.418686;-10.482;66;518.592;UHRXIVCDBFJKLK-PCCBWWKXSA-N;[H]C1=C([H])C([H])([H])[C@]2([H])C(=O)N([C@@]([H])(C(=O)N3C([H])([H])C([H])([H])N(S(=O)(=O)c4c([H])c([H])c([H])c([N+](=O)[O-])c4[H])C([H])([H])C3([H])[H])C([H])([H])C([H])(C([H])([H])[H])C([H])([H])[H])C(=O)[C@@]2([H])C1([H])[H]
KDBDRN.xaa_ZINC000514403837_338;-10.04369;-10.579494;-10.581;62;538.604;RLMAANGCWCEVGV-LJQANCHMSA-N;[H]c1c([H])c(C(=O)N2C([H])([H])C([H])([H])N(S(=O)(=O)c3c([H])c([H])c([N+](=O)[O-])c([H])c3[H])C([H])([H])C2([H])[H])c([H])c(S(=O)(=O)N([H])C([H])([H])[C@]2([H])OC([H])([H])C([H])([H])C2([H])[H])c1[H]
KDBDRN.xaa_ZINC000514392990_347;-10.1620306;-10.724891;-10.76;58;528.634;JUJJAYYCHDOJSI-UHFFFAOYSA-N;[H]c1sc(C(=O)N2C([H])([H])C([H])([H])N(S(=O)(=O)c3c([H])c([H])c([H])c([N+](=O)[O-])c3[H])C([H])([H])C2([H])[H])c(S(=O)(=O)N2C([H])([H])C([H])([H])C([H])([H])C([H])([H])C2([H])[H])c1[H]
KDBDRN.xaa_ZINC000514404750_363;-10.071108;-10.484211;-10.333;59;560.705;LLBSVKZAXZGWOY-UHFFFAOYSA-N;[H]c1c([H])c([N+](=O)[O-])c([H])c(S(=O)(=O)N2C([H])([H])C([H])([H])N(C(=O)C([H])([H])Sc3nnc(SC([H])([H])C(=O)N([H])C([H])([H])C([H])([H])C([H])([H])[H])s3)C([H])([H])C2([H])[H])c1[H]
KHBARM.xaa_ZINC000097983653_12;-10.7519168;-11.05765;-11.446;57;555.57;IWWMEWQLIZPOMG-UHFFFAOYSA-M;[H]c1oc(C([H])([H])N([H])S(=O)(=O)c2c([H])c([H])c([H])c(N([H])C(=O)c3c([H])c([H])c([H])c([H])c3[N-]S(=O)(=O)c3c([H])c([H])c([H])c([N+](=O)[O-])c3[H])c2[H])c([H])c1[H]
KHBARM.xaa_ZINC000002364881_32;-10.2270612;-10.728268;-9.391;55;543.512;KXYZLIJJRPCDOJ-MFUBYVTQSA-M;[H]/C(c1c([H])c([N+](=O)[O-])c([O-])c([N+](=O)[O-])c1[H])=c1/sc2n(c1=O)[C@@]([H])(c1c([H])c([H])c(F)c([H])c1[H])C1=C(N=2)c2c([H])c([H])c([H])c([H])c2C([H])([H])C1([H])[H]
KHBARM.xaa_ZINC000002364885_33;-10.3750538;-10.874621;-8.95;55;543.512;KXYZLIJJRPCDOJ-RWTNITNYSA-M;[H]/C(c1c([H])c([N+](=O)[O-])c([O-])c([N+](=O)[O-])c1[H])=c1/sc2n(c1=O)[C@]([H])(c1c([H])c([H])c(F)c([H])c1[H])C1=C(N=2)c2c([H])c([H])c([H])c([H])c2C([H])([H])C1([H])[H]
KHBARM.xaa_ZINC000102975570_62;-10.718739;-10.89949;-10.817;65;582.011;UCDVJHBAZVHAMO-AWEZNQCLSA-N;[H]c1c([H])c(C(=O)O[C@]([H])(C(=O)N([H])C(=O)N([H])C2([H])C([H])([H])C([H])([H])C([H])([H])C([H])([H])C2([H])[H])C([H])([H])[H])c([H])c(S(=O)(=O)[N-]c2c([H])c([N+](=O)[O-])c([H])c([H])c2OC([H])([H])[H])c1Cl
KHBARM.xaa_ZINC000102975573_63;-10.6992144;-10.839554;-11.911;65;582.011;UCDVJHBAZVHAMO-CQSZACIVSA-N;[H]c1c([H])c(C(=O)O[C@@]([H])(C(=O)N([H])C(=O)N([H])C2([H])C([H])([H])C([H])([H])C([H])([H])C([H])([H])C2([H])[H])C([H])([H])[H])c([H])c(S(=O)(=O)[N-]c2c([H])c([N+](=O)[O-])c([H])c([H])c2OC([H])([H])[H])c1Cl
KHBARM.xaa_ZINC000103000989_72;-10.7220696;-11.098654;-11.332;57;555.57;DJQRLEIQJJEPEW-UHFFFAOYSA-M;[H]c1oc(C([H])([H])N([H])S(=O)(=O)c2c([H])c([H])c([H])c(N([H])C(=O)c3c([H])c([H])c([N-]S(=O)(=O)c4c([H])c([H])c([H])c([N+](=O)[O-])c4[H])c([H])c3[H])c2[H])c([H])c1[H]
KHBARM.xaa_ZINC000002952620_75;-11.018584399999998;-11.556298;-11.046;51;505.51;GKLRMMLSJQWMSO-UHFFFAOYSA-N;[H]c1c([H])c([N-]S(=O)(=O)c2c([H])c(S(=O)(=O)N([H])c3c([H])c([H])c([H])c([N+](=O)[O-])c3[H])c(C([H])([H])[H])c([H])c2C([H])([H])[H])c([H])c([N+](=O)[O-])c1[H]
KHBARM.xaa_ZINC000252669073_94;-10.004861;-10.339268;-9.492;56;529.529;GKLYNLVVJAWSBZ-LJJBLSSYSA-M;[H]/C(c1c([H])c([H])c([H])c([N+](=O)[O-])c1[O-])=c1/sc2n(c1=O)[C@]([H])(c1c([H])c([H])c(F)c([H])c1[H])C(C(=O)N([H])c1c([H])c([H])c([H])c([H])c1[H])=C(C([H])([H])[H])N=2
KHBARM.xaa_ZINC000252669190_95;-10.1245055;-10.329034;-9.33;62;556.576;GUDKPMGNGYJKPQ-GJISQHIDSA-M;[H]/C(c1c([H])c([H])c([H])c([N+](=O)[O-])c1[O-])=c1/sc2n(c1=O)[C@]([H])(c1c([H])c([H])c([H])c(OC([H])([H])[H])c1[H])C(C(=O)OC([H])([H])C([H])([H])[H])=C(c1c([H])c([H])c([H])c([H])c1[H])N=2
KHBARM.xaa_ZINC000252669191_96;-10.1092266;-10.338722;-9.928;62;556.576;GUDKPMGNGYJKPQ-YVVITCHPSA-M;[H]/C(c1c([H])c([H])c([H])c([N+](=O)[O-])c1[O-])=c1/sc2n(c1=O)[C@@]([H])(c1c([H])c([H])c([H])c(OC([H])([H])[H])c1[H])C(C(=O)OC([H])([H])C([H])([H])[H])=C(c1c([H])c([H])c([H])c([H])c1[H])N=2
KHBARM.xaa_ZINC000103097626_97;-10.0840454;-10.284193;-10.814;62;538.558;SDUSXWVBWPROGN-UHFFFAOYSA-M;[H]c1c([H])c([H])c(N(C([H])([H])C([H])([H])C([H])([H])C([H])([H])[H])S(=O)(=O)c2c([H])c([H])c([H])c(C(=O)OC([H])([H])C(=O)[N-]C(=O)c3c([H])c([H])c([H])c([N+](=O)[O-])c3[H])c2[H])c([H])c1[H]
KHBARM.xaa_ZINC000252670191_101;-10.025876;-10.12786;-10.126;61;540.577;JVBVKJQJHNHXGD-ORVZPOCUSA-M;[H]/C(c1c([H])c([N+](=O)[O-])c([H])c([H])c1[O-])=c1/sc2n(c1=O)[C@@]([H])(c1c([H])c(OC([H])([H])[H])c([H])c([H])c1OC([H])([H])[H])C1=C(N=2)c2c([H])c([H])c([H])c([H])c2C([H])([H])C1([H])[H]
KHBARM.xaa_ZINC000252670399_102;-10.023241;-10.291754;-9.856;58;544.54;KMGBBWPDPFLHOW-VNSJDZJPSA-M;[H]/C(c1c([H])c([H])c([H])c([N+](=O)[O-])c1[O-])=c1/sc2n(c1=O)[C@@]([H])(c1c([H])c([H])c(F)c([H])c1[H])C(C(=O)OC([H])([H])C([H])([H])[H])=C(c1c([H])c([H])c([H])c([H])c1[H])N=2
KHBARM.xaa_ZINC000252670400_103;-10.0074022;-10.20458;-9.177;58;544.54;KMGBBWPDPFLHOW-HVUZKSCUSA-M;[H]/C(c1c([H])c([H])c([H])c([N+](=O)[O-])c1[O-])=c1/sc2n(c1=O)[C@]([H])(c1c([H])c([H])c(F)c([H])c1[H])C(C(=O)OC([H])([H])C([H])([H])[H])=C(c1c([H])c([H])c([H])c([H])c1[H])N=2
KHBARM.xaa_ZINC000252671000_104;-10.1750912;-10.736558;-10.174;53;517.568;MHZQCYDMUPARSC-FNGUVFISSA-M;[H]/C(c1c([H])c([H])c([H])c([N+](=O)[O-])c1[O-])=c1/sc2n(c1=O)[C@@]([H])(c1sc([H])c([H])c1[H])C(C(=O)N([H])c1c([H])c([H])c([H])c([H])c1[H])=C(C([H])([H])[H])N=2
KHBARM.xaa_ZINC000252671001_105;-10.1021054;-10.498301;-9.309;53;517.568;MHZQCYDMUPARSC-CNSVBDKNSA-M;[H]/C(c1c([H])c([H])c([H])c([N+](=O)[O-])c1[O-])=c1/sc2n(c1=O)[C@]([H])(c1sc([H])c([H])c1[H])C(C(=O)N([H])c1c([H])c([H])c([H])c([H])c1[H])=C(C([H])([H])[H])N=2
KHBARM.xaa_ZINC000252672062_106;-10.217043;-10.339097;-9.357;62;556.576;PBPJEZQHLMRWNS-HZHYMEEXSA-M;[H]/C(c1c([H])c([N+](=O)[O-])c([H])c([H])c1[O-])=c1/sc2n(c1=O)[C@]([H])(c1c([H])c([H])c([H])c(OC([H])([H])[H])c1[H])C(C(=O)OC([H])([H])C([H])([H])[H])=C(c1c([H])c([H])c([H])c([H])c1[H])N=2
KHBARM.xaa_ZINC000252672063_107;-10.172211699999998;-10.40042;-9.987;62;556.576;PBPJEZQHLMRWNS-VFHYMGCCSA-M;[H]/C(c1c([H])c([N+](=O)[O-])c([H])c([H])c1[O-])=c1/sc2n(c1=O)[C@@]([H])(c1c([H])c([H])c([H])c(OC([H])([H])[H])c1[H])C(C(=O)OC([H])([H])C([H])([H])[H])=C(c1c([H])c([H])c([H])c([H])c1[H])N=2
KHBARM.xaa_ZINC000252677701_108;-10.130306999999998;-10.763362;-9.047;57;510.551;ZOSFNLCQNWCQIB-RISWYLRJSA-M;[H]/C(c1c([H])c([H])c([O-])c([N+](=O)[O-])c1[H])=c1/sc2n(c1=O)[C@@]([H])(c1c([H])c([H])c(OC([H])([H])[H])c([H])c1[H])C1=C(N=2)c2c([H])c([H])c([H])c([H])c2C([H])([H])C1([H])[H]
KHBARM.xaa_ZINC000252677700_109;-10.1710239;-10.665796;-10.103;57;510.551;ZOSFNLCQNWCQIB-LMSRTUJASA-M;[H]/C(c1c([H])c([H])c([O-])c([N+](=O)[O-])c1[H])=c1/sc2n(c1=O)[C@]([H])(c1c([H])c([H])c(OC([H])([H])[H])c([H])c1[H])C1=C(N=2)c2c([H])c([H])c([H])c([H])c2C([H])([H])C1([H])[H]
KHBARM.xaa_ZINC000104161661_128;-10.369008;-10.868967;-11.012;51;529.47;JLERTQTTXMOKIN-UHFFFAOYSA-M;[H]c1c([H])c([H])c(-c2[n-]n(-c3c([H])c([H])c([N+](=O)[O-])c([H])c3[N+](=O)[O-])c(=O)c2C(=O)C(=O)N([H])c2nc3c([H])c([H])c([H])c([H])c3s2)c([H])c1[H]
KHBARM.xaa_ZINC000104161664_130;-10.590877;-10.899411;-10.102;51;551.835;SMIGXQUUPGCBBI-UHFFFAOYSA-M;[H]c1c([H])c([H])c(-c2[n-]n(-c3c([H])c([H])c([N+](=O)[O-])c([H])c3[N+](=O)[O-])c(=O)c2C(=O)C(=O)N([H])c2c([H])c([H])c([N+](=O)[O-])c([H])c2Cl)c([H])c1[H]
KHBARM.xaa_ZINC000104161658_131;-10.369008;-10.868967;-10.993;51;529.47;JLERTQTTXMOKIN-UHFFFAOYSA-M;[H]c1c([H])c([H])c(-c2[n-]n(-c3c([H])c([H])c([N+](=O)[O-])c([H])c3[N+](=O)[O-])c(=O)c2C(=O)C(=O)N([H])c2nc3c([H])c([H])c([H])c([H])c3s2)c([H])c1[H]
KHBARM.xaa_ZINC000104161668_132;-10.590877;-10.899411;-10.127;51;551.835;SMIGXQUUPGCBBI-UHFFFAOYSA-M;[H]c1c([H])c([H])c(-c2[n-]n(-c3c([H])c([H])c([N+](=O)[O-])c([H])c3[N+](=O)[O-])c(=O)c2C(=O)C(=O)N([H])c2c([H])c([H])c([N+](=O)[O-])c([H])c2Cl)c([H])c1[H]
KHBARM.xaa_ZINC000104194453_133;-10.270142;-10.680273;-10.282;49;551.289;UHURCZZNDKSWJQ-UHFFFAOYSA-M;[H]c1c([H])c([H])c(-c2nn(-c3c([H])c([H])c([N+](=O)[O-])c([H])c3[N+](=O)[O-])c([O-])c2C(=O)C(=O)N([H])c2c([H])c([H])c(Br)c([H])c2[H])c([H])c1[H]
KHBARM.xaa_ZINC000104194458_134;-10.270142;-10.680273;-10.294;49;551.289;UHURCZZNDKSWJQ-UHFFFAOYSA-M;[H]c1c([H])c([H])c(-c2nn(-c3c([H])c([H])c([N+](=O)[O-])c([H])c3[N+](=O)[O-])c([O-])c2C(=O)C(=O)N([H])c2c([H])c([H])c(Br)c([H])c2[H])c([H])c1[H]
KHBARM.xaa_ZINC000012565821_142;-10.0517012;-10.521851;-11.412;58;508.532;LNLQTECTDADSAV-KRWDZBQOSA-M;[H]c1c([H])c([H])c(C(=O)O[C@]([H])(C(=O)N2c3c([H])c([H])c([H])c([H])c3C([H])([H])C([H])([H])C2([H])[H])C([H])([H])[H])c([N-]S(=O)(=O)c2c([H])c([H])c([H])c([N+](=O)[O-])c2[H])c1[H]
KHBARM.xaa_ZINC000100635801_151;-10.0316524;-10.512791;-9.405;52;524.853;NHSQZLMGQYGXHM-UHFFFAOYSA-M;[H]c1c([H])c(-c2nc3c([H])c([H])c([H])c([H])c3c(=O)n2[N-]C(=O)c2c([H])c([N+](=O)[O-])c([H])c([N+](=O)[O-])c2Cl)c([H])c(OC([H])([H])[H])c1OC([H])([H])[H]
KHBARM.xaa_ZINC000150352600_164;-10.229930199999998;-10.980276;-8.858;90;690.734;VIJDOWIGLQWTPK-AWCRTANDSA-M;[H]c1c([H])c([H])c(C([H])([H])[C@@]([H])(C(=O)N([H])[C@]([H])(C(=O)[O-])C([H])([H])C([H])([H])C([H])([H])C([H])([H])N([H])c2c([H])c([H])c([N+](=O)[O-])c([H])c2[N+](=O)[O-])N([H])C(=O)[C@@]([H])(N([H])C(=O)c2c([H])c([H])c([H])c([H])c2N([H])[H])C([H])([H])C([H])(C([H])([H])[H])C([H])([H])[H])c([H])c1[H]
KHBARM.xaa_ZINC000150385877_166;-10.6542016;-11.238864;-10.371;57;623.07;WYCIBBXVFUEMMD-LAUBAEHRSA-M;[H]c1c(C(=O)N([H])[C@@]2([H])C(=O)N3C(C(=O)[O-])=C(C([H])([H])Sc4nnc(C([H])([H])[H])s4)C([H])([H])S[C@@]32[H])oc(C([H])([H])Oc2c([H])c([H])c([N+](=O)[O-])c([H])c2Cl)c1[H]
KHBARM.xaa_ZINC000150385881_167;-10.857389800000002;-11.572124;-10.386;57;623.07;YRDDWFKRJXETEX-LAUBAEHRSA-M;[H]c1c(C(=O)N([H])[C@@]2([H])C(=O)N3C(C(=O)[O-])=C(C([H])([H])Sc4nnc(C([H])([H])[H])s4)C([H])([H])S[C@@]32[H])oc(C([H])([H])Oc2c([H])c([N+](=O)[O-])c([H])c([H])c2Cl)c1[H]
KHBARM.xaa_ZINC000150385880_168;-10.5704936;-11.086545;-10.537;57;623.07;YRDDWFKRJXETEX-UTKZUKDTSA-M;[H]c1c(C(=O)N([H])[C@]2([H])C(=O)N3C(C(=O)[O-])=C(C([H])([H])Sc4nnc(C([H])([H])[H])s4)C([H])([H])S[C@]32[H])oc(C([H])([H])Oc2c([H])c([N+](=O)[O-])c([H])c([H])c2Cl)c1[H]
KHBARM.xaa_ZINC000150385876_169;-10.372755000000002;-10.756216;-10.342;57;623.07;WYCIBBXVFUEMMD-UTKZUKDTSA-M;[H]c1c(C(=O)N([H])[C@]2([H])C(=O)N3C(C(=O)[O-])=C(C([H])([H])Sc4nnc(C([H])([H])[H])s4)C([H])([H])S[C@]32[H])oc(C([H])([H])Oc2c([H])c([H])c([N+](=O)[O-])c([H])c2Cl)c1[H]
KHBARM.xaa_ZINC000150385882_170;-10.1118382;-10.381286;-9.77;57;623.07;YRDDWFKRJXETEX-UWJYYQICSA-M;[H]c1c(C(=O)N([H])[C@@]2([H])C(=O)N3C(C(=O)[O-])=C(C([H])([H])Sc4nnc(C([H])([H])[H])s4)C([H])([H])S[C@]32[H])oc(C([H])([H])Oc2c([H])c([N+](=O)[O-])c([H])c([H])c2Cl)c1[H]
KHBARM.xaa_ZINC000150385879_172;-10.5421562;-11.017902;-10.146;57;623.07;YRDDWFKRJXETEX-DYESRHJHSA-M;[H]c1c(C(=O)N([H])[C@]2([H])C(=O)N3C(C(=O)[O-])=C(C([H])([H])Sc4nnc(C([H])([H])[H])s4)C([H])([H])S[C@@]32[H])oc(C([H])([H])Oc2c([H])c([N+](=O)[O-])c([H])c([H])c2Cl)c1[H]
KHBARM.xaa_ZINC000150385875_173;-10.3599914;-10.756369;-10.522;57;623.07;WYCIBBXVFUEMMD-DYESRHJHSA-M;[H]c1c(C(=O)N([H])[C@]2([H])C(=O)N3C(C(=O)[O-])=C(C([H])([H])Sc4nnc(C([H])([H])[H])s4)C([H])([H])S[C@@]32[H])oc(C([H])([H])Oc2c([H])c([H])c([N+](=O)[O-])c([H])c2Cl)c1[H]
KHBARM.xaa_ZINC000101372673_207;-12.0411028;-12.838622;-9.449;50;539.349;HQYYKSGTZFTRGC-UHFFFAOYSA-M;[H]c1c(C(=O)[O-])c([H])c(N([H])C(=O)c2c([H])c([N+](=O)[O-])c([H])c([N+](=O)[O-])c2[H])c([H])c1N([H])C(=O)c1c([H])c([N+](=O)[O-])c([H])c([N+](=O)[O-])c1[H]
KHBARM.xaa_ZINC000002168569_212;-10.217043;-10.339097;-9.349;62;556.576;PBPJEZQHLMRWNS-HZHYMEEXSA-M;[H]/C(c1c([H])c([N+](=O)[O-])c([H])c([H])c1[O-])=c1/sc2n(c1=O)[C@]([H])(c1c([H])c([H])c([H])c(OC([H])([H])[H])c1[H])C(C(=O)OC([H])([H])C([H])([H])[H])=C(c1c([H])c([H])c([H])c([H])c1[H])N=2
KHBARM.xaa_ZINC000002168561_213;-10.172211699999998;-10.40042;-10.058;62;556.576;PBPJEZQHLMRWNS-VFHYMGCCSA-M;[H]/C(c1c([H])c([N+](=O)[O-])c([H])c([H])c1[O-])=c1/sc2n(c1=O)[C@@]([H])(c1c([H])c([H])c([H])c(OC([H])([H])[H])c1[H])C(C(=O)OC([H])([H])C([H])([H])[H])=C(c1c([H])c([H])c([H])c([H])c1[H])N=2
KJEBMM.xaa_ZINC000097984180_1;-10.7227808;-11.286835;-11.309;73;613.68;HKBWXZSDRGODHF-QOSDPKFLSA-N;[H]c1c([H])c(S(=O)(=O)[N-]c2c([H])c([H])c(C([H])([H])[H])c([H])c2C([H])([H])[H])c([H])c([N+](=O)[O-])c1/N=N/C([H])([H])c1c(C([H])([H])[H])nn2c1nc(N1C([H])([H])C([H])([H])OC([H])([H])C1([H])[H])c1c([H])c([H])c([H])c([H])c12
KJEBMM.xaa_ZINC000098001246_10;-10.3978576;-11.038489;-10.861;49;721.115;VUTSTFVQYQRMTP-RMLRFSFXSA-M;[H]c1c([H])c(Br)c([H])c(N([H])c2nc(/N=N/C([H])([H])c3c([H])c(I)c([H])c(I)c3[O-])nc(N3C([H])([H])C([H])([H])OC([H])([H])C3([H])[H])n2)c1[H]
KJEBMM.xaa_ZINC000102934104_14;-10.2652787;-10.878311;-10.227;53;535.949;UZOBGCVBHZYSGR-XHWLHZJSSA-N;[H]c1nc(C(=O)[C@@]([H])(/N=N/c2c([H])c([H])c([N+](=O)[O-])c([H])c2S(=O)(=O)[N-]c2c([H])c([H])c(Cl)c([H])c2[H])c2nc([H])c([H])c([H])c2[H])c([H])c([H])c1[H]
KJEBMM.xaa_ZINC000102980413_25;-10.2296074;-10.576871;-10.781;52;518.915;ZGWFBRVGHDRQLA-FOKLQQMPSA-M;[H]/C(=N\N([H])c1c([H])c([H])c([N+](=O)[O-])c([H])c1S(=O)(=O)N([H])c1c([H])c([H])c(C([H])([H])[H])c([H])c1C([H])([H])[H])c1c([H])c(Cl)c([H])c([N+](=O)[O-])c1[O-]
KJEBMM.xaa_ZINC000102982320_27;-10.3913628;-10.546965;-11.969;66;603.589;OWOBKGWNPLTWCY-NVQSTNCTSA-M;[H]c1c([H])c([H])c(N([H])S(=O)(=O)c2c([H])c([H])c(/N=N/C([H])([H])c3c([H])c([H])c(OC([H])([H])c4c([H])c([H])c(C(=O)OC([H])([H])[H])c([H])c4[H])c([H])c3[H])c([N+](=O)[O-])c2[H])c(C(=O)[O-])c1[H]
KJEBMM.xaa_ZINC000104226548_97;-10.0005774;-10.6077175;-9.711;48;501.888;ZDKDTRNGMRWCBI-ZLKPNJSRSA-M;[H]c1c([H])c([H])c(N([H])C(=O)C(/N=N/c2c([H])c([H])c([N+](=O)[O-])c([H])c2Cl)=N\N([H])c2c([H])c([H])c([H])c([H])c2S(=O)(=O)[O-])c([H])c1[H]
KJEBMM.xaa_ZINC000104226564_98;-10.0005774;-10.6077175;-9.696;48;501.888;ZDKDTRNGMRWCBI-ZLKPNJSRSA-M;[H]c1c([H])c([H])c(N([H])C(=O)C(/N=N/c2c([H])c([H])c([N+](=O)[O-])c([H])c2Cl)=N\N([H])c2c([H])c([H])c([H])c([H])c2S(=O)(=O)[O-])c([H])c1[H]
KJEBMM.xaa_ZINC000104226558_99;-10.0005774;-10.6077175;-9.66;48;501.888;ZDKDTRNGMRWCBI-ZLKPNJSRSA-M;[H]c1c([H])c([H])c(N([H])C(=O)C(/N=N/c2c([H])c([H])c([N+](=O)[O-])c([H])c2Cl)=N\N([H])c2c([H])c([H])c([H])c([H])c2S(=O)(=O)[O-])c([H])c1[H]
KJEBMM.xaa_ZINC000104226553_100;-10.0005774;-10.6077175;-9.704;48;501.888;ZDKDTRNGMRWCBI-ZLKPNJSRSA-M;[H]c1c([H])c([H])c(N([H])C(=O)C(/N=N/c2c([H])c([H])c([N+](=O)[O-])c([H])c2Cl)=N\N([H])c2c([H])c([H])c([H])c([H])c2S(=O)(=O)[O-])c([H])c1[H]
KJEBMM.xaa_ZINC000104772078_104;-10.2606702;-10.521889;-11.046;50;576.507;ATRZLQWYNKASPA-UHFFFAOYSA-M;[H]Oc1c([H])c([H])c([H])c([H])c1/C([H])=N/N([H])c1nnc(SC([H])([H])C(=O)N([H])c2nnc(SC([H])([H])c3c([H])c([H])c([H])c(Br)c3[H])s2)[n-]1
KJEBMM.xaa_ZINC000150348058_119;-11.8831268;-12.375738;-11.264;69;689.664;DKKLTYWEPOTROW-UHFFFAOYSA-N;[H]C1=C(N([H])c2c([H])c([H])c(S(=O)(=O)[N-]c3c([H])c([H])c([N+](=O)[O-])c([H])c3[H])c([H])c2[H])C(=O)C([H])=C(N([H])c2c([H])c([H])c(S(=O)(=O)N([H])c3c([H])c([H])c([N+](=O)[O-])c([H])c3[H])c([H])c2[H])C1=O
KJEBMM.xaa_ZINC000150458006_122;-10.532067;-10.972425;-11.654;68;638.66;DHYJHAJYBANKEN-CLUKUMQNSA-M;[H]c1c([H])c([H])c(N([H])S(=O)(=O)c2c([H])c([H])c(/N=N/[C@@]([H])(c3c([H])c([H])c(S(=O)(=O)N([H])c4c([H])c([H])c(OC([H])([H])[H])c([H])c4[H])c([H])c3[H])C([H])([H])[H])c([N+](=O)[O-])c2[H])c(C(=O)[O-])c1[H]
KJEBMM.xaa_ZINC000408720864_134;-11.264078800000002;-11.690775;-11.762;62;545.539;DGFDDXJFQWDUIU-UHFFFAOYSA-N;[H]c1c(-c2c([H])c([H])c([H])c([H])c2OC(=O)c2c([H])c([H])c([H])c([H])c2[H])oc(C([H])([H])/N=N/c2nc3nonc3[n-]/c2=N\N([H])c2c([H])c([H])c(C([H])([H])[H])c([H])c2[H])c1[H]
KKABRP.xaa_ZINC000585270895_1;-10.1140786;-10.688233;-10.831;88;561.767;CHBFCLFLKQRWSS-MUUNZHRXSA-P;[H]OC([H])([H])C([H])([H])C([H])([H])[N@+]([H])(C([H])([H])c1c([H])c([H])c(OC([H])([H])C([H])([H])[N@+]2([H])C([H])([H])C([H])([H])[C@@]([H])(C([H])([H])[H])C([H])([H])C2([H])[H])c(OC([H])([H])[H])c1[H])C([H])([H])[C@@]([H])(O[H])C([H])([H])n1c2c([H])c([H])c([H])c([H])c2c2c([H])c([H])c([H])c([H])c21
KKABRP.xaa_ZINC000585270901_2;-10.018239;-10.937734;-10.247;88;561.767;CHBFCLFLKQRWSS-NDEPHWFRSA-P;[H]OC([H])([H])C([H])([H])C([H])([H])[N@+]([H])(C([H])([H])c1c([H])c([H])c(OC([H])([H])C([H])([H])[N@+]2([H])C([H])([H])C([H])([H])[C@@]([H])(C([H])([H])[H])C([H])([H])C2([H])[H])c(OC([H])([H])[H])c1[H])C([H])([H])[C@]([H])(O[H])C([H])([H])n1c2c([H])c([H])c([H])c([H])c2c2c([H])c([H])c([H])c([H])c21
KKABRP.xaa_ZINC000585271408_6;-10.4248979;-10.889911;-10.811;95;597.816;FPGIBOMPFDWNTL-VXAGWYNOSA-P;[H]O[C@@]1([H])[C@]2(C([H])([H])[H])C([H])([H])[C@]([H])(c3c([H])c([H])c(F)c([H])c3[H])N(C(=O)OC(C([H])([H])[H])(C([H])([H])[H])C([H])([H])[H])[C@]2([H])C([H])([H])C([H])([H])C([H])([H])[C@]1([H])[N+]([H])([H])C([H])([H])c1c([H])c([H])c([H])c(OC([H])([H])C([H])([H])[N+]2([H])C([H])([H])C([H])([H])C([H])([H])C([H])([H])C2([H])[H])c1[H]
KKABRP.xaa_ZINC000585272456_13;-10.1736849;-10.527464;-9.269;102;641.869;LMQMOXNABMLPIC-FEAYPVPTSA-P;[H]O[C@@]1([H])[C@]2(C([H])([H])[H])C([H])([H])[C@]([H])(c3c([H])c([H])c(F)c([H])c3[H])N(C(=O)OC(C([H])([H])[H])(C([H])([H])[H])C([H])([H])[H])[C@]2([H])C([H])([H])C([H])([H])C([H])([H])[C@]1([H])[N+]([H])([H])C([H])([H])c1c([H])c([H])c(OC([H])([H])C([H])([H])[N@+]2([H])C([H])([H])C([H])([H])[C@@]([H])(C([H])([H])[H])C([H])([H])C2([H])[H])c(OC([H])([H])[H])c1[H]
KKABRP.xaa_ZINC000585293286_39;-10.3545001;-10.813805;-10.388;87;606.211;DUNVVTLBUSCICP-LJAQVGFWSA-P;[H]c1c([H])c(Cl)c([H])c(C(=O)N([H])c2c([H])c(C(=O)N([H])c3c([H])c([H])c(OC([H])([H])C([H])([H])[C@]4([H])C([H])([H])C([H])([H])C([H])([H])C([H])([H])[N@@+]4([H])C([H])([H])C([H])([H])[H])c([H])c3[H])c([H])c([H])c2N2C([H])([H])C([H])([H])[N+]([H])(C([H])([H])[H])C([H])([H])C2([H])[H])c1[H]
KKABRP.xaa_ZINC000585293284_40;-10.186834200000002;-10.65544;-9.9;87;606.211;DUNVVTLBUSCICP-GDLZYMKVSA-P;[H]c1c([H])c(Cl)c([H])c(C(=O)N([H])c2c([H])c(C(=O)N([H])c3c([H])c([H])c(OC([H])([H])C([H])([H])[C@@]4([H])C([H])([H])C([H])([H])C([H])([H])C([H])([H])[N@@+]4([H])C([H])([H])C([H])([H])[H])c([H])c3[H])c([H])c([H])c2N2C([H])([H])C([H])([H])[N+]([H])(C([H])([H])[H])C([H])([H])C2([H])[H])c1[H]
KKABRP.xaa_ZINC000585293737_47;-10.078429600000002;-10.414807;-11.213;87;624.201;LKSZDLGSYDHCHM-AREMUKBSSA-P;[H]c1c([H])c([H])c(N([H])C(=O)c2c([H])c([H])c(N3C([H])([H])C([H])([H])[N+]([H])(C([H])([H])[H])C([H])([H])C3([H])[H])c(N([H])C(=O)c3c([H])c([H])c(F)c(Cl)c3[H])c2[H])c(OC([H])([H])C([H])([H])[C@@]2([H])C([H])([H])C([H])([H])C([H])([H])C([H])([H])[N@@+]2([H])C([H])([H])C([H])([H])[H])c1[H]
KKABRP.xaa_ZINC000585293738_48;-10.032551000000002;-10.370222;-11.339;87;624.201;LKSZDLGSYDHCHM-SANMLTNESA-P;[H]c1c([H])c([H])c(N([H])C(=O)c2c([H])c([H])c(N3C([H])([H])C([H])([H])[N+]([H])(C([H])([H])[H])C([H])([H])C3([H])[H])c(N([H])C(=O)c3c([H])c([H])c(F)c(Cl)c3[H])c2[H])c(OC([H])([H])C([H])([H])[C@]2([H])C([H])([H])C([H])([H])C([H])([H])C([H])([H])[N@@+]2([H])C([H])([H])C([H])([H])[H])c1[H]
KKABRP.xaa_ZINC000008665595_53;-11.2927626;-11.594645;-11.505;94;616.85;URXXLRJJRZBNJE-XXHZOCMSSA-P;[H]c1c([H])c(C([H])([H])[N+]([H])([H])[C@@]2([H])[C@@]3([H])C([H])([H])C([H])([H])[C@]([H])(C3([H])[H])[C@]2([H])c2c([H])n([H])c3c([H])c([H])c(OC([H])([H])[H])c([H])c23)c([H])c(C([H])([H])[N+]([H])([H])[C@]2([H])[C@]3([H])C([H])([H])C([H])([H])[C@@]([H])(C3([H])[H])[C@]2([H])c2c([H])n([H])c3c([H])c([H])c(OC([H])([H])[H])c([H])c23)c1[H]
KKABRP.xaa_ZINC000299754570_58;-10.8746045;-11.409187;-10.574;102;652.95;RMJFRHXUJZLMKL-WMVHJCDISA-P;[H]C([H])=C([H])/C([H])=C([H])\C([H])=C(/C([H])([H])[H])C([H])([H])[C@@]([H])(C([H])([H])C([H])([H])[C@@]([H])(N([H])C(=O)[C@@]([H])(N([H])C(=O)N(C([H])([H])[H])C([H])([H])c1nc(C([H])(C([H])([H])[H])C([H])([H])[H])sc1[H])C([H])([H])C([H])([H])[N+]1([H])C([H])([H])C([H])([H])OC([H])([H])C1([H])[H])C([H])([H])c1c([H])c([H])c([H])c([H])c1[H])[N+]([H])([H])[H]
KKABRP.xaa_ZINC001560403785_63;-11.8284784;-12.764327;-13.681;108;758.982;ARXIHTKTVJGPBR-WSCVWKGISA-P;[H]c1c([H])c([C@]([H])(C(=O)N([H])C(=O)[C@@]([H])(C([H])([H])c2c([H])c([H])c(C([H])([H])[N@+]3([H])[C@@]([H])(C([H])([H])[H])C([H])([H])C([H])([H])C([H])([H])[C@@]3([H])C([H])([H])[H])c([H])c2[H])[N@@+]([H])(C([H])([H])[H])C([H])(C([H])([H])[H])C([H])([H])[H])C([H])([H])N([H])S(=O)(=O)c2c([H])c([H])c3c([H])c(OC([H])([H])[H])c([H])c([H])c3c2[H])c([H])c2c1OC([H])([H])O2
KKABRP.xaa_ZINC000009347632_75;-10.0676222;-11.341519;-9.568;80;524.752;MTFXVXUBNOYWNP-NAQJMGRXSA-P;[H]c1c([H])c([H])c(C([H])([H])C([H])([H])[N@+]2([H])[C@@]([H])(c3c([H])c([H])c([H])c([H])c3[H])C([H])([H])[C@]([H])([N+]([H])([H])C([H])([H])c3c([H])c([H])c([H])c([H])c3[H])[C@]([H])(c3c([H])c([H])c([H])c([H])c3[H])[C@]2([H])c2c([H])c([H])c([H])c([H])c2[H])c([H])c1[H]
KKABRP.xaa_ZINC000100238860_79;-10.8275389;-11.202466;-12.025;85;556.747;IHEJUTWKUITHCU-MEKGRNQZSA-P;[H]O[C@@]([H])(C([H])([H])Oc1c([H])c([H])c(C(c2c([H])c([H])c(OC([H])([H])[C@@]([H])(O[H])C([H])([H])[N+]([H])([H])C([H])([H])c3c([H])c([H])c([H])c([H])c3[H])c([H])c2[H])(C([H])([H])[H])C([H])([H])[H])c([H])c1[H])C([H])([H])[N+]([H])([H])C([H])([H])c1c([H])c([H])c([H])c([H])c1[H]
KKABRP.xaa_ZINC000100238858_80;-10.8123855;-11.192721;-11.924;85;556.747;IHEJUTWKUITHCU-ROJLCIKYSA-P;[H]O[C@@]([H])(C([H])([H])Oc1c([H])c([H])c(C(c2c([H])c([H])c(OC([H])([H])[C@]([H])(O[H])C([H])([H])[N+]([H])([H])C([H])([H])c3c([H])c([H])c([H])c([H])c3[H])c([H])c2[H])(C([H])([H])[H])C([H])([H])[H])c([H])c1[H])C([H])([H])[N+]([H])([H])C([H])([H])c1c([H])c([H])c([H])c([H])c1[H]
KKABRP.xaa_ZINC000100238862_81;-10.8400753;-11.211439;-11.464;85;556.747;IHEJUTWKUITHCU-ACHIHNKUSA-P;[H]O[C@]([H])(C([H])([H])Oc1c([H])c([H])c(C(c2c([H])c([H])c(OC([H])([H])[C@@]([H])(O[H])C([H])([H])[N+]([H])([H])C([H])([H])c3c([H])c([H])c([H])c([H])c3[H])c([H])c2[H])(C([H])([H])[H])C([H])([H])[H])c([H])c1[H])C([H])([H])[N+]([H])([H])C([H])([H])c1c([H])c([H])c([H])c([H])c1[H]
KKABRP.xaa_ZINC000253664528_89;-10.7488827;-11.156876;-10.267;87;550.791;FUCSLKWLLSEMDQ-SHIWRGCWSA-P;[H]O[C@]12C([H])=C(c3nc([H])c([H])c4c5c([H])c([H])c([H])c([H])c5n([H])c34)[C@]3([H])C([H])([H])C([H])([H])[N@@+]([H])(C([H])([H])C([H])([H])C([H])([H])C([H])([H])/C([H])=C(\[H])C([H])([H])C1([H])[H])C([H])([H])[C@@]31C([H])([H])[C@]3([H])/C([H])=C(/[H])C([H])([H])C([H])([H])C([H])([H])C([H])([H])[N@@+]3([H])[C@]12[H]
KKABRP.xaa_ZINC000253777117_90;-10.3142204;-10.773169;-10.867;87;550.791;FUCSLKWLLSEMDQ-XBJKWDEGSA-P;[H]O[C@]12C([H])=C(c3nc([H])c([H])c4c5c([H])c([H])c([H])c([H])c5n([H])c34)[C@]3([H])C([H])([H])C([H])([H])[N@@+]([H])(C([H])([H])C([H])([H])C([H])([H])C([H])([H])/C([H])=C(\[H])C([H])([H])C1([H])[H])C([H])([H])[C@@]31C([H])([H])[C@@]3([H])/C([H])=C(/[H])C([H])([H])C([H])([H])C([H])([H])C([H])([H])[N@+]3([H])[C@]12[H]
KKABRP.xaa_ZINC000257212379_93;-10.9260136;-11.413423;-11.614;88;557.779;CDDGAUBHUIVQBY-UHFFFAOYSA-P;[H]c1c([H])c([H])c(OC([H])([H])[C@]2(C([H])([H])C(=O)N(C([H])([H])[H])C([H])([H])c3c([H])c([H])c([H])c([H])c3[H])C([H])([H])C([H])([H])[N@+]([H])(C([H])([H])c3c([H])c([H])c([H])c(OC([H])([H])C([H])([H])[N+]4([H])C([H])([H])C([H])([H])C([H])([H])C4([H])[H])c3[H])C([H])([H])C2([H])[H])c([H])c1[H]
KKABRP.xaa_ZINC000257229876_95;-10.2404524;-10.724205;-10.975;74;504.118;FZVMQGDTCGSIFI-JFHPUIQFSA-P;[H]O[C@]1([H])[C@]([H])([N+]([H])([H])C([H])([H])c2c([H])c([H])c([H])c([H])c2[H])C([H])([H])C([H])([H])C([H])([H])C([H])([H])[C@@]1([H])[N@@+]([H])(C([H])([H])c1c([H])c([H])c([H])c([H])c1Cl)C([H])([H])C([H])([H])c1c([H])n([H])c2c([H])c([H])c([H])c([H])c12
KKABRP.xaa_ZINC000004783507_96;-10.6577904;-11.582386;-10.485;81;518.745;ANRHXYMHAOGIGA-PXLJZGITSA-P;[H]c1c([H])c([H])c(C([H])([H])[N+]([H])(C([H])([H])c2c([H])c([H])c([H])c([H])c2[H])C([H])([H])[C@@]2([H])C(=O)[C@]([H])(C([H])([H])[N+]([H])(C([H])([H])c3c([H])c([H])c([H])c([H])c3[H])C([H])([H])c3c([H])c([H])c([H])c([H])c3[H])C([H])([H])C([H])([H])C2([H])[H])c([H])c1[H]
KKABRP.xaa_ZINC000100330453_98;-10.3111518;-10.843814;-11.563;90;563.787;DCYGJIFRTNIZBF-HKBQPEDESA-P;[H]c1c(C(=O)N(C([H])([H])C([H])([H])[N+]([H])(C([H])([H])C([H])([H])[H])C([H])([H])C([H])([H])[H])[C@]([H])(C(=O)N([H])C2([H])C([H])([H])C([H])([H])C([H])([H])C([H])([H])C2([H])[H])c2c([H])n([H])c3c([H])c([H])c([H])c([H])c23)oc(C([H])([H])[N+]2([H])C([H])([H])C([H])([H])C([H])([H])C([H])([H])C2([H])[H])c1[H]
KKABRP.xaa_ZINC000100330455_99;-10.5052709;-10.706416;-11.648;90;563.787;DCYGJIFRTNIZBF-WJOKGBTCSA-P;[H]c1c(C(=O)N(C([H])([H])C([H])([H])[N+]([H])(C([H])([H])C([H])([H])[H])C([H])([H])C([H])([H])[H])[C@@]([H])(C(=O)N([H])C2([H])C([H])([H])C([H])([H])C([H])([H])C([H])([H])C2([H])[H])c2c([H])n([H])c3c([H])c([H])c([H])c([H])c23)oc(C([H])([H])[N+]2([H])C([H])([H])C([H])([H])C([H])([H])C([H])([H])C2([H])[H])c1[H]
KKABRP.xaa_ZINC000104312655_108;-10.7864681;-12.310833;-11.937;94;616.85;URXXLRJJRZBNJE-UJGYHOGFSA-P;[H]c1c([H])c(C([H])([H])[N+]([H])([H])[C@@]2([H])[C@@]3([H])C([H])([H])C([H])([H])[C@]([H])(C3([H])[H])[C@@]2([H])c2c([H])n([H])c3c([H])c([H])c(OC([H])([H])[H])c([H])c23)c([H])c(C([H])([H])[N+]([H])([H])[C@]2([H])[C@]3([H])C([H])([H])C([H])([H])[C@@]([H])(C3([H])[H])[C@]2([H])c2c([H])n([H])c3c([H])c([H])c(OC([H])([H])[H])c([H])c23)c1[H]
KKABRP.xaa_ZINC000104560532_111;-10.6222874;-12.348213;-11.487;100;578.886;NWCKJWKCPHXCCV-UHFFFAOYSA-R;[H]c1c([H])c([H])c(C([H])([H])[N+]([H])([H])C([H])([H])C([H])([H])C([H])([H])C([H])([H])C([H])([H])C([H])([H])[N+]([H])([H])C([H])([H])c2c([H])c([H])c(C([H])([H])[N+]([H])([H])C([H])([H])C([H])([H])C([H])([H])C([H])([H])C([H])([H])C([H])([H])[N+]([H])([H])C([H])([H])c3c([H])c([H])c([H])c([H])c3OC([H])([H])[H])c([H])c2[H])c(OC([H])([H])[H])c1[H]
KKABRP.xaa_ZINC000104831115_114;-10.3120112;-10.999892;-11.118;92;638.816;FQOZKDRUDYHKCN-UHFFFAOYSA-N;[H]c1c([H])c([H])c(C([H])([H])[n+]2c([H])c([H])c(C([H])([H])C([H])([H])P(=O)(C([H])([H])C([H])([H])c3c([H])c([H])[n+](C([H])([H])c4c([H])c([H])c([H])c([H])c4[H])c([H])c3[H])C([H])([H])C([H])([H])c3c([H])c([H])[n+](C([H])([H])c4c([H])c([H])c([H])c([H])c4[H])c([H])c3[H])c([H])c2[H])c([H])c1[H]
KKABRP.xaa_ZINC000105584561_115;-10.517099000000002;-11.044647;-12.084;85;574.769;MAJKULBXFPXJMD-UHFFFAOYSA-P;[H]c1c([H])c([H])c2c(c1[H])C([H])([H])C([H])([H])[N@@+]([H])(C([H])([H])c1c([H])c([H])c(C(=O)N([H])C([H])([H])C([H])([H])C([H])([H])N([H])C(=O)c3c([H])c([H])c(C([H])([H])[N@@+]4([H])C([H])([H])c5c([H])c([H])c([H])c([H])c5C([H])([H])C4([H])[H])c([H])c3[H])c([H])c1[H])C2([H])[H]
KKABRP.xaa_ZINC000105749582_116;-11.0518204;-12.688967;-11.205;93;564.819;XIOHMQDMRRJTSB-UHFFFAOYSA-P;[H]c1c([H])c(C([H])([H])c2c([H])c([H])c(N([H])C(=O)N([H])C3([H])C([H])([H])C(C([H])([H])[H])(C([H])([H])[H])[N+]([H])([H])C(C([H])([H])[H])(C([H])([H])[H])C3([H])[H])c([H])c2[H])c([H])c([H])c1N([H])C(=O)N([H])C1([H])C([H])([H])C(C([H])([H])[H])(C([H])([H])[H])[N+]([H])([H])C(C([H])([H])[H])(C([H])([H])[H])C1([H])[H]
KKABRP.xaa_ZINC000106586652_123;-10.025362;-10.60347;-10.174;80;524.752;MTFXVXUBNOYWNP-SIMZDOAPSA-P;[H]c1c([H])c([H])c(C([H])([H])C([H])([H])[N@+]2([H])[C@@]([H])(c3c([H])c([H])c([H])c([H])c3[H])C([H])([H])[C@@]([H])([N+]([H])([H])C([H])([H])c3c([H])c([H])c([H])c([H])c3[H])[C@@]([H])(c3c([H])c([H])c([H])c([H])c3[H])[C@@]2([H])c2c([H])c([H])c([H])c([H])c2[H])c([H])c1[H]
KKABRP.xaa_ZINC000106586646_125;-10.1083714;-11.633005;-9.345;80;524.752;MTFXVXUBNOYWNP-OQYJSAOUSA-P;[H]c1c([H])c([H])c(C([H])([H])C([H])([H])[N@+]2([H])[C@]([H])(c3c([H])c([H])c([H])c([H])c3[H])C([H])([H])[C@@]([H])([N+]([H])([H])C([H])([H])c3c([H])c([H])c([H])c([H])c3[H])[C@@]([H])(c3c([H])c([H])c([H])c([H])c3[H])[C@@]2([H])c2c([H])c([H])c([H])c([H])c2[H])c([H])c1[H]
KKABRP.xaa_ZINC000100557017_126;-10.527304699999998;-10.9587755;-12.472;94;616.85;OJAFNMINBWXLEC-UHFFFAOYSA-P;[H]c1c([H])c([H])c2c(c1[H])C([H])([H])C([H])([H])[N@@+]([H])(C([H])([H])c1c([H])c([H])c(C(=O)N([H])C([H])([H])C([H])([H])C([H])([H])C([H])([H])C([H])([H])C([H])([H])N([H])C(=O)c3c([H])c([H])c(C([H])([H])[N@@+]4([H])C([H])([H])c5c([H])c([H])c([H])c([H])c5C([H])([H])C4([H])[H])c([H])c3[H])c([H])c1[H])C2([H])[H]
KKABRP.xaa_ZINC000108424202_127;-11.3840291;-13.954369;-10.273;100;578.886;PZOFGIFQCFEDRJ-UHFFFAOYSA-R;[H]c1c([H])c([H])c(C([H])([H])[N+]([H])([H])C([H])([H])C([H])([H])C([H])([H])C([H])([H])C([H])([H])C([H])([H])[N+]([H])([H])C([H])([H])c2c([H])c([H])c([H])c(C([H])([H])[N+]([H])([H])C([H])([H])C([H])([H])C([H])([H])C([H])([H])C([H])([H])C([H])([H])[N+]([H])([H])C([H])([H])c3c([H])c([H])c([H])c([H])c3OC([H])([H])[H])c2[H])c(OC([H])([H])[H])c1[H]
KKABRP.xaa_ZINC000150339154_141;-10.6244314;-11.012779;-11.282;97;700.823;POGYWSATHPJUHO-KKHOLXDPSA-P;[H]c1c([H])c([C@@]2([H])C([H])([H])C([H])([H])[N@+]([H])(C([H])([H])[H])C([H])([H])[C@@]2([H])C([H])([H])Oc2c([H])c3c(c([H])c2C([H])([H])c2c([H])c4c(c([H])c2OC([H])([H])[C@@]2([H])C([H])([H])[N@+]([H])(C([H])([H])[H])C([H])([H])C([H])([H])[C@@]2([H])c2c([H])c([H])c(F)c([H])c2[H])OC([H])([H])O4)OC([H])([H])O3)c([H])c([H])c1F
KKABRP.xaa_ZINC000004352569_142;-11.4118007;-13.137097;-11.772;93;524.751;OKWSQCXTNQTDFQ-KYJUHHDHSA-P;[H]C([H])([H])C1(C([H])([H])[H])O[C@@]([H])(C([H])([H])[P+]([H])(C2([H])C([H])([H])C([H])([H])C([H])([H])C([H])([H])C2([H])[H])C2([H])C([H])([H])C([H])([H])C([H])([H])C([H])([H])C2([H])[H])[C@]([H])(C([H])([H])[P+]([H])(C2([H])C([H])([H])C([H])([H])C([H])([H])C([H])([H])C2([H])[H])C2([H])C([H])([H])C([H])([H])C([H])([H])C([H])([H])C2([H])[H])O1
KKABRP.xaa_ZINC000150343301_144;-13.1352553;-14.444482;-12.817;101;672.381;LITWRBBLODRSDN-UHFFFAOYSA-P;[H]/C(C1=C(Cl)/C(=C([H])/C([H])=C2/N(C([H])([H])C([H])([H])C([H])([H])[N+]([H])([H])[H])c3c([H])c([H])c4c([H])c([H])c([H])c([H])c4c3C2(C([H])([H])[H])C([H])([H])[H])C([H])([H])C([H])([H])C1([H])[H])=C(/[H])C1=[N+](C([H])([H])C([H])([H])C([H])([H])[N+]([H])([H])[H])c2c([H])c([H])c3c([H])c([H])c([H])c([H])c3c2C1(C([H])([H])[H])C([H])([H])[H]
KKABRP.xaa_ZINC000004538616_150;-11.2393763;-12.320497;-10.618;112;754.976;SQRHKUNPQRZTMW-UHFFFAOYSA-Q;[H]c1c([H])c([H])c(C([H])([H])[N+]([H])(C([H])([H])c2c([H])c([H])c([H])c([H])c2[H])C([H])([H])C([H])([H])OP(OC([H])([H])C([H])([H])[N+]([H])(C([H])([H])c2c([H])c([H])c([H])c([H])c2[H])C([H])([H])c2c([H])c([H])c([H])c([H])c2[H])OC([H])([H])C([H])([H])[N+]([H])(C([H])([H])c2c([H])c([H])c([H])c([H])c2[H])C([H])([H])c2c([H])c([H])c([H])c([H])c2[H])c([H])c1[H]
KKABRP.xaa_ZINC000004538995_155;-10.1578046;-10.97895;-9.75;103;596.897;ISOHLGGKMIFMEC-CGAIWJKSSA-P;[H]c1c(OC([H])([H])[H])c(OC([H])([H])[H])c([H])c2c1C([H])([H])C([H])([H])[N+]([H])([H])[C@]2([H])[C@@]([H])(C([H])([H])C([H])([H])C([H])([H])C([H])([H])[H])C([H])([H])C([H])([H])C([H])([H])C([H])([H])C([H])([H])[C@]([H])(C([H])([H])C([H])([H])C([H])([H])C([H])([H])[H])[C@]1([H])c2c([H])c(OC([H])([H])[H])c(OC([H])([H])[H])c([H])c2C([H])([H])C([H])([H])[N+]1([H])[H]
KKABRP.xaa_ZINC000004538993_156;-10.0901146;-11.126679;-9.772;103;596.897;ISOHLGGKMIFMEC-AMHAAWTESA-P;[H]c1c(OC([H])([H])[H])c(OC([H])([H])[H])c([H])c2c1C([H])([H])C([H])([H])[N+]([H])([H])[C@]2([H])[C@@]([H])(C([H])([H])C([H])([H])C([H])([H])C([H])([H])[H])C([H])([H])C([H])([H])C([H])([H])C([H])([H])C([H])([H])[C@@]([H])(C([H])([H])C([H])([H])C([H])([H])C([H])([H])[H])[C@]1([H])c2c([H])c(OC([H])([H])[H])c(OC([H])([H])[H])c([H])c2C([H])([H])C([H])([H])[N+]1([H])[H]
KKABRP.xaa_ZINC000150378371_165;-10.5209747;-11.124192;-11.717;108;756.944;JKZKKMSAECGWSJ-LQDDJWCHSA-P;[H]c1c([H])c([H])c(C([H])([H])[C@]2([H])c3c([H])c(OC([H])([H])[H])c(OC([H])([H])[H])c([H])c3C([H])([H])C([H])([H])[N@@+]2([H])C([H])([H])[H])c(N([H])C(=O)c2c([H])c([H])c(C(=O)N([H])c3c([H])c([H])c([H])c([H])c3C([H])([H])[C@@]3([H])c4c([H])c(OC([H])([H])[H])c(OC([H])([H])[H])c([H])c4C([H])([H])C([H])([H])[N@+]3([H])C([H])([H])[H])c([H])c2[H])c1[H]
KKABRP.xaa_ZINC000150378375_166;-10.3574532;-11.132308;-11.186;108;756.944;JKZKKMSAECGWSJ-XRSDMRJBSA-P;[H]c1c([H])c([H])c(C([H])([H])[C@]2([H])c3c([H])c(OC([H])([H])[H])c(OC([H])([H])[H])c([H])c3C([H])([H])C([H])([H])[N@@+]2([H])C([H])([H])[H])c(N([H])C(=O)c2c([H])c([H])c(C(=O)N([H])c3c([H])c([H])c([H])c([H])c3C([H])([H])[C@]3([H])c4c([H])c(OC([H])([H])[H])c(OC([H])([H])[H])c([H])c4C([H])([H])C([H])([H])[N@@+]3([H])C([H])([H])[H])c([H])c2[H])c1[H]
KKABRP.xaa_ZINC000150383758_167;-10.2466807;-10.744426;-12.918;104;674.934;SPSOCLPFIAKUPZ-UHFFFAOYSA-P;[H]c1c([H])c([H])c(C([H])(c2c([H])c([H])c([H])c([H])c2[H])[N+]2([H])C([H])([H])C([H])([H])N(C(=O)N([H])C([H])([H])C([H])([H])C([H])([H])C([H])([H])C([H])([H])C([H])([H])N([H])C(=O)N3C([H])([H])C([H])([H])[N+]([H])(C([H])(c4c([H])c([H])c([H])c([H])c4[H])c4c([H])c([H])c([H])c([H])c4[H])C([H])([H])C3([H])[H])C([H])([H])C2([H])[H])c([H])c1[H]
KKABRP.xaa_ZINC000150384124_168;-11.897158;-13.365744;-12.551;94;772.822;KCFMZKSGYRLPSK-UHFFFAOYSA-N;[H]c1c([H])c([H])c(-n2nc(C([H])([H])c3c([H])c([H])c4c(c3[H])OC([H])([H])O4)n[n+]2-c2c([H])c([H])c(-c3c([H])c([H])c(-[n+]4nc(C([H])([H])c5c([H])c([H])c6c(c5[H])OC([H])([H])O6)nn4-c4c([H])c([H])c([H])c([H])c4[H])c(OC([H])([H])[H])c3[H])c([H])c2OC([H])([H])[H])c([H])c1[H]
KKABRP.xaa_ZINC000004706113_169;-10.4466928;-11.338983;-11.622;86;508.886;XMCHMIHDRDZLLZ-UHFFFAOYSA-P;[H]N(C(=S)C(=S)N([H])C([H])([H])[N+]([H])(C1([H])C([H])([H])C([H])([H])C([H])([H])C([H])([H])C1([H])[H])C1([H])C([H])([H])C([H])([H])C([H])([H])C([H])([H])C1([H])[H])C([H])([H])[N+]([H])(C1([H])C([H])([H])C([H])([H])C([H])([H])C([H])([H])C1([H])[H])C1([H])C([H])([H])C([H])([H])C([H])([H])C([H])([H])C1([H])[H]
KKABRP.xaa_ZINC000004775307_176;-10.0167334;-11.247438;-11.083;96;548.856;SLGWRSBFFOTZCG-SBUUONSRSA-P;[H]c1c([H])c(/C(=C(\c2c([H])c([H])c(OC([H])([H])C([H])([H])C([H])([H])[N@+]3([H])C([H])([H])C([H])([H])C([H])([H])C([H])([H])[C@]3([H])C([H])([H])[H])c([H])c2[H])C([H])([H])C([H])([H])[H])C([H])([H])C([H])([H])[H])c([H])c([H])c1OC([H])([H])C([H])([H])C([H])([H])[N@@+]1([H])C([H])([H])C([H])([H])C([H])([H])C([H])([H])[C@]1([H])C([H])([H])[H]
KKABRP.xaa_ZINC000004783503_178;-10.6201776;-11.09042;-10.588;81;518.745;ANRHXYMHAOGIGA-HJWAMQHWSA-P;[H]c1c([H])c([H])c(C([H])([H])[N+]([H])(C([H])([H])c2c([H])c([H])c([H])c([H])c2[H])C([H])([H])[C@@]2([H])C(=O)[C@@]([H])(C([H])([H])[N+]([H])(C([H])([H])c3c([H])c([H])c([H])c([H])c3[H])C([H])([H])c3c([H])c([H])c([H])c([H])c3[H])C([H])([H])C([H])([H])C2([H])[H])c([H])c1[H]
KKABRP.xaa_ZINC000004783505_179;-11.0347631;-11.522634;-10.298;81;518.745;ANRHXYMHAOGIGA-VSJLXWSYSA-P;[H]c1c([H])c([H])c(C([H])([H])[N+]([H])(C([H])([H])c2c([H])c([H])c([H])c([H])c2[H])C([H])([H])[C@]2([H])C(=O)[C@@]([H])(C([H])([H])[N+]([H])(C([H])([H])c3c([H])c([H])c([H])c([H])c3[H])C([H])([H])c3c([H])c([H])c([H])c([H])c3[H])C([H])([H])C([H])([H])C2([H])[H])c([H])c1[H]
KKABRP.xaa_ZINC000103822627_180;-10.3126742;-10.786928;-10.215;86;600.81;WMRUHOKJNSBNKM-UHFFFAOYSA-P;[H]c1c([H])c([H])c(N([H])/C(=[N+](/[H])C([H])([H])C([H])([H])N([H])/C(=[N+](/[H])c2c([H])c([H])c([H])c([H])c2[H])C([H])(c2c([H])c([H])c([H])c([H])c2[H])c2c([H])c([H])c([H])c([H])c2[H])C([H])(c2c([H])c([H])c([H])c([H])c2[H])c2c([H])c([H])c([H])c([H])c2[H])c([H])c1[H]
KKABRP.xaa_ZINC000004900531_185;-10.9420899;-11.849192;-9.799;98;576.87;DMPYTENYPFANFS-UHFFFAOYSA-P;[H]c1c([H])c([H])c([C@]2(C([H])([H])N([H])C(=O)C([H])([H])C([H])([H])C([H])([H])C([H])([H])C([H])([H])C([H])([H])C([H])([H])C([H])([H])C(=O)N([H])C([H])([H])[C@]3(c4c([H])c([H])c([H])c([H])c4[H])C([H])([H])C([H])([H])[N@+]([H])(C([H])([H])[H])C([H])([H])C3([H])[H])C([H])([H])C([H])([H])[N@@+]([H])(C([H])([H])[H])C([H])([H])C2([H])[H])c([H])c1[H]
KKABRP.xaa_ZINC000005224925_194;-11.5627466;-12.797745;-9.573;74;596.698;JUJXXOZULQHOGI-UHFFFAOYSA-N;[H]c1c([H])c([H])c(-c2nn(-c3c([H])c([H])c([H])c([H])c3[H])[n+](-c3c([H])c([H])c(-c4c([H])c([H])c(-[n+]5nc(-c6c([H])c([H])c([H])c([H])c6[H])nn5-c5c([H])c([H])c([H])c([H])c5[H])c([H])c4[H])c([H])c3[H])n2)c([H])c1[H]
KKABRP.xaa_ZINC000005389844_196;-10.358956;-10.744639;-11.719;82;503.731;SZOVJNISTCHJKQ-UHFFFAOYSA-P;[H]c1c(C(=O)C([H])([H])C([H])([H])C([H])([H])[N+]2([H])C([H])([H])C([H])([H])C([H])([H])C([H])([H])C2([H])[H])c([H])c2c3c([H])c(C(=O)C([H])([H])C([H])([H])C([H])([H])[N+]4([H])C([H])([H])C([H])([H])C([H])([H])C([H])([H])C4([H])[H])c([H])c([H])c3n(C([H])([H])C([H])([H])[H])c2c1[H]
KKABRP.xaa_ZINC000005495890_199;-10.8579688;-11.883707;-11.065;89;578.809;PQGBSUMSPYTOOR-UHFFFAOYSA-P;[H]c1nc(N(C([H])([H])[H])[C@]2([H])C([H])([H])C([H])([H])[N@@+]([H])(C([H])([H])c3c([H])c([H])c([H])c([H])c3[H])C([H])([H])C2([H])[H])nc([H])c1C([H])([H])c1c([H])nc(N(C([H])([H])[H])[C@]2([H])C([H])([H])C([H])([H])[N@@+]([H])(C([H])([H])c3c([H])c([H])c([H])c([H])c3[H])C([H])([H])C2([H])[H])nc1[H]
KKABRP.xaa_ZINC000014210869_200;-10.230804799999998;-10.785936;-10.683;85;513.77;SEQAMPXQRKYYQF-UHFFFAOYSA-P;[H]c1c([H])c([H])c(C([H])([H])C([H])([H])[N+]([H])([H])C([H])([H])c2c([H])c([H])c(-c3c([H])c([H])c(C([H])([H])N(C(=O)C([H])([H])C([H])([H])C4([H])C([H])([H])C([H])([H])C([H])([H])C4([H])[H])C([H])([H])C([H])([H])[N+]([H])(C([H])([H])[H])C([H])([H])[H])c([H])c3[H])c([H])c2[H])c([H])c1[H]
KKABRP.xaa_ZINC000150486404_205;-11.172259999999998;-12.688768;-11.208;86;669.7;SYBKZTFDBFVOJR-UHFFFAOYSA-P;[H]c1c([H])c([H])c(C([H])(/C(N([H])C([H])([H])C([H])([H])/[N+]([H])=C(\N([H])c2c([H])c([H])c(Cl)c([H])c2[H])C([H])(c2c([H])c([H])c([H])c([H])c2[H])c2c([H])c([H])c([H])c([H])c2[H])=[N+](\[H])c2c([H])c([H])c(Cl)c([H])c2[H])c2c([H])c([H])c([H])c([H])c2[H])c([H])c1[H]
KKABRP.xaa_ZINC000067665280_211;-10.882841399999998;-12.03149;-13.271;91;672.769;VKTXNNYQYBNOJB-BSVLZEFKSA-P;[H]c1c([H])c([C@@]2([H])C([H])([H])C([H])([H])[N+]([H])([H])C([H])([H])[C@]2([H])C([H])([H])Oc2c([H])c3c(c([H])c2C([H])([H])c2c([H])c4c(c([H])c2OC([H])([H])[C@]2([H])C([H])([H])[N+]([H])([H])C([H])([H])C([H])([H])[C@]2([H])c2c([H])c([H])c(F)c([H])c2[H])OC([H])([H])O4)OC([H])([H])O3)c([H])c([H])c1F
KKABRP.xaa_ZINC000067665285_212;-10.9573289;-12.203689;-12.72;91;672.769;VKTXNNYQYBNOJB-JIYSQGDMSA-P;[H]c1c([H])c([C@@]2([H])C([H])([H])C([H])([H])[N+]([H])([H])C([H])([H])[C@@]2([H])C([H])([H])Oc2c([H])c3c(c([H])c2C([H])([H])c2c([H])c4c(c([H])c2OC([H])([H])[C@]2([H])C([H])([H])[N+]([H])([H])C([H])([H])C([H])([H])[C@@]2([H])c2c([H])c([H])c(F)c([H])c2[H])OC([H])([H])O4)OC([H])([H])O3)c([H])c([H])c1F
KKABRP.xaa_ZINC000067665276_213;-10.9221852;-11.660113;-12.761;91;672.769;VKTXNNYQYBNOJB-CUEKVZMMSA-P;[H]c1c([H])c([C@@]2([H])C([H])([H])C([H])([H])[N+]([H])([H])C([H])([H])[C@@]2([H])C([H])([H])Oc2c([H])c3c(c([H])c2C([H])([H])c2c([H])c4c(c([H])c2OC([H])([H])[C@@]2([H])C([H])([H])[N+]([H])([H])C([H])([H])C([H])([H])[C@@]2([H])c2c([H])c([H])c(F)c([H])c2[H])OC([H])([H])O4)OC([H])([H])O3)c([H])c([H])c1F
KKABRP.xaa_ZINC000067665289_214;-10.8888251;-11.806512;-12.676;91;672.769;VKTXNNYQYBNOJB-RYNFHTSCSA-P;[H]c1c([H])c([C@@]2([H])C([H])([H])C([H])([H])[N+]([H])([H])C([H])([H])[C@@]2([H])C([H])([H])Oc2c([H])c3c(c([H])c2C([H])([H])c2c([H])c4c(c([H])c2OC([H])([H])[C@]2([H])C([H])([H])[N+]([H])([H])C([H])([H])C([H])([H])[C@]2([H])c2c([H])c([H])c(F)c([H])c2[H])OC([H])([H])O4)OC([H])([H])O3)c([H])c([H])c1F
KKABRP.xaa_ZINC000077262285_229;-10.2191642;-11.174226;-11.231;73;513.638;TUTKZJISVBMHRC-UHFFFAOYSA-P;[H]c1c(C([H])([H])C2([N+]([H])(C([H])([H])c3oc4c([H])c([H])c([H])c([H])c4c3[H])C([H])([H])c3oc4c([H])c([H])c([H])c([H])c4c3[H])C([H])([H])OC2([H])[H])noc1C([H])([H])[N+]1([H])C([H])([H])C([H])([H])C([H])([H])C([H])([H])C1([H])[H]
KKABRP.xaa_ZINC000001687832_243;-10.5750982;-10.919513;-10.928;77;574.689;HNDDALKMYDXOOI-UHFFFAOYSA-P;[H]c1c([H])c(C2=[N+]([H])C([H])([H])C([H])([H])N2[H])c([H])c(N([H])C(=O)N([H])c2c([H])c([H])c(C([H])([H])c3c([H])c([H])c(N([H])C(=O)N([H])c4c([H])c([H])c([H])c(C5=[N+]([H])C([H])([H])C([H])([H])N5[H])c4[H])c([H])c3[H])c([H])c2[H])c1[H]
KKABRP.xaa_ZINC000095542919_255;-10.5596666;-11.392324;-12.447;100;792.759;SWPAWRHBFNDXEU-BCRBLDSWSA-P;[H]c1c([H])c([H])c(C([H])([H])N([H])C(=O)[C@@]([H])(N([H])C(=O)[C@@]([H])(N([H])C(=O)N([H])c2c([H])c([H])c3c(C([H])([H])[N+]4([H])C([H])([H])C([H])([H])C([H])([H])C4([H])[H])c([H])n(C([H])([H])c4c(Cl)c([H])c([H])c([H])c4Cl)c3c2[H])C([H])([H])c2c([H])c([H])c(F)c(F)c2[H])C([H])([H])C([H])([H])[N+]([H])([H])[H])c([H])c1[H]
KKABRP.xaa_ZINC000095763076_257;-10.1361611;-10.888301;-10.729;82;543.759;FTBAFQHFYPBQJB-UHFFFAOYSA-P;[H]c1c([H])c([H])c(-c2c(C([H])([H])[N+]3([H])C([H])([H])C([H])([H])N(c4c([H])c([H])c([H])c([H])c4[H])C([H])([H])C3([H])[H])c3c([H])c([H])c([H])c([H])n3c2C([H])([H])[N+]2([H])C([H])([H])C([H])([H])N(c3c([H])c([H])c([H])c([H])c3[H])C([H])([H])C2([H])[H])c([H])c1[H]
KKABRP.xaa_ZINC000114814229_262;-11.6939006;-12.249652;-10.671;78;569.713;CHIDGJPXDZNUSU-TVUFSCHNSA-P;[H]c1c([H])c([H])c([C@]2([H])Oc3c([H])c(-c4nc([C@]5([H])C([H])([H])C([H])([H])C([H])([H])[N+]5([H])[H])n([H])c4[H])c([H])c([H])c3-c3c([H])c4c([H])c(-c5nc([C@]6([H])C([H])([H])C([H])([H])C([H])([H])[N+]6([H])[H])n([H])c5[H])c([H])c([H])c4n32)c([H])c1[H]
KKABRP.xaa_ZINC000096941866_265;-11.7825559;-12.105855;-11.686;97;742.273;URWYQGVSPQJGGB-DHUJRADRSA-P;[H]Oc1c([H])c([H])c([C@@]([H])(O[H])C([H])([H])[N+]([H])([H])C([H])([H])c2c([H])c(Cl)c(N([H])C(=O)C([H])([H])C([H])([H])[N@+]3([H])C([H])([H])C([H])([H])[C@@]([H])(OC(=O)N([H])c4c([H])c([H])c([H])c([H])c4-c4c([H])c([H])c([H])c([H])c4[H])C([H])([H])C3([H])[H])c([H])c2OC([H])([H])[H])c2c([H])c([H])c(=O)n([H])c12
KKABRP.xaa_ZINC000102584546_275;-11.143075200000002;-11.737543;-10.946;77;576.695;IBAAZDANLABXQW-UHFFFAOYSA-P;[H]c1c([H])c([H])c(-n2nc(-c3c([H])c([H])c(F)c([H])c3[H])c(C([H])([H])[N+]([H])([H])C([H])([H])C([H])([H])C([H])([H])[N+]([H])([H])C([H])([H])c3c(-c4c([H])c([H])c(F)c([H])c4[H])nn(-c4c([H])c([H])c([H])c([H])c4[H])c3[H])c2[H])c([H])c1[H]
KKABRP.xaa_ZINC000102584542_276;-11.0955113;-11.475113;-10.419;85;600.767;HOTCPDKNUXPAMJ-UHFFFAOYSA-P;[H]c1c([H])c([H])c(-n2nc(-c3c([H])c([H])c(OC([H])([H])[H])c([H])c3[H])c(C([H])([H])[N+]([H])([H])C([H])([H])C([H])([H])C([H])([H])[N+]([H])([H])C([H])([H])c3c(-c4c([H])c([H])c(OC([H])([H])[H])c([H])c4[H])nn(-c4c([H])c([H])c([H])c([H])c4[H])c3[H])c2[H])c([H])c1[H]
KKABRP.xaa_ZINC000102584548_277;-11.8923221;-12.9458275;-11.005;83;568.769;YDIVCOUNJBDFRT-UHFFFAOYSA-P;[H]c1c([H])c([H])c(-n2nc(-c3c([H])c([H])c(C([H])([H])[H])c([H])c3[H])c(C([H])([H])[N+]([H])([H])C([H])([H])C([H])([H])C([H])([H])[N+]([H])([H])C([H])([H])c3c(-c4c([H])c([H])c(C([H])([H])[H])c([H])c4[H])nn(-c4c([H])c([H])c([H])c([H])c4[H])c3[H])c2[H])c([H])c1[H]
KHAAMM.xaa_ZINC000102938252_57;-10.1150935;-10.429491;-11.448;66;554.67;GOQCAEJOVDZBSU-IBGZPJMESA-M;[H]c1c([H])c([H])c2c(c1[H])N(S(=O)(=O)c1c([H])c([H])c([H])c(C(=O)N([H])c3c([H])c(S(=O)(=O)N4C([H])([H])C([H])([H])C([H])([H])C([H])([H])C4([H])[H])c([H])c([H])c3[O-])c1[H])[C@@]([H])(C([H])([H])[H])C2([H])[H]
KHAAMM.xaa_ZINC000102938251_58;-10.043234600000002;-10.522988;-11.083;66;554.67;GOQCAEJOVDZBSU-LJQANCHMSA-M;[H]c1c([H])c([H])c2c(c1[H])N(S(=O)(=O)c1c([H])c([H])c([H])c(C(=O)N([H])c3c([H])c(S(=O)(=O)N4C([H])([H])C([H])([H])C([H])([H])C([H])([H])C4([H])[H])c([H])c([H])c3[O-])c1[H])[C@]([H])(C([H])([H])[H])C2([H])[H]
KHAAMM.xaa_ZINC000252625894_137;-10.5216334;-10.948683;-11.172;51;687.216;JMBHASGSDVWRNM-WEMUOSSPSA-M;[H]c1c(I)c([H])c(C([H])([H])/N=N/c2nc(N([H])c3c([H])c([H])c([N+](=O)[O-])c([H])c3[H])nc(N3C([H])([H])C([H])([H])OC([H])([H])C3([H])[H])n2)c([O-])c1I
KHAAMM.xaa_ZINC000256014050_171;-11.237613199999998;-12.334846;-10.918;102;752.892;YQUHACPEXSVYDL-QIDCPNJDSA-M;[H]c1c([H])c([H])c(C([H])([H])[C@@]([H])(C(=O)[O-])N([H])C(=O)[C@@]([H])(N([H])C(=O)[C@]([H])(N([H])C(=O)[C@]([H])(N([H])C(=O)[C@]([H])(N([H])[H])C([H])([H])c2c([H])c([H])c([H])c([H])c2[H])C([H])([H])c2c([H])c([H])c([H])c([H])c2[H])C([H])([H])c2c([H])c([H])c([H])c([H])c2[H])C([H])([H])c2c([H])c([H])c([H])c([H])c2[H])c([H])c1[H]
KHAAMM.xaa_ZINC000256014051_172;-11.4018432;-12.962253;-10.704;102;752.892;YQUHACPEXSVYDL-VTDZCKIGSA-M;[H]c1c([H])c([H])c(C([H])([H])[C@@]([H])(C(=O)[O-])N([H])C(=O)[C@]([H])(N([H])C(=O)[C@]([H])(N([H])C(=O)[C@]([H])(N([H])C(=O)[C@]([H])(N([H])[H])C([H])([H])c2c([H])c([H])c([H])c([H])c2[H])C([H])([H])c2c([H])c([H])c([H])c([H])c2[H])C([H])([H])c2c([H])c([H])c([H])c([H])c2[H])C([H])([H])c2c([H])c([H])c([H])c([H])c2[H])c([H])c1[H]
KHAAMM.xaa_ZINC000256014049_173;-11.3641635;-12.655331;-10.157;102;752.892;YQUHACPEXSVYDL-PFWGIBHRSA-M;[H]c1c([H])c([H])c(C([H])([H])[C@@]([H])(C(=O)N([H])[C@@]([H])(C(=O)[O-])C([H])([H])c2c([H])c([H])c([H])c([H])c2[H])N([H])C(=O)[C@]([H])(N([H])C(=O)[C@]([H])(N([H])C(=O)[C@]([H])(N([H])[H])C([H])([H])c2c([H])c([H])c([H])c([H])c2[H])C([H])([H])c2c([H])c([H])c([H])c([H])c2[H])C([H])([H])c2c([H])c([H])c([H])c([H])c2[H])c([H])c1[H]
KHAAMM.xaa_ZINC000012532662_229;-10.0836035;-10.4915905;-10.601;67;524.619;RGLODMMHDCGGRC-ACFKOILWSA-N;[H]c1c([H])c([N-]S(=O)(=O)c2c([H])c([H])c([H])c(C(=O)OC([H])([H])C(=O)N([H])C(=O)N([H])[C@]34C([H])([H])[C@@]5([H])C([H])([H])[C@]([H])(C([H])([H])[C@]([H])(C5([H])[H])C3([H])[H])C4([H])[H])c2[H])c([H])c(C([H])([H])[H])c1[H]
KHAAMM.xaa_ZINC000150408239_295;-10.4449454;-10.733523;-11.464;75;648.183;HYBFOFSULWGDJY-MHZLTWQESA-N;[H]c1c([H])c(Cl)c([H])c([N-]S(=O)(=O)c2c([H])c(N([H])C(=O)[C@@]([H])(N([H])C(=O)c3c([H])c([H])c([H])c(S(=O)(=O)N4C([H])([H])C([H])([H])OC([H])([H])C4([H])[H])c3[H])C([H])(C([H])([H])[H])C([H])([H])[H])c([H])c([H])c2C([H])([H])[H])c1[H]
KHAAMM.xaa_ZINC000150408233_296;-10.3347192;-10.710567;-10.914;75;648.183;HYBFOFSULWGDJY-HHHXNRCGSA-N;[H]c1c([H])c(Cl)c([H])c([N-]S(=O)(=O)c2c([H])c(N([H])C(=O)[C@]([H])(N([H])C(=O)c3c([H])c([H])c([H])c(S(=O)(=O)N4C([H])([H])C([H])([H])OC([H])([H])C4([H])[H])c3[H])C([H])(C([H])([H])[H])C([H])([H])[H])c([H])c([H])c2C([H])([H])[H])c1[H]
KHAAMM.xaa_ZINC000150660443_316;-11.4838656;-13.149171;-10.046;102;752.892;YQUHACPEXSVYDL-WKHSNOJSSA-M;[H]c1c([H])c([H])c(C([H])([H])[C@]([H])(C(=O)N([H])[C@@]([H])(C(=O)N([H])[C@@]([H])(C(=O)N([H])[C@@]([H])(C(=O)N([H])[C@@]([H])(C(=O)[O-])C([H])([H])c2c([H])c([H])c([H])c([H])c2[H])C([H])([H])c2c([H])c([H])c([H])c([H])c2[H])C([H])([H])c2c([H])c([H])c([H])c([H])c2[H])C([H])([H])c2c([H])c([H])c([H])c([H])c2[H])N([H])[H])c([H])c1[H]
KKCARL.xaa_ZINC000097985263_0;-12.2921057;-12.8377495;-12.721;74;722.756;RXTQCCZNPJDLHD-UHFFFAOYSA-N;[H]c1c([H])c([H])c2c(c1[H])C(=O)c1c([H])c([H])c([H])c(S(=O)(=O)[N-]c3c([H])c([H])c(-c4c([H])c([H])c([N-]S(=O)(=O)c5c([H])c([H])c([H])c6c5C(=O)c5c([H])c([H])c([H])c([H])c5C6=O)c([H])c4[H])c([H])c3[H])c1C2=O
KKCARL.xaa_ZINC000008830540_10;-11.0747579;-11.5893755;-10.793;82;784.85;FRVYAXVAAPPAOV-NYMLMHFISA-L;[H]C1=C([H])c2c([H])c(S(=O)(=O)[O-])c([H])c(S(=O)(=O)[O-])c2/C(=N/N([H])c2c([H])c([H])c(-c3c([H])c([H])c(/N=N/c4c([H])c([H])c(OS(=O)(=O)c5c([H])c([H])c(C([H])([H])[H])c([H])c5[H])c([H])c4[H])c(C([H])([H])[H])c3[H])c([H])c2C([H])([H])[H])C1=O
KKCARL.xaa_ZINC000100031715_12;-10.377285600000002;-10.816272;-10.126;60;519.521;CYVFGXHODMHJSP-UHFFFAOYSA-L;[H]/C(=N\c1c([H])c([H])c(/N=C(\[H])c2c(C([H])([H])[H])[n-]n(-c3c([H])c([H])c([H])c([H])c3[H])c2=O)c([N+](=O)[O-])c1[H])c1c(C([H])([H])[H])[n-]n(-c2c([H])c([H])c([H])c([H])c2[H])c1=O
KKCARL.xaa_ZINC000100045197_15;-10.4807586;-10.839033;-12.776;66;621.488;CRGRJAINIBSFFS-UHFFFAOYSA-L;[H]c1c([H])c([H])c(-n2[n-]c(C([H])([H])[H])c(/N=N/c3c([H])c([H])c(-c4c([H])c([H])c(/N=N/c5c(C([H])([H])[H])[n-]n(-c6c([H])c([H])c([H])c([H])c6[H])c5=O)c(Cl)c4[H])c([H])c3Cl)c2=O)c([H])c1[H]
KKCARL.xaa_ZINC000100045205_16;-10.4807586;-10.839033;-12.774;66;621.488;CRGRJAINIBSFFS-UHFFFAOYSA-L;[H]c1c([H])c([H])c(-n2[n-]c(C([H])([H])[H])c(/N=N/c3c([H])c([H])c(-c4c([H])c([H])c(/N=N/c5c(C([H])([H])[H])[n-]n(-c6c([H])c([H])c([H])c([H])c6[H])c5=O)c(Cl)c4[H])c([H])c3Cl)c2=O)c([H])c1[H]
KKCARL.xaa_ZINC000100045209_17;-10.4807586;-10.839033;-12.776;66;621.488;CRGRJAINIBSFFS-UHFFFAOYSA-L;[H]c1c([H])c([H])c(-n2[n-]c(C([H])([H])[H])c(/N=N/c3c([H])c([H])c(-c4c([H])c([H])c(/N=N/c5c(C([H])([H])[H])[n-]n(-c6c([H])c([H])c([H])c([H])c6[H])c5=O)c(Cl)c4[H])c([H])c3Cl)c2=O)c([H])c1[H]
KKCARL.xaa_ZINC000256081129_67;-10.249257;-11.027861;-9.708;67;640.721;XBPAOWDSWITNCH-JWTBXLROSA-L;[H]c1c([H])c(OC([H])([H])C([H])([H])[H])c([H])c([H])c1/N=N/c1c([H])c([H])c(Sc2c([H])c([H])c(/N=N/c3c([H])c([H])c(OC([H])([H])C([H])([H])[H])c([H])c3[H])c([H])c2S(=O)(=O)[O-])c(S(=O)(=O)[O-])c1[H]
KKCARL.xaa_ZINC000256124615_68;-12.3820804;-13.168048;-11.615;82;864.874;XFUDRSZJCBDNPN-QYGUTFKISA-J;[H]c1c([H])c(N([H])C(=O)N([H])c2c([H])c([H])c(/N=N/c3c([H])c(S(=O)(=O)[O-])c4c([H])c([H])c([H])c(S(=O)(=O)[O-])c4c3[H])c(C([H])([H])[H])c2[H])c([H])c(C([H])([H])[H])c1/N=N/c1c([H])c(S(=O)(=O)[O-])c2c([H])c([H])c([H])c(S(=O)(=O)[O-])c2c1[H]
KKCARL.xaa_ZINC000256271658_69;-10.5321672;-10.996217;-11.659;77;755.812;KZKGWVLEJATMQM-DEPRKFIZSA-L;[H]c1c([H])c(OS(=O)(=O)c2c([H])c([H])c(C([H])([H])[H])c([H])c2[H])c([H])c([H])c1/N=N/c1c([H])c([H])c(-c2c([H])c([H])c(/N=N/c3c(N([H])[H])c(S(=O)(=O)[O-])c([H])c4c([H])c(S(=O)(=O)[O-])c([H])c([H])c34)c([H])c2[H])c([H])c1[H]
KKCARL.xaa_ZINC000257347355_72;-11.8779586;-12.235495;-11.799;78;808.812;FZGYDRMMZZMMDK-PEKBXLOJSA-K;[H]Oc1c(/N=N/c2c([H])c([H])c(/N=N/c3c([H])c([H])c(/N=N/c4c([H])c([H])c([H])c([H])c4[H])c4c([H])c(S(=O)(=O)[O-])c([H])c([H])c34)c3c([H])c(S(=O)(=O)[O-])c([H])c([H])c23)c(S(=O)(=O)[O-])c([H])c2c([H])c([H])c(N([H])[H])c([H])c12
KKCARL.xaa_ZINC000257347321_75;-11.5943564;-12.327713;-11.917;76;710.75;DZXPRYUVRGUYGO-HVMBLDELSA-L;[H]c1c([H])c(-c2c([H])c([H])c(/N=N/c3c([H])c(S(=O)(=O)[O-])c4c([H])c([H])c([H])c([H])c4c3N([H])[H])c(OC([H])([H])[H])c2[H])c([H])c(OC([H])([H])[H])c1/N=N/c1c([H])c(S(=O)(=O)[O-])c2c([H])c([H])c([H])c([H])c2c1N([H])[H]
KKCARL.xaa_ZINC000257347209_77;-10.8436482;-11.102247;-12.307;67;651.682;ZHCUOLJAFWMJBG-WGLWARDCSA-L;[H]C1=C([H])c2c([H])c(S(=O)(=O)[O-])c([H])c([H])c2/C(=N/N([H])c2c([H])c([H])c(/N=N/c3c([H])c([H])c(N([H])c4c([H])c([H])c([H])c([H])c4[H])c(S(=O)(=O)[O-])c3[H])c3c([H])c([H])c([H])c([H])c23)C1=O
KKCARL.xaa_ZINC000257347350_79;-11.191462;-11.364858;-11.06;72;680.72;LKDXXRVXWJNUTK-ZHTVLWRQSA-L;[H]C1=C([H])c2c([H])c([H])c([H])c([H])c2/C(=N/N([H])c2c([H])c(S(=O)(=O)[O-])c(-c3c([H])c(C([H])([H])[H])c(N([H])/N=C4\C(=O)C([H])=C([H])c5c([H])c([H])c([H])c([H])c54)c([H])c3S(=O)(=O)[O-])c([H])c2C([H])([H])[H])C1=O
KKCARL.xaa_ZINC000257347417_81;-10.4959552;-10.739256;-9.438;74;719.783;HHWVPWRGKWZSML-LBBSEERRSA-L;[H]O[C@@]1([H])N(c2c([H])c([H])c(-c3nc4c([H])c([H])c(C([H])([H])[H])c(S(=O)(=O)[O-])c4s3)c([H])c2[H])N=C(C([H])([H])[H])[C@]1([H])/N=N/c1c([H])c([H])c(N([H])C(=O)c2c([H])c([H])c([H])c(N([H])[H])c2[H])c([H])c1S(=O)(=O)[O-]
KKCARL.xaa_ZINC000257347415_83;-10.2099648;-10.400553;-10.12;74;719.783;HHWVPWRGKWZSML-CPNCGOGQSA-L;[H]O[C@@]1([H])N(c2c([H])c([H])c(-c3nc4c([H])c([H])c(C([H])([H])[H])c(S(=O)(=O)[O-])c4s3)c([H])c2[H])N=C(C([H])([H])[H])[C@@]1([H])/N=N/c1c([H])c([H])c(N([H])C(=O)c2c([H])c([H])c([H])c(N([H])[H])c2[H])c([H])c1S(=O)(=O)[O-]
KKCARL.xaa_ZINC000257347414_84;-10.2704378;-10.702224;-8.966;74;719.783;HHWVPWRGKWZSML-FKLXGLPUSA-L;[H]O[C@]1([H])N(c2c([H])c([H])c(-c3nc4c([H])c([H])c(C([H])([H])[H])c(S(=O)(=O)[O-])c4s3)c([H])c2[H])N=C(C([H])([H])[H])[C@]1([H])/N=N/c1c([H])c([H])c(N([H])C(=O)c2c([H])c([H])c([H])c(N([H])[H])c2[H])c([H])c1S(=O)(=O)[O-]
KKCARL.xaa_ZINC000257347416_89;-10.3924752;-10.829664;-8.297;74;719.783;HHWVPWRGKWZSML-MUYJJADESA-L;[H]O[C@]1([H])N(c2c([H])c([H])c(-c3nc4c([H])c([H])c(C([H])([H])[H])c(S(=O)(=O)[O-])c4s3)c([H])c2[H])N=C(C([H])([H])[H])[C@@]1([H])/N=N/c1c([H])c([H])c(N([H])C(=O)c2c([H])c([H])c([H])c(N([H])[H])c2[H])c([H])c1S(=O)(=O)[O-]
KKCARL.xaa_ZINC000257347598_93;-10.6728104;-10.983807;-10.449;76;799.179;BYOICIDTLVBVTN-XNPJKURYSA-K;[H]C1=C([H])/C(=N\N([H])c2c([H])c([H])c(-c3c([H])c([H])c(N([H])/N=C4\C(=O)c5c([H])c([H])c(N([H])[H])c(/N=N/c6c([H])c([H])c(S(=O)(=O)[O-])c([H])c6Cl)c5C([H])=C4S(=O)(=O)[O-])c([H])c3[H])c([H])c2[H])C([H])=C(C(=O)[O-])C1=O
KKCARL.xaa_ZINC000257347562_97;-11.581722;-11.779623;-11.85;78;808.812;LBAISCBMCNRAKF-PEKBXLOJSA-K;[H]Oc1c(/N=N/c2c([H])c([H])c(/N=N/c3c([H])c([H])c(/N=N/c4c([H])c([H])c([H])c([H])c4[H])c4c([H])c(S(=O)(=O)[O-])c([H])c([H])c34)c3c([H])c(S(=O)(=O)[O-])c([H])c([H])c23)c(S(=O)(=O)[O-])c([H])c2c([H])c(N([H])[H])c([H])c([H])c12
KKCARL.xaa_ZINC000257347937_104;-10.0195368;-10.605666;-11.549;68;634.634;DGEMYIALEUAEPJ-BDDNXANSSA-L;[H]C1=C([H])/C(=N\N([H])c2c([H])c([H])c(-c3c([H])c([H])c(/N=N/c4c([H])c(/N=N/c5c([H])c([H])c(S(=O)(=O)[O-])c([H])c5[H])c(N([H])[H])c([H])c4N([H])[H])c([H])c3[H])c([H])c2[H])C([H])=C(C(=O)[O-])C1=O
KKCARL.xaa_ZINC000257351805_110;-11.2641761;-11.851325;-12.198;68;650.698;HFHIDKQMGIGARX-ATXIYDNESA-L;[H]c1c([H])c(-c2c([H])c([H])c(/N=N/c3c([H])c(S(=O)(=O)[O-])c4c([H])c([H])c([H])c([H])c4c3N([H])[H])c([H])c2[H])c([H])c([H])c1/N=N/c1c([H])c(S(=O)(=O)[O-])c2c([H])c([H])c([H])c([H])c2c1N([H])[H]
KKCARL.xaa_ZINC000257373237_114;-11.0747579;-11.5893755;-10.781;82;784.85;FRVYAXVAAPPAOV-NYMLMHFISA-L;[H]C1=C([H])c2c([H])c(S(=O)(=O)[O-])c([H])c(S(=O)(=O)[O-])c2/C(=N/N([H])c2c([H])c([H])c(-c3c([H])c([H])c(/N=N/c4c([H])c([H])c(OS(=O)(=O)c5c([H])c([H])c(C([H])([H])[H])c([H])c5[H])c([H])c4[H])c(C([H])([H])[H])c3[H])c([H])c2C([H])([H])[H])C1=O
KKCARL.xaa_ZINC000003830554_125;-11.2641761;-11.851325;-12.095;68;650.698;HFHIDKQMGIGARX-ATXIYDNESA-L;[H]c1c([H])c(-c2c([H])c([H])c(/N=N/c3c([H])c(S(=O)(=O)[O-])c4c([H])c([H])c([H])c([H])c4c3N([H])[H])c([H])c2[H])c([H])c([H])c1/N=N/c1c([H])c(S(=O)(=O)[O-])c2c([H])c([H])c([H])c([H])c2c1N([H])[H]
KKCARL.xaa_ZINC000004235564_140;-12.010862;-12.333359;-11.913;66;635.683;DJRZPZBRKRAGBD-XGMUGIETSA-L;[H]c1c([H])c([H])c(N([H])c2c([H])c([H])c(/N=N/c3c([H])c([H])c(/N=N/c4c([H])c([H])c([H])c(S(=O)(=O)[O-])c4[H])c4c([H])c([H])c([H])c([H])c34)c3c([H])c([H])c([H])c(S(=O)(=O)[O-])c23)c([H])c1[H]
KKCARL.xaa_ZINC000004235562_141;-11.8843018;-12.521459;-12.683;74;678.752;PYPYDHUIORYEHW-HVMBLDELSA-L;[H]c1c([H])c(-c2c([H])c([H])c(/N=N/c3c([H])c(S(=O)(=O)[O-])c4c([H])c([H])c([H])c([H])c4c3N([H])[H])c(C([H])([H])[H])c2[H])c([H])c(C([H])([H])[H])c1/N=N/c1c([H])c(S(=O)(=O)[O-])c2c([H])c([H])c([H])c([H])c2c1N([H])[H]
KKCARL.xaa_ZINC000150340090_145;-11.0747579;-11.5893755;-10.95;82;784.85;FRVYAXVAAPPAOV-NYMLMHFISA-L;[H]C1=C([H])c2c([H])c(S(=O)(=O)[O-])c([H])c(S(=O)(=O)[O-])c2/C(=N/N([H])c2c([H])c([H])c(-c3c([H])c([H])c(/N=N/c4c([H])c([H])c(OS(=O)(=O)c5c([H])c([H])c(C([H])([H])[H])c([H])c5[H])c([H])c4[H])c(C([H])([H])[H])c3[H])c([H])c2C([H])([H])[H])C1=O
KKCARL.xaa_ZINC000150341413_146;-11.248108399999998;-11.86126;-11.445;72;710.71;PZUOKFPMYKORLY-UHFFFAOYSA-J;[H]c1c([H])c([H])c(-n2[n-]c(C([H])([H])[H])c(/N=N/c3c([H])c([H])c(-c4c([H])c([H])c(/N=N/c5c(C([H])([H])[H])[n-]n(-c6c([H])c([H])c([H])c([H])c6[H])c5=O)c([H])c4S(=O)(=O)[O-])c(S(=O)(=O)[O-])c3[H])c2=O)c([H])c1[H]
KKCARL.xaa_ZINC000150341417_147;-11.248108399999998;-11.86126;-11.44;72;710.71;PZUOKFPMYKORLY-UHFFFAOYSA-J;[H]c1c([H])c([H])c(-n2[n-]c(C([H])([H])[H])c(/N=N/c3c([H])c([H])c(-c4c([H])c([H])c(/N=N/c5c(C([H])([H])[H])[n-]n(-c6c([H])c([H])c([H])c([H])c6[H])c5=O)c([H])c4S(=O)(=O)[O-])c(S(=O)(=O)[O-])c3[H])c2=O)c([H])c1[H]
KKCARL.xaa_ZINC000004365791_148;-10.6675394;-11.192472;-11.213;67;651.682;MVRYWZRPSQLVLX-DWYGXQEHSA-L;[H]C1=C(S(=O)(=O)[O-])c2c([H])c([H])c([H])c([H])c2C(=O)/C1=N\N([H])c1c([H])c([H])c(-c2c([H])c([H])c(/N=N/c3c([H])c(S(=O)(=O)[O-])c4c([H])c([H])c([H])c([H])c4c3N([H])[H])c([H])c2[H])c([H])c1[H]
KKCARL.xaa_ZINC000004366416_150;-12.2337688;-13.010497;-11.88;69;649.71;JLGHRHTZYNYXMD-JKWOPUAESA-L;[H]c1c([H])c(/N=N/c2c([H])c([H])c(/N=N/c3c([H])c([H])c(N([H])c4c([H])c([H])c(C([H])([H])[H])c([H])c4[H])c4c(S(=O)(=O)[O-])c([H])c([H])c([H])c34)c3c([H])c([H])c([H])c([H])c23)c([H])c(S(=O)(=O)[O-])c1[H]
KKCARL.xaa_ZINC000100746759_164;-10.193435;-10.479373;-10.573;66;569.013;ZJERQPDJSOJQDI-NIPCXDTPSA-L;[H]/C(=C1/C(=O)[N-]C(=O)N(c2c([H])c([H])c([C@]34C([H])([H])[C@@]5([H])C([H])([H])[C@]([H])(C([H])([H])[C@]([H])(C5([H])[H])C3([H])[H])C4([H])[H])c([H])c2[H])C1=O)c1oc(-c2c([H])c(C(=O)[O-])c([H])c([H])c2Cl)c([H])c1[H]
KKCARL.xaa_ZINC000100792007_171;-10.0697116;-10.450818;-11.654;56;527.009;ATUVKEPRGXAKSK-UHFFFAOYSA-L;[H]/C(=N\c1c([H])c([H])c([H])c([H])c1-c1nnc(SC([H])([H])c2c([H])c([H])c([H])c([H])c2Cl)[n-]c1=O)c1c(C([H])([H])[H])[n-]n(-c2c([H])c([H])c([H])c([H])c2[H])c1=O
KKCARL.xaa_ZINC000150405484_175;-10.7278428;-11.209581;-11.601;78;726.88;AHAPMEIMCAOHFB-OCEACIFDSA-L;[H]c1c([H])c([H])c(N([H])C(=O)C([H])([H])C([H])([H])C([H])([H])C([H])([H])C([H])([H])N2C(=O)/C(=C3\SC(=S)N(C([H])([H])C([H])([H])C([H])([H])C([H])([H])C([H])([H])C(=O)N([H])c4c([H])c([H])c([H])c([H])c4C(=O)[O-])C3=O)SC2=S)c(C(=O)[O-])c1[H]
KKCARL.xaa_ZINC000150406698_176;-11.1244736;-11.648094;-10.944;78;726.88;SESMTBSXIRXFSB-OCEACIFDSA-L;[H]c1c([H])c(C(=O)[O-])c([H])c(N([H])C(=O)C([H])([H])C([H])([H])C([H])([H])C([H])([H])C([H])([H])N2C(=O)/C(=C3\SC(=S)N(C([H])([H])C([H])([H])C([H])([H])C([H])([H])C([H])([H])C(=O)N([H])c4c([H])c([H])c([H])c(C(=O)[O-])c4[H])C3=O)SC2=S)c1[H]
KKCARL.xaa_ZINC000100929789_185;-10.500813;-10.991326;-11.67;57;544.402;ISSGVCSDNSAGMQ-UHFFFAOYSA-L;[H]/C(=N\c1nc(/N=C(\[H])c2c(C([H])([H])[H])[n-]n(-c3c([H])c([H])c([H])c(Cl)c3[H])c2=O)c([H])c([H])c1[H])c1c(C([H])([H])[H])[n-]n(-c2c([H])c([H])c([H])c(Cl)c2[H])c1=O
KKCARL.xaa_ZINC000150662185_189;-10.989936599999998;-11.333768;-10.636;79;785.818;HXVMYSQLSPLWNW-UHFFFAOYSA-K;[H]c1c([H])c(OS(=O)(=O)c2c([H])c([H])c(C([H])([H])[H])c([H])c2[H])c([H])c([H])c1/N=N/c1c([H])c([H])c(-c2c([H])c([H])c(/N=N/c3c(C([H])([H])[H])[n-]n(-c4c([H])c([H])c(S(=O)(=O)[O-])c([H])c4[H])c3=O)c([H])c2[H])c([H])c1S(=O)(=O)[O-]
KKCARL.xaa_ZINC000150662463_190;-11.2284282;-11.591255;-11.627;82;830.862;MNFWYVMQQSKQDS-UIERLQMHSA-K;[H]C1=C([H])/C(=N\N([H])c2c([H])c([H])c(-c3c([H])c([H])c(/N=N/c4c([H])c([H])c(N([H])/N=C5\C(=O)c6c(c([H])c(S(=O)(=O)[O-])c([H])c6N([H])[H])C([H])=C5[S@@](=O)([O-])=S)c5c([H])c([H])c([H])c([H])c45)c([H])c3[H])c([H])c2[H])C([H])=C(C(=O)[O-])C1=O
KKCARL.xaa_ZINC000169715521_199;-11.4187346;-11.869221;-10.382;83;868.801;DKSBGCIXSMNDOS-VPFKKYHESA-J;[H]C1=C2C([H])=C([H])/C(=[N+](/[H])N([H])c3c([H])c(S(=O)(=O)[O-])c(N([H])C([H])([H])C(=O)[O-])c([H])c3N([H])[H])C([H])=C2C(=O)C(/N=N/c2c([H])c([H])c([H])c(/N=N/c3c([H])c(S(=O)(=O)[O-])c(N([H])C([H])([H])C(=O)[O-])c([H])c3N([H])[H])c2[H])=C1S(=O)(=O)[O-]
KKCARL.xaa_ZINC000169730994_203;-12.3820804;-13.168048;-11.233;82;864.874;XFUDRSZJCBDNPN-QYGUTFKISA-J;[H]c1c([H])c(N([H])C(=O)N([H])c2c([H])c([H])c(/N=N/c3c([H])c(S(=O)(=O)[O-])c4c([H])c([H])c([H])c(S(=O)(=O)[O-])c4c3[H])c(C([H])([H])[H])c2[H])c([H])c(C([H])([H])[H])c1/N=N/c1c([H])c(S(=O)(=O)[O-])c2c([H])c([H])c([H])c(S(=O)(=O)[O-])c2c1[H]
KKCARL.xaa_ZINC000225105524_213;-10.332526;-11.088165;-11.052;70;768.658;ZGSYLWCNKNMUAJ-UHFFFAOYSA-H;[H]c1c([H])c([H])c(-n2[n-]c(C(=O)[O-])c(/N=N/c3c([H])c([H])c(-c4c([H])c([H])c(/N=N/c5c(C(=O)[O-])[n-]n(-c6c([H])c([H])c([H])c([H])c6[H])c5=O)c([H])c4S(=O)(=O)[O-])c(S(=O)(=O)[O-])c3[H])c2=O)c([H])c1[H]
KKCARL.xaa_ZINC000101153601_216;-10.444489;-10.695957;-11.164;57;570.681;MQMMDCJBVHZCGK-UHFFFAOYSA-M;[H]c1nc([N-]S(=O)(=O)c2c([H])c([H])c(/N=C(/c3c(-c4c([H])c([H])c([H])c([H])c4[H])[n-]n(-c4nc5c([H])c([H])c([H])c([H])c5s4)c3=O)C([H])([H])[H])c([H])c2[H])sc1[H]
KKCARL.xaa_ZINC000094313272_222;-10.1579434;-11.409932;-11.838;93;821.721;NKEYRLVORYSIBB-UHFFFAOYSA-L;[H]c1nc(C([H])([H])N(C([H])([H])c2nc([H])c([H])c([H])c2[H])C([H])([H])c2c3oc4c(C([H])([H])N(C([H])([H])c5nc([H])c([H])c([H])c5[H])C([H])([H])c5nc([H])c([H])c([H])c5[H])c([O-])c(Cl)c([H])c4c(-c4c([H])c([H])c([H])c([H])c4C(=O)[O-])c-3c([H])c(Cl)c2=O)c([H])c([H])c1[H]
KKCARL.xaa_ZINC000095101004_225;-11.5297092;-12.992977;-10.738;58;638.548;ZEPZIHLVQWJSEI-OCHFTUDZSA-J;[H]C1=C([H])/C(=N\N([H])c2c([H])c([H])c(-c3c([H])c([H])c(N([H])/N=C4\C([H])=C([H])C(=O)C(C(=O)[O-])=C4[H])c([H])c3S(=O)(=O)[O-])c(S(=O)(=O)[O-])c2[H])C([H])=C(C(=O)[O-])C1=O
KKCARL.xaa_ZINC000095538276_227;-10.3836542;-11.158076;-11.264;77;789.782;OJWWQROAEXSSTO-NFSGFYSESA-J;[H]Oc1c(/N=N/c2c([H])c(C([H])([H])[H])c(/N=N/c3c([H])c(S(=O)(=O)[O-])c([H])c4c([H])c(S(=O)(=O)[O-])c([H])c([O-])c34)c([H])c2OC([H])([H])[H])c(S(=O)(=O)[O-])c([H])c2c([H])c(N([H])c3c([H])c([H])c([H])c([H])c3[H])c([H])c([H])c12
KKCARL.xaa_ZINC000095832026_230;-11.248108399999998;-11.86126;-11.627;72;710.71;PZUOKFPMYKORLY-UHFFFAOYSA-J;[H]c1c([H])c([H])c(-n2[n-]c(C([H])([H])[H])c(/N=N/c3c([H])c([H])c(-c4c([H])c([H])c(/N=N/c5c(C([H])([H])[H])[n-]n(-c6c([H])c([H])c([H])c([H])c6[H])c5=O)c([H])c4S(=O)(=O)[O-])c(S(=O)(=O)[O-])c3[H])c2=O)c([H])c1[H]
KKCARL.xaa_ZINC000095866663_231;-10.812885;-11.25919;-10.171;66;652.666;YKSOECRFMYDKNH-XGHKFRFXSA-L;[H]C1=C([H])c2c([H])c([H])c([H])c([H])c2/C(=N/N([H])c2c([H])c([H])c(-c3c([H])c([H])c(N([H])/N=C4\C(=O)C([H])=C([H])c5c([H])c([H])c([H])c([H])c54)c([H])c3S(=O)(=O)[O-])c(S(=O)(=O)[O-])c2[H])C1=O
KKCARL.xaa_ZINC000096913817_244;-10.3493991;-10.977423;-11.453;64;803.0;CMULQLINGZUNGY-UHFFFAOYSA-J;[H]c1c([H])c(N([H])c2nc(Cl)nc(N([H])c3c([H])c([H])c(S(=O)(=O)[O-])c(/N=N/c4c(C([H])([H])[H])[n-]n(-c5c([H])c(Cl)c(S(=O)(=O)[O-])c([H])c5Cl)c4=O)c3[H])n2)c([H])c(S(=O)(=O)[O-])c1[H]
KKCARL.xaa_ZINC000097962001_277;-10.9262884;-11.632387;-11.927;61;651.22;SEVHNJLZISQMII-UHFFFAOYSA-M;[H]c1nc([N-]S(=O)(=O)c2c([H])c([H])c(/N=C(/c3c(C([H])([H])Sc4c([H])c([H])c(Cl)c([H])c4[H])[n-]n(-c4nc5c([H])c([H])c([H])c([H])c5s4)c3=O)C([H])([H])[H])c([H])c2[H])sc1[H]
KKCARL.xaa_ZINC000150491100_280;-10.846648300000002;-11.815243;-9.484;85;756.723;UMNIBIBUKUEGOJ-UHFFFAOYSA-L;[H]c1c([H])c(N2C(=O)c3c([H])c([H])c(C(=O)[O-])c([H])c3C2=O)c([H])c([H])c1Oc1c([H])c([H])c(C(c2c([H])c([H])c(Oc3c([H])c([H])c(N4C(=O)c5c([H])c([H])c(C(=O)[O-])c([H])c5C4=O)c([H])c3[H])c([H])c2[H])(C([H])([H])[H])C([H])([H])[H])c([H])c1[H]
KKCARL.xaa_ZINC000008385488_290;-11.0924088;-11.463331;-12.158;80;784.784;MCXHECMXNQTDIG-UHFFFAOYSA-L;[H]c1c([H])c([H])c2c(c1[H])C(=O)c1c(c(N([H])c3c([H])c([H])c(-c4c([H])c([H])c(N([H])c5c([H])c(S(=O)(=O)[O-])c(N([H])[H])c6c5C(=O)c5c([H])c([H])c([H])c([H])c5C6=O)c([H])c4[H])c([H])c3[H])c([H])c(S(=O)(=O)[O-])c1N([H])[H])C2=O
KKBARM.xaa_ZINC000102660287_0;-10.250282000000002;-10.645049;-10.213;53;549.415;YSFQQUPQDIDKDB-SEXPAEGTSA-M;[H]/C(c1c([H])c(Cl)c([O-])c(Cl)c1[H])=c1\sc2n(c1=O)[C@]([H])(c1c([H])c([H])c([H])c([N+](=O)[O-])c1[H])C1=C(N=2)c2c([H])c([H])c([H])c([H])c2C([H])([H])C1([H])[H]
KKBARM.xaa_ZINC000102660289_1;-10.3139117;-10.616345;-8.964;53;549.415;YSFQQUPQDIDKDB-XOBACGFXSA-M;[H]/C(c1c([H])c(Cl)c([O-])c(Cl)c1[H])=c1\sc2n(c1=O)[C@@]([H])(c1c([H])c([H])c([H])c([N+](=O)[O-])c1[H])C1=C(N=2)c2c([H])c([H])c([H])c([H])c2C([H])([H])C1([H])[H]
KKBARM.xaa_ZINC000097982524_2;-10.242307;-10.68182;-11.806;60;552.614;XGYPDWVXPOOPPN-UHFFFAOYSA-M;[H]c1c([H])c([N+](=O)[O-])c([H])c(S(=O)(=O)[N-]c2nc3c([H])c([H])c([H])c([H])c3nc2N([H])c2sc3c(c2C(=O)OC([H])([H])C([H])([H])[H])C([H])([H])C([H])([H])C([H])([H])C3([H])[H])c1[H]
KKBARM.xaa_ZINC000097983619_5;-11.6290996;-12.065145;-12.585;62;589.635;BKSQNJIDCGAAEN-UHFFFAOYSA-N;[H]c1c([H])c([N+](=O)[O-])c([H])c(S(=O)(=O)[N-]c2nc3c([H])c([H])c([H])c([H])c3nc2N([H])c2c([H])c([H])c(N([H])S(=O)(=O)c3c([H])c([H])c(C([H])([H])[H])c([H])c3[H])c([H])c2[H])c1[H]
KKBARM.xaa_ZINC000097984625_7;-10.8302054;-11.69414;-12.227;60;537.581;ZKRWXMWXSOXVSY-UHFFFAOYSA-N;[H]c1c([H])c([N+](=O)[O-])c([H])c(S(=O)(=O)[N-]c2nc3c([H])c([H])c([H])c([H])c3nc2N([H])c2c([H])c([H])c3c(c2[H])c2c([H])c([H])c([H])c([H])c2n3C([H])([H])C([H])([H])[H])c1[H]
KKBARM.xaa_ZINC000097984623_8;-10.0178158;-10.982;-12.306;60;587.059;FKAMSYLLNMUYSM-UHFFFAOYSA-M;[H]c1c([H])c([N+](=O)[O-])c([H])c(S(=O)(=O)[N-]c2nc3c([H])c([H])c([H])c([H])c3nc2N([H])c2sc3c(c2C(=O)OC([H])([H])C([H])([H])[H])C([H])([H])C([H])([H])C([H])([H])C3([H])[H])c1Cl
KKBARM.xaa_ZINC000102723882_13;-10.007991;-10.595761;-9.958;57;528.932;HWGDPNJGNONPJH-UHFFFAOYSA-M;[H]/C(=C1\C(=O)N(C([H])([H])c2c([H])c([H])c([H])c(C([H])([H])[H])c2[H])C(=O)N1[H])c1c(-c2c([H])c([H])c(Cl)c([H])c2[H])[n-]n(-c2c([H])c([H])c([N+](=O)[O-])c([H])c2[H])c1=O
KKBARM.xaa_ZINC000102723894_15;-11.021341;-11.382983;-11.392;66;536.568;QVOZBPWNKMSYBK-UHFFFAOYSA-M;[H]/C(=C1\C(=O)N(C([H])([H])c2c([H])c([H])c([H])c([N+](=O)[O-])c2[H])C(=O)N1[H])c1c(C([H])([H])c2c([H])c([H])c([H])c([H])c2C([H])([H])[H])[n-]n(-c2c([H])c([H])c([H])c(C([H])([H])[H])c2C([H])([H])[H])c1=O
KKBARM.xaa_ZINC000008432401_17;-10.220189;-10.813782;-10.027;59;543.943;XCZSPVCHMPKNSY-HSZRJFAPSA-M;[H]c1c([H])c([H])c(-c2c(C3=NN(C(=O)C([H])([H])C([H])([H])C(=O)[O-])[C@@]([H])(c4c([H])c([H])c([H])c([N+](=O)[O-])c4[H])C3([H])[H])c(=O)n([H])c3c([H])c([H])c(Cl)c([H])c23)c([H])c1[H]
KKBARM.xaa_ZINC000008432400_18;-10.4282954;-11.097196;-9.078;59;543.943;XCZSPVCHMPKNSY-QHCPKHFHSA-M;[H]c1c([H])c([H])c(-c2c(C3=NN(C(=O)C([H])([H])C([H])([H])C(=O)[O-])[C@]([H])(c4c([H])c([H])c([H])c([N+](=O)[O-])c4[H])C3([H])[H])c(=O)n([H])c3c([H])c([H])c(Cl)c([H])c23)c([H])c1[H]
KKBARM.xaa_ZINC000015978893_28;-10.1195282;-10.431792;-9.242;68;521.593;PELPHZATCZHCCB-OXMAITBSSA-M;[H]/C(=C1\c2nc3c([H])c([H])c([H])c([H])c3c(C(=O)[O-])c2C([H])([H])[C@]([H])(C([H])([H])[H])C1([H])[H])c1c([H])c([H])c(Oc2c([H])c([H])c(C(C([H])([H])[H])(C([H])([H])[H])C([H])([H])[H])c([H])c2[H])c([N+](=O)[O-])c1[H]
KKBARM.xaa_ZINC000015978896_30;-10.090703;-10.390064;-9.302;68;521.593;PELPHZATCZHCCB-MXTRNAPSSA-M;[H]/C(=C1\c2nc3c([H])c([H])c([H])c([H])c3c(C(=O)[O-])c2C([H])([H])[C@@]([H])(C([H])([H])[H])C1([H])[H])c1c([H])c([H])c(Oc2c([H])c([H])c(C(C([H])([H])[H])(C([H])([H])[H])C([H])([H])[H])c([H])c2[H])c([N+](=O)[O-])c1[H]
KKBARM.xaa_ZINC000102869286_32;-10.2026412;-10.7678;-9.881;48;518.959;XSBDRYKAQFWGMX-UHFFFAOYSA-N;[H]c1c([H])c(-c2nnc(Sc3c([H])c([H])c([N+](=O)[O-])c([H])c3S(=O)(=O)[N-]c3c([H])c([H])c(Cl)c([H])c3[H])n2C([H])([H])[H])c([H])c([H])c1F
KKBARM.xaa_ZINC000102925779_60;-10.4195264;-11.153448;-12.011;57;595.034;BAARGSMWQLUHRP-UHFFFAOYSA-M;[H]c1c([H])c([H])c2c(c1[H])Sc1c([H])c([H])c([H])c([H])c1N2C(=O)C([H])([H])OC(=O)c1c([H])c([H])c([N-]S(=O)(=O)c2c([H])c([H])c(Cl)c([N+](=O)[O-])c2[H])c([H])c1[H]
KKBARM.xaa_ZINC000110329678_65;-11.0121918;-11.681141;-10.803;58;611.481;NIXPQBHILTWZHX-UHFFFAOYSA-M;[H]Oc1c([H])c([H])c(S(=O)(=O)c2c([H])c([H])c([O-])c(N([H])c3c([H])c([H])c([N+](=O)[O-])c([H])c3[N+](=O)[O-])c2[H])c([H])c1N([H])c1c([H])c([H])c([N+](=O)[O-])c([H])c1[N+](=O)[O-]
KKBARM.xaa_ZINC000102936368_68;-10.7179962;-11.000272;-11.428;58;526.554;DCKYLZJWZKDWAC-UHFFFAOYSA-N;[H]c1c([H])c([H])c(C([H])([H])Oc2c([H])c([H])c(N([H])c3nc4c([H])c([H])c([H])c([H])c4nc3[N-]S(=O)(=O)c3c([H])c([H])c([H])c([N+](=O)[O-])c3[H])c([H])c2[H])c([H])c1[H]
KKBARM.xaa_ZINC000229886743_71;-10.0689585;-10.268121;-10.31;54;622.42;KYWYSZXNYOCCMH-BJKOFHAPSA-M;[H]c1c(-c2c([H])c([H])c([N+](=O)[O-])c([H])c2[H])sc([C@@]2([H])N(c3c([H])c([H])c([H])c([H])c3[H])OC3=C([O-])N(c4c([H])c([H])c([H])c([H])c4I)C(=O)[C@]32[H])c1[H]
KKBARM.xaa_ZINC000102938062_74;-10.144194;-10.633156;-10.839;58;535.001;KNFWAMPCHHEBBQ-UHFFFAOYSA-M;[H]c1c([H])c([H])c(C([H])([H])N(C(=O)c2c([H])c([H])c([N-]S(=O)(=O)c3c([H])c([N+](=O)[O-])c([H])c([H])c3Cl)c([H])c2[H])C([H])([H])c2c([H])c([H])c([H])c([H])c2[H])c([H])c1[H]
KKBARM.xaa_ZINC000150391567_77;-10.6358528;-11.160046;-11.637;67;652.587;RSFNSRQDEXVURI-UHFFFAOYSA-N;[H]/C(=C1/C(=O)N(c2c([H])c([H])c([H])c(C(F)(F)F)c2[H])C(=O)c2c([H])c([H])c([H])c([H])c21)N([H])N([H])c1c([H])c([H])c([N+](=O)[O-])c([H])c1S(=O)(=O)[N-]c1c([H])c([H])c(OC([H])([H])[H])c([H])c1[H]
KKBARM.xaa_ZINC000008871962_79;-10.8604728;-11.348562;-12.113;56;515.523;MUQRBPKFBJTMNI-UHFFFAOYSA-N;[H]c1c([H])c([H])c(C([H])([H])OC(=O)c2c(C([H])([H])[H])oc3c2c([H])c([N-]S(=O)(=O)c2c([H])c([H])c([H])c([N+](=O)[O-])c2[H])c2c([H])c([H])c([H])c([H])c23)c([H])c1[H]
KKBARM.xaa_ZINC000102975760_92;-10.5340589;-11.0679865;-11.557;59;575.604;MNNQZXPZNAOAJZ-INIZCTEOSA-M;[H]c1sc2nc([C@@]([H])(OC(=O)c3c([H])c([H])c([N-]S(=O)(=O)c4c([H])c([H])c([H])c([N+](=O)[O-])c4[H])c([H])c3[H])C([H])([H])[H])n([H])c(=O)c2c1-c1c([H])c([H])c([H])c([H])c1[H]
KKBARM.xaa_ZINC000102975762_93;-10.6447634;-11.144777;-12.764;59;575.604;MNNQZXPZNAOAJZ-MRXNPFEDSA-M;[H]c1sc2nc([C@]([H])(OC(=O)c3c([H])c([H])c([N-]S(=O)(=O)c4c([H])c([H])c([H])c([N+](=O)[O-])c4[H])c([H])c3[H])C([H])([H])[H])n([H])c(=O)c2c1-c1c([H])c([H])c([H])c([H])c1[H]
KKBARM.xaa_ZINC000008997046_98;-10.5761415;-11.135613;-11.499;56;511.543;JMLQROVYSZQDAL-UHFFFAOYSA-N;[H]c1c([H])c([H])c(N([H])c2c([H])c([H])c(N([H])c3nc4c([H])c([H])c([H])c([H])c4nc3[N-]S(=O)(=O)c3c([H])c([H])c([H])c([N+](=O)[O-])c3[H])c([H])c2[H])c([H])c1[H]
KKBARM.xaa_ZINC000103004427_102;-11.028992399999998;-11.291755;-11.624;62;604.02;JNQWHEVVIWKLLY-UHFFFAOYSA-N;[H]/C(=C1/C(=O)N(c2c([H])c([H])c([H])c(S(=O)(=O)[N-]c3c([H])c([H])c([H])c([H])c3OC([H])([H])[H])c2[H])C(=O)c2c([H])c([H])c([H])c([H])c21)N([H])c1c([H])c([H])c(Cl)c([N+](=O)[O-])c1[H]
KKBARM.xaa_ZINC000103004639_103;-10.3060536;-10.756592;-11.134;70;612.644;VHZOZBNNXKVCRS-UHFFFAOYSA-N;[H]/C(=C1/C(=O)N(c2c([H])c([H])c(C([H])([H])[H])c([H])c2C([H])([H])[H])C(=O)c2c([H])c([H])c([H])c([H])c21)N([H])N([H])c1c([H])c([H])c([N+](=O)[O-])c([H])c1S(=O)(=O)[N-]c1c([H])c([H])c(OC([H])([H])[H])c([H])c1[H]
KKBARM.xaa_ZINC000103008073_105;-10.3547412;-11.046816;-12.05;57;560.589;UMIYMMFVZBFTEZ-UHFFFAOYSA-M;[H]c1c([H])c([H])c(C(=O)OC([H])([H])C(=O)N2c3c([H])c([H])c([H])c([H])c3Sc3c([H])c([H])c([H])c([H])c32)c([N-]S(=O)(=O)c2c([H])c([H])c([H])c([N+](=O)[O-])c2[H])c1[H]
KKBARM.xaa_ZINC000245245686_112;-10.476147;-11.069837;-11.369;79;714.685;DIKZDEDGXOOTSK-KAYWLYCHSA-M;[H]c1c([H])c([H])c(C(=O)Oc2c([H])c([H])c([C@@]3([H])N(c4c([H])c([H])c([H])c([N+](=O)[O-])c4[H])OC4=C([O-])N(c5sc(C(=O)OC([H])([H])C([H])([H])[H])c(C([H])([H])[H])c5C(=O)OC([H])([H])[H])C(=O)[C@@]43[H])c([H])c2OC([H])([H])[H])c([H])c1[H]
KKBARM.xaa_ZINC000100226263_117;-10.1849692;-10.599041;-9.388;64;533.517;SSGITEQCSCXMRC-RUZDIDTESA-M;[H]c1c([H])c([H])c2c(c1[H])-c1c([H])c([H])c([H])c([H])c1C2([H])C([H])([H])OC(=O)N([H])[C@@]([H])(C(=O)[O-])C([H])([H])C([H])([H])C([H])([H])C([H])([H])N([H])c1c([H])c([N+](=O)[O-])c([H])c([N+](=O)[O-])c1[H]
KKBARM.xaa_ZINC000103083442_121;-10.7817368;-10.964599;-11.863;58;526.55;KIGZFOACEYQRLO-BMRADRMJSA-M;[H]/C(=C1\c2nc3c([H])c([H])c([H])c([H])c3c(C(=O)OC([H])([H])C(=O)[N-]C(=O)c3c([H])c([H])c([H])c([N+](=O)[O-])c3[H])c2C([H])([H])C([H])([H])C1([H])[H])c1sc([H])c([H])c1[H]
KKBARM.xaa_ZINC000103083440_122;-10.541906;-10.758334;-11.422;58;526.55;KIGZFOACEYQRLO-ICFOKQHNSA-M;[H]/C(=C1/c2nc3c([H])c([H])c([H])c([H])c3c(C(=O)OC([H])([H])C(=O)[N-]C(=O)c3c([H])c([H])c([H])c([N+](=O)[O-])c3[H])c2C([H])([H])C([H])([H])C1([H])[H])c1sc([H])c([H])c1[H]
KKBARM.xaa_ZINC000100288351_125;-10.4555752;-11.090814;-9.825;64;528.61;KNVMOSOFDKLYDI-UHFFFAOYSA-M;[H]c1c([H])c([H])c(-c2c(Sc3c([H])c([H])c(C(=O)[O-])c([H])c3[N+](=O)[O-])nn([H])c2C([H])([H])Oc2c([H])c([H])c(C3([H])C([H])([H])C([H])([H])C([H])([H])C([H])([H])C3([H])[H])c([H])c2[H])c([H])c1[H]
KKBARM.xaa_ZINC000100288347_126;-10.4555752;-11.090814;-10.074;64;528.61;KNVMOSOFDKLYDI-UHFFFAOYSA-M;[H]c1c([H])c([H])c(-c2c(Sc3c([H])c([H])c(C(=O)[O-])c([H])c3[N+](=O)[O-])nn([H])c2C([H])([H])Oc2c([H])c([H])c(C3([H])C([H])([H])C([H])([H])C([H])([H])C([H])([H])C3([H])[H])c([H])c2[H])c([H])c1[H]
KKBARM.xaa_ZINC000003179180_132;-10.8135515;-11.247304;-12.115;62;589.635;XHLKWKAOSJAOPE-UHFFFAOYSA-N;[H]c1c([H])c(N([H])S(=O)(=O)c2c([H])c([H])c(C([H])([H])[H])c([H])c2[H])c([H])c([H])c1N([H])c1nc2c([H])c([H])c([H])c([H])c2nc1[N-]S(=O)(=O)c1c([H])c([H])c([N+](=O)[O-])c([H])c1[H]
KKBARM.xaa_ZINC000003280145_137;-10.345084500000002;-10.707551;-11.34;59;588.043;TUKGDMOOCOPDSP-UHFFFAOYSA-N;[H]c1sc(N([H])C(=O)c2c([H])c(S(=O)(=O)[N-]c3c([H])c(Cl)c(OC([H])([H])[H])c([H])c3OC([H])([H])[H])c([H])c([H])c2C([H])([H])[H])nc1-c1c([H])c([H])c([H])c([N+](=O)[O-])c1[H]
KKBARM.xaa_ZINC000003287508_138;-10.1770944;-10.271028;-10.903;60;563.543;JSFCBVGWIYGQLR-UHFFFAOYSA-N;[H]c1c([H])c([H])c(N([H])C(=O)c2c([H])c([H])c([H])c(S(=O)(=O)[N-]c3c([H])c([N+](=O)[O-])c([H])c([H])c3OC([H])([H])[H])c2[H])c(C(=O)N([H])c2c([H])c([H])c(F)c([H])c2[H])c1[H]
KKBARM.xaa_ZINC000105611079_139;-10.0715416;-10.771896;-12.162;60;525.497;VTJTUNJMDOZWKD-REXPWPKZSA-M;[H]/C(=C1/C2=NN(C(=O)c3c([H])c([H])c([H])c([H])c3C(=O)[O-])[C@]([H])(c3c([H])c([H])c([H])c([N+](=O)[O-])c3[H])[C@@]2([H])C([H])([H])C([H])([H])C1([H])[H])c1c([H])c([H])c([H])c([N+](=O)[O-])c1[H]
KKBARM.xaa_ZINC000011757858_141;-10.18282;-10.416673;-10.543;66;539.641;BNSPKXXMIDCENZ-AREMUKBSSA-M;[H]c1c([H])c([H])c(C([H])(c2c([H])c([H])c([H])c([H])c2[H])N2C([H])([H])C([H])([H])N([C@@]([H])(c3sc4nc(C([H])([H])[H])nn4c3[O-])c3c([H])c([H])c([N+](=O)[O-])c([H])c3[H])C([H])([H])C2([H])[H])c([H])c1[H]
KKBARM.xaa_ZINC000011757857_142;-10.198147;-10.365632;-9.608;66;539.641;BNSPKXXMIDCENZ-SANMLTNESA-M;[H]c1c([H])c([H])c(C([H])(c2c([H])c([H])c([H])c([H])c2[H])N2C([H])([H])C([H])([H])N([C@]([H])(c3sc4nc(C([H])([H])[H])nn4c3[O-])c3c([H])c([H])c([N+](=O)[O-])c([H])c3[H])C([H])([H])C2([H])[H])c([H])c1[H]
KKBARM.xaa_ZINC000011852466_144;-10.111654;-10.483868;-9.754;62;557.97;IIROHKZBIYKAQN-DEOSSOPVSA-M;[H]c1c([H])c([H])c(-c2c(C3=NN(C(=O)C([H])([H])C([H])([H])C([H])([H])C(=O)[O-])[C@]([H])(c4c([H])c([H])c([H])c([N+](=O)[O-])c4[H])C3([H])[H])c(=O)n([H])c3c([H])c([H])c(Cl)c([H])c23)c([H])c1[H]
KKBARM.xaa_ZINC000003358756_153;-10.0598733;-10.5890045;-9.062;53;508.557;SEQRWCLTLJWMEX-UHFFFAOYSA-M;[H]c1c([H])c(C([H])([H])[H])c([H])c([H])c1-c1nc(SC([H])([H])c2c([H])c([N+](=O)[O-])c([H])c3c2OC([H])([H])OC3([H])[H])c2c(C([H])([H])[H])c(C(=O)[O-])sc2n1
KKBARM.xaa_ZINC000104315374_155;-10.057404600000002;-10.381168;-12.208;65;612.669;WTXIHNOFHAEZKX-UHFFFAOYSA-N;[H]c1c([H])c([H])c(C([H])([H])n2c([N-]S(=O)(=O)c3c([H])c([H])c([N+](=O)[O-])c([H])c3[H])c(S(=O)(=O)c3c([H])c([H])c(C([H])([H])[H])c([H])c3[H])c3nc4c([H])c([H])c([H])c([H])c4nc32)c([H])c1[H]
KKBARM.xaa_ZINC000012497113_158;-10.1538642;-10.61531;-11.72;63;524.579;SAMRLVAKFFTTPE-UHFFFAOYSA-N;[H]c1c([H])c([H])c(OC([H])([H])[H])c([N-]S(=O)(=O)c2c([H])c(N([H])C(=O)N([H])c3c([H])c([H])c([H])c([N+](=O)[O-])c3[H])c([H])c([H])c2N2C([H])([H])C([H])([H])C([H])([H])C([H])([H])C2([H])[H])c1[H]
KKBARM.xaa_ZINC000012564517_162;-10.542444800000002;-10.742409;-10.575;51;502.553;RVCFZQQDKSUBGK-UHFFFAOYSA-M;[H]c1c([H])c([H])c2c(c1[H])Sc1c([H])c([H])c([H])c([H])c1N2C(=O)c1c([H])c([H])c([N-]S(=O)(=O)c2c([H])c([H])c([H])c([N+](=O)[O-])c2[H])c([H])c1[H]
KKBARM.xaa_ZINC000100531009_167;-10.3881372;-11.430285;-9.102;58;601.463;BZLFSNMILFJYAK-UHFFFAOYSA-M;[H]c1c(C(=O)[O-])c([H])c(N2C(=O)c3c([H])c([H])c([H])c4c([N+](=O)[O-])c([H])c([H])c(c34)C2=O)c([H])c1N1C(=O)c2c([H])c([H])c([H])c3c([N+](=O)[O-])c([H])c([H])c(c23)C1=O
KKBARM.xaa_ZINC000012659877_168;-10.4039468;-10.722634;-10.915;50;504.935;ABCYSLSQDNVAOW-UHFFFAOYSA-N;[H]c1c([H])c(S(=O)(=O)[N-]c2nc3c([H])c([H])c([H])c([H])c3nc2N([H])c2c([H])c([H])c([H])c3c([H])c([H])c([H])c([H])c23)c([H])c([N+](=O)[O-])c1Cl
KKBARM.xaa_ZINC000003770318_169;-10.8593932;-11.390598;-10.36;53;549.415;YSFQQUPQDIDKDB-DKOMQPSQSA-M;[H]/C(c1c([H])c(Cl)c([O-])c(Cl)c1[H])=c1/sc2n(c1=O)[C@]([H])(c1c([H])c([H])c([H])c([N+](=O)[O-])c1[H])C1=C(N=2)c2c([H])c([H])c([H])c([H])c2C([H])([H])C1([H])[H]
KKBARM.xaa_ZINC000003770316_170;-10.6561948;-11.199714;-9.973;53;549.415;YSFQQUPQDIDKDB-IZBTWGKQSA-M;[H]/C(c1c([H])c(Cl)c([O-])c(Cl)c1[H])=c1/sc2n(c1=O)[C@@]([H])(c1c([H])c([H])c([H])c([N+](=O)[O-])c1[H])C1=C(N=2)c2c([H])c([H])c([H])c([H])c2C([H])([H])C1([H])[H]
KKBARM.xaa_ZINC000100698864_186;-11.0549382;-11.57932;-12.23;56;541.525;GYLLPTJODFJMMU-UHFFFAOYSA-N;[H]c1c([H])c(-c2c([H])c([H])c([N+](=O)[O-])c([H])c2[H])c([H])c(N([H])c2nc3c([H])c([H])c([H])c([H])c3nc2[N-]S(=O)(=O)c2c([H])c([H])c([H])c([N+](=O)[O-])c2[H])c1[H]
KKBARM.xaa_ZINC000150340237_188;-10.8779146;-11.49728;-11.386;72;678.732;SFEPSLKMHUHHEV-UHFFFAOYSA-M;[H]Oc1c([H])c([H])c([H])c([H])c1-c1nc(-n2[n-]c(C([H])([H])[H])c([C@]([H])(c3c([H])c([H])c([H])c([N+](=O)[O-])c3[H])c3c(C([H])([H])[H])n([H])n(-c4nc(-c5c([H])c([H])c([H])c([H])c5O[H])c([H])s4)c3=O)c2=O)sc1[H]
KKBARM.xaa_ZINC000150340241_189;-10.8779146;-11.49728;-11.343;72;678.732;SFEPSLKMHUHHEV-UHFFFAOYSA-M;[H]Oc1c([H])c([H])c([H])c([H])c1-c1nc(-n2[n-]c(C([H])([H])[H])c([C@]([H])(c3c([H])c([H])c([H])c([N+](=O)[O-])c3[H])c3c(C([H])([H])[H])n([H])n(-c4nc(-c5c([H])c([H])c([H])c([H])c5O[H])c([H])s4)c3=O)c2=O)sc1[H]
KKBARM.xaa_ZINC000150344259_190;-10.9056907;-11.196799;-11.993;90;712.848;RRCHFOJPFSQICN-LJAQVGFWSA-M;[H]Oc1c([H])c([H])c([H])c2c1C([H])([H])C([H])([H])[C@]([H])([N@@+]([H])(C([H])([H])C([H])([H])c1c([H])c([H])c(N([H])C(=S)N([H])c3c([H])c([H])c(-c4c5c([H])c([H])c(=O)c([H])c-5oc5c([H])c([O-])c([H])c([H])c45)c(C(=O)[O-])c3[H])c([H])c1[H])C([H])([H])C([H])([H])C([H])([H])[H])C2([H])[H]
KKBARM.xaa_ZINC000150344257_191;-10.9505088;-11.236266;-11.912;90;712.848;RRCHFOJPFSQICN-GDLZYMKVSA-M;[H]Oc1c([H])c([H])c([H])c2c1C([H])([H])C([H])([H])[C@@]([H])([N@@+]([H])(C([H])([H])C([H])([H])c1c([H])c([H])c(N([H])C(=S)N([H])c3c([H])c([H])c(-c4c5c([H])c([H])c(=O)c([H])c-5oc5c([H])c([O-])c([H])c([H])c45)c(C(=O)[O-])c3[H])c([H])c1[H])C([H])([H])C([H])([H])C([H])([H])[H])C2([H])[H]
KKBARM.xaa_ZINC000150352923_192;-10.618518600000002;-11.294161;-9.659;83;701.738;SZKDXDJLUYHXLW-UHFFFAOYSA-M;[H]C1=C([H])C([H])([H])C([H])([H])c2c([H])c(-c3c4c([H])c([H])c([H])c([H])c4c([H])c4c([H])c([H])c([H])c([H])c34)c3c(c21)-c1c(c(-c2c4c([H])c([H])c([H])c([H])c4c([H])c4c([H])c([H])c([H])c([H])c24)c([H])c2c([H])c([H])c([H])c([H])c12)O[P@@](=O)([O-])O3
KKBARM.xaa_ZINC000150353071_193;-10.5714362;-11.378532;-9.316;81;699.722;QYJHYRSRVCOHMY-UHFFFAOYSA-M;[H]c1c([H])c([H])c2c3c(c(-c4c5c([H])c([H])c([H])c([H])c5c([H])c5c([H])c([H])c([H])c([H])c45)c([H])c2c1[H])OP(=O)([O-])Oc1c(-c2c4c([H])c([H])c([H])c([H])c4c([H])c4c([H])c([H])c([H])c([H])c24)c([H])c2c([H])c([H])c([H])c([H])c2c1-3
KKBARM.xaa_ZINC000004647381_199;-10.0361001;-10.487458;-9.978;69;535.646;CUJUBIOEFDWUFN-PMACEKPBSA-N;[H]c1c([H])c(N2C([H])([H])[C@@]([H])(C([H])([H])[H])C([H])([H])[C@]([H])(C([H])([H])[H])C2([H])[H])c([N-]S(=O)(=O)c2c([H])c([H])c([N+](=O)[O-])c([H])c2[H])c([H])c1C(=O)N([H])c1c([H])c([H])c(C([H])([H])C([H])([H])[H])c([H])c1[H]
KKBARM.xaa_ZINC000150406593_202;-10.7607014;-11.072985;-10.471;53;638.317;FVOIVUSQAHKSCE-SEXPAEGTSA-M;[H]/C(c1c([H])c(Br)c([H])c(Br)c1[O-])=c1\sc2n(c1=O)[C@]([H])(c1c([H])c([H])c([H])c([N+](=O)[O-])c1[H])C1=C(N=2)c2c([H])c([H])c([H])c([H])c2C([H])([H])C1([H])[H]
KKBARM.xaa_ZINC000150406596_203;-10.5800681;-11.3026705;-9.283;53;638.317;FVOIVUSQAHKSCE-XOBACGFXSA-M;[H]/C(c1c([H])c(Br)c([H])c(Br)c1[O-])=c1\sc2n(c1=O)[C@@]([H])(c1c([H])c([H])c([H])c([N+](=O)[O-])c1[H])C1=C(N=2)c2c([H])c([H])c([H])c([H])c2C([H])([H])C1([H])[H]
KKBARM.xaa_ZINC000150406583_204;-11.0016518;-11.464878;-9.964;53;638.317;FVOIVUSQAHKSCE-IZBTWGKQSA-M;[H]/C(c1c([H])c(Br)c([H])c(Br)c1[O-])=c1/sc2n(c1=O)[C@@]([H])(c1c([H])c([H])c([H])c([N+](=O)[O-])c1[H])C1=C(N=2)c2c([H])c([H])c([H])c([H])c2C([H])([H])C1([H])[H]
KKBARM.xaa_ZINC000150406581_205;-11.1522343;-11.7312565;-10.41;53;638.317;FVOIVUSQAHKSCE-DKOMQPSQSA-M;[H]/C(c1c([H])c(Br)c([H])c(Br)c1[O-])=c1/sc2n(c1=O)[C@]([H])(c1c([H])c([H])c([H])c([N+](=O)[O-])c1[H])C1=C(N=2)c2c([H])c([H])c([H])c([H])c2C([H])([H])C1([H])[H]
KKBARM.xaa_ZINC000150419600_207;-11.200148000000002;-11.819888;-12.573;68;626.696;MDDYLHJNFPQKLB-UHFFFAOYSA-N;[H]c1c([H])c([H])c(C([H])([H])C([H])([H])n2c([N-]S(=O)(=O)c3c([H])c([H])c([N+](=O)[O-])c([H])c3[H])c(S(=O)(=O)c3c([H])c([H])c(C([H])([H])[H])c([H])c3[H])c3nc4c([H])c([H])c([H])c([H])c4nc32)c([H])c1[H]
KKBARM.xaa_ZINC000150419621_208;-10.7211522;-11.268916;-12.963;68;626.696;CIWSUTPQEWBFCK-UHFFFAOYSA-N;[H]c1c([H])c(C([H])([H])[H])c(C([H])([H])[H])c([H])c1-n1c([N-]S(=O)(=O)c2c([H])c([H])c([N+](=O)[O-])c([H])c2[H])c(S(=O)(=O)c2c([H])c([H])c(C([H])([H])[H])c([H])c2[H])c2nc3c([H])c([H])c([H])c([H])c3nc21
KKBARM.xaa_ZINC000150419612_209;-10.6515545;-11.002977;-12.749;68;626.696;BZNKTKKVYMCEDF-UHFFFAOYSA-N;[H]c1c([H])c(S(=O)(=O)[N-]c2c(S(=O)(=O)c3c([H])c([H])c(C([H])([H])[H])c([H])c3[H])c3nc4c([H])c([H])c([H])c([H])c4nc3n2-c2c([H])c(C([H])([H])[H])c([H])c(C([H])([H])[H])c2[H])c([H])c([H])c1[N+](=O)[O-]
KKBARM.xaa_ZINC000150426500_210;-10.2431814;-10.814268;-11.545;74;636.732;RNJSULNGMCAYGN-UHFFFAOYSA-N;[H]c1c([H])c(S(=O)(=O)[N-]c2c(S(=O)(=O)c3c([H])c([H])c(C([H])([H])[H])c([H])c3[H])c3nc4c([H])c([H])c([H])c([H])c4nc3n2C([H])([H])C([H])([H])C([H])([H])OC([H])([H])C([H])([H])C([H])([H])C([H])([H])[H])c([H])c([H])c1[N+](=O)[O-]
KKBARM.xaa_ZINC000150432091_211;-10.18383;-10.656913;-10.535;75;660.651;PPPRPIZCLXFUKY-UHFFFAOYSA-N;[H]c1c([H])c(C(F)(F)F)c([H])c(C([H])([H])N([H])C(=O)c2nn(-c3c([H])c([H])c(OC([H])([H])[H])c([H])c3[H])c(Oc3c([H])c([H])c([N+](=O)[O-])c([H])c3S(=O)(=O)[N-]C([H])([H])C([H])(C([H])([H])[H])C([H])([H])[H])c2C([H])([H])[H])c1[H]
KKBARM.xaa_ZINC000150435099_213;-10.818551;-11.752579;-11.067;69;678.675;MQOSGUQADSUSDU-UHFFFAOYSA-M;[H]c1c([H])c([H])c(C(=O)N([H])c2c([H])c([N+](=O)[O-])c([H])c([H])c2N([H])c2c([H])c([H])c([H])c([H])c2N([H])S(=O)(=O)c2c([H])c([H])c(F)c([H])c2[H])c([N-]S(=O)(=O)c2c([H])c([H])c(F)c([H])c2[H])c1[H]
KKBARM.xaa_ZINC000150445021_215;-10.6358528;-11.160046;-11.633;67;652.587;RSFNSRQDEXVURI-UHFFFAOYSA-N;[H]/C(=C1/C(=O)N(c2c([H])c([H])c([H])c(C(F)(F)F)c2[H])C(=O)c2c([H])c([H])c([H])c([H])c21)N([H])N([H])c1c([H])c([H])c([N+](=O)[O-])c([H])c1S(=O)(=O)[N-]c1c([H])c([H])c(OC([H])([H])[H])c([H])c1[H]
KKBARM.xaa_ZINC000150459755_216;-10.0361722;-10.537374;-11.979;71;687.128;PJBLGFKIQFFCOC-KRWDZBQOSA-N;[H]c1c([H])c([H])c(-c2sc(N([H])C(=O)[C@@]([H])(OC(=O)c3c([H])c(S(=O)(=O)[N-]c4c([H])c([N+](=O)[O-])c([H])c([H])c4OC([H])([H])[H])c([H])c([H])c3Cl)C([H])([H])[H])c(C(=O)OC([H])([H])C([H])([H])[H])c2[H])c([H])c1[H]
KKBARM.xaa_ZINC000150459750_217;-10.028283;-10.521807;-10.825;71;687.128;PJBLGFKIQFFCOC-QGZVFWFLSA-N;[H]c1c([H])c([H])c(-c2sc(N([H])C(=O)[C@]([H])(OC(=O)c3c([H])c(S(=O)(=O)[N-]c4c([H])c([N+](=O)[O-])c([H])c([H])c4OC([H])([H])[H])c([H])c([H])c3Cl)C([H])([H])[H])c(C(=O)OC([H])([H])C([H])([H])[H])c2[H])c([H])c1[H]
KKBARM.xaa_ZINC000150482228_218;-10.3751458;-10.891594;-9.303;53;640.866;FJAOQJFKTPFRKC-MFUBYVTQSA-M;[H]/C(c1c([H])c(I)c([O-])c([N+](=O)[O-])c1[H])=c1/sc2n(c1=O)[C@@]([H])(c1c([H])c([H])c(Cl)c([H])c1[H])C1=C(N=2)c2c([H])c([H])c([H])c([H])c2C([H])([H])C1([H])[H]
KKBARM.xaa_ZINC000150482224_219;-10.4846514;-11.082351;-10.079;53;640.866;FJAOQJFKTPFRKC-RWTNITNYSA-M;[H]/C(c1c([H])c(I)c([O-])c([N+](=O)[O-])c1[H])=c1/sc2n(c1=O)[C@]([H])(c1c([H])c([H])c(Cl)c([H])c1[H])C1=C(N=2)c2c([H])c([H])c([H])c([H])c2C([H])([H])C1([H])[H]
KKBARM.xaa_ZINC000005941401_222;-11.028992399999998;-11.291755;-11.62;62;604.02;JNQWHEVVIWKLLY-UHFFFAOYSA-N;[H]/C(=C1/C(=O)N(c2c([H])c([H])c([H])c(S(=O)(=O)[N-]c3c([H])c([H])c([H])c([H])c3OC([H])([H])[H])c2[H])C(=O)c2c([H])c([H])c([H])c([H])c21)N([H])c1c([H])c([H])c(Cl)c([N+](=O)[O-])c1[H]
KKBARM.xaa_ZINC000150484854_223;-10.8169452;-11.196164;-9.959;69;635.634;DXCKGMWDEDEVEI-WAWVYTBHSA-M;[H]/C(=C(\C(=O)N([H])c1c([H])c([H])c([H])c(S[C@]2([H])C(=O)N(c3c([H])c([H])c(C(=O)[O-])c([H])c3[H])C(=O)C2([H])[H])c1[H])N([H])C(=O)c1c([H])c([H])c([H])c([H])c1[H])c1c([H])c([H])c([N+](=O)[O-])c([H])c1[H]
KKBARM.xaa_ZINC000150484851_224;-10.747496000000002;-11.152944;-10.818;69;635.634;DXCKGMWDEDEVEI-VBSNSAIWSA-M;[H]/C(=C(\C(=O)N([H])c1c([H])c([H])c([H])c(S[C@@]2([H])C(=O)N(c3c([H])c([H])c(C(=O)[O-])c([H])c3[H])C(=O)C2([H])[H])c1[H])N([H])C(=O)c1c([H])c([H])c([H])c([H])c1[H])c1c([H])c([H])c([N+](=O)[O-])c([H])c1[H]
KKBARM.xaa_ZINC000150581758_227;-10.9118076;-11.274034;-10.67;59;659.434;KYOYPRKEHVALPF-QRVIBDJDSA-M;[H]/C(=C1/SC(=O)N(C([H])([H])c2c([H])c([H])c([H])c([N+](=O)[O-])c2[H])C1=O)c1c([H])c(I)c(OC([H])([H])c2c([H])c([H])c([H])c(C(=O)[O-])c2[H])c(OC([H])([H])C([H])([H])[H])c1[H]
KKBARM.xaa_ZINC000150629351_231;-12.8846918;-13.621663;-9.015;60;619.439;LBEODECPUFXITA-UHFFFAOYSA-N;[H]c1c([H])c(C([H])([H])c2c([H])c([H])c(N([H])c3c([N+](=O)[O-])c([H])c([N+](=O)[O-])c([H])c3[N+](=O)[O-])c([H])c2[H])c([H])c([H])c1[N-]c1c([N+](=O)[O-])c([H])c([N+](=O)[O-])c([H])c1[N+](=O)[O-]
KKBARM.xaa_ZINC000150634724_233;-10.2523022;-10.849337;-11.747;53;640.866;FJAOQJFKTPFRKC-LYRGBEMXSA-M;[H]/C(c1c([H])c(I)c([O-])c([N+](=O)[O-])c1[H])=c1\sc2n(c1=O)[C@]([H])(c1c([H])c([H])c(Cl)c([H])c1[H])C1=C(N=2)c2c([H])c([H])c([H])c([H])c2C([H])([H])C1([H])[H]
KKBARM.xaa_ZINC000006142497_238;-10.4055334;-10.910104;-11.496;59;512.007;OQUYJMZAUNVSCO-HNNXBMFYSA-N;[H]c1c([H])c(S(=O)(=O)[N-]c2c([H])c3c4c(oc3c3c([H])c([H])c([H])c([H])c23)C([H])([H])C([H])([H])[C@]([H])(C(C([H])([H])[H])(C([H])([H])[H])C([H])([H])[H])C4([H])[H])c([H])c([N+](=O)[O-])c1Cl
KKBARM.xaa_ZINC000006142496_239;-10.408946599999998;-10.911939;-11.42;59;512.007;OQUYJMZAUNVSCO-OAHLLOKOSA-N;[H]c1c([H])c(S(=O)(=O)[N-]c2c([H])c3c4c(oc3c3c([H])c([H])c([H])c([H])c23)C([H])([H])C([H])([H])[C@@]([H])(C(C([H])([H])[H])(C([H])([H])[H])C([H])([H])[H])C4([H])[H])c([H])c([N+](=O)[O-])c1Cl
KKBARM.xaa_ZINC000006142803_241;-10.1645236;-10.4925375;-11.616;60;545.549;ATBUTWQVCKXIIU-UHFFFAOYSA-N;[H]c1c([H])c([H])c(-c2oc3c(c([H])c([N-]S(=O)(=O)c4c([H])c([H])c(OC([H])([H])[H])c([N+](=O)[O-])c4[H])c4c([H])c([H])c([H])c([H])c43)c2C(=O)OC([H])([H])C([H])([H])[H])c([H])c1[H]
KKBARM.xaa_ZINC000198725790_246;-10.872772;-11.613017;-11.595;63;564.603;ZDYORFDJZSGUKS-ONUIUJJFSA-M;[H]/C(C(=O)C(=O)N([H])c1c([H])c([N+](=O)[O-])c([H])c([H])c1C([H])([H])[H])=C(/[O-])c1sc(-n2nc(-c3c([H])c([H])c([H])c([H])c3[H])c([H])c2-c2c([H])c([H])c([H])c([H])c2[H])nc1C([H])([H])[H]
KKBARM.xaa_ZINC000101083527_252;-10.2107622;-10.551092;-10.97;43;516.378;LHJONKLQFCYOPW-UHFFFAOYSA-N;[H]c1c([H])c([N+](=O)[O-])c([H])c(S(=O)(=O)[N-]c2nc3c([H])c([H])c([H])c([H])c3nc2Sc2c([H])c([H])c(Br)c([H])c2[H])c1[H]
KKBARM.xaa_ZINC000017466155_254;-11.475145;-12.002979;-11.639;60;525.497;VTJTUNJMDOZWKD-YSOPSJPGSA-M;[H]/C(=C1\C2=NN(C(=O)c3c([H])c([H])c([H])c([H])c3C(=O)[O-])[C@@]([H])(c3c([H])c([H])c([H])c([N+](=O)[O-])c3[H])[C@]2([H])C([H])([H])C([H])([H])C1([H])[H])c1c([H])c([H])c([H])c([N+](=O)[O-])c1[H]
KKBARM.xaa_ZINC000017466158_255;-11.2652303;-12.0486555;-9.183;60;525.497;VTJTUNJMDOZWKD-QWJAHGMWSA-M;[H]/C(=C1\C2=NN(C(=O)c3c([H])c([H])c([H])c([H])c3C(=O)[O-])[C@@]([H])(c3c([H])c([H])c([H])c([N+](=O)[O-])c3[H])[C@@]2([H])C([H])([H])C([H])([H])C1([H])[H])c1c([H])c([H])c([H])c([N+](=O)[O-])c1[H]
KKBARM.xaa_ZINC000017466162_256;-11.2794414;-11.632754;-11.016;60;525.497;VTJTUNJMDOZWKD-YDCZLDCASA-M;[H]/C(=C1\C2=NN(C(=O)c3c([H])c([H])c([H])c([H])c3C(=O)[O-])[C@]([H])(c3c([H])c([H])c([H])c([N+](=O)[O-])c3[H])[C@]2([H])C([H])([H])C([H])([H])C1([H])[H])c1c([H])c([H])c([H])c([N+](=O)[O-])c1[H]
KKBARM.xaa_ZINC000017466166_257;-11.507179;-12.083649;-12.126;60;525.497;VTJTUNJMDOZWKD-LOQBRSTHSA-M;[H]/C(=C1\C2=NN(C(=O)c3c([H])c([H])c([H])c([H])c3C(=O)[O-])[C@]([H])(c3c([H])c([H])c([H])c([N+](=O)[O-])c3[H])[C@@]2([H])C([H])([H])C([H])([H])C1([H])[H])c1c([H])c([H])c([H])c([N+](=O)[O-])c1[H]
KKBARM.xaa_ZINC000072317015_269;-10.1870272;-10.525811;-10.437;69;546.603;IIJDFXNUWZTHIM-NRFANRHFSA-M;[H]c1c([H])c([H])c(-c2c([H])c([H])c(C([H])([H])n3c(C([H])([H])[H])c(C([H])([H])[H])c4c([H])c(C(=O)N([H])[C@]([H])(c5c([H])c([H])c([N+](=O)[O-])c([H])c5[H])C([H])([H])[H])c([H])c([H])c43)c([H])c2[H])c(C(=O)[O-])c1[H]
KKBARM.xaa_ZINC000001842657_280;-10.1551148;-10.551548;-12.35;67;592.679;WSPTVMHAAORMPN-UHFFFAOYSA-N;[H]c1c([H])c(S(=O)(=O)[N-]c2c(S(=O)(=O)c3c([H])c([H])c(C([H])([H])[H])c([H])c3[H])c3nc4c([H])c([H])c([H])c([H])c4nc3n2C([H])([H])C([H])([H])C([H])(C([H])([H])[H])C([H])([H])[H])c([H])c([H])c1[N+](=O)[O-]
KKBARM.xaa_ZINC000001862548_281;-10.30725;-10.894181;-10.092;53;593.866;QCGRFURMBFSCDV-MFUBYVTQSA-M;[H]/C(c1c([H])c(Br)c([O-])c([N+](=O)[O-])c1[H])=c1/sc2n(c1=O)[C@@]([H])(c1c([H])c([H])c([H])c([H])c1Cl)C1=C(N=2)c2c([H])c([H])c([H])c([H])c2C([H])([H])C1([H])[H]
KKBARM.xaa_ZINC000001862552_282;-10.2567012;-10.806503;-10.23;53;593.866;QCGRFURMBFSCDV-RWTNITNYSA-M;[H]/C(c1c([H])c(Br)c([O-])c([N+](=O)[O-])c1[H])=c1/sc2n(c1=O)[C@]([H])(c1c([H])c([H])c([H])c([H])c1Cl)C1=C(N=2)c2c([H])c([H])c([H])c([H])c2C([H])([H])C1([H])[H]
KKBARM.xaa_ZINC000096022153_285;-10.2927228;-10.61208;-11.209;57;573.032;TWJBATSKXXNKQT-UHFFFAOYSA-M;[H]c1c([H])c(S(=O)(=O)[N-]c2nc3c([H])c([H])c([H])c([H])c3nc2N([H])c2sc3c(c2C(=O)OC([H])([H])[H])C([H])([H])C([H])([H])C([H])([H])C3([H])[H])c([H])c([N+](=O)[O-])c1Cl
KKBARM.xaa_ZINC000001874001_286;-10.2033756;-10.6271515;-12.163;62;598.642;HQOLQLSQZVFZLV-UHFFFAOYSA-N;[H]c1c([H])c([H])c(-n2c([N-]S(=O)(=O)c3c([H])c([H])c([N+](=O)[O-])c([H])c3[H])c(S(=O)(=O)c3c([H])c([H])c(C([H])([H])[H])c([H])c3[H])c3nc4c([H])c([H])c([H])c([H])c4nc32)c([H])c1[H]
KKBARM.xaa_ZINC000096022788_287;-11.2061112;-11.788868;-12.369;65;612.669;FBGPHSRDUHYJKO-UHFFFAOYSA-N;[H]c1c([H])c([H])c(C([H])([H])C([H])([H])n2c([N-]S(=O)(=O)c3c([H])c([H])c([N+](=O)[O-])c([H])c3[H])c(S(=O)(=O)c3c([H])c([H])c([H])c([H])c3[H])c3nc4c([H])c([H])c([H])c([H])c4nc32)c([H])c1[H]
KKBARM.xaa_ZINC000096022749_288;-10.5458596;-11.145498;-12.05;56;541.525;WTALSXJGELIEGJ-UHFFFAOYSA-N;[H]c1c([H])c([N+](=O)[O-])c([H])c(S(=O)(=O)[N-]c2nc3c([H])c([H])c([H])c([H])c3nc2N([H])c2c([H])c([H])c(-c3c([H])c([H])c([N+](=O)[O-])c([H])c3[H])c([H])c2[H])c1[H]
KKBARM.xaa_ZINC000101407720_293;-10.0540858;-10.55312;-10.626;67;530.557;CGPROIVWDMJMFC-UHFFFAOYSA-M;[H]Oc1c([H])c([H])c2c(oc3c(-c4c([H])c([H])c(OC([H])([H])C(=O)[O-])c(OC([H])([H])[H])c4[H])c4c(=O)n([H])n(C5([H])C([H])([H])C([H])([H])C([H])([H])C([H])([H])C([H])([H])C([H])([H])C5([H])[H])c4nc32)c1[H]
KKBARM.xaa_ZINC000100570132_294;-10.931745199999998;-11.306608;-11.419;77;578.711;NGBGZACGEPFUQT-YNSKKZRUSA-N;[H]c1c([H])c([N+](=O)[O-])c([H])c(S(=O)(=O)[N-]c2c3c(c([H])c4c([H])c([H])c([H])c([H])c24)O[C@@]2(N4C([H])([H])C([H])([H])OC([H])([H])C4([H])[H])C([H])([H])C([H])([H])[C@@]([H])(C(C([H])([H])[H])(C([H])([H])[H])C([H])([H])C([H])([H])[H])C([H])([H])[C@@]32[H])c1[H]
KKBARM.xaa_ZINC000100570127_295;-10.399372199999998;-10.741802;-10.8;77;578.711;NGBGZACGEPFUQT-LQBPKLIOSA-N;[H]c1c([H])c([N+](=O)[O-])c([H])c(S(=O)(=O)[N-]c2c3c(c([H])c4c([H])c([H])c([H])c([H])c24)O[C@]2(N4C([H])([H])C([H])([H])OC([H])([H])C4([H])[H])C([H])([H])C([H])([H])[C@@]([H])(C(C([H])([H])[H])(C([H])([H])[H])C([H])([H])C([H])([H])[H])C([H])([H])[C@@]32[H])c1[H]
KKBARM.xaa_ZINC000101695116_308;-10.3431126;-10.554204;-11.63;59;529.55;RBDZRDCEPJCNLT-UHFFFAOYSA-N;[H]c1c([H])c([H])c(-c2oc3c(c([H])c([N-]S(=O)(=O)c4c([H])c([H])c(C([H])([H])[H])c([N+](=O)[O-])c4[H])c4c([H])c([H])c([H])c([H])c43)c2C(=O)OC([H])([H])C([H])([H])[H])c([H])c1[H]
KKBARM.xaa_ZINC000032641992_316;-10.2261437;-10.6252365;-11.417;61;516.533;AZWUULVQYXZFGH-CJLVFECKSA-M;[H]/C(=C1\c2nc3c([H])c([H])c([H])c([H])c3c(C(=O)[O-])c2C([H])([H])N(C([H])([H])c2c([H])c([H])c([H])c([H])c2[H])C1([H])[H])c1oc(-c2c([H])c([H])c([H])c([N+](=O)[O-])c2[H])c([H])c1[H]
KKBARM.xaa_ZINC000097961213_317;-10.2378902;-10.793213;-10.199;59;588.394;UZFCGTMTGFFKAQ-HSZRJFAPSA-M;[H]c1c([H])c([H])c(-c2c(C3=NN(C(=O)C([H])([H])C([H])([H])C(=O)[O-])[C@@]([H])(c4c([H])c([H])c([H])c([N+](=O)[O-])c4[H])C3([H])[H])c(=O)n([H])c3c([H])c([H])c(Br)c([H])c23)c([H])c1[H]
KKBARM.xaa_ZINC000097961212_318;-10.4570526;-11.093623;-9.177;59;588.394;UZFCGTMTGFFKAQ-QHCPKHFHSA-M;[H]c1c([H])c([H])c(-c2c(C3=NN(C(=O)C([H])([H])C([H])([H])C(=O)[O-])[C@]([H])(c4c([H])c([H])c([H])c([N+](=O)[O-])c4[H])C3([H])[H])c(=O)n([H])c3c([H])c([H])c(Br)c([H])c23)c([H])c1[H]
KKBARM.xaa_ZINC000102230986_324;-10.0896176;-10.624932;-10.623;57;543.606;JENJYRNCGCYAHU-UHFFFAOYSA-M;[H]c1c([H])c([N+](=O)[O-])c([H])c(S(=O)(=O)[N-]c2c([H])c([H])c(C(=O)N([H])c3c([H])c([H])c(-c4nc5c([H])c([H])c(C([H])([H])[H])c([H])c5s4)c([H])c3[H])c([H])c2[H])c1[H]
KKBARM.xaa_ZINC000102327669_325;-10.4825307;-11.255449;-9.196;59;543.943;LMEQUIJJMOJSMJ-QHCPKHFHSA-M;[H]c1c([H])c([N+](=O)[O-])c([H])c([C@@]2([H])N(C(=O)C([H])([H])C([H])([H])C(=O)[O-])N=C(c3c(-c4c([H])c([H])c(Cl)c([H])c4[H])c4c([H])c([H])c([H])c([H])c4n([H])c3=O)C2([H])[H])c1[H]
KKBARM.xaa_ZINC000102327673_326;-10.3288069;-11.2189665;-10.224;59;543.943;LMEQUIJJMOJSMJ-HSZRJFAPSA-M;[H]c1c([H])c([N+](=O)[O-])c([H])c([C@]2([H])N(C(=O)C([H])([H])C([H])([H])C(=O)[O-])N=C(c3c(-c4c([H])c([H])c(Cl)c([H])c4[H])c4c([H])c([H])c([H])c([H])c4n([H])c3=O)C2([H])[H])c1[H]
KKBARM.xaa_ZINC000102413323_327;-11.0597026;-11.497585;-12.731;66;600.636;NUWIWIMIEJUCBI-UHFFFAOYSA-N;[H]c1c([H])c([H])c2c(c1[H])Oc1c([H])c([H])c([H])c([H])c1C2([H])c1c([H])c([H])c(N([H])c2nc3c([H])c([H])c([H])c([H])c3nc2[N-]S(=O)(=O)c2c([H])c([H])c([H])c([N+](=O)[O-])c2[H])c([H])c1[H]
KKBARM.xaa_ZINC000102423425_328;-10.2036915;-11.0556965;-11.572;57;573.032;DTUOIHZSDPLODS-UHFFFAOYSA-M;[H]c1c([H])c([N+](=O)[O-])c([H])c(S(=O)(=O)[N-]c2nc3c([H])c([H])c([H])c([H])c3nc2N([H])c2sc3c(c2C(=O)OC([H])([H])[H])C([H])([H])C([H])([H])C([H])([H])C3([H])[H])c1Cl
KKBARM.xaa_ZINC000033354424_331;-10.6412898;-11.0586405;-10.616;74;647.689;BBTRBRMIORCCOI-UHFFFAOYSA-M;[H]c1c([H])c([H])c(C(=O)c2c([H])c(C([H])([H])[H])c([H])c([H])c2N([H])C(=O)c2c([H])c([H])c([H])c([H])c2N([H])C(=O)c2c([H])c([N+](=O)[O-])c([H])c([H])c2[N-]S(=O)(=O)c2c([H])c([H])c(C([H])([H])[H])c([H])c2[H])c([H])c1[H]
KKBARM.xaa_ZINC000033358240_333;-11.6345713;-12.163644;-10.355;68;633.549;UZKSHORSHURIFH-UHFFFAOYSA-M;[H]c1c([H])c(C(=O)N([H])c2c([H])c(C(=O)[O-])c([H])c(N([H])C(=O)c3c([H])c([H])c(Oc4c([H])c([H])c([N+](=O)[O-])c([H])c4[H])c([H])c3[H])c2[H])c([H])c([H])c1Oc1c([H])c([H])c([N+](=O)[O-])c([H])c1[H]
KKBARM.xaa_ZINC000103004640_336;-10.3060536;-10.756592;-11.111;70;612.644;VHZOZBNNXKVCRS-UHFFFAOYSA-N;[H]/C(=C1/C(=O)N(c2c([H])c([H])c(C([H])([H])[H])c([H])c2C([H])([H])[H])C(=O)c2c([H])c([H])c([H])c([H])c21)N([H])N([H])c1c([H])c([H])c([N+](=O)[O-])c([H])c1S(=O)(=O)[N-]c1c([H])c([H])c(OC([H])([H])[H])c([H])c1[H]
KKBARM.xaa_ZINC000097977214_338;-10.187202;-10.676698;-9.567;62;557.97;HXGPUQIRNBRBHR-DEOSSOPVSA-M;[H]c1c([H])c([N+](=O)[O-])c([H])c([C@@]2([H])N(C(=O)C([H])([H])C([H])([H])C([H])([H])C(=O)[O-])N=C(c3c(-c4c([H])c([H])c(Cl)c([H])c4[H])c4c([H])c([H])c([H])c([H])c4n([H])c3=O)C2([H])[H])c1[H]
KKBARM.xaa_ZINC000097977215_339;-10.0426372;-10.607374;-10.493;62;557.97;HXGPUQIRNBRBHR-XMMPIXPASA-M;[H]c1c([H])c([N+](=O)[O-])c([H])c([C@]2([H])N(C(=O)C([H])([H])C([H])([H])C([H])([H])C(=O)[O-])N=C(c3c(-c4c([H])c([H])c(Cl)c([H])c4[H])c4c([H])c([H])c([H])c([H])c4n([H])c3=O)C2([H])[H])c1[H]
KKBARM.xaa_ZINC000008383895_341;-10.6142055;-11.014322;-10.972;59;659.434;KYOYPRKEHVALPF-YDZHTSKRSA-M;[H]/C(=C1\SC(=O)N(C([H])([H])c2c([H])c([H])c([H])c([N+](=O)[O-])c2[H])C1=O)c1c([H])c(I)c(OC([H])([H])c2c([H])c([H])c([H])c(C(=O)[O-])c2[H])c(OC([H])([H])C([H])([H])[H])c1[H]
KGBDRN.xaa_ZINC000514378583_198;-10.097111000000002;-10.623976;-10.469;73;690.664;HUXGVRJWYVFORV-UHFFFAOYSA-N;[H]c1c(Br)sc(S(=O)(=O)N2C([H])([H])C([H])([H])N(C(=O)C3([H])C([H])([H])C([H])([H])N(c4c([H])c([H])c(S(=O)(=O)N5C([H])([H])C([H])([H])C([H])([H])C([H])([H])C5([H])[H])c([H])c4[N+](=O)[O-])C([H])([H])C3([H])[H])C([H])([H])C2([H])[H])c1[H]
KGBDRN.xaa_ZINC000514386207_251;-10.1564417;-10.601393;-11.142;72;588.712;HJMMSMBDMSRTEW-UHFFFAOYSA-N;[H]c1c([H])c([H])c(OC([H])([H])c2nnc(SC([H])([H])C(=O)N3C([H])([H])C([H])([H])N(S(=O)(=O)c4c([H])c([H])c([N+](=O)[O-])c([H])c4[H])C([H])([H])C3([H])[H])n2C([H])([H])C([H])([H])C([H])(C([H])([H])[H])C([H])([H])[H])c([H])c1[H]
KGBDRN.xaa_ZINC000514401372_312;-10.0489576;-10.850288;-10.547;69;541.63;VYFYOMWLOUNIGH-DEOSSOPVSA-N;[H]c1c([H])c(S(=O)(=O)N2C([H])([H])C([H])([H])OC([H])([H])C2([H])[H])c([H])c([N+](=O)[O-])c1N([H])[C@]([H])(C(=O)N([H])C1([H])C([H])([H])C([H])([H])C([H])([H])C1([H])[H])C([H])([H])c1c([H])n([H])c2c([H])c([H])c([H])c([H])c12
KGBDRN.xaa_ZINC000113288186_317;-10.1786932;-10.729861;-11.662;75;625.656;SOOCCEZHZUEQKC-WXVAWEFUSA-N;[H]c1c([H])c([H])c2c(c1[H])C(=O)N(C([H])([H])C([H])([H])OC(=O)C1=C(C([H])([H])[H])N([H])C(C([H])([H])[H])=C(C(=O)OC([H])([H])[C@@]3([H])OC([H])([H])C([H])([H])C([H])([H])C3([H])[H])[C@]1([H])c1c([H])c([H])c([H])c([N+](=O)[O-])c1[H])S2(=O)=O
KGBDRN.xaa_ZINC000113288188_318;-10.056042;-10.592398;-10.692;75;625.656;SOOCCEZHZUEQKC-CUNXSJBXSA-N;[H]c1c([H])c([H])c2c(c1[H])C(=O)N(C([H])([H])C([H])([H])OC(=O)C1=C(C([H])([H])[H])N([H])C(C([H])([H])[H])=C(C(=O)OC([H])([H])[C@@]3([H])OC([H])([H])C([H])([H])C([H])([H])C3([H])[H])[C@@]1([H])c1c([H])c([H])c([H])c([N+](=O)[O-])c1[H])S2(=O)=O
KGBDRN.xaa_ZINC000113288191_319;-10.3387746;-10.712724;-11.587;75;625.656;SOOCCEZHZUEQKC-AJTFRIOCSA-N;[H]c1c([H])c([H])c2c(c1[H])C(=O)N(C([H])([H])C([H])([H])OC(=O)C1=C(C([H])([H])[H])N([H])C(C([H])([H])[H])=C(C(=O)OC([H])([H])[C@]3([H])OC([H])([H])C([H])([H])C([H])([H])C3([H])[H])[C@]1([H])c1c([H])c([H])c([H])c([N+](=O)[O-])c1[H])S2(=O)=O
KGBDRN.xaa_ZINC000113288193_320;-10.173139;-10.994548;-10.97;75;625.656;SOOCCEZHZUEQKC-AMGIVPHBSA-N;[H]c1c([H])c([H])c2c(c1[H])C(=O)N(C([H])([H])C([H])([H])OC(=O)C1=C(C([H])([H])[H])N([H])C(C([H])([H])[H])=C(C(=O)OC([H])([H])[C@]3([H])OC([H])([H])C([H])([H])C([H])([H])C3([H])[H])[C@@]1([H])c1c([H])c([H])c([H])c([N+](=O)[O-])c1[H])S2(=O)=O
KGBDRN.xaa_ZINC000514395556_358;-10.7013364;-11.331545;-11.243;63;542.643;MYTTZWXSRKGIEL-UHFFFAOYSA-N;[H]c1c([H])c(-c2nnc(SC([H])([H])C(=O)N3c4c([H])c([N+](=O)[O-])c([H])c([H])c4C([H])([H])C3([H])[H])n2C([H])([H])C([H])([H])[H])c([H])c(S(=O)(=O)N2C([H])([H])C([H])([H])C([H])([H])C2([H])[H])c1[H]
KHEARO.xaa_ZINC000008686761_32;-10.1258618;-10.740975;-9.891;67;509.678;WODOFYSHORIFHD-UHFFFAOYSA-O;[H]C([H])=C([H])C([H])([H])n1c(Sc2c([H])c([H])c(S(=O)(=O)N([H])C([H])([H])C([H])([H])C([H])([H])[N+]([H])(C([H])([H])[H])C([H])([H])[H])c([H])c2[N+](=O)[O-])nnc1C1([H])C([H])([H])C([H])([H])C([H])([H])C([H])([H])C1([H])[H]
KHEARO.xaa_ZINC000003198362_155;-10.0976174;-10.276616;-10.503;58;526.55;GXFOXTUYIMAKSJ-UHFFFAOYSA-O;[H]c1c([H])c([H])c(C([H])([H])c2c([H])c([H])c([H])[n+](C3=C(N([H])S(=O)(=O)c4c([H])c([H])c([N+](=O)[O-])c([H])c4[H])C(=O)c4c([H])c([H])c([H])c([H])c4C3=O)c2[H])c([H])c1[H]
KHEARO.xaa_ZINC000102586432_364;-11.0160113;-11.559051;-10.877;62;530.586;LTECERMPQPEJFP-UHFFFAOYSA-O;[H]c1c([H])c(C(=O)C([H])([H])[H])c([H])c(N([H])C(=O)C([H])([H])Sc2nnc(-c3c([H])c([H])c([H])[n+](C([H])([H])C(=O)N([H])c4c([H])c([H])c([H])c(C(=O)C([H])([H])[H])c4[H])c3[H])o2)c1[H]
KDABRO.xaa_ZINC000098052517_4;-10.7185048;-12.051758;-11.061;104;740.882;XKRAKQXQVIGYQC-PHOSSJRVSA-O;[H]Oc1c([H])c([H])c(C([H])([H])[C@@]([H])(C(=O)N2C([H])([H])C([H])([H])C([H])([H])[C@@]2([H])C(=O)N([H])C([H])([H])C(=O)N([H])[C@]([H])(C(=O)N([H])[C@]([H])(C(=O)N([H])[H])C([H])([H])c2c([H])c([H])c([H])c([H])c2[H])C([H])([H])C([H])([H])C([H])([H])C([H])([H])[N+]([H])([H])[H])N([H])C(=O)/C([H])=C(\[H])c2c([H])c([H])c([H])c([H])c2[H])c([H])c1[H]
KDABRO.xaa_ZINC000604971857_7;-10.673083;-11.947536;-12.562;112;722.952;GWKZRUKPMGSPQP-PMUGGPHNSA-O;[H]c1c([H])c([H])c(C([H])([H])[C@@]([H])(C(=O)N([H])[H])N([H])C(=O)[C@@]([H])(N([H])C(=O)[C@@]([H])(N([H])C(=O)[C@@]([H])(N([H])C(=O)[C@@]([H])(N([H])C(=O)C([H])([H])[H])C([H])([H])C([H])([H])C([H])([H])C([H])([H])[N+]([H])([H])C([H])([H])[H])C([H])([H])C([H])(C([H])([H])[H])C([H])([H])[H])C(C([H])([H])[H])(C([H])([H])[H])C([H])([H])[H])C([H])([H])c2c([H])c([H])c([H])c([H])c2[H])c([H])c1[H]
KDABRO.xaa_ZINC000584571178_40;-10.8883586;-11.462588;-12.235;84;611.723;ZEXLJFNSKAHNFH-ZJRZZCDQSA-O;[H]Oc1c([H])c([H])c(C([H])([H])[C@@]([H])(C(=O)N2C([H])([H])C([H])([H])C([H])([H])[C@]2([H])C(=O)N([H])[C@@]([H])(C(=O)N([H])[C@@]([H])(C(=O)N([H])[H])C([H])([H])c2c([H])c([H])c([H])c([H])c2[H])C([H])([H])c2c([H])n([H])c3c([H])c([H])c([H])c([H])c23)[N+]([H])([H])[H])c([H])c1[H]
KDABRO.xaa_ZINC000584571179_41;-10.9176108;-11.315126;-12.826;84;611.723;ZEXLJFNSKAHNFH-ZYVKACNBSA-O;[H]Oc1c([H])c([H])c(C([H])([H])[C@@]([H])(C(=O)N2C([H])([H])C([H])([H])C([H])([H])[C@]2([H])C(=O)N([H])[C@@]([H])(C(=O)N([H])[C@]([H])(C(=O)N([H])[H])C([H])([H])c2c([H])c([H])c([H])c([H])c2[H])C([H])([H])c2c([H])n([H])c3c([H])c([H])c([H])c([H])c23)[N+]([H])([H])[H])c([H])c1[H]
KDABRO.xaa_ZINC000011616282_126;-10.6523928;-11.820857;-10.572;84;696.858;VVFDMWZLBPUKTD-RWAHWCJQSA-O;[H]c1sc(N([H])[H])nc1C([H])([H])C(=O)N([H])[C@@]1([H])C(=O)N2C(C(=O)O[C@@]([H])(OC(=O)OC3([H])C([H])([H])C([H])([H])C([H])([H])C([H])([H])C3([H])[H])C([H])([H])[H])=C(C([H])([H])Sc3nnnn3C([H])([H])C([H])([H])[N+]([H])(C([H])([H])[H])C([H])([H])[H])C([H])([H])S[C@@]21[H]
KDABRO.xaa_ZINC000644163947_152;-10.752323;-11.814354;-11.381;112;722.952;GWKZRUKPMGSPQP-AXJMTRDLSA-O;[H]c1c([H])c([H])c(C([H])([H])[C@@]([H])(C(=O)N([H])[C@@]([H])(C(=O)N([H])[H])C([H])([H])c2c([H])c([H])c([H])c([H])c2[H])N([H])C(=O)[C@@]([H])(N([H])C(=O)[C@]([H])(N([H])C(=O)[C@@]([H])(N([H])C(=O)C([H])([H])[H])C([H])([H])C([H])([H])C([H])([H])C([H])([H])[N+]([H])([H])C([H])([H])[H])C([H])([H])C([H])(C([H])([H])[H])C([H])([H])[H])C(C([H])([H])[H])(C([H])([H])[H])C([H])([H])[H])c([H])c1[H]
KDABRO.xaa_ZINC000644163950_153;-10.3511747;-10.863436;-12.755;112;722.952;GWKZRUKPMGSPQP-WWPLQOFTSA-O;[H]c1c([H])c([H])c(C([H])([H])[C@@]([H])(C(=O)N([H])[H])N([H])C(=O)[C@]([H])(N([H])C(=O)[C@@]([H])(N([H])C(=O)[C@]([H])(N([H])C(=O)[C@@]([H])(N([H])C(=O)C([H])([H])[H])C([H])([H])C([H])([H])C([H])([H])C([H])([H])[N+]([H])([H])C([H])([H])[H])C([H])([H])C([H])(C([H])([H])[H])C([H])([H])[H])C(C([H])([H])[H])(C([H])([H])[H])C([H])([H])[H])C([H])([H])c2c([H])c([H])c([H])c([H])c2[H])c([H])c1[H]
KDABRO.xaa_ZINC000644163949_154;-10.3672099;-10.821676;-12.724;112;722.952;GWKZRUKPMGSPQP-PBIPPMFTSA-O;[H]c1c([H])c([H])c(C([H])([H])[C@]([H])(C(=O)N([H])[H])N([H])C(=O)[C@]([H])(N([H])C(=O)[C@@]([H])(N([H])C(=O)[C@]([H])(N([H])C(=O)[C@@]([H])(N([H])C(=O)C([H])([H])[H])C([H])([H])C([H])([H])C([H])([H])C([H])([H])[N+]([H])([H])C([H])([H])[H])C([H])([H])C([H])(C([H])([H])[H])C([H])([H])[H])C(C([H])([H])[H])(C([H])([H])[H])C([H])([H])[H])C([H])([H])c2c([H])c([H])c([H])c([H])c2[H])c([H])c1[H]
KDABRO.xaa_ZINC000644163948_155;-10.759347600000002;-11.971222;-13.262;112;722.952;GWKZRUKPMGSPQP-NKVOBILMSA-O;[H]c1c([H])c([H])c(C([H])([H])[C@@]([H])(C(=O)N([H])[H])N([H])C(=O)[C@@]([H])(N([H])C(=O)[C@@]([H])(N([H])C(=O)[C@]([H])(N([H])C(=O)[C@@]([H])(N([H])C(=O)C([H])([H])[H])C([H])([H])C([H])([H])C([H])([H])C([H])([H])[N+]([H])([H])C([H])([H])[H])C([H])([H])C([H])(C([H])([H])[H])C([H])([H])[H])C(C([H])([H])[H])(C([H])([H])[H])C([H])([H])[H])C([H])([H])c2c([H])c([H])c([H])c([H])c2[H])c([H])c1[H]
KDABRO.xaa_ZINC000003920241_163;-10.6227654;-11.284032;-12.321;84;696.858;VVFDMWZLBPUKTD-UYGSHGSRSA-O;[H]c1sc(N([H])[H])nc1C([H])([H])C(=O)N([H])[C@]1([H])C(=O)N2C(C(=O)O[C@@]([H])(OC(=O)OC3([H])C([H])([H])C([H])([H])C([H])([H])C([H])([H])C3([H])[H])C([H])([H])[H])=C(C([H])([H])Sc3nnnn3C([H])([H])C([H])([H])[N+]([H])(C([H])([H])[H])C([H])([H])[H])C([H])([H])S[C@@]21[H]
KDABRO.xaa_ZINC000150667932_242;-10.2962958;-11.263806;-13.029;84;696.858;VVFDMWZLBPUKTD-NQKDMWHGSA-O;[H]c1sc(N([H])[H])nc1C([H])([H])C(=O)N([H])[C@]1([H])C(=O)N2C(C(=O)O[C@@]([H])(OC(=O)OC3([H])C([H])([H])C([H])([H])C([H])([H])C([H])([H])C3([H])[H])C([H])([H])[H])=C(C([H])([H])Sc3nnnn3C([H])([H])C([H])([H])[N+]([H])(C([H])([H])[H])C([H])([H])[H])C([H])([H])S[C@]21[H]
KDABRO.xaa_ZINC000071788395_259;-10.3510501;-11.227897;-12.634;81;612.729;DENHHFBQLLZEME-DQEYMECFSA-O;[H]c1c([H])c(S(=O)(=O)N([H])C([H])([H])C(=O)N2C([H])([H])C([H])([H])C([H])([H])[C@@]2([H])C(=O)N([H])[C@]([H])(C(=O)N([H])c2c([H])c([H])c3c(C([H])([H])[H])c([H])c(=O)oc3c2[H])C([H])([H])C([H])([H])C([H])([H])C([H])([H])[N+]([H])([H])[H])c([H])c([H])c1C([H])([H])[H]
KDABRO.xaa_ZINC000085537084_277;-10.1594952;-10.847435;-11.147;116;809.989;NPJIOCBFOAHEDO-AVWFULIKSA-O;[H]Oc1c([H])c([H])c(C([H])([H])[C@@]2([H])C(=O)N([H])[C@]([H])(C([H])([H])c3c([H])n([H])c4c([H])c([H])c([H])c([H])c34)C(=O)N([H])[C@@]([H])(C([H])([H])C([H])([H])C([H])([H])C([H])([H])[N+]([H])([H])[H])C(=O)N([H])[C@@]([H])(C([H])(C([H])([H])[H])C([H])([H])[H])C(=O)N([H])[C@@]([H])(C([H])([H])c3c([H])c([H])c([H])c([H])c3[H])C(=O)N(C([H])([H])[H])[C@@]([H])(C([H])([H])[H])C(=O)N2[H])c([H])c1[H]
KDABRO.xaa_ZINC000067902396_285;-10.0913492;-10.979219;-12.442;80;537.685;DRTFXAXCCJNSGS-JWQCQUIFSA-O;[H]c1c([H])c([H])c2c(c1[H])c(C([H])([H])[C@]([H])(C(=O)N([H])[H])N([H])C(=O)[C@]1([H])N(C(=O)C3([H])C([H])([H])C([H])([H])C([H])([H])C([H])([H])C3([H])[H])C([H])([H])C([H])([H])N(C(=O)C3([H])C([H])([H])C([H])([H])[N+]([H])([H])C([H])([H])C3([H])[H])C1([H])[H])c([H])n2[H]
KDABRO.xaa_ZINC000020467424_286;-10.0236673;-10.479085;-11.027;84;519.711;CCELBRNHGCLNMJ-XZOQPEGZSA-O;[H]N([H])C(=O)[C@@]([H])(N([H])C(=O)[C@]1([H])N(C(=O)N([H])C2([H])C([H])([H])C([H])([H])C([H])([H])C([H])([H])C2([H])[H])C([H])([H])C([H])([H])N(C(=O)C2([H])C([H])([H])C([H])([H])[N+]([H])([H])C([H])([H])C2([H])[H])C1([H])[H])C([H])([H])C1([H])C([H])([H])C([H])([H])C([H])([H])C([H])([H])C1([H])[H]
KDABRO.xaa_ZINC000004277870_287;-10.0106546;-10.488535;-11.306;78;513.663;ASZTZPDEZQFHBY-GOTSBHOMSA-O;[H]c1c([H])c([H])c(N([H])C(=O)N2C([H])([H])C([H])([H])N(C(=O)C3([H])C([H])([H])C([H])([H])[N+]([H])([H])C([H])([H])C3([H])[H])[C@]([H])(C(=O)N([H])[C@]([H])(C(=O)N([H])[H])C([H])([H])C3([H])C([H])([H])C([H])([H])C([H])([H])C([H])([H])C3([H])[H])C2([H])[H])c([H])c1[H]
KDABRO.xaa_ZINC000012482846_290;-10.116907199999998;-10.548791;-10.361;80;511.691;WQIFJIGKGJVEEY-ZEQRLZLVSA-O;[H]c1c(C([H])([H])[C@@]2([H])C([H])([H])[N+]([H])([H])C([H])([H])C([H])([H])[C@@]2([H])C([H])([H])C(=O)N([H])C([H])([H])C([H])([H])N2C([H])([H])C([H])([H])OC([H])([H])C2([H])[H])noc1C([H])([H])N1C([H])([H])C([H])([H])N(c2c([H])c([H])c([H])c([H])c2[H])C([H])([H])C1([H])[H]
KGBBRM.xaa_ZINC000408767317_3;-10.9302333;-11.2358675;-8.615;62;586.562;FQNBUOFJNWKIRX-MFUBYVTQSA-M;[H]/C(c1c([H])c([N+](=O)[O-])c([O-])c([N+](=O)[O-])c1[H])=c1/sc2n(c1=O)[C@@]([H])(c1c([H])c([H])c([H])c(OC([H])([H])[H])c1[H])C(C(=O)N([H])c1c([H])c([H])c([H])c([H])c1[H])=C(C([H])([H])[H])N=2
KGBBRM.xaa_ZINC000408769935_7;-10.2772094;-10.497794;-10.305;60;541.565;QUXKTRGDNTZXDN-GJFKPFFXSA-M;[H]/C(c1c([H])c([N+](=O)[O-])c([H])c([H])c1[O-])=c1/sc2n(c1=O)[C@@]([H])(c1c([H])c([H])c([H])c(OC([H])([H])[H])c1[H])C(C(=O)N([H])c1c([H])c([H])c([H])c([H])c1[H])=C(C([H])([H])[H])N=2
KGBBRM.xaa_ZINC000408919804_20;-10.2518729;-10.4527645;-9.122;60;569.597;CPXGALFAGYRNMN-BYHQVZLYSA-M;[H]/C(c1c([H])c([N+](=O)[O-])c([H])c([N+](=O)[O-])c1[O-])=c1/sc2n(c1=O)[C@]([H])(c1c([H])c([H])c(SC([H])([H])[H])c([H])c1[H])C(C(=O)OC([H])(C([H])([H])[H])C([H])([H])[H])=C(C([H])([H])[H])N=2
KGBBRM.xaa_ZINC000409141123_37;-10.2120994;-10.789696;-9.538;59;511.54;HNHWUFQWUUXHEI-LJQANCHMSA-M;[H]c1c([H])c(C(=O)N([H])[C@@]([H])(c2nnc(SC([H])([H])C(=O)N([H])c3c([H])c([H])c(C(=O)[O-])c([H])c3[H])n2C([H])([H])[H])C([H])(C([H])([H])[H])C([H])([H])[H])c([H])c([N+](=O)[O-])c1[H]
KGBBRM.xaa_ZINC000409141122_38;-10.1215066;-10.939106;-9.512;59;511.54;HNHWUFQWUUXHEI-IBGZPJMESA-M;[H]c1c([H])c(C(=O)N([H])[C@]([H])(c2nnc(SC([H])([H])C(=O)N([H])c3c([H])c([H])c(C(=O)[O-])c([H])c3[H])n2C([H])([H])[H])C([H])(C([H])([H])[H])C([H])([H])[H])c([H])c([N+](=O)[O-])c1[H]
KGBBRM.xaa_ZINC000409152347_40;-10.7647395;-11.316356;-10.559;56;514.5;FAHZAHKJORQCHU-GOSISDBHSA-M;[H]c1c([H])c(C(=O)N([H])[C@@]([H])(c2nc(SC([H])([H])C(=O)N([H])c3c([H])c([H])c([O-])c([N+](=O)[O-])c3[H])nn2[H])C([H])(C([H])([H])[H])C([H])([H])[H])c([H])c([N+](=O)[O-])c1[H]
KGBBRM.xaa_ZINC000408637968_62;-10.4980719;-10.91432;-11.646;59;609.365;OLXSNFIZZNPZFS-SFHVURJKSA-M;[H]c1c([H])c([H])c([N+](=O)[O-])c(C(=O)[N-]N2C(=O)C([H])([H])[C@]([H])(C(=O)OC([H])([H])C(=O)c3c([H])c([H])c(OC(=O)c4c([H])c([H])c(Br)c([H])c4[H])c([H])c3[H])C2([H])[H])c1[H]
KGBBRM.xaa_ZINC000408637967_63;-10.566585;-10.949603;-11.727;59;609.365;OLXSNFIZZNPZFS-GOSISDBHSA-M;[H]c1c([H])c([H])c([N+](=O)[O-])c(C(=O)[N-]N2C(=O)C([H])([H])[C@@]([H])(C(=O)OC([H])([H])C(=O)c3c([H])c([H])c(OC(=O)c4c([H])c([H])c(Br)c([H])c4[H])c([H])c3[H])C2([H])[H])c1[H]
KGBBRM.xaa_ZINC000408638904_64;-10.4053914;-10.709885;-11.74;62;544.496;UYOCZGFQLNQZOL-FQEVSTJZSA-M;[H]c1c([H])c([H])c([N+](=O)[O-])c(C(=O)[N-]N2C(=O)C([H])([H])[C@]([H])(C(=O)OC([H])([H])C(=O)c3c([H])c([H])c(OC(=O)c4c([H])c([H])c(C([H])([H])[H])c([H])c4[H])c([H])c3[H])C2([H])[H])c1[H]
KGBBRM.xaa_ZINC000408638905_65;-10.297908;-10.531378;-11.489;62;544.496;UYOCZGFQLNQZOL-HXUWFJFHSA-M;[H]c1c([H])c([H])c([N+](=O)[O-])c(C(=O)[N-]N2C(=O)C([H])([H])[C@@]([H])(C(=O)OC([H])([H])C(=O)c3c([H])c([H])c(OC(=O)c4c([H])c([H])c(C([H])([H])[H])c([H])c4[H])c([H])c3[H])C2([H])[H])c1[H]
KGBBRM.xaa_ZINC000408639506_66;-10.867771;-11.211886;-11.278;59;547.456;XZOLETRTFVPISW-KRWDZBQOSA-M;[H]c1c([H])c([H])c([N+](=O)[O-])c(C(=O)[N-]N2C(=O)C([H])([H])[C@]([H])(C(=O)OC([H])([H])C(=O)c3c([H])c([H])c(Oc4c([H])c([H])c([N+](=O)[O-])c([H])c4[H])c([H])c3[H])C2([H])[H])c1[H]
KGBBRM.xaa_ZINC000408639507_67;-10.940558200000002;-11.232307;-11.474;59;547.456;XZOLETRTFVPISW-QGZVFWFLSA-M;[H]c1c([H])c([H])c([N+](=O)[O-])c(C(=O)[N-]N2C(=O)C([H])([H])[C@@]([H])(C(=O)OC([H])([H])C(=O)c3c([H])c([H])c(Oc4c([H])c([H])c([N+](=O)[O-])c([H])c4[H])c([H])c3[H])C2([H])[H])c1[H]
KGBBRM.xaa_ZINC000103827805_75;-10.079672;-10.495783;-8.62;67;597.582;KDKFMZSTCALONR-VVOOWDFBSA-M;[H]/C(c1c([H])c([N+](=O)[O-])c([O-])c([N+](=O)[O-])c1[H])=c1/sc2n(c1=O)[C@]([H])(c1c([H])c(OC([H])([H])[H])c([H])c([H])c1OC([H])([H])[H])C(C(=O)OC([H])([H])C([H])([H])[H])=C(C([H])([H])C([H])([H])C([H])([H])[H])N=2
KGBBRM.xaa_ZINC000103827803_76;-10.1711955;-10.531357;-9.417;67;597.582;KDKFMZSTCALONR-JUTHHCEFSA-M;[H]/C(c1c([H])c([N+](=O)[O-])c([O-])c([N+](=O)[O-])c1[H])=c1/sc2n(c1=O)[C@@]([H])(c1c([H])c(OC([H])([H])[H])c([H])c([H])c1OC([H])([H])[H])C(C(=O)OC([H])([H])C([H])([H])[H])=C(C([H])([H])C([H])([H])C([H])([H])[H])N=2
KGBBRM.xaa_ZINC000103862463_78;-10.765920500000002;-11.126552;-10.344;60;571.547;QNYIXWHCQWUVMT-WNOSOOIWSA-M;[H]/C(c1c([H])c([N+](=O)[O-])c([H])c([N+](=O)[O-])c1[O-])=c1/sc2n(c1=O)[C@@]([H])(c1c([H])c([H])c([H])c([H])c1[H])C(C(=O)OC([H])([H])C([H])([H])[H])=C(c1c([H])c([H])c([H])c([H])c1[H])N=2
KGBBRM.xaa_ZINC000103862459_79;-10.7484776;-11.025259;-9.349;60;571.547;QNYIXWHCQWUVMT-OBVMJLIASA-M;[H]/C(c1c([H])c([N+](=O)[O-])c([H])c([N+](=O)[O-])c1[O-])=c1/sc2n(c1=O)[C@]([H])(c1c([H])c([H])c([H])c([H])c1[H])C(C(=O)OC([H])([H])C([H])([H])[H])=C(c1c([H])c([H])c([H])c([H])c1[H])N=2
KGBBRM.xaa_ZINC000103863219_80;-10.6260726;-10.922648;-8.804;64;601.573;IWUDWOOXNJGPHP-WDONWYDGSA-M;[H]/C(c1c([H])c([N+](=O)[O-])c([H])c([N+](=O)[O-])c1[O-])=c1/sc2n(c1=O)[C@]([H])(c1c([H])c([H])c(OC([H])([H])[H])c([H])c1[H])C(C(=O)OC([H])([H])C([H])([H])[H])=C(c1c([H])c([H])c([H])c([H])c1[H])N=2
KGBBRM.xaa_ZINC000103863093_81;-10.8813952;-11.283563;-9.428;60;571.547;XCYYMENVLLKSAR-HVUZKSCUSA-M;[H]/C(c1c([H])c([N+](=O)[O-])c([O-])c([N+](=O)[O-])c1[H])=c1/sc2n(c1=O)[C@]([H])(c1c([H])c([H])c([H])c([H])c1[H])C(C(=O)OC([H])([H])C([H])([H])[H])=C(c1c([H])c([H])c([H])c([H])c1[H])N=2
KGBBRM.xaa_ZINC000103863226_82;-10.6115918;-11.089633;-7.822;64;601.573;IWUDWOOXNJGPHP-GLSAMTQTSA-M;[H]/C(c1c([H])c([N+](=O)[O-])c([H])c([N+](=O)[O-])c1[O-])=c1/sc2n(c1=O)[C@@]([H])(c1c([H])c([H])c(OC([H])([H])[H])c([H])c1[H])C(C(=O)OC([H])([H])C([H])([H])[H])=C(c1c([H])c([H])c([H])c([H])c1[H])N=2
KGBBRM.xaa_ZINC000103863096_83;-10.8686664;-11.30184;-9.709;60;571.547;XCYYMENVLLKSAR-VNSJDZJPSA-M;[H]/C(c1c([H])c([N+](=O)[O-])c([O-])c([N+](=O)[O-])c1[H])=c1/sc2n(c1=O)[C@@]([H])(c1c([H])c([H])c([H])c([H])c1[H])C(C(=O)OC([H])([H])C([H])([H])[H])=C(c1c([H])c([H])c([H])c([H])c1[H])N=2
KGBBRM.xaa_ZINC000105499043_103;-10.0582341;-10.396432;-8.957;57;555.57;MZMGNTCFRISXNQ-JZVSFUAJSA-M;[H]/C(c1c([H])c([N+](=O)[O-])c([H])c([N+](=O)[O-])c1[O-])=c1/sc2n(c1=O)[C@]([H])(c1c([H])c([H])c(SC([H])([H])[H])c([H])c1[H])C(C(=O)OC([H])([H])C([H])([H])[H])=C(C([H])([H])[H])N=2
KGBBRM.xaa_ZINC000105499048_104;-10.0344234;-10.329261;-9.556;57;555.57;MZMGNTCFRISXNQ-JYWRCUDFSA-M;[H]/C(c1c([H])c([N+](=O)[O-])c([H])c([N+](=O)[O-])c1[O-])=c1/sc2n(c1=O)[C@@]([H])(c1c([H])c([H])c(SC([H])([H])[H])c([H])c1[H])C(C(=O)OC([H])([H])C([H])([H])[H])=C(C([H])([H])[H])N=2
KGBBRM.xaa_ZINC000215908400_152;-10.5523128;-11.124827;-10.374;58;567.585;OAENEKSSOARKND-UHFFFAOYSA-M;[H]c1nc([N-]S(=O)(=O)c2c([H])c([H])c(N([H])C(=O)C([H])([H])N(c3c([H])c([H])c([H])c([N+](=O)[O-])c3[H])S(=O)(=O)c3c([H])c([H])c([H])c([H])c3[H])c([H])c2[H])nc([H])c1[H]
KGBBRM.xaa_ZINC000216367770_155;-10.2914942;-10.719122;-10.8;61;581.612;QEEVMZCJNAADOV-UHFFFAOYSA-M;[H]c1nc([N-]S(=O)(=O)c2c([H])c([H])c(N([H])C(=O)C([H])([H])N(c3c([H])c([H])c([N+](=O)[O-])c([H])c3[H])S(=O)(=O)c3c([H])c([H])c([H])c([H])c3[H])c([H])c2[H])nc(C([H])([H])[H])c1[H]
KGBBRM.xaa_ZINC000216412524_156;-10.836224;-11.496571;-10.73;61;581.612;GQPRPZWLYMPENV-UHFFFAOYSA-M;[H]c1nc([N-]S(=O)(=O)c2c([H])c([H])c(N([H])C(=O)C([H])([H])N(c3c([H])c([H])c([H])c([N+](=O)[O-])c3[H])S(=O)(=O)c3c([H])c([H])c([H])c([H])c3[H])c([H])c2[H])nc(C([H])([H])[H])c1[H]
KGBBRM.xaa_ZINC000408736171_161;-10.4832214;-10.685747;-9.323;62;551.557;JIWVTCASTKIALQ-VMOHIOPYSA-M;[H]/C(c1c([H])c([N+](=O)[O-])c([H])c([N+](=O)[O-])c1[O-])=c1/sc2n(c1=O)[C@]([H])(c1c([H])c([H])c(C([H])(C([H])([H])[H])C([H])([H])[H])c([H])c1[H])C(C(=O)OC([H])([H])C([H])([H])[H])=C(C([H])([H])[H])N=2
KGBBRM.xaa_ZINC000408736170_162;-10.4876728;-10.717245;-9.672;62;551.557;JIWVTCASTKIALQ-IYMWYRQMSA-M;[H]/C(c1c([H])c([N+](=O)[O-])c([H])c([N+](=O)[O-])c1[O-])=c1/sc2n(c1=O)[C@@]([H])(c1c([H])c([H])c(C([H])(C([H])([H])[H])C([H])([H])[H])c([H])c1[H])C(C(=O)OC([H])([H])C([H])([H])[H])=C(C([H])([H])[H])N=2
KGBBRM.xaa_ZINC000408759305_171;-10.6936704;-11.256215;-7.885;64;601.573;BXBJYOLHWVPVHM-GMPUOFRTSA-M;[H]/C(c1c([H])c([N+](=O)[O-])c([O-])c([N+](=O)[O-])c1[H])=c1/sc2n(c1=O)[C@@]([H])(c1c([H])c([H])c(OC([H])([H])[H])c([H])c1[H])C(C(=O)OC([H])([H])C([H])([H])[H])=C(c1c([H])c([H])c([H])c([H])c1[H])N=2
KGBBRM.xaa_ZINC000408759304_172;-10.7218276;-11.147766;-8.596;64;601.573;BXBJYOLHWVPVHM-BQKWAYIGSA-M;[H]/C(c1c([H])c([N+](=O)[O-])c([O-])c([N+](=O)[O-])c1[H])=c1/sc2n(c1=O)[C@]([H])(c1c([H])c([H])c(OC([H])([H])[H])c([H])c1[H])C(C(=O)OC([H])([H])C([H])([H])[H])=C(c1c([H])c([H])c([H])c([H])c1[H])N=2
KGBBRM.xaa_ZINC000408765409_173;-10.320127;-10.762718;-8.062;68;631.599;VUXVEPJUOXEKQN-ARLGEPFESA-M;[H]/C(c1c([H])c([N+](=O)[O-])c([O-])c([N+](=O)[O-])c1[H])=c1/sc2n(c1=O)[C@@]([H])(c1c([H])c([H])c(OC([H])([H])[H])c(OC([H])([H])[H])c1[H])C(C(=O)OC([H])([H])C([H])([H])[H])=C(c1c([H])c([H])c([H])c([H])c1[H])N=2
KGBBRM.xaa_ZINC000408765411_174;-10.4353194;-11.0247;-8.965;68;631.599;VUXVEPJUOXEKQN-SCRHHBKZSA-M;[H]/C(c1c([H])c([N+](=O)[O-])c([O-])c([N+](=O)[O-])c1[H])=c1/sc2n(c1=O)[C@]([H])(c1c([H])c([H])c(OC([H])([H])[H])c(OC([H])([H])[H])c1[H])C(C(=O)OC([H])([H])C([H])([H])[H])=C(c1c([H])c([H])c([H])c([H])c1[H])N=2
KGBBRM.xaa_ZINC000408761328_177;-10.1914589;-10.620524;-8.458;68;631.599;DQORUAPYZSMTGC-ARLGEPFESA-M;[H]/C(c1c([H])c([N+](=O)[O-])c([H])c([N+](=O)[O-])c1[O-])=c1/sc2n(c1=O)[C@@]([H])(c1c([H])c([H])c(OC([H])([H])[H])c(OC([H])([H])[H])c1[H])C(C(=O)OC([H])([H])C([H])([H])[H])=C(c1c([H])c([H])c([H])c([H])c1[H])N=2
KGBBRM.xaa_ZINC000408770595_178;-10.66181;-11.218158;-9.556;60;541.565;ZJIBYAQSHDFMCO-CBYYHRJHSA-M;[H]/C(c1c([H])c([H])c([O-])c([N+](=O)[O-])c1[H])=c1/sc2n(c1=O)[C@]([H])(c1c([H])c([H])c([H])c(OC([H])([H])[H])c1[H])C(C(=O)N([H])c1c([H])c([H])c([H])c([H])c1[H])=C(C([H])([H])[H])N=2
KGBBRM.xaa_ZINC000408767319_179;-11.3191421;-11.822662;-9.301;62;586.562;FQNBUOFJNWKIRX-RWTNITNYSA-M;[H]/C(c1c([H])c([N+](=O)[O-])c([O-])c([N+](=O)[O-])c1[H])=c1/sc2n(c1=O)[C@]([H])(c1c([H])c([H])c([H])c(OC([H])([H])[H])c1[H])C(C(=O)N([H])c1c([H])c([H])c([H])c([H])c1[H])=C(C([H])([H])[H])N=2
KGBBRM.xaa_ZINC000408770596_180;-10.3271708;-10.662523;-8.847;60;541.565;ZJIBYAQSHDFMCO-PNZYDNNZSA-M;[H]/C(c1c([H])c([H])c([O-])c([N+](=O)[O-])c1[H])=c1/sc2n(c1=O)[C@@]([H])(c1c([H])c([H])c([H])c(OC([H])([H])[H])c1[H])C(C(=O)N([H])c1c([H])c([H])c([H])c([H])c1[H])=C(C([H])([H])[H])N=2
KGBBRM.xaa_ZINC000408761330_181;-10.2771624;-10.803826;-8.995;68;631.599;DQORUAPYZSMTGC-SCRHHBKZSA-M;[H]/C(c1c([H])c([N+](=O)[O-])c([H])c([N+](=O)[O-])c1[O-])=c1/sc2n(c1=O)[C@]([H])(c1c([H])c([H])c(OC([H])([H])[H])c(OC([H])([H])[H])c1[H])C(C(=O)OC([H])([H])C([H])([H])[H])=C(c1c([H])c([H])c([H])c([H])c1[H])N=2
KGBBRM.xaa_ZINC000408769936_188;-10.5227022;-11.05262;-9.46;60;541.565;QUXKTRGDNTZXDN-LWUPDDLQSA-M;[H]/C(c1c([H])c([N+](=O)[O-])c([H])c([H])c1[O-])=c1/sc2n(c1=O)[C@]([H])(c1c([H])c([H])c([H])c(OC([H])([H])[H])c1[H])C(C(=O)N([H])c1c([H])c([H])c([H])c([H])c1[H])=C(C([H])([H])[H])N=2
KGBBRM.xaa_ZINC000408768990_190;-11.1662972;-11.702156;-9.141;62;586.562;KSSHYJDMSXPMGL-RWTNITNYSA-M;[H]/C(c1c([H])c([N+](=O)[O-])c([H])c([N+](=O)[O-])c1[O-])=c1/sc2n(c1=O)[C@]([H])(c1c([H])c([H])c([H])c(OC([H])([H])[H])c1[H])C(C(=O)N([H])c1c([H])c([H])c([H])c([H])c1[H])=C(C([H])([H])[H])N=2
KGBBRM.xaa_ZINC000408768989_191;-10.889727;-11.132524;-9.019;62;586.562;KSSHYJDMSXPMGL-MFUBYVTQSA-M;[H]/C(c1c([H])c([N+](=O)[O-])c([H])c([N+](=O)[O-])c1[O-])=c1/sc2n(c1=O)[C@@]([H])(c1c([H])c([H])c([H])c(OC([H])([H])[H])c1[H])C(C(=O)N([H])c1c([H])c([H])c([H])c([H])c1[H])=C(C([H])([H])[H])N=2
KGBBRM.xaa_ZINC000408784960_194;-10.1888426;-10.676776;-9.145;57;555.57;XDSJBJPYMLFOAJ-ZMUHTPIZSA-M;[H]/C(c1c([H])c([N+](=O)[O-])c([O-])c([N+](=O)[O-])c1[H])=c1/sc2n(c1=O)[C@]([H])(c1c([H])c([H])c(SC([H])([H])[H])c([H])c1[H])C(C(=O)OC([H])([H])C([H])([H])[H])=C(C([H])([H])[H])N=2
KGBBRM.xaa_ZINC000408784955_195;-10.146552;-10.562185;-8.821;57;555.57;XDSJBJPYMLFOAJ-OLROSQPISA-M;[H]/C(c1c([H])c([N+](=O)[O-])c([O-])c([N+](=O)[O-])c1[H])=c1/sc2n(c1=O)[C@@]([H])(c1c([H])c([H])c(SC([H])([H])[H])c([H])c1[H])C(C(=O)OC([H])([H])C([H])([H])[H])=C(C([H])([H])[H])N=2
KGBBRM.xaa_ZINC000408845764_207;-10.0466388;-10.191446;-9.126;61;522.559;LKYUAIQYDQDFGN-QCHPHUCNSA-M;[H]/C(c1c([H])c([H])c([O-])c([N+](=O)[O-])c1[H])=c1/sc2n(c1=O)[C@]([H])(c1c([H])c([H])c(OC([H])(C([H])([H])[H])C([H])([H])[H])c([H])c1[H])C(C(=O)OC([H])([H])C([H])([H])[H])=C(C([H])([H])[H])N=2
KGBBRM.xaa_ZINC000408856806_209;-10.5343944;-10.860955;-8.966;63;567.556;RGZNIWDGRSUZNO-AFHVAHMMSA-M;[H]/C(c1c([H])c([N+](=O)[O-])c([O-])c([N+](=O)[O-])c1[H])=c1/sc2n(c1=O)[C@@]([H])(c1c([H])c([H])c(OC([H])(C([H])([H])[H])C([H])([H])[H])c([H])c1[H])C(C(=O)OC([H])([H])C([H])([H])[H])=C(C([H])([H])[H])N=2
KGBBRM.xaa_ZINC000408856809_210;-10.4485588;-10.712884;-9.542;63;567.556;RGZNIWDGRSUZNO-ZRELAVNMSA-M;[H]/C(c1c([H])c([N+](=O)[O-])c([O-])c([N+](=O)[O-])c1[H])=c1/sc2n(c1=O)[C@]([H])(c1c([H])c([H])c(OC([H])(C([H])([H])[H])C([H])([H])[H])c([H])c1[H])C(C(=O)OC([H])([H])C([H])([H])[H])=C(C([H])([H])[H])N=2
KGBBRM.xaa_ZINC000408852322_212;-10.361590799999998;-10.533751;-9.424;63;567.556;JMLXKWSCFXLDCY-VMOHIOPYSA-M;[H]/C(c1c([H])c([N+](=O)[O-])c([H])c([N+](=O)[O-])c1[O-])=c1/sc2n(c1=O)[C@]([H])(c1c([H])c([H])c(OC([H])(C([H])([H])[H])C([H])([H])[H])c([H])c1[H])C(C(=O)OC([H])([H])C([H])([H])[H])=C(C([H])([H])[H])N=2
KGBBRM.xaa_ZINC000408852320_213;-10.459052;-10.720629;-9.788;63;567.556;JMLXKWSCFXLDCY-IYMWYRQMSA-M;[H]/C(c1c([H])c([N+](=O)[O-])c([H])c([N+](=O)[O-])c1[O-])=c1/sc2n(c1=O)[C@@]([H])(c1c([H])c([H])c(OC([H])(C([H])([H])[H])C([H])([H])[H])c([H])c1[H])C(C(=O)OC([H])([H])C([H])([H])[H])=C(C([H])([H])[H])N=2
KGBBRM.xaa_ZINC000408919805_216;-10.3178008;-10.586878;-9.83;60;569.597;CPXGALFAGYRNMN-LYFUXTGPSA-M;[H]/C(c1c([H])c([N+](=O)[O-])c([H])c([N+](=O)[O-])c1[O-])=c1/sc2n(c1=O)[C@@]([H])(c1c([H])c([H])c(SC([H])([H])[H])c([H])c1[H])C(C(=O)OC([H])(C([H])([H])[H])C([H])([H])[H])=C(C([H])([H])[H])N=2
KGBBRM.xaa_ZINC000408993947_242;-10.8238162;-11.106312;-9.181;64;601.573;DUZDURAKPLOIRC-WDONWYDGSA-M;[H]/C(c1c([H])c([N+](=O)[O-])c([O-])c([N+](=O)[O-])c1[H])=c1/sc2n(c1=O)[C@]([H])(c1c([H])c([H])c([H])c(OC([H])([H])[H])c1[H])C(C(=O)OC([H])([H])C([H])([H])[H])=C(c1c([H])c([H])c([H])c([H])c1[H])N=2
KGBBRM.xaa_ZINC000408993945_243;-10.7789472;-11.245148;-9.237;64;601.573;DUZDURAKPLOIRC-GLSAMTQTSA-M;[H]/C(c1c([H])c([N+](=O)[O-])c([O-])c([N+](=O)[O-])c1[H])=c1/sc2n(c1=O)[C@@]([H])(c1c([H])c([H])c([H])c(OC([H])([H])[H])c1[H])C(C(=O)OC([H])([H])C([H])([H])[H])=C(c1c([H])c([H])c([H])c([H])c1[H])N=2
KGBBRM.xaa_ZINC000408996664_244;-10.7329047;-10.898462;-9.17;64;601.573;MCVVEVUWQSHGAI-WDONWYDGSA-M;[H]/C(c1c([H])c([N+](=O)[O-])c([H])c([N+](=O)[O-])c1[O-])=c1/sc2n(c1=O)[C@]([H])(c1c([H])c([H])c([H])c(OC([H])([H])[H])c1[H])C(C(=O)OC([H])([H])C([H])([H])[H])=C(c1c([H])c([H])c([H])c([H])c1[H])N=2
KGBBRM.xaa_ZINC000408996663_245;-10.705070199999998;-11.115542;-10.098;64;601.573;MCVVEVUWQSHGAI-GLSAMTQTSA-M;[H]/C(c1c([H])c([N+](=O)[O-])c([H])c([N+](=O)[O-])c1[O-])=c1/sc2n(c1=O)[C@@]([H])(c1c([H])c([H])c([H])c(OC([H])([H])[H])c1[H])C(C(=O)OC([H])([H])C([H])([H])[H])=C(c1c([H])c([H])c([H])c([H])c1[H])N=2
KGBBRM.xaa_ZINC000409050657_269;-10.0530914;-10.262849;-10.099;67;597.582;YFWPOUWQGGKDJG-YOURIZNBSA-M;[H]/C(c1c([H])c([N+](=O)[O-])c([H])c([N+](=O)[O-])c1[O-])=c1/sc2n(c1=O)[C@@]([H])(c1c([H])c([H])c(OC([H])(C([H])([H])[H])C([H])([H])[H])c(OC([H])([H])[H])c1[H])C(C(=O)OC([H])([H])C([H])([H])[H])=C(C([H])([H])[H])N=2
KGBBRM.xaa_ZINC000409050656_271;-10.0869462;-10.395657;-9.411;67;597.582;YFWPOUWQGGKDJG-GSOQPGDSSA-M;[H]/C(c1c([H])c([N+](=O)[O-])c([H])c([N+](=O)[O-])c1[O-])=c1/sc2n(c1=O)[C@]([H])(c1c([H])c([H])c(OC([H])(C([H])([H])[H])C([H])([H])[H])c(OC([H])([H])[H])c1[H])C(C(=O)OC([H])([H])C([H])([H])[H])=C(C([H])([H])[H])N=2
KGBBRM.xaa_ZINC000409126296_306;-10.588909500000002;-11.5021515;-10.914;59;511.54;BEUWGMMIHAKHGE-IBGZPJMESA-M;[H]c1c([H])c(C(=O)[O-])c([H])c(N([H])C(=O)C([H])([H])Sc2nnc([C@@]([H])(N([H])C(=O)c3c([H])c([H])c([H])c([N+](=O)[O-])c3[H])C([H])(C([H])([H])[H])C([H])([H])[H])n2C([H])([H])[H])c1[H]
KGBBRM.xaa_ZINC000409126299_307;-10.573123999999998;-11.313893;-10.783;59;511.54;BEUWGMMIHAKHGE-LJQANCHMSA-M;[H]c1c([H])c(C(=O)[O-])c([H])c(N([H])C(=O)C([H])([H])Sc2nnc([C@]([H])(N([H])C(=O)c3c([H])c([H])c([H])c([N+](=O)[O-])c3[H])C([H])(C([H])([H])[H])C([H])([H])[H])n2C([H])([H])[H])c1[H]
KGBBRM.xaa_ZINC000409142748_310;-10.8472586;-11.640684;-11.165;59;528.527;AWYAFOIVOUCJJU-LJQANCHMSA-M;[H]c1c([H])c(C(=O)N([H])[C@@]([H])(c2nnc(SC([H])([H])C(=O)N([H])c3c([H])c([H])c([O-])c([N+](=O)[O-])c3[H])n2C([H])([H])[H])C([H])(C([H])([H])[H])C([H])([H])[H])c([H])c([N+](=O)[O-])c1[H]
KGBBRM.xaa_ZINC000409142744_311;-10.8811752;-11.84647;-11.322;59;528.527;AWYAFOIVOUCJJU-IBGZPJMESA-M;[H]c1c([H])c(C(=O)N([H])[C@]([H])(c2nnc(SC([H])([H])C(=O)N([H])c3c([H])c([H])c([O-])c([N+](=O)[O-])c3[H])n2C([H])([H])[H])C([H])(C([H])([H])[H])C([H])([H])[H])c([H])c([N+](=O)[O-])c1[H]
KGBBRM.xaa_ZINC000409152351_314;-10.3062381;-10.883985;-10.493;56;514.5;FAHZAHKJORQCHU-SFHVURJKSA-M;[H]c1c([H])c(C(=O)N([H])[C@]([H])(c2nc(SC([H])([H])C(=O)N([H])c3c([H])c([H])c([O-])c([N+](=O)[O-])c3[H])nn2[H])C([H])(C([H])([H])[H])C([H])([H])[H])c([H])c([N+](=O)[O-])c1[H]
KGBBRM.xaa_ZINC000409399566_338;-10.0973951;-10.3495035;-9.951;56;520.43;KBEWUQTZXKBEHK-ODLFYWEKSA-M;[H]/C(=C1\C(=O)N(C([H])([H])c2oc(C(=O)OC([H])([H])[H])c([H])c2[H])C(=O)N1[H])c1c([H])c([N+](=O)[O-])c([H])c([H])c1OC([H])([H])c1c([H])c([H])c([H])c(C(=O)[O-])c1[H]
KGADMO.xaa_ZINC000514296267_15;-10.9901534;-11.696282;-11.786;92;672.898;KZWQPCAEYVYSKL-UHFFFAOYSA-O;[H]c1c([H])c(S(=O)(=O)N2C([H])([H])C([H])([H])C([H])([H])C([H])([H])C2([H])[H])c([H])c(N([H])C(=O)C([H])([H])C([H])([H])c2nc3c([H])c(S(=O)(=O)N4C([H])([H])C([H])([H])C([H])([H])C([H])([H])C4([H])[H])c([H])c([H])c3n2C([H])([H])[H])c1N1C([H])([H])C([H])([H])[N+]([H])(C([H])([H])[H])C([H])([H])C1([H])[H]
KGADMO.xaa_ZINC000514296505_24;-10.2680392;-10.520477;-11.368;78;603.725;MPYDENUWOUDLHC-UHFFFAOYSA-O;[H]c1nc([H])c([H])c(C([H])([H])N2C(=O)c3c([H])c([H])c(C(=O)N([H])c4c([H])c(S(=O)(=O)N5C([H])([H])C([H])([H])C([H])([H])C([H])([H])C5([H])[H])c([H])c([H])c4N4C([H])([H])C([H])([H])[N+]([H])(C([H])([H])[H])C([H])([H])C4([H])[H])c([H])c3C2=O)c1[H]
KGADMO.xaa_ZINC000514296497_25;-10.0811952;-10.284033;-10.934;82;566.814;MNIPVAQQZLAUBQ-UHFFFAOYSA-O;[H]c1c([H])c(S(=O)(=O)N2C([H])([H])C([H])([H])C([H])([H])C([H])([H])C2([H])[H])c([H])c(N([H])C(=O)C([H])([H])SC([H])([H])C(=O)N(C([H])([H])[H])C2([H])C([H])([H])C([H])([H])C([H])([H])C([H])([H])C2([H])[H])c1N1C([H])([H])C([H])([H])[N+]([H])(C([H])([H])[H])C([H])([H])C1([H])[H]
KGADMO.xaa_ZINC000514296310_27;-10.0374698;-11.07504;-11.025;79;554.737;OEIKIDWPVVCHIU-XMMPIXPASA-O;[H]c1c([H])c([H])c(C([H])([H])[N@+]2([H])C([H])([H])C([H])([H])[C@@]([H])(N([H])C(=O)C([H])([H])C([H])([H])c3nc4c([H])c(S(=O)(=O)N5C([H])([H])C([H])([H])OC([H])([H])C5([H])[H])c([H])c([H])c4n3C([H])([H])C([H])([H])C([H])([H])C([H])([H])[H])C2([H])[H])c([H])c1[H]
KGADMO.xaa_ZINC000514297637_33;-10.2640264;-10.500112;-10.646;91;660.887;VZSSKKMFNAWHGT-UHFFFAOYSA-O;[H]c1c([H])c(S(=O)(=O)N2C([H])([H])C([H])([H])C([H])([H])C([H])([H])C2([H])[H])c([H])c(N([H])C(=O)C([H])([H])C([H])([H])c2nc3c([H])c(S(=O)(=O)N(C([H])([H])C([H])([H])[H])C([H])([H])C([H])([H])[H])c([H])c([H])c3n2C([H])([H])[H])c1N1C([H])([H])C([H])([H])[N+]([H])(C([H])([H])[H])C([H])([H])C1([H])[H]
KGADMO.xaa_ZINC000514390914_124;-10.062116;-10.553055;-10.879;69;569.535;BEACNLROQPRWPR-UHFFFAOYSA-O;[H]c1c([H])c([H])c(N([H])C(=O)C([H])([H])N2C([H])([H])C([H])([H])[N+]([H])(C([H])([H])C([H])([H])C(=O)N([H])c3c([H])c(S(=O)(=O)N4C([H])([H])C([H])([H])C([H])([H])C4([H])[H])c([H])c([H])c3Cl)C([H])([H])C2([H])[H])c(Cl)c1[H]
KGADMO.xaa_ZINC000514401068_149;-10.1882948;-10.8312;-11.003;73;539.682;KYLKQUGRXDRNAJ-UHFFFAOYSA-O;[H]c1c([H])c([H])c(-c2nnc(C([H])([H])C([H])([H])C(=O)N([H])c3c([H])c(S(=O)(=O)N4C([H])([H])C([H])([H])C([H])([H])C([H])([H])C4([H])[H])c([H])c([H])c3N3C([H])([H])C([H])([H])[N+]([H])(C([H])([H])[H])C([H])([H])C3([H])[H])o2)c([H])c1[H]
KGADMO.xaa_ZINC000514395577_190;-10.2505064;-10.773965;-9.796;72;556.734;NXSWVVFPKVKOND-IAGOWNOFSA-O;[H]c1c([H])c(OC([H])([H])[H])c([H])c(-n2c(S[C@@]([H])(C(=O)N3C([H])([H])C([H])([H])C([H])([H])[C@@]([H])(C(=O)N([H])[H])C3([H])[H])C([H])([H])[H])nc3sc4c(c3c2=O)C([H])([H])C([H])([H])[N@@+]([H])(C([H])([H])C([H])([H])[H])C4([H])[H])c1[H]
KGADMO.xaa_ZINC000514395577_191;-10.2574808;-10.774584;-10.872;72;556.734;NXSWVVFPKVKOND-IAGOWNOFSA-O;[H]c1c([H])c(OC([H])([H])[H])c([H])c(-n2c(S[C@@]([H])(C(=O)N3C([H])([H])C([H])([H])C([H])([H])[C@@]([H])(C(=O)N([H])[H])C3([H])[H])C([H])([H])[H])nc3sc4c(c3c2=O)C([H])([H])C([H])([H])[N@+]([H])(C([H])([H])C([H])([H])[H])C4([H])[H])c1[H]
KGADMO.xaa_ZINC000514395578_192;-10.3069576;-10.747185;-10.389;72;556.734;NXSWVVFPKVKOND-IRXDYDNUSA-O;[H]c1c([H])c(OC([H])([H])[H])c([H])c(-n2c(S[C@]([H])(C(=O)N3C([H])([H])C([H])([H])C([H])([H])[C@]([H])(C(=O)N([H])[H])C3([H])[H])C([H])([H])[H])nc3sc4c(c3c2=O)C([H])([H])C([H])([H])[N@@+]([H])(C([H])([H])C([H])([H])[H])C4([H])[H])c1[H]
KGADMO.xaa_ZINC000514395578_193;-10.299744100000002;-10.727943;-11.086;72;556.734;NXSWVVFPKVKOND-IRXDYDNUSA-O;[H]c1c([H])c(OC([H])([H])[H])c([H])c(-n2c(S[C@]([H])(C(=O)N3C([H])([H])C([H])([H])C([H])([H])[C@]([H])(C(=O)N([H])[H])C3([H])[H])C([H])([H])[H])nc3sc4c(c3c2=O)C([H])([H])C([H])([H])[N@+]([H])(C([H])([H])C([H])([H])[H])C4([H])[H])c1[H]
KGADMO.xaa_ZINC000514395576_196;-10.4802806;-11.059962;-10.26;72;556.734;NXSWVVFPKVKOND-DLBZAZTESA-O;[H]c1c([H])c(OC([H])([H])[H])c([H])c(-n2c(S[C@]([H])(C(=O)N3C([H])([H])C([H])([H])C([H])([H])[C@@]([H])(C(=O)N([H])[H])C3([H])[H])C([H])([H])[H])nc3sc4c(c3c2=O)C([H])([H])C([H])([H])[N@@+]([H])(C([H])([H])C([H])([H])[H])C4([H])[H])c1[H]
KGADMO.xaa_ZINC000514395576_197;-10.476689;-11.043147;-10.277;72;556.734;NXSWVVFPKVKOND-DLBZAZTESA-O;[H]c1c([H])c(OC([H])([H])[H])c([H])c(-n2c(S[C@]([H])(C(=O)N3C([H])([H])C([H])([H])C([H])([H])[C@@]([H])(C(=O)N([H])[H])C3([H])[H])C([H])([H])[H])nc3sc4c(c3c2=O)C([H])([H])C([H])([H])[N@+]([H])(C([H])([H])C([H])([H])[H])C4([H])[H])c1[H]
KGADMO.xaa_ZINC000514395579_198;-10.257091999999998;-10.823083;-10.559;72;556.734;NXSWVVFPKVKOND-SJORKVTESA-O;[H]c1c([H])c(OC([H])([H])[H])c([H])c(-n2c(S[C@@]([H])(C(=O)N3C([H])([H])C([H])([H])C([H])([H])[C@]([H])(C(=O)N([H])[H])C3([H])[H])C([H])([H])[H])nc3sc4c(c3c2=O)C([H])([H])C([H])([H])[N@@+]([H])(C([H])([H])C([H])([H])[H])C4([H])[H])c1[H]
KGADMO.xaa_ZINC000514395579_199;-10.2695216;-10.815172;-10.555;72;556.734;NXSWVVFPKVKOND-SJORKVTESA-O;[H]c1c([H])c(OC([H])([H])[H])c([H])c(-n2c(S[C@@]([H])(C(=O)N3C([H])([H])C([H])([H])C([H])([H])[C@]([H])(C(=O)N([H])[H])C3([H])[H])C([H])([H])[H])nc3sc4c(c3c2=O)C([H])([H])C([H])([H])[N@+]([H])(C([H])([H])C([H])([H])[H])C4([H])[H])c1[H]
KFBDRN.xaa_ZINC000514294892_34;-10.5048892;-11.249438;-11.614;76;605.739;CRWCEVREIOTNHP-UHFFFAOYSA-N;[H]c1c([H])c([H])c(S(=O)(=O)N2C([H])([H])C([H])([H])N(C(=O)c3c([H])c(S(=O)(=O)N4C([H])([H])C([H])([H])C([H])([H])C([H])([H])C4([H])[H])c([H])c([H])c3N3C([H])([H])C([H])([H])C([H])([H])C([H])([H])C3([H])[H])C([H])([H])C2([H])[H])c([N+](=O)[O-])c1[H]
KFBDRN.xaa_ZINC000514294697_35;-10.2336663;-10.7554455;-10.828;70;586.692;AIRYXNIMHNZWLG-UHFFFAOYSA-N;[H]c1c([H])c(C([H])([H])[H])c(S(=O)(=O)N2C([H])([H])C([H])([H])C([H])(C(=O)N3C([H])([H])C([H])([H])N(S(=O)(=O)c4c([H])c([H])c5c([H])c([H])c([H])c([H])c5c4[H])C([H])([H])C3([H])[H])C([H])([H])C2([H])[H])c([H])c1[N+](=O)[O-]
KFBDRN.xaa_ZINC000514378904_160;-10.2993204;-10.738582;-10.302;67;550.659;JPHBTLVCWHHXLR-IBGZPJMESA-N;[H]c1c([H])c([N+](=O)[O-])c([H])c(S(=O)(=O)N2C([H])([H])C([H])([H])N(C(=O)c3c([H])c(S(=O)(=O)N4C([H])([H])C([H])([H])C([H])([H])C([H])([H])[C@]4([H])C([H])([H])[H])c([H])c([H])c3C([H])([H])[H])C([H])([H])C2([H])[H])c1[H]
KFBDRN.xaa_ZINC000514378905_161;-10.3400171;-10.950448;-10.455;67;550.659;JPHBTLVCWHHXLR-LJQANCHMSA-N;[H]c1c([H])c([N+](=O)[O-])c([H])c(S(=O)(=O)N2C([H])([H])C([H])([H])N(C(=O)c3c([H])c(S(=O)(=O)N4C([H])([H])C([H])([H])C([H])([H])C([H])([H])[C@@]4([H])C([H])([H])[H])c([H])c([H])c3C([H])([H])[H])C([H])([H])C2([H])[H])c1[H]
KFBDRN.xaa_ZINC000514380175_166;-10.1182836;-10.782538;-11.047;73;591.712;XZASFKPFOWZFBV-UHFFFAOYSA-N;[H]c1c([H])c(S(=O)(=O)N2C([H])([H])C([H])([H])C([H])([H])C([H])([H])C2([H])[H])c([H])c(C(=O)N2C([H])([H])C([H])([H])N(S(=O)(=O)c3c([H])c([H])c([N+](=O)[O-])c([H])c3[H])C([H])([H])C2([H])[H])c1N1C([H])([H])C([H])([H])C([H])([H])C1([H])[H]
KFBDRN.xaa_ZINC000514380371_177;-10.0820274;-10.48586;-10.434;64;569.687;ISKDGGNYBDODDG-UHFFFAOYSA-N;[H]c1c([H])c(N([H])C(=O)C([H])([H])N([H])S(=O)(=O)c2c([H])c([H])c(SC([H])([H])C([H])(C([H])([H])[H])C([H])([H])[H])c([N+](=O)[O-])c2[H])c([H])c(S(=O)(=O)N([H])C2=NC([H])([H])C([H])([H])C2([H])[H])c1[H]
KFBDRN.xaa_ZINC000514382390_180;-10.0971704;-10.322385;-10.797;74;557.673;MHDIDSUCOJTOEG-UHFFFAOYSA-N;[H]c1c([H])c([H])c(C([H])([H])C([H])([H])[H])c(N([H])C(=O)C([H])([H])N2C([H])([H])C([H])([H])N(C(=O)C3([H])C([H])([H])C([H])([H])N(S(=O)(=O)c4c([H])c([N+](=O)[O-])c([H])c([H])c4C([H])([H])[H])C([H])([H])C3([H])[H])C([H])([H])C2([H])[H])c1[H]
KFBDRN.xaa_ZINC000514389186_234;-10.3554168;-10.931485;-10.865;72;579.701;BLRXKOKVDOSLNM-GOSISDBHSA-N;[H]c1c([H])c([C@]([H])(N([H])C(=O)C2([H])C([H])([H])C([H])([H])N(c3c([H])c([H])c(S(=O)(=O)N4C([H])([H])C([H])([H])C([H])([H])C([H])([H])C4([H])[H])c([H])c3[N+](=O)[O-])C([H])([H])C2([H])[H])C([H])([H])[H])c([H])c(S(=O)(=O)N([H])[H])c1[H]
KFBDRN.xaa_ZINC000514389187_235;-10.2769232;-10.846066;-11.128;72;579.701;BLRXKOKVDOSLNM-SFHVURJKSA-N;[H]c1c([H])c([C@@]([H])(N([H])C(=O)C2([H])C([H])([H])C([H])([H])N(c3c([H])c([H])c(S(=O)(=O)N4C([H])([H])C([H])([H])C([H])([H])C([H])([H])C4([H])[H])c([H])c3[N+](=O)[O-])C([H])([H])C2([H])[H])C([H])([H])[H])c([H])c(S(=O)(=O)N([H])[H])c1[H]
KFBDRN.xaa_ZINC000514391590_266;-10.78709;-11.443442;-10.58;72;581.655;LWPUMCGWTLSDGG-UHFFFAOYSA-N;[H]c1c([H])c([H])c(C([H])([H])n2c(=O)n([H])c(=O)c3c2nc(C([H])([H])N2C([H])([H])C([H])([H])N(S(=O)(=O)c4c([H])c([H])c([H])c([N+](=O)[O-])c4[H])C([H])([H])C2([H])[H])n3C([H])([H])C([H])([H])C([H])([H])C([H])([H])[H])c([H])c1[H]
KFBDRN.xaa_ZINC000514381634_271;-10.4863791;-10.817844;-11.389;78;642.756;MCHDLFIBTHVDTQ-NWFDXEQESA-N;[H]/C(c1c([H])c([H])c([N+](=O)[O-])c([H])c1[H])=c1/s/c(=C(/[H])C(=O)C(C([H])([H])[H])(C([H])([H])[H])C([H])([H])[H])n(C([H])([H])C(=O)N([H])c2c([H])c([H])c(OC([H])([H])[H])c(S(=O)(=O)N3C([H])([H])C([H])([H])C([H])([H])C([H])([H])C3([H])[H])c2[H])c1=O
KFBDRN.xaa_ZINC000514401002_275;-10.3817638;-10.8555;-10.273;67;550.659;IHRJYVLXUKVULN-UHFFFAOYSA-N;[H]c1c([H])c([N+](=O)[O-])c([H])c(S(=O)(=O)N2C([H])([H])C([H])([H])N(C(=O)c3c([H])c([H])c(S(=O)(=O)N(C([H])([H])[H])C4([H])C([H])([H])C([H])([H])C([H])([H])C([H])([H])C4([H])[H])c([H])c3[H])C([H])([H])C2([H])[H])c1[H]
KFBDRN.xaa_ZINC000514403099_283;-10.1724534;-10.584513;-10.065;72;581.655;IARLQFUWMYBERP-UHFFFAOYSA-N;[H]c1c([H])c([H])c(C([H])([H])n2c(=O)n([H])c(=O)c3c2nc(C([H])([H])N2C([H])([H])C([H])([H])N(S(=O)(=O)c4c([H])c([H])c([H])c([H])c4[N+](=O)[O-])C([H])([H])C2([H])[H])n3C([H])([H])C([H])([H])C([H])([H])C([H])([H])[H])c([H])c1[H]
KFBDRN.xaa_ZINC000514404204_297;-10.2052158;-10.539054;-10.696;61;591.495;BXWLZAXTRHFFET-UHFFFAOYSA-N;[H]c1c([H])c([N+](=O)[O-])c([H])c(S(=O)(=O)N2C([H])([H])C([H])([H])N(C(=O)C3([H])C([H])([H])C([H])([H])N(S(=O)(=O)c4c([H])c(Cl)c([H])c([H])c4Cl)C([H])([H])C3([H])[H])C([H])([H])C2([H])[H])c1[H]
KFBDRN.xaa_ZINC000514394370_313;-10.3331607;-10.771541;-10.69;66;560.658;VIUBLPGZKYYRAN-UHFFFAOYSA-N;[H]c1sc(-c2noc(C([H])([H])N3C([H])([H])C([H])([H])N(C(=O)C4([H])C([H])([H])C([H])([H])N(S(=O)(=O)c5c([H])c([N+](=O)[O-])c([H])c([H])c5C([H])([H])[H])C([H])([H])C4([H])[H])C([H])([H])C3([H])[H])n2)c([H])c1[H]
KIEAMM.xaa_ZINC000008456363_23;-10.151832;-10.734131;-10.405;51;523.331;CZCVGKBZRBSLAL-FOKLQQMPSA-M;[H]/C(=N\N=c1/nc(N([H])c2c([H])c([H])c([H])c([H])c2[H])n([H])c(-n2nc(C([H])([H])[H])c([H])c2C([H])([H])[H])n1)c1c([H])c(Br)c([H])c([N+](=O)[O-])c1[O-]
KIEAMM.xaa_ZINC000252598266_208;-10.151832;-10.734131;-10.462;51;523.331;CZCVGKBZRBSLAL-FOKLQQMPSA-M;[H]/C(=N\N=c1/nc(N([H])c2c([H])c([H])c([H])c([H])c2[H])n([H])c(-n2nc(C([H])([H])[H])c([H])c2C([H])([H])[H])n1)c1c([H])c(Br)c([H])c([N+](=O)[O-])c1[O-]
KIEAMM.xaa_ZINC000100497005_284;-10.5150904;-10.741838;-10.735;49;538.294;NAONMPYZWODLQI-UHFFFAOYSA-M;[H]c1c([H])c([H])c(N([H])C(=O)C([H])([H])N2C(=O)/C(=N\[N-]c3c([H])c([H])c([N+](=O)[O-])c([H])c3[N+](=O)[O-])c3c([H])c(Br)c([H])c([H])c32)c([H])c1[H]
KIEAMM.xaa_ZINC000000672257_312;-10.1451578;-10.58027;-11.747;59;512.571;SCJSEBIRNVNDQV-GTXDRGPQSA-M;[H]c1c(C([H])([H])[H])nc(N([H])S(=O)(=O)c2c([H])c([H])c(/N=N/C(C(=O)c3c([H])c([H])c([H])c([H])c3[H])=C(\[O-])c3c([H])c([H])c([H])c([H])c3[H])c([H])c2[H])nc1C([H])([H])[H]
KIEAMM.xaa_ZINC000014921186_317;-10.9528048;-11.53524;-10.075;56;516.454;CRTWZSTYJKKZEF-BGABXYSRSA-M;[H]c1c([H])c([N+](=O)[O-])c([O-])c(C([H])([H])/N=N/c2nc(N([H])c3c([H])c([H])c(OC([H])([H])[H])c([H])c3[H])nc(N([H])c3c([H])c([H])c([N+](=O)[O-])c([H])c3[H])n2)c1[H]
KIEAMM.xaa_ZINC000097960489_427;-10.395376799999998;-10.932824;-11.418;70;608.664;CBMXBYAKQISVDA-JQIJEIRASA-M;[H]/C(C(=O)/N=C(/N([H])c1nc(C([H])([H])Sc2nnnn2-c2c([H])c([H])c([H])c([H])c2[H])c([H])c(=O)[n-]1)N([H])c1c([H])c([H])c([H])c([H])c1[H])=C(/[H])c1c([H])c([H])c(OC([H])([H])[H])c(OC([H])([H])[H])c1[H]
KIEARO.xaa_ZINC000102674119_3;-10.1215953;-11.4992285;-10.416;79;552.667;ZFIYOBJBMJMHQR-FATKCUQPSA-O;[H]c1c([H])c([H])c(C([H])([H])O[C@]2(C(=O)N([H])C([H])([H])C([H])([H])[N+]3([H])C([H])([H])C([H])([H])C([H])([H])C3([H])[H])C([H])([H])[C@@]([H])(OC([H])([H])c3c([H])c([H])c([H])c([H])c3C#N)[C@]3([H])OC(C([H])([H])[H])(C([H])([H])[H])O[C@]3([H])C2([H])[H])c(F)c1[H]
KIEARO.xaa_ZINC000102691405_4;-10.0563708;-10.442006;-10.219;68;516.574;LJGZNNGCQQIKJD-SANMLTNESA-O;[H]OC1=C(C(=O)c2c([H])c([H])c(OC([H])([H])c3c([H])c([H])c([H])c(C([H])([H])[H])c3[H])c([H])c2[H])[C@]([H])(c2c([H])c([H])c([H])c([N+](=O)[O-])c2[H])N(C([H])([H])C([H])([H])[N+]([H])(C([H])([H])[H])C([H])([H])[H])C1=O
KIEARO.xaa_ZINC000102691407_5;-10.3041124;-10.712457;-11.893;68;516.574;LJGZNNGCQQIKJD-AREMUKBSSA-O;[H]OC1=C(C(=O)c2c([H])c([H])c(OC([H])([H])c3c([H])c([H])c([H])c(C([H])([H])[H])c3[H])c([H])c2[H])[C@@]([H])(c2c([H])c([H])c([H])c([N+](=O)[O-])c2[H])N(C([H])([H])C([H])([H])[N+]([H])(C([H])([H])[H])C([H])([H])[H])C1=O
KIEARO.xaa_ZINC000102734570_17;-10.250061900000002;-10.689623;-10.625;68;516.574;DXCCVWKDBYAGRW-AREMUKBSSA-O;[H]OC1=C(C(=O)c2c([H])c([H])c(OC([H])([H])c3c([H])c([H])c([H])c(C([H])([H])[H])c3[H])c([H])c2[H])[C@@]([H])(c2c([H])c([H])c([N+](=O)[O-])c([H])c2[H])N(C([H])([H])C([H])([H])[N+]([H])(C([H])([H])[H])C([H])([H])[H])C1=O
KIEARO.xaa_ZINC000017595846_262;-10.3448986;-10.607632;-10.032;50;535.352;XCJTYDAPEMILTG-UHFFFAOYSA-N;[H]c1c([H])c(C(=O)C([H])([H])[n+]2c([H])sc(C([H])([H])C([H])([H])OC(=O)c3c([H])c([N+](=O)[O-])c([H])c([N+](=O)[O-])c3[H])c2C([H])([H])[H])c([H])c([H])c1Br
KHCBRL.xaa_ZINC000150469658_113;-10.9919034;-12.119391;-12.461;66;704.746;UVNJEQSBUQFISC-QURGRASLSA-L;[H]c1c([H])c([N+](=O)[O-])c([H])c([O-])c1N([H])C(=O)C([H])([H])C([H])([H])C([H])([H])N1C(=O)/C(=C2\SC(=S)N(C([H])([H])C([H])([H])C([H])([H])C(=O)N([H])c3c([H])c([H])c([N+](=O)[O-])c([H])c3[O-])C2=O)SC1=S
KHCBRL.xaa_ZINC000150469653_114;-11.6413729;-12.385997;-11.446;66;704.746;GNSKPKSLINTHLG-QURGRASLSA-L;[H]c1c([H])c([N+](=O)[O-])c([H])c(N([H])C(=O)C([H])([H])C([H])([H])C([H])([H])N2C(=O)/C(=C3\SC(=S)N(C([H])([H])C([H])([H])C([H])([H])C(=O)N([H])c4c([H])c([N+](=O)[O-])c([H])c([H])c4[O-])C3=O)SC2=S)c1[O-]
KHCBRL.xaa_ZINC000409072729_227;-10.2139019;-10.671546;-9.545;58;529.461;JQGVNHYGZDXPBY-CIAFOILYSA-L;[H]/C(=C1/C(=O)[N-]C(=O)N(c2c([H])c([H])c([H])c([N+](=O)[O-])c2[H])C1=O)c1c([H])c([H])c(OC([H])([H])c2c([H])c([H])c(C(=O)[O-])c([H])c2[H])c(OC([H])([H])C([H])([H])[H])c1[H]
KHCBRL.xaa_ZINC000409070587_230;-10.0191018;-10.631118;-9.679;55;515.434;FQDCFIBFFKXJOT-RGVLZGJSSA-L;[H]/C(=C1/C(=O)[N-]C(=O)N(c2c([H])c([H])c([H])c([N+](=O)[O-])c2[H])C1=O)c1c([H])c([H])c(OC([H])([H])c2c([H])c([H])c(C(=O)[O-])c([H])c2[H])c(OC([H])([H])[H])c1[H]
KJBARM.xaa_ZINC000102660308_0;-11.725122;-12.304848;-10.561;55;604.418;ICCCAQWZUKACRU-DKOMQPSQSA-M;[H]/C(c1c([H])c(Br)c([O-])c([N+](=O)[O-])c1[H])=c1/sc2n(c1=O)[C@]([H])(c1c([H])c([H])c([H])c([N+](=O)[O-])c1[H])C1=C(N=2)c2c([H])c([H])c([H])c([H])c2C([H])([H])C1([H])[H]
KJBARM.xaa_ZINC000102660310_1;-10.9624336;-11.583088;-9.66;55;604.418;ICCCAQWZUKACRU-XOBACGFXSA-M;[H]/C(c1c([H])c(Br)c([O-])c([N+](=O)[O-])c1[H])=c1\sc2n(c1=O)[C@@]([H])(c1c([H])c([H])c([H])c([N+](=O)[O-])c1[H])C1=C(N=2)c2c([H])c([H])c([H])c([H])c2C([H])([H])C1([H])[H]
KJBARM.xaa_ZINC000102660312_2;-11.4784681;-12.0828705;-9.848;55;604.418;ICCCAQWZUKACRU-IZBTWGKQSA-M;[H]/C(c1c([H])c(Br)c([O-])c([N+](=O)[O-])c1[H])=c1/sc2n(c1=O)[C@@]([H])(c1c([H])c([H])c([H])c([N+](=O)[O-])c1[H])C1=C(N=2)c2c([H])c([H])c([H])c([H])c2C([H])([H])C1([H])[H]
KJBARM.xaa_ZINC000102660305_3;-11.098285;-11.758517;-10.883;55;604.418;ICCCAQWZUKACRU-SEXPAEGTSA-M;[H]/C(c1c([H])c(Br)c([O-])c([N+](=O)[O-])c1[H])=c1\sc2n(c1=O)[C@]([H])(c1c([H])c([H])c([H])c([N+](=O)[O-])c1[H])C1=C(N=2)c2c([H])c([H])c([H])c([H])c2C([H])([H])C1([H])[H]
KJBARM.xaa_ZINC000097983646_7;-10.5866582;-11.178012;-11.532;57;564.577;ZZRKKILQPHSGLU-UHFFFAOYSA-M;[H]c1sc(C(=O)C([H])([H])OC(=O)c2c([H])c([H])c([H])c([H])c2N([H])C(=O)c2c([H])c([H])c([H])c([H])c2[N-]S(=O)(=O)c2c([H])c([H])c([H])c([N+](=O)[O-])c2[H])c([H])c1[H]
KJBARM.xaa_ZINC000008443388_17;-10.7679423;-11.55085;-10.312;65;604.581;VEVCVQZZAXVUSP-UHFFFAOYSA-M;[H]c1c(C([H])([H])[H])nc([N-]S(=O)(=O)c2c([H])c([H])c(N([H])C(=O)c3c([H])c([N+](=O)[O-])c(N([H])c4c([H])c([H])c([H])c(C(=O)C([H])([H])[H])c4[H])c([N+](=O)[O-])c3[H])c([H])c2[H])nc1C([H])([H])[H]
KJBARM.xaa_ZINC000229897106_46;-11.019244600000002;-12.0180235;-12.374;64;584.586;AFJUTQXFFXASNI-RRPNLBNLSA-M;[H]c1c([H])c([H])c(S(=O)(=O)Oc2c([H])c([H])c([C@@]3([H])N(c4c([H])c([H])c([H])c([N+](=O)[O-])c4[H])OC4=C([O-])N(c5c([H])c([H])c([H])c([H])c5C([H])([H])[H])C(=O)[C@]43[H])c([H])c2[H])c([H])c1[H]
KJBARM.xaa_ZINC000102939132_47;-10.944507000000002;-11.723063;-11.028;65;569.576;NAJIEKGGMBKTQI-UHFFFAOYSA-N;[H]c1c([H])c([H])c(OC([H])([H])[H])c([N-]S(=O)(=O)c2c([H])c(N([H])C(=O)N([H])c3c([H])c([N+](=O)[O-])c([H])c([N+](=O)[O-])c3[H])c([H])c([H])c2N2C([H])([H])C([H])([H])C([H])([H])C([H])([H])C2([H])[H])c1[H]
KJBARM.xaa_ZINC000102988309_65;-10.0836588;-10.314689;-11.441;52;578.311;OOGVLLZFDYXUFX-UHFFFAOYSA-M;[H]c1c([H])c([H])c([N+](=O)[O-])c(N([H])C(=O)c2c([H])c(C(=O)c3c([H])c(Br)c([H])c([H])c3[O-])c([H])n(-c3c([H])c([H])c([H])c([H])c3[N+](=O)[O-])c2=O)c1[H]
KJBARM.xaa_ZINC000245245595_78;-11.054188599999998;-12.032848;-11.604;64;584.586;YLNTVNAFJZULOO-SXOMAYOGSA-M;[H]c1c([H])c([H])c(S(=O)(=O)Oc2c([H])c([H])c([C@]3([H])N(c4c([H])c([H])c([H])c([N+](=O)[O-])c4[H])OC4=C([O-])N(c5c([H])c([H])c(C([H])([H])[H])c([H])c5[H])C(=O)[C@@]43[H])c([H])c2[H])c([H])c1[H]
KJBARM.xaa_ZINC000245245632_79;-10.757162;-11.25458;-12.151;64;584.586;GEFUYDXEPXSYTP-KAYWLYCHSA-M;[H]c1c([H])c([H])c(S(=O)(=O)Oc2c([H])c([H])c([C@@]3([H])N(c4c([H])c([H])c([H])c([N+](=O)[O-])c4[H])OC4=C([O-])N(c5c([H])c([H])c([H])c(C([H])([H])[H])c5[H])C(=O)[C@@]43[H])c([H])c2[H])c([H])c1[H]
KJBARM.xaa_ZINC000252675399_93;-10.113777;-10.570149;-9.728;53;514.97;TZCBNEOLPVQOMH-PNZYDNNZSA-M;[H]/C(c1c([H])c([H])c([O-])c([N+](=O)[O-])c1[H])=c1/sc2n(c1=O)[C@@]([H])(c1c([H])c([H])c([H])c([H])c1Cl)C1=C(N=2)c2c([H])c([H])c([H])c([H])c2C([H])([H])C1([H])[H]
KJBARM.xaa_ZINC000252675398_94;-10.0920172;-10.733182;-9.818;53;514.97;TZCBNEOLPVQOMH-CBYYHRJHSA-M;[H]/C(c1c([H])c([H])c([O-])c([N+](=O)[O-])c1[H])=c1/sc2n(c1=O)[C@]([H])(c1c([H])c([H])c([H])c([H])c1Cl)C1=C(N=2)c2c([H])c([H])c([H])c([H])c2C([H])([H])C1([H])[H]
KJBARM.xaa_ZINC000100318100_102;-10.769663;-11.501607;-10.802;63;607.02;DMEWITSOPUYDRD-PLQXQRLBSA-M;[H]/C(c1oc(-c2c([H])c(C(=O)[O-])c([H])c([H])c2Cl)c([H])c1[H])=c1/sc2n(c1=O)[C@@]([H])(c1c([H])c([H])c([H])c([N+](=O)[O-])c1[H])C(C(=O)OC([H])(C([H])([H])[H])C([H])([H])[H])=C(C([H])([H])[H])N=2
KJBARM.xaa_ZINC000100318105_103;-10.7442663;-11.511229;-11.091;63;607.02;DMEWITSOPUYDRD-VVNKCDPRSA-M;[H]/C(c1oc(-c2c([H])c(C(=O)[O-])c([H])c([H])c2Cl)c([H])c1[H])=c1/sc2n(c1=O)[C@]([H])(c1c([H])c([H])c([H])c([N+](=O)[O-])c1[H])C(C(=O)OC([H])(C([H])([H])[H])C([H])([H])[H])=C(C([H])([H])[H])N=2
KJBARM.xaa_ZINC000103137175_104;-11.0107148;-11.999516;-10.733;56;559.902;YBKATVGCVMAGEJ-UHFFFAOYSA-M;[H]/C(=C1\C(=O)N(C([H])([H])c2c([H])c([H])c([H])c([N+](=O)[O-])c2[H])C(=O)N1[H])c1c(-c2c([H])c([H])c(Cl)c([H])c2[H])[n-]n(-c2c([H])c([H])c([N+](=O)[O-])c([H])c2[H])c1=O
KJBARM.xaa_ZINC000003332909_110;-10.2445382;-10.63711;-10.894;55;567.383;FDPHYJKMXPXJDQ-ZDUSSCGKSA-N;[H]c1c([H])c(C(=O)O[C@]([H])(C(=O)N([H])c2c([H])c([N+](=O)[O-])c([H])c([H])c2Cl)C([H])([H])[H])c([H])c(S(=O)(=O)[N-]c2c([H])c(Cl)c([H])c([H])c2OC([H])([H])[H])c1[H]
KJBARM.xaa_ZINC000003332911_111;-10.2359606;-10.640368;-10.777;55;567.383;FDPHYJKMXPXJDQ-CYBMUJFWSA-N;[H]c1c([H])c(C(=O)O[C@@]([H])(C(=O)N([H])c2c([H])c([N+](=O)[O-])c([H])c([H])c2Cl)C([H])([H])[H])c([H])c(S(=O)(=O)[N-]c2c([H])c(Cl)c([H])c([H])c2OC([H])([H])[H])c1[H]
KJBARM.xaa_ZINC000105295665_119;-10.246694;-10.525576;-10.336;66;530.598;LHCRFDDFSSPJKN-NSLWBBTNSA-N;[H]c1c([H])c(S(=O)(=O)[N-]c2c([H])c([N+](=O)[O-])c([H])c([H])c2OC([H])([H])[H])c([H])c(C(=O)N([H])[C@]([H])(C([H])([H])[H])[C@]23C([H])([H])[C@@]4([H])C([H])([H])[C@]([H])(C([H])([H])[C@]([H])(C4([H])[H])C2([H])[H])C3([H])[H])c1F
KJBARM.xaa_ZINC000105295662_120;-10.267743;-10.510452;-10.671;66;530.598;LHCRFDDFSSPJKN-ZBNWYMICSA-N;[H]c1c([H])c(S(=O)(=O)[N-]c2c([H])c([N+](=O)[O-])c([H])c([H])c2OC([H])([H])[H])c([H])c(C(=O)N([H])[C@@]([H])(C([H])([H])[H])[C@]23C([H])([H])[C@@]4([H])C([H])([H])[C@]([H])(C([H])([H])[C@]([H])(C4([H])[H])C2([H])[H])C3([H])[H])c1F
KJBARM.xaa_ZINC000003770324_126;-10.3107496;-10.914797;-10.723;57;589.447;XURUVNPVDRGZDH-PLQXQRLBSA-M;[H]/C(c1c([H])c(Br)c([H])c([N+](=O)[O-])c1[O-])=c1/sc2n(c1=O)[C@@]([H])(c1c([H])c([H])c([H])c(OC([H])([H])[H])c1[H])C1=C(N=2)c2c([H])c([H])c([H])c([H])c2C([H])([H])C1([H])[H]
KJBARM.xaa_ZINC000003770326_127;-10.3223544;-10.974943;-10.515;57;589.447;XURUVNPVDRGZDH-VVNKCDPRSA-M;[H]/C(c1c([H])c(Br)c([H])c([N+](=O)[O-])c1[O-])=c1/sc2n(c1=O)[C@]([H])(c1c([H])c([H])c([H])c(OC([H])([H])[H])c1[H])C1=C(N=2)c2c([H])c([H])c([H])c([H])c2C([H])([H])C1([H])[H]
KJBARM.xaa_ZINC000100816907_131;-10.7810922;-11.16392;-11.356;53;593.048;FAJUNNLCEJTYJT-UHFFFAOYSA-M;[H]c1c([H])c([N+](=O)[O-])c(C(=O)[N-]c2nnc(SC([H])([H])C(=O)N([H])c3nnc(-c4c([H])c(OC([H])([H])[H])c([H])c([H])c4OC([H])([H])[H])s3)s2)c([H])c1Cl
KJBARM.xaa_ZINC000150409469_132;-10.2004124;-10.674038;-9.056;61;666.473;AAQYPDGCCIQPHX-ZFWDJNJRSA-M;[H]/C(c1c([H])c(I)c([O-])c([N+](=O)[O-])c1[H])=c1/sc2n(c1=O)[C@@]([H])(c1c([H])c([H])c(OC([H])([H])[H])c(OC([H])([H])[H])c1[H])C1=C(N=2)c2c([H])c([H])c([H])c([H])c2C([H])([H])C1([H])[H]
KJBARM.xaa_ZINC000150409465_133;-10.2908754;-10.640909;-10.248;61;666.473;AAQYPDGCCIQPHX-NFYDWNOTSA-M;[H]/C(c1c([H])c(I)c([O-])c([N+](=O)[O-])c1[H])=c1/sc2n(c1=O)[C@]([H])(c1c([H])c([H])c(OC([H])([H])[H])c(OC([H])([H])[H])c1[H])C1=C(N=2)c2c([H])c([H])c([H])c([H])c2C([H])([H])C1([H])[H]
KJBARM.xaa_ZINC000150411396_134;-10.205722;-10.71203;-9.967;53;624.411;JIURSMXRPSUOMS-RWTNITNYSA-M;[H]/C(c1c([H])c(I)c([O-])c([N+](=O)[O-])c1[H])=c1/sc2n(c1=O)[C@]([H])(c1c([H])c([H])c(F)c([H])c1[H])C1=C(N=2)c2c([H])c([H])c([H])c([H])c2C([H])([H])C1([H])[H]
KJBARM.xaa_ZINC000150411402_135;-10.0552942;-10.693336;-9.107;53;624.411;JIURSMXRPSUOMS-MFUBYVTQSA-M;[H]/C(c1c([H])c(I)c([O-])c([N+](=O)[O-])c1[H])=c1/sc2n(c1=O)[C@@]([H])(c1c([H])c([H])c(F)c([H])c1[H])C1=C(N=2)c2c([H])c([H])c([H])c([H])c2C([H])([H])C1([H])[H]
KJBARM.xaa_ZINC000150450927_138;-11.0433022;-11.418093;-11.495;70;671.133;PHHAPPBACMQNJE-UHFFFAOYSA-M;[H]c1c([H])c([H])c(N([H])S(=O)(=O)c2c([H])c(N([H])C(=O)c3c([H])c([H])c([N-]S(=O)(=O)c4c([H])c([H])c([H])c([N+](=O)[O-])c4[H])c([H])c3[H])c([H])c([H])c2N2C([H])([H])C([H])([H])OC([H])([H])C2([H])[H])c(Cl)c1[H]
KJBARM.xaa_ZINC000006038763_144;-10.6739336;-11.347637;-11.03;59;562.609;VJMLFHBAGKSMOI-XQNSMLJCSA-M;[H]/C(=C(/C(=O)N([H])c1c([H])c([H])c(S(=O)(=O)[N-]c2nc([H])c([H])s2)c([H])c1[H])N([H])C(=O)c1c([H])c([H])c(C([H])([H])[H])c([H])c1[H])c1c([H])c([H])c([H])c([N+](=O)[O-])c1[H]
KJBARM.xaa_ZINC000100958401_152;-10.9857812;-11.373393;-9.719;55;604.418;ZWQWCKCGMJWWIY-XOBACGFXSA-M;[H]/C(c1c([H])c(Br)c([H])c([N+](=O)[O-])c1[O-])=c1\sc2n(c1=O)[C@@]([H])(c1c([H])c([H])c([H])c([N+](=O)[O-])c1[H])C1=C(N=2)c2c([H])c([H])c([H])c([H])c2C([H])([H])C1([H])[H]
KJBARM.xaa_ZINC000100958397_153;-11.1775206;-11.769837;-10.947;55;604.418;ZWQWCKCGMJWWIY-SEXPAEGTSA-M;[H]/C(c1c([H])c(Br)c([H])c([N+](=O)[O-])c1[O-])=c1\sc2n(c1=O)[C@]([H])(c1c([H])c([H])c([H])c([N+](=O)[O-])c1[H])C1=C(N=2)c2c([H])c([H])c([H])c([H])c2C([H])([H])C1([H])[H]
KJBARM.xaa_ZINC000016383144_155;-10.1603564;-10.447443;-10.932;43;501.349;CYHOUBRPMOFFAD-UHFFFAOYSA-N;[H]c1c([H])c([N+](=O)[O-])c([H])c(S(=O)(=O)[N-]c2c([H])c([H])c(S(=O)(=O)N([H])c3c([H])c([H])c(Cl)c([H])c3Cl)c([H])c2[H])c1[H]
KJBARM.xaa_ZINC000101055445_156;-11.444045;-12.17419;-10.758;55;604.418;ZWQWCKCGMJWWIY-DKOMQPSQSA-M;[H]/C(c1c([H])c(Br)c([H])c([N+](=O)[O-])c1[O-])=c1/sc2n(c1=O)[C@]([H])(c1c([H])c([H])c([H])c([N+](=O)[O-])c1[H])C1=C(N=2)c2c([H])c([H])c([H])c([H])c2C([H])([H])C1([H])[H]
KJBARM.xaa_ZINC000101055446_157;-11.2652698;-11.971153;-9.418;55;604.418;ZWQWCKCGMJWWIY-IZBTWGKQSA-M;[H]/C(c1c([H])c(Br)c([H])c([N+](=O)[O-])c1[O-])=c1/sc2n(c1=O)[C@@]([H])(c1c([H])c([H])c([H])c([N+](=O)[O-])c1[H])C1=C(N=2)c2c([H])c([H])c([H])c([H])c2C([H])([H])C1([H])[H]
KJBARM.xaa_ZINC000001050268_160;-10.5465562;-10.787605;-10.64;47;526.348;MIUXYCNXVRPHMQ-UHFFFAOYSA-N;[H]c1nc2c([N-]S(=O)(=O)c3c([H])c([H])c([H])c(C(=O)N([H])c4c([H])c([H])c([H])c([N+](=O)[O-])c4[H])c3[H])c([H])c([H])c(Br)c2c([H])c1[H]
KJBARM.xaa_ZINC000101161848_165;-10.6885282;-11.515094;-11.215;60;534.504;QFKNLPMPRDFLBE-CLJLJLNGSA-M;[H]c1c([H])c([H])c(C(=O)Oc2c([H])c([H])c([C@@]3([H])N(c4c([H])c([H])c([H])c([N+](=O)[O-])c4[H])OC4=C([O-])N(c5c([H])c([H])c([H])c([H])c5[H])C(=O)[C@@]43[H])c([H])c2[H])c([H])c1[H]
KJBARM.xaa_ZINC000096022010_171;-10.213977000000002;-10.573899;-10.145;52;578.311;JGSHAEVOHKZPFV-UHFFFAOYSA-M;[H]c1c([H])c(Br)c([H])c(C(=O)c2c([H])c(C(=O)N([H])c3c([H])c([H])c([N+](=O)[O-])c([H])c3[H])c(=O)n(-c3c([H])c([H])c([N+](=O)[O-])c([H])c3[H])c2[H])c1[O-]
KJBARM.xaa_ZINC000001873727_172;-10.1291638;-10.54772;-11.691;66;573.611;CJKOAMGLNREIJQ-UHFFFAOYSA-M;[H]c1oc(C([H])([H])n2c([N-]S(=O)(=O)c3c([H])c([H])c([N+](=O)[O-])c([H])c3[H])c(C(=O)N([H])C3([H])C([H])([H])C([H])([H])C([H])([H])C([H])([H])C3([H])[H])c3nc4c([H])c([H])c([H])c([H])c4nc32)c([H])c1[H]
KJBARM.xaa_ZINC000096422931_175;-10.281798;-10.84477;-10.316;54;514.905;IGWDLZMZWFFQLI-UHFFFAOYSA-M;[H]/C(=C1\C(=O)N(C([H])([H])c2c([H])c([H])c([N+](=O)[O-])c([H])c2[H])C(=O)N1[H])c1c(-c2c([H])c([H])c([H])c([H])c2[H])[n-]n(-c2c([H])c([H])c([H])c([H])c2Cl)c1=O
KJBARM.xaa_ZINC000096422938_176;-10.2337454;-10.81029;-10.561;54;514.905;BTFFIBNXQWQFNE-UHFFFAOYSA-M;[H]/C(=C1\C(=O)N(C([H])([H])c2c([H])c([H])c([N+](=O)[O-])c([H])c2[H])C(=O)N1[H])c1c(-c2c([H])c([H])c([H])c([H])c2[H])[n-]n(-c2c([H])c([H])c(Cl)c([H])c2[H])c1=O
KJBARM.xaa_ZINC000096422944_177;-10.738942;-11.533064;-11.861;54;514.905;HUMCZSHADXKACR-UHFFFAOYSA-M;[H]/C(=C1\C(=O)N(C([H])([H])c2c([H])c([H])c([H])c([N+](=O)[O-])c2[H])C(=O)N1[H])c1c(-c2c([H])c([H])c([H])c([H])c2[H])[n-]n(-c2c([H])c([H])c([H])c([H])c2Cl)c1=O
KJBARM.xaa_ZINC000022852312_185;-10.0363322;-10.249545;-9.263;60;515.575;YNGMVELRQFTZOA-QFIPXVFZSA-M;[H]c1oc(-c2nc3sc([C@]([H])(c4c([H])c([H])c([N+](=O)[O-])c([H])c4[H])N4C([H])([H])C([H])([H])N(C([H])([H])c5c([H])c([H])c([H])c([H])c5[H])C([H])([H])C4([H])[H])c([O-])n3n2)c([H])c1[H]
KJBARM.xaa_ZINC000101408934_187;-10.2356794;-10.563315;-10.377;61;619.473;CGXVQWCUHYQCER-NFYDWNOTSA-M;[H]/C(c1c([H])c(Br)c([O-])c([N+](=O)[O-])c1[H])=c1/sc2n(c1=O)[C@]([H])(c1c([H])c([H])c(OC([H])([H])[H])c(OC([H])([H])[H])c1[H])C1=C(N=2)c2c([H])c([H])c([H])c([H])c2C([H])([H])C1([H])[H]
KJBARM.xaa_ZINC000101408939_189;-10.1438458;-10.493287;-8.929;61;619.473;CGXVQWCUHYQCER-ZFWDJNJRSA-M;[H]/C(c1c([H])c(Br)c([O-])c([N+](=O)[O-])c1[H])=c1/sc2n(c1=O)[C@@]([H])(c1c([H])c([H])c(OC([H])([H])[H])c(OC([H])([H])[H])c1[H])C1=C(N=2)c2c([H])c([H])c([H])c([H])c2C([H])([H])C1([H])[H]
KJBARM.xaa_ZINC000101461615_191;-10.116892;-10.572331;-9.538;53;577.411;WFNZFVSTQKFNFU-DKOMQPSQSA-M;[H]/C(c1c([H])c([N+](=O)[O-])c([H])c(Br)c1[O-])=c1/sc2n(c1=O)[C@]([H])(c1c([H])c([H])c(F)c([H])c1[H])C1=C(N=2)c2c([H])c([H])c([H])c([H])c2C([H])([H])C1([H])[H]
KJBARM.xaa_ZINC000101964119_196;-10.21478;-10.572632;-11.546;57;589.447;XURUVNPVDRGZDH-YXDQGSNCSA-M;[H]/C(c1c([H])c(Br)c([H])c([N+](=O)[O-])c1[O-])=c1\sc2n(c1=O)[C@]([H])(c1c([H])c([H])c([H])c(OC([H])([H])[H])c1[H])C1=C(N=2)c2c([H])c([H])c([H])c([H])c2C([H])([H])C1([H])[H]
KJBARM.xaa_ZINC000101964124_197;-10.0110358;-10.348055;-9.581;57;589.447;XURUVNPVDRGZDH-ITIZVALFSA-M;[H]/C(c1c([H])c(Br)c([H])c([N+](=O)[O-])c1[O-])=c1\sc2n(c1=O)[C@@]([H])(c1c([H])c([H])c([H])c(OC([H])([H])[H])c1[H])C1=C(N=2)c2c([H])c([H])c([H])c([H])c2C([H])([H])C1([H])[H]
KJBARM.xaa_ZINC000102042246_198;-10.1916908;-10.752324;-11.491;57;589.447;JQOAKNGIJIRKEH-YXDQGSNCSA-M;[H]/C(c1c([H])c([N+](=O)[O-])c([H])c(Br)c1[O-])=c1\sc2n(c1=O)[C@]([H])(c1c([H])c([H])c([H])c(OC([H])([H])[H])c1[H])C1=C(N=2)c2c([H])c([H])c([H])c([H])c2C([H])([H])C1([H])[H]
KJBARM.xaa_ZINC000102042260_199;-10.0501818;-10.359324;-9.664;57;589.447;JQOAKNGIJIRKEH-ITIZVALFSA-M;[H]/C(c1c([H])c([N+](=O)[O-])c([H])c(Br)c1[O-])=c1\sc2n(c1=O)[C@@]([H])(c1c([H])c([H])c([H])c(OC([H])([H])[H])c1[H])C1=C(N=2)c2c([H])c([H])c([H])c([H])c2C([H])([H])C1([H])[H]
KJBARM.xaa_ZINC000102412117_201;-10.646281;-11.308688;-10.949;61;524.513;AMFPYNBNGUVGQH-UHFFFAOYSA-M;[H]/C(=C1\C(=O)N(C([H])([H])c2c([H])c([H])c([H])c([N+](=O)[O-])c2[H])C(=O)N1[H])c1c(-c2c([H])c([H])c([H])c([H])c2OC([H])([H])[H])[n-]n(-c2c([H])c([H])c(C([H])([H])[H])c([H])c2[H])c1=O
KJBARM.xaa_ZINC000102412104_202;-10.6702274;-11.106604;-11.274;64;538.54;KEOQMUFPLOAAOC-UHFFFAOYSA-M;[H]/C(=C1\C(=O)N(C([H])([H])c2c([H])c([H])c([H])c([N+](=O)[O-])c2[H])C(=O)N1[H])c1c(-c2c([H])c([H])c([H])c([H])c2OC([H])([H])[H])[n-]n(-c2c([H])c([H])c(C([H])([H])[H])c([H])c2C([H])([H])[H])c1=O
KJBARM.xaa_ZINC000033357604_209;-10.2784908;-10.474664;-10.518;62;573.567;AAXDXXOKSULCPS-VXKWHMMOSA-M;[H]c1c([H])c([H])c(C([H])([H])SC2=N[C@@]([H])(c3c([H])c([H])c([H])c([N+](=O)[O-])c3[H])[C@@]3(C(=O)N=C([O-])N([H])C3=O)[C@]([H])(c3c([H])c([H])c([H])c([N+](=O)[O-])c3[H])N2[H])c(C([H])([H])[H])c1[H]
KJBARM.xaa_ZINC000033357603_210;-10.49614;-11.036709;-10.152;62;573.567;AAXDXXOKSULCPS-FGZHOGPDSA-M;[H]c1c([H])c([H])c(C([H])([H])SC2=N[C@]([H])(c3c([H])c([H])c([H])c([N+](=O)[O-])c3[H])[C@@]3(C(=O)N=C([O-])N([H])C3=O)[C@@]([H])(c3c([H])c([H])c([H])c([N+](=O)[O-])c3[H])N2[H])c(C([H])([H])[H])c1[H]
KJBARM.xaa_ZINC000033357602_211;-10.2746554;-10.493444;-10.092;62;573.567;KFXYZTCULZKEDI-SZPZYZBQSA-M;[H]c1c([H])c([H])c(C([H])([H])SC2=N[C@@]([H])(c3c([H])c([H])c([H])c([N+](=O)[O-])c3[H])[C@@]3(C(=O)[N-]C(=O)N([H])C3=O)[C@@]([H])(c3c([H])c([H])c([H])c([N+](=O)[O-])c3[H])N2[H])c(C([H])([H])[H])c1[H]
KHCBMN.xaa_ZINC000097986808_0;-10.0289688;-10.616415;-10.737;83;593.732;DHYZJKSYRYYNIF-UHFFFAOYSA-N;[H]c1c([H])c([H])c(C([H])([H])C([H])([H])n2c(=O)c3c([H])c([H])c([H])c([H])c3n3c(C([H])([H])C([H])([H])C(=O)N([H])C([H])([H])C([H])([H])C([H])([H])N4C([H])([H])C([H])([H])N(c5c([H])c([H])c(OC([H])([H])[H])c([H])c5[H])C([H])([H])C4([H])[H])nnc23)c([H])c1[H]
KHCBMN.xaa_ZINC000408992988_46;-10.3208081;-10.6831455;-10.014;59;577.6;UINPCIDONJOQBU-GJZGRUSLSA-N;[H]C(=C1C(=O)N([H])C(=O)N([H])C1=O)c1c([H])c([H])c(Sc2nc3c([H])c([H])c(N4C(=O)[C@@]5([H])C([H])([H])C([H])([H])C([H])([H])C([H])([H])[C@]5([H])C4=O)c([H])c3s2)c([N+](=O)[O-])c1[H]
KHCBMN.xaa_ZINC000150387018_110;-10.578157999999998;-11.011917;-12.557;79;702.767;KGCFHYFJMUXILO-YTTGMZPUSA-N;[H]Oc1c([H])c([H])c([C@@]([H])(C(=O)N([H])C2([H])C([H])([H])C([H])([H])C([H])([H])C2([H])[H])N(C(=O)C([H])([H])N2C(=O)c3c([H])c([H])c([H])c([H])c3S2(=O)=O)c2c([H])c([H])c3c(c2[H])N([H])S(=O)(=O)c2c([H])c([H])c([H])c([H])c2-3)c([H])c1O[H]
KHCBMN.xaa_ZINC000150387019_111;-10.3503364;-10.628805;-12.481;79;702.767;KGCFHYFJMUXILO-JGCGQSQUSA-N;[H]Oc1c([H])c([H])c([C@]([H])(C(=O)N([H])C2([H])C([H])([H])C([H])([H])C([H])([H])C2([H])[H])N(C(=O)C([H])([H])N2C(=O)c3c([H])c([H])c([H])c([H])c3S2(=O)=O)c2c([H])c([H])c3c(c2[H])N([H])S(=O)(=O)c2c([H])c([H])c([H])c([H])c2-3)c([H])c1O[H]
KHCBMN.xaa_ZINC000103757690_112;-10.0113172;-10.3129;-9.829;48;516.516;FFLLWVPUHHECSA-UHFFFAOYSA-N;[H]C(=C1C(=O)N([H])C(=O)N([H])C1=O)c1oc(Sc2nc3c([H])c([H])c(N4C(=O)c5c([H])c([H])c([H])c([H])c5C4=O)c([H])c3s2)c([H])c1[H]
KHCBMN.xaa_ZINC000408992990_211;-10.3201367;-10.686028;-10.024;59;577.6;UINPCIDONJOQBU-HUUCEWRRSA-N;[H]C(=C1C(=O)N([H])C(=O)N([H])C1=O)c1c([H])c([H])c(Sc2nc3c([H])c([H])c(N4C(=O)[C@]5([H])C([H])([H])C([H])([H])C([H])([H])C([H])([H])[C@@]5([H])C4=O)c([H])c3s2)c([N+](=O)[O-])c1[H]
KHCBMN.xaa_ZINC000408992987_212;-10.4052192;-10.513669;-11.045;59;577.6;UINPCIDONJOQBU-GASCZTMLSA-N;[H]C(=C1C(=O)N([H])C(=O)N([H])C1=O)c1c([H])c([H])c(Sc2nc3c([H])c([H])c(N4C(=O)[C@@]5([H])C([H])([H])C([H])([H])C([H])([H])C([H])([H])[C@@]5([H])C4=O)c([H])c3s2)c([N+](=O)[O-])c1[H]
KHCBMN.xaa_ZINC000409001727_214;-10.011514800000002;-10.314128;-8.945;56;505.443;QYWCINDDGSMKNC-ODLFYWEKSA-N;[H]/C(=C1\C(=O)N([H])C(=O)N(C([H])([H])[H])C1=O)c1c([H])c(C([H])([H])[H])n(-c2c([H])c([H])c(Oc3c([H])c([H])c([N+](=O)[O-])c([H])c3[N+](=O)[O-])c([H])c2[H])c1C([H])([H])[H]
KHCBMN.xaa_ZINC000409184217_269;-10.1903951;-10.417553;-11.26;52;534.377;FTPBXKHLLAVYHX-UHFFFAOYSA-N;[H]C(=C1C(=O)N([H])C(=O)N([H])C1=O)c1oc(C([H])([H])N(C([H])([H])c2c([H])c([H])c(Cl)c([H])c2[H])S(=O)(=O)c2c([H])c([H])c(Cl)c([H])c2[H])c([H])c1[H]
KJCAMN.xaa_ZINC000043194484_78;-10.4497942;-10.871383;-11.372;61;518.617;ZBFIDNLREQYXGG-UHFFFAOYSA-O;[H]c1c([H])c(-c2nc([N-]S(=O)(=O)c3c([H])c([H])c(OC([H])([H])[H])c(OC([H])([H])[H])c3[H])sc2C([H])([H])[N+]2([H])C([H])([H])C([H])([H])C([H])([H])C([H])([H])C2([H])[H])c([H])c([N+](=O)[O-])c1[H]
KHBBRM.xaa_ZINC000408763501_25;-10.1392855;-10.6972885;-8.54;66;586.602;PGYMPMOWMBLPKQ-VFHYMGCCSA-M;[H]/C(c1c([H])c(OC([H])([H])[H])c([O-])c([N+](=O)[O-])c1[H])=c1/sc2n(c1=O)[C@@]([H])(c1c([H])c([H])c(OC([H])([H])[H])c([H])c1[H])C(C(=O)OC([H])([H])C([H])([H])[H])=C(c1c([H])c([H])c([H])c([H])c1[H])N=2
KHBBRM.xaa_ZINC000408769229_26;-10.6642914;-11.262517;-9.485;64;571.591;MBKNEXCCQIBPHG-CBYYHRJHSA-M;[H]/C(c1c([H])c(OC([H])([H])[H])c([O-])c([N+](=O)[O-])c1[H])=c1/sc2n(c1=O)[C@]([H])(c1c([H])c([H])c([H])c(OC([H])([H])[H])c1[H])C(C(=O)N([H])c1c([H])c([H])c([H])c([H])c1[H])=C(C([H])([H])[H])N=2
KHBBRM.xaa_ZINC000408769232_28;-10.3122176;-10.788145;-8.958;64;571.591;MBKNEXCCQIBPHG-PNZYDNNZSA-M;[H]/C(c1c([H])c(OC([H])([H])[H])c([O-])c([N+](=O)[O-])c1[H])=c1/sc2n(c1=O)[C@@]([H])(c1c([H])c([H])c([H])c(OC([H])([H])[H])c1[H])C(C(=O)N([H])c1c([H])c([H])c([H])c([H])c1[H])=C(C([H])([H])[H])N=2
KHBBRM.xaa_ZINC000408773969_29;-10.1106852;-10.733458;-9.566;59;555.548;URIMXRXTPIMIKS-ITIZVALFSA-M;[H]/C(c1c([H])c([N+](=O)[O-])c([O-])c([N+](=O)[O-])c1[H])=c1\sc2n(c1=O)[C@@]([H])(c1c([H])c([H])c([H])c(OC([H])([H])[H])c1[H])C1=C(N=2)c2c([H])c([H])c([H])c([H])c2C([H])([H])C1([H])[H]
KHBBRM.xaa_ZINC000408773974_30;-10.367711600000002;-10.977524;-11.587;59;555.548;URIMXRXTPIMIKS-YXDQGSNCSA-M;[H]/C(c1c([H])c([N+](=O)[O-])c([O-])c([N+](=O)[O-])c1[H])=c1\sc2n(c1=O)[C@]([H])(c1c([H])c([H])c([H])c(OC([H])([H])[H])c1[H])C1=C(N=2)c2c([H])c([H])c([H])c([H])c2C([H])([H])C1([H])[H]
KHBBRM.xaa_ZINC000408791230_31;-10.0804927;-10.2416525;-9.163;58;544.54;XNRNDYNEMFVDPO-BQKWAYIGSA-M;[H]/C(c1c([H])c([N+](=O)[O-])c([H])c([H])c1[O-])=c1/sc2n(c1=O)[C@]([H])(c1c([H])c([H])c(F)c([H])c1[H])C(C(=O)OC([H])([H])C([H])([H])[H])=C(c1c([H])c([H])c([H])c([H])c1[H])N=2
KHBBRM.xaa_ZINC000408791231_32;-10.0686402;-10.289751;-9.791;58;544.54;XNRNDYNEMFVDPO-GMPUOFRTSA-M;[H]/C(c1c([H])c([N+](=O)[O-])c([H])c([H])c1[O-])=c1/sc2n(c1=O)[C@@]([H])(c1c([H])c([H])c(F)c([H])c1[H])C(C(=O)OC([H])([H])C([H])([H])[H])=C(c1c([H])c([H])c([H])c([H])c1[H])N=2
KHBBRM.xaa_ZINC000408841501_34;-10.0754658;-10.975043;-11.009;52;531.551;JJYCKDSKATVZDT-PZDOZLBDSA-M;[H]/C(c1c([H])c([N+](=O)[O-])c([O-])c([N+](=O)[O-])c1[H])=c1\sc2n(c1=O)[C@]([H])(c1sc([H])c([H])c1[H])C1=C(N=2)c2c([H])c([H])c([H])c([H])c2C([H])([H])C1([H])[H]
KHBBRM.xaa_ZINC000408847029_35;-10.9066205;-11.65116;-8.722;65;600.589;OSPSRBIQLFKZDP-CBYYHRJHSA-M;[H]/C(c1c([H])c([N+](=O)[O-])c([H])c([N+](=O)[O-])c1[O-])=c1/sc2n(c1=O)[C@]([H])(c1c([H])c([H])c(OC([H])([H])C([H])([H])[H])c([H])c1[H])C(C(=O)N([H])c1c([H])c([H])c([H])c([H])c1[H])=C(C([H])([H])[H])N=2
KHBBRM.xaa_ZINC000408851717_36;-11.0549946;-11.736706;-8.538;65;600.589;MZWRLEYLTWTMMZ-LWUPDDLQSA-M;[H]/C(c1c([H])c([N+](=O)[O-])c([O-])c([N+](=O)[O-])c1[H])=c1/sc2n(c1=O)[C@]([H])(c1c([H])c([H])c(OC([H])([H])C([H])([H])[H])c([H])c1[H])C(C(=O)N([H])c1c([H])c([H])c([H])c([H])c1[H])=C(C([H])([H])[H])N=2
KHBBRM.xaa_ZINC000408853369_37;-10.1913238;-10.498313;-9.884;61;648.455;RQVUASGFGUJJAN-AFHVAHMMSA-M;[H]/C(c1c([H])c(I)c([O-])c([N+](=O)[O-])c1[H])=c1/sc2n(c1=O)[C@@]([H])(c1c([H])c([H])c(OC([H])(C([H])([H])[H])C([H])([H])[H])c([H])c1[H])C(C(=O)OC([H])([H])C([H])([H])[H])=C(C([H])([H])[H])N=2
KHBBRM.xaa_ZINC000408854101_38;-10.2053016;-10.4318;-10.671;61;601.455;XORKDMCJIQTIEP-IYMWYRQMSA-M;[H]/C(c1c([H])c([N+](=O)[O-])c([H])c(Br)c1[O-])=c1/sc2n(c1=O)[C@@]([H])(c1c([H])c([H])c(OC([H])(C([H])([H])[H])C([H])([H])[H])c([H])c1[H])C(C(=O)OC([H])([H])C([H])([H])[H])=C(C([H])([H])[H])N=2
KHBBRM.xaa_ZINC000408853717_39;-10.4427052;-11.277288;-9.074;67;585.618;RASNFGSAQSTOSP-GTWFGUSFSA-M;[H]/C(c1c([H])c(OC([H])([H])[H])c([O-])c([N+](=O)[O-])c1[H])=c1/sc2n(c1=O)[C@]([H])(c1c([H])c([H])c(OC([H])([H])C([H])([H])[H])c([H])c1[H])C(C(=O)N([H])c1c([H])c([H])c([H])c([H])c1[H])=C(C([H])([H])[H])N=2
KHBBRM.xaa_ZINC000408874557_40;-10.018469;-10.1466;-10.489;57;514.539;BRCXZVPSBRNHPO-YMSBRDKKSA-M;[H]/C(c1c([H])c([H])c([O-])c([N+](=O)[O-])c1[H])=c1/sc2n(c1=O)[C@@]([H])(c1c([H])c([H])c([H])c3c([H])c([H])c([H])c([H])c13)C(C(=O)OC([H])([H])C([H])([H])[H])=C(C([H])([H])[H])N=2
KHBBRM.xaa_ZINC000409035077_55;-10.3259995;-10.821817;-10.467;75;662.653;PARSHXOKWBCDBE-ZKEKZPBLSA-M;[H]/C(c1oc(-c2c([H])c([N+](=O)[O-])c([H])c([H])c2[O-])c([H])c1[H])=c1/sc2n(c1=O)[C@]([H])(c1c([H])c([H])c(OC([H])([H])C(=O)OC([H])([H])[H])c(OC([H])([H])C([H])([H])[H])c1[H])C(C(=O)OC([H])([H])C([H])([H])[H])=C(C([H])([H])[H])N=2
KHBBRM.xaa_ZINC000409082003_63;-10.1904346;-10.667238;-10.793;64;571.591;REDHTGGOJGZIFN-PNZYDNNZSA-M;[H]/C(c1c([H])c([N+](=O)[O-])c([H])c(OC([H])([H])[H])c1[O-])=c1/sc2n(c1=O)[C@@]([H])(c1c([H])c([H])c(OC([H])([H])[H])c([H])c1[H])C(C(=O)N([H])c1c([H])c([H])c([H])c([H])c1[H])=C(C([H])([H])[H])N=2
KHBBRM.xaa_ZINC000038202777_68;-10.0580199;-10.209404;-8.859;60;506.56;DLZBOMAVOTWHBN-QCHPHUCNSA-M;[H]/C(c1c([H])c([H])c([O-])c([N+](=O)[O-])c1[H])=c1/sc2n(c1=O)[C@]([H])(c1c([H])c([H])c(C([H])(C([H])([H])[H])C([H])([H])[H])c([H])c1[H])C(C(=O)OC([H])([H])C([H])([H])[H])=C(C([H])([H])[H])N=2
KHBBRM.xaa_ZINC000038202778_69;-10.035377;-10.420912;-9.24;60;506.56;DLZBOMAVOTWHBN-VZIOXZNFSA-M;[H]/C(c1c([H])c([H])c([O-])c([N+](=O)[O-])c1[H])=c1/sc2n(c1=O)[C@@]([H])(c1c([H])c([H])c(C([H])(C([H])([H])[H])C([H])([H])[H])c([H])c1[H])C(C(=O)OC([H])([H])C([H])([H])[H])=C(C([H])([H])[H])N=2
KHBBRM.xaa_ZINC000585265509_84;-10.586953;-11.148056;-11.321;65;522.607;NLLXKMCEWOSGNJ-UHFFFAOYSA-M;[H]c1nc(N(C([H])([H])[H])C([H])([H])C([H])([H])c2c([H])c([H])c([H])c([H])c2[H])nc(C([H])([H])C2([H])C([H])([H])C([H])([H])C([H])([H])C2([H])[H])c1C(=O)[N-]S(=O)(=O)c1c([H])c([H])c([H])c([N+](=O)[O-])c1[H]
KHBBRM.xaa_ZINC000585265726_85;-10.4978972;-10.991055;-11.563;69;574.639;RMIMYJULLLOYIZ-UHFFFAOYSA-M;[H]c1nc(N(C([H])([H])[H])C([H])([H])C([H])([H])c2c([H])c([H])c([H])c([H])c2[H])nc(C([H])([H])C([H])([H])c2c([H])c([H])c([H])c(OC([H])([H])[H])c2[H])c1C(=O)[N-]S(=O)(=O)c1c([H])c([H])c([H])c([N+](=O)[O-])c1[H]
KHBBRM.xaa_ZINC000585265285_87;-10.4906768;-10.797327;-11.095;66;560.612;GSOSUADFLONQTB-UHFFFAOYSA-M;[H]c1nc(N(C([H])([H])[H])C([H])([H])C([H])([H])c2c([H])c([H])c([H])c([H])c2[H])nc(C([H])([H])c2c([H])c([H])c(OC([H])([H])[H])c([H])c2[H])c1C(=O)[N-]S(=O)(=O)c1c([H])c([H])c([H])c([N+](=O)[O-])c1[H]
KHBBRM.xaa_ZINC000585265311_88;-10.1159216;-10.459955;-10.73;65;522.607;IKWJHZUBBSAYQI-UHFFFAOYSA-M;[H]c1nc(N2C([H])([H])C([H])([H])C([H])(C([H])([H])c3c([H])c([H])c([H])c([H])c3[H])C([H])([H])C2([H])[H])nc(C([H])([H])C([H])([H])C([H])([H])[H])c1C(=O)[N-]S(=O)(=O)c1c([H])c([H])c([H])c([N+](=O)[O-])c1[H]
KHBBRM.xaa_ZINC000585265674_89;-10.483973;-10.899846;-11.903;63;542.597;OHXPWEYNIZSNIQ-UHFFFAOYSA-M;[H]c1nc(N2C([H])([H])c3c([H])c([H])c([H])c([H])c3C([H])([H])C2([H])[H])nc(C([H])([H])c2c([H])c([H])c([H])c(C([H])([H])[H])c2[H])c1C(=O)[N-]S(=O)(=O)c1c([H])c([H])c([N+](=O)[O-])c([H])c1[H]
KHBBRM.xaa_ZINC000585265695_91;-10.4476764;-10.896979;-11.679;70;586.65;PKOIGCLMPYROKD-UHFFFAOYSA-M;[H]c1nc(N2C([H])([H])C([H])([H])c3c([H])c([H])c([H])c([H])c3C([H])([H])C2([H])[H])nc(C([H])([H])C([H])([H])c2c([H])c([H])c([H])c(OC([H])([H])[H])c2[H])c1C(=O)[N-]S(=O)(=O)c1c([H])c([H])c([H])c([N+](=O)[O-])c1[H]
KHBBRM.xaa_ZINC000585265661_94;-11.1715212;-11.304886;-12.097;63;542.597;NZDVXGPCEVZSPK-UHFFFAOYSA-M;[H]c1nc(N2C([H])([H])c3c([H])c([H])c([H])c([H])c3C([H])([H])C2([H])[H])nc(C([H])([H])c2c([H])c([H])c([H])c(C([H])([H])[H])c2[H])c1C(=O)[N-]S(=O)(=O)c1c([H])c([H])c([H])c([N+](=O)[O-])c1[H]
KHBBRM.xaa_ZINC000257269067_100;-10.4311262;-10.69013;-11.775;63;542.597;MOKSVLWVEIXICL-UHFFFAOYSA-M;[H]c1nc(N2C([H])([H])c3c([H])c([H])c([H])c([H])c3C([H])([H])C2([H])[H])nc(C([H])([H])c2c([H])c([H])c([H])c(C([H])([H])[H])c2[H])c1C(=O)[N-]S(=O)(=O)c1c([H])c([H])c([H])c([H])c1[N+](=O)[O-]
KHBBRM.xaa_ZINC000103862927_108;-10.2807578;-10.595866;-9.833;58;526.55;LXMCMQBSESTALT-YVVITCHPSA-M;[H]/C(c1c([H])c([H])c([O-])c([N+](=O)[O-])c1[H])=c1/sc2n(c1=O)[C@@]([H])(c1c([H])c([H])c([H])c([H])c1[H])C(C(=O)OC([H])([H])C([H])([H])[H])=C(c1c([H])c([H])c([H])c([H])c1[H])N=2
KHBBRM.xaa_ZINC000103862922_109;-10.3209446;-10.612953;-9.142;58;526.55;LXMCMQBSESTALT-GJISQHIDSA-M;[H]/C(c1c([H])c([H])c([O-])c([N+](=O)[O-])c1[H])=c1/sc2n(c1=O)[C@]([H])(c1c([H])c([H])c([H])c([H])c1[H])C(C(=O)OC([H])([H])C([H])([H])[H])=C(c1c([H])c([H])c([H])c([H])c1[H])N=2
KHBBRM.xaa_ZINC000103863246_110;-10.1041574;-10.377139;-9.243;62;556.576;BEJNMQIGPOATQW-VFHYMGCCSA-M;[H]/C(c1c([H])c([N+](=O)[O-])c([H])c([H])c1[O-])=c1/sc2n(c1=O)[C@@]([H])(c1c([H])c([H])c(OC([H])([H])[H])c([H])c1[H])C(C(=O)OC([H])([H])C([H])([H])[H])=C(c1c([H])c([H])c([H])c([H])c1[H])N=2
KHBBRM.xaa_ZINC000103863240_111;-10.1240156;-10.238191;-10.025;62;556.576;BEJNMQIGPOATQW-HZHYMEEXSA-M;[H]/C(c1c([H])c([N+](=O)[O-])c([H])c([H])c1[O-])=c1/sc2n(c1=O)[C@]([H])(c1c([H])c([H])c(OC([H])([H])[H])c([H])c1[H])C(C(=O)OC([H])([H])C([H])([H])[H])=C(c1c([H])c([H])c([H])c([H])c1[H])N=2
KHBBRM.xaa_ZINC000058856471_115;-10.1076068;-10.458376;-10.161;57;510.551;PXICXJGOVVCKLE-RISWYLRJSA-M;[H]/C(c1c([H])c([H])c([O-])c([N+](=O)[O-])c1[H])=c1/sc2n(c1=O)[C@@]([H])(c1c([H])c([H])c([H])c([H])c1OC([H])([H])[H])C1=C(N=2)c2c([H])c([H])c([H])c([H])c2C([H])([H])C1([H])[H]
KHBBRM.xaa_ZINC000104655486_118;-10.0794681;-10.389154;-10.163;61;540.577;XKGBLJOOJYOJTH-RISWYLRJSA-M;[H]/C(c1c([H])c(OC([H])([H])[H])c([O-])c([N+](=O)[O-])c1[H])=c1/sc2n(c1=O)[C@@]([H])(c1c([H])c([H])c([H])c([H])c1OC([H])([H])[H])C1=C(N=2)c2c([H])c([H])c([H])c([H])c2C([H])([H])C1([H])[H]
KHBBRM.xaa_ZINC000104658560_122;-10.094938;-10.383183;-10.151;61;540.577;HTDIPPGJCFGNKE-ORVZPOCUSA-M;[H]/C(c1c([H])c([H])c([O-])c([N+](=O)[O-])c1[H])=c1/sc2n(c1=O)[C@]([H])(c1c([H])c([H])c(OC([H])([H])[H])c(OC([H])([H])[H])c1[H])C1=C(N=2)c2c([H])c([H])c([H])c([H])c2C([H])([H])C1([H])[H]
KHBBRM.xaa_ZINC000104658564_123;-10.0268628;-10.442947;-9.106;61;540.577;HTDIPPGJCFGNKE-IYVASWNSSA-M;[H]/C(c1c([H])c([H])c([O-])c([N+](=O)[O-])c1[H])=c1/sc2n(c1=O)[C@@]([H])(c1c([H])c([H])c(OC([H])([H])[H])c(OC([H])([H])[H])c1[H])C1=C(N=2)c2c([H])c([H])c([H])c([H])c2C([H])([H])C1([H])[H]
KHBBRM.xaa_ZINC000104658784_124;-10.4147154;-10.803354;-9.5;63;585.574;DHSMLZDGXCGXSC-NFYDWNOTSA-M;[H]/C(c1c([H])c([N+](=O)[O-])c([O-])c([N+](=O)[O-])c1[H])=c1/sc2n(c1=O)[C@]([H])(c1c([H])c([H])c(OC([H])([H])[H])c(OC([H])([H])[H])c1[H])C1=C(N=2)c2c([H])c([H])c([H])c([H])c2C([H])([H])C1([H])[H]
KHBBRM.xaa_ZINC000104658788_125;-10.323912;-10.76901;-8.202;63;585.574;DHSMLZDGXCGXSC-ZFWDJNJRSA-M;[H]/C(c1c([H])c([N+](=O)[O-])c([O-])c([N+](=O)[O-])c1[H])=c1/sc2n(c1=O)[C@@]([H])(c1c([H])c([H])c(OC([H])([H])[H])c(OC([H])([H])[H])c1[H])C1=C(N=2)c2c([H])c([H])c([H])c([H])c2C([H])([H])C1([H])[H]
KHBBRM.xaa_ZINC000142854722_150;-10.0515594;-10.498453;-10.237;57;510.551;PAAINQNZWYXLQK-GJFKPFFXSA-M;[H]/C(c1c([H])c(OC([H])([H])[H])c([O-])c([N+](=O)[O-])c1[H])=c1/sc2n(c1=O)[C@@]([H])(c1c([H])c([H])c([H])c([H])c1[H])C1=C(N=2)c2c([H])c([H])c([H])c([H])c2C([H])([H])C1([H])[H]
KHBBRM.xaa_ZINC000142854957_151;-10.1628644;-10.603429;-9.82;57;510.551;PAAINQNZWYXLQK-LWUPDDLQSA-M;[H]/C(c1c([H])c(OC([H])([H])[H])c([O-])c([N+](=O)[O-])c1[H])=c1/sc2n(c1=O)[C@]([H])(c1c([H])c([H])c([H])c([H])c1[H])C1=C(N=2)c2c([H])c([H])c([H])c([H])c2C([H])([H])C1([H])[H]
KHBBRM.xaa_ZINC000103791295_161;-11.0766341;-11.5440235;-10.629;55;525.522;MDKWTSPVBSLCQG-YXDQGSNCSA-M;[H]/C(c1c([H])c([H])c([O-])c([N+](=O)[O-])c1[H])=c1\sc2n(c1=O)[C@]([H])(c1c([H])c([H])c([H])c([N+](=O)[O-])c1[H])C1=C(N=2)c2c([H])c([H])c([H])c([H])c2C([H])([H])C1([H])[H]
KHBBRM.xaa_ZINC000103791301_162;-10.72964;-11.32218;-9.151;55;525.522;MDKWTSPVBSLCQG-ITIZVALFSA-M;[H]/C(c1c([H])c([H])c([O-])c([N+](=O)[O-])c1[H])=c1\sc2n(c1=O)[C@@]([H])(c1c([H])c([H])c([H])c([N+](=O)[O-])c1[H])C1=C(N=2)c2c([H])c([H])c([H])c([H])c2C([H])([H])C1([H])[H]
KHBBRM.xaa_ZINC000060028609_167;-10.3377092;-10.823743;-11.039;64;595.639;OASLJNURQGFATP-UHFFFAOYSA-M;[H]c1c(C([H])([H])[H])nc([N-]S(=O)(=O)c2c([H])c([H])c(N([H])C(=O)C([H])([H])N(c3c([H])c([H])c([N+](=O)[O-])c([H])c3[H])S(=O)(=O)c3c([H])c([H])c([H])c([H])c3[H])c([H])c2[H])nc1C([H])([H])[H]
KHBBRM.xaa_ZINC000060028789_168;-10.6376584;-11.13031;-10.406;59;566.597;YTGBQVIHUVCZPU-UHFFFAOYSA-M;[H]c1nc([N-]S(=O)(=O)c2c([H])c([H])c(N([H])C(=O)C([H])([H])N(c3c([H])c([H])c([H])c([N+](=O)[O-])c3[H])S(=O)(=O)c3c([H])c([H])c([H])c([H])c3[H])c([H])c2[H])c([H])c([H])c1[H]
KHBBRM.xaa_ZINC000060059954_169;-10.8746812;-11.485648;-10.902;64;595.639;KTIJOQOSSIACCZ-UHFFFAOYSA-M;[H]c1c(C([H])([H])[H])nc([N-]S(=O)(=O)c2c([H])c([H])c(N([H])C(=O)C([H])([H])N(c3c([H])c([H])c([H])c([N+](=O)[O-])c3[H])S(=O)(=O)c3c([H])c([H])c([H])c([H])c3[H])c([H])c2[H])nc1C([H])([H])[H]
KHBBRM.xaa_ZINC000163683526_173;-10.0105058;-10.294004;-9.069;51;624.82;XZBQYCIMXAKCMJ-WSDUQJHMSA-M;[H]/C(c1c([H])c(I)c([O-])c([N+](=O)[O-])c1[H])=c1/sc2n(c1=O)[C@]([H])(c1c([H])c([H])c(Cl)c([H])c1[H])C(C(=O)OC([H])([H])C([H])([H])[H])=C(C([H])([H])[H])N=2
KHBBRM.xaa_ZINC000163683624_174;-10.022333;-10.414413;-9.593;51;624.82;XZBQYCIMXAKCMJ-DDYRAIOVSA-M;[H]/C(c1c([H])c(I)c([O-])c([N+](=O)[O-])c1[H])=c1/sc2n(c1=O)[C@@]([H])(c1c([H])c([H])c(Cl)c([H])c1[H])C(C(=O)OC([H])([H])C([H])([H])[H])=C(C([H])([H])[H])N=2
KHBBRM.xaa_ZINC000408757235_200;-10.5189558;-10.976809;-9.036;59;555.548;LGUMXLGNJPGAHQ-CBYYHRJHSA-M;[H]/C(c1c([H])c([N+](=O)[O-])c([O-])c([N+](=O)[O-])c1[H])=c1/sc2n(c1=O)[C@]([H])(c1c([H])c([H])c(OC([H])([H])[H])c([H])c1[H])C1=C(N=2)c2c([H])c([H])c([H])c([H])c2C([H])([H])C1([H])[H]
KHBBRM.xaa_ZINC000408757239_201;-10.4656414;-10.987569;-8.123;59;555.548;LGUMXLGNJPGAHQ-PNZYDNNZSA-M;[H]/C(c1c([H])c([N+](=O)[O-])c([O-])c([N+](=O)[O-])c1[H])=c1/sc2n(c1=O)[C@@]([H])(c1c([H])c([H])c(OC([H])([H])[H])c([H])c1[H])C1=C(N=2)c2c([H])c([H])c([H])c([H])c2C([H])([H])C1([H])[H]
KHBBRM.xaa_ZINC000408755774_203;-10.2820667;-10.659888;-9.047;62;556.576;MVRJBQLXBIGSGE-GJISQHIDSA-M;[H]/C(c1c([H])c(OC([H])([H])[H])c([O-])c([N+](=O)[O-])c1[H])=c1/sc2n(c1=O)[C@]([H])(c1c([H])c([H])c([H])c([H])c1[H])C(C(=O)OC([H])([H])C([H])([H])[H])=C(c1c([H])c([H])c([H])c([H])c1[H])N=2
KHBBRM.xaa_ZINC000408755979_204;-10.0340237;-10.573836;-9.211;61;540.577;GQQAEVKWVAEOJS-RISWYLRJSA-M;[H]/C(c1c([H])c(OC([H])([H])[H])c([O-])c([N+](=O)[O-])c1[H])=c1/sc2n(c1=O)[C@@]([H])(c1c([H])c([H])c(OC([H])([H])[H])c([H])c1[H])C1=C(N=2)c2c([H])c([H])c([H])c([H])c2C([H])([H])C1([H])[H]
KHBBRM.xaa_ZINC000408755973_205;-10.0369068;-10.546277;-9.9;61;540.577;GQQAEVKWVAEOJS-LMSRTUJASA-M;[H]/C(c1c([H])c(OC([H])([H])[H])c([O-])c([N+](=O)[O-])c1[H])=c1/sc2n(c1=O)[C@]([H])(c1c([H])c([H])c(OC([H])([H])[H])c([H])c1[H])C1=C(N=2)c2c([H])c([H])c([H])c([H])c2C([H])([H])C1([H])[H]
KHBBRM.xaa_ZINC000408755780_206;-10.2847492;-10.723206;-9.829;62;556.576;MVRJBQLXBIGSGE-YVVITCHPSA-M;[H]/C(c1c([H])c(OC([H])([H])[H])c([O-])c([N+](=O)[O-])c1[H])=c1/sc2n(c1=O)[C@@]([H])(c1c([H])c([H])c([H])c([H])c1[H])C(C(=O)OC([H])([H])C([H])([H])[H])=C(c1c([H])c([H])c([H])c([H])c1[H])N=2
KHBBRM.xaa_ZINC000408754231_207;-10.5242926;-11.075081;-10.088;55;525.522;FMCSWMAUFMUDMO-YMSBRDKKSA-M;[H]/C(c1c([H])c([N+](=O)[O-])c([O-])c([N+](=O)[O-])c1[H])=c1/sc2n(c1=O)[C@@]([H])(c1c([H])c([H])c([H])c([H])c1[H])C1=C(N=2)c2c([H])c([H])c([H])c([H])c2C([H])([H])C1([H])[H]
KHBBRM.xaa_ZINC000408754228_208;-10.6591786;-11.169625;-9.39;55;525.522;FMCSWMAUFMUDMO-IGSWSUAKSA-M;[H]/C(c1c([H])c([N+](=O)[O-])c([O-])c([N+](=O)[O-])c1[H])=c1/sc2n(c1=O)[C@]([H])(c1c([H])c([H])c([H])c([H])c1[H])C1=C(N=2)c2c([H])c([H])c([H])c([H])c2C([H])([H])C1([H])[H]
KHBBRM.xaa_ZINC000408758699_215;-10.2054474;-10.509951;-9.185;62;556.576;PJKCOJARTXFEQF-HZHYMEEXSA-M;[H]/C(c1c([H])c([H])c([O-])c([N+](=O)[O-])c1[H])=c1/sc2n(c1=O)[C@]([H])(c1c([H])c([H])c(OC([H])([H])[H])c([H])c1[H])C(C(=O)OC([H])([H])C([H])([H])[H])=C(c1c([H])c([H])c([H])c([H])c1[H])N=2
KHBBRM.xaa_ZINC000408758700_216;-10.1569803;-10.571833;-8.338;62;556.576;PJKCOJARTXFEQF-VFHYMGCCSA-M;[H]/C(c1c([H])c([H])c([O-])c([N+](=O)[O-])c1[H])=c1/sc2n(c1=O)[C@@]([H])(c1c([H])c([H])c(OC([H])([H])[H])c([H])c1[H])C(C(=O)OC([H])([H])C([H])([H])[H])=C(c1c([H])c([H])c([H])c([H])c1[H])N=2
KHBBRM.xaa_ZINC000408757723_217;-10.1716604;-10.954291;-9.695;59;555.548;PKKKPXKTJJWISF-CBYYHRJHSA-M;[H]/C(c1c([H])c([N+](=O)[O-])c([O-])c([N+](=O)[O-])c1[H])=c1/sc2n(c1=O)[C@]([H])(c1c([H])c([H])c([H])c([H])c1OC([H])([H])[H])C1=C(N=2)c2c([H])c([H])c([H])c([H])c2C([H])([H])C1([H])[H]
KHBBRM.xaa_ZINC000408757724_218;-10.5784234;-11.002712;-10.036;59;555.548;PKKKPXKTJJWISF-PNZYDNNZSA-M;[H]/C(c1c([H])c([N+](=O)[O-])c([O-])c([N+](=O)[O-])c1[H])=c1/sc2n(c1=O)[C@@]([H])(c1c([H])c([H])c([H])c([H])c1OC([H])([H])[H])C1=C(N=2)c2c([H])c([H])c([H])c([H])c2C([H])([H])C1([H])[H]
KHBBRM.xaa_ZINC000408763497_220;-10.137046800000002;-10.523857;-9.1;66;586.602;PGYMPMOWMBLPKQ-HZHYMEEXSA-M;[H]/C(c1c([H])c(OC([H])([H])[H])c([O-])c([N+](=O)[O-])c1[H])=c1/sc2n(c1=O)[C@]([H])(c1c([H])c([H])c(OC([H])([H])[H])c([H])c1[H])C(C(=O)OC([H])([H])C([H])([H])[H])=C(c1c([H])c([H])c([H])c([H])c1[H])N=2
KHBBRM.xaa_ZINC000408781851_224;-10.6126822;-10.991605;-8.0;60;589.537;FHSSGDGGCIBEIP-DNQIBQKISA-M;[H]/C(c1c([H])c([N+](=O)[O-])c([H])c([N+](=O)[O-])c1[O-])=c1/sc2n(c1=O)[C@@]([H])(c1c([H])c([H])c(F)c([H])c1[H])C(C(=O)OC([H])([H])C([H])([H])[H])=C(c1c([H])c([H])c([H])c([H])c1[H])N=2
KHBBRM.xaa_ZINC000408781853_225;-10.6111574;-10.918573;-8.836;60;589.537;FHSSGDGGCIBEIP-NIQJEMAJSA-M;[H]/C(c1c([H])c([N+](=O)[O-])c([H])c([N+](=O)[O-])c1[O-])=c1/sc2n(c1=O)[C@]([H])(c1c([H])c([H])c(F)c([H])c1[H])C(C(=O)OC([H])([H])C([H])([H])[H])=C(c1c([H])c([H])c([H])c([H])c1[H])N=2
KHBBRM.xaa_ZINC000408785167_226;-10.7247925;-11.146312;-8.634;60;589.537;ZEDDDZNWNGHGJX-OBVMJLIASA-M;[H]/C(c1c([H])c([N+](=O)[O-])c([O-])c([N+](=O)[O-])c1[H])=c1/sc2n(c1=O)[C@]([H])(c1c([H])c([H])c(F)c([H])c1[H])C(C(=O)OC([H])([H])C([H])([H])[H])=C(c1c([H])c([H])c([H])c([H])c1[H])N=2
KHBBRM.xaa_ZINC000408785169_227;-10.7028744;-11.143526;-8.985;60;589.537;ZEDDDZNWNGHGJX-WNOSOOIWSA-M;[H]/C(c1c([H])c([N+](=O)[O-])c([O-])c([N+](=O)[O-])c1[H])=c1/sc2n(c1=O)[C@@]([H])(c1c([H])c([H])c(F)c([H])c1[H])C(C(=O)OC([H])([H])C([H])([H])[H])=C(c1c([H])c([H])c([H])c([H])c1[H])N=2
KHBBRM.xaa_ZINC000408783386_228;-10.1170388;-10.507241;-9.011;62;574.566;KWONJTZUVOPTEQ-BQKWAYIGSA-M;[H]/C(c1c([H])c(OC([H])([H])[H])c([O-])c([N+](=O)[O-])c1[H])=c1/sc2n(c1=O)[C@]([H])(c1c([H])c([H])c(F)c([H])c1[H])C(C(=O)OC([H])([H])C([H])([H])[H])=C(c1c([H])c([H])c([H])c([H])c1[H])N=2
KHBBRM.xaa_ZINC000408783390_229;-10.1138445;-10.5581665;-8.329;62;574.566;KWONJTZUVOPTEQ-GMPUOFRTSA-M;[H]/C(c1c([H])c(OC([H])([H])[H])c([O-])c([N+](=O)[O-])c1[H])=c1/sc2n(c1=O)[C@@]([H])(c1c([H])c([H])c(F)c([H])c1[H])C(C(=O)OC([H])([H])C([H])([H])[H])=C(c1c([H])c([H])c([H])c([H])c1[H])N=2
KHBBRM.xaa_ZINC000408788469_230;-10.1740484;-10.495713;-9.104;58;544.54;FSBVCBFASWFGEQ-BQKWAYIGSA-M;[H]/C(c1c([H])c([H])c([O-])c([N+](=O)[O-])c1[H])=c1/sc2n(c1=O)[C@]([H])(c1c([H])c([H])c(F)c([H])c1[H])C(C(=O)OC([H])([H])C([H])([H])[H])=C(c1c([H])c([H])c([H])c([H])c1[H])N=2
KHBBRM.xaa_ZINC000408788471_231;-10.1257346;-10.453314;-9.122;58;544.54;FSBVCBFASWFGEQ-GMPUOFRTSA-M;[H]/C(c1c([H])c([H])c([O-])c([N+](=O)[O-])c1[H])=c1/sc2n(c1=O)[C@@]([H])(c1c([H])c([H])c(F)c([H])c1[H])C(C(=O)OC([H])([H])C([H])([H])[H])=C(c1c([H])c([H])c([H])c([H])c1[H])N=2
KHBBRM.xaa_ZINC000215989857_243;-10.3362436;-10.906669;-10.465;59;566.597;CHIXVKSSUNOAFD-UHFFFAOYSA-N;[H]c1nc([H])c([N-]S(=O)(=O)c2c([H])c([H])c(N([H])C(=O)C([H])([H])N(c3c([H])c([H])c([H])c([N+](=O)[O-])c3[H])S(=O)(=O)c3c([H])c([H])c([H])c([H])c3[H])c([H])c2[H])c([H])c1[H]
KHBBRM.xaa_ZINC000215990602_244;-10.0138326;-10.284241;-10.84;59;566.597;VFYZOGMBABJJSQ-UHFFFAOYSA-M;[H]c1nc([N-]S(=O)(=O)c2c([H])c([H])c(N([H])C(=O)C([H])([H])N(c3c([H])c([H])c([N+](=O)[O-])c([H])c3[H])S(=O)(=O)c3c([H])c([H])c([H])c([H])c3[H])c([H])c2[H])c([H])c([H])c1[H]
KHBBRM.xaa_ZINC000408853371_251;-10.2801414;-10.452057;-9.321;61;648.455;RQVUASGFGUJJAN-ZRELAVNMSA-M;[H]/C(c1c([H])c(I)c([O-])c([N+](=O)[O-])c1[H])=c1/sc2n(c1=O)[C@]([H])(c1c([H])c([H])c(OC([H])(C([H])([H])[H])C([H])([H])[H])c([H])c1[H])C(C(=O)OC([H])([H])C([H])([H])[H])=C(C([H])([H])[H])N=2
KHBBRM.xaa_ZINC000408847040_252;-10.6495772;-10.958214;-9.372;65;600.589;OSPSRBIQLFKZDP-PNZYDNNZSA-M;[H]/C(c1c([H])c([N+](=O)[O-])c([H])c([N+](=O)[O-])c1[O-])=c1/sc2n(c1=O)[C@@]([H])(c1c([H])c([H])c(OC([H])([H])C([H])([H])[H])c([H])c1[H])C(C(=O)N([H])c1c([H])c([H])c([H])c([H])c1[H])=C(C([H])([H])[H])N=2
KHBBRM.xaa_ZINC000408854102_256;-10.0511265;-10.2797575;-9.158;61;601.455;XORKDMCJIQTIEP-VMOHIOPYSA-M;[H]/C(c1c([H])c([N+](=O)[O-])c([H])c(Br)c1[O-])=c1/sc2n(c1=O)[C@]([H])(c1c([H])c([H])c(OC([H])(C([H])([H])[H])C([H])([H])[H])c([H])c1[H])C(C(=O)OC([H])([H])C([H])([H])[H])=C(C([H])([H])[H])N=2
KHBBRM.xaa_ZINC000408855427_257;-10.3083778;-11.036751;-8.382;63;555.592;MVWYLXQHJTYQNX-GTWFGUSFSA-M;[H]/C(c1c([H])c([N+](=O)[O-])c([H])c([H])c1[O-])=c1/sc2n(c1=O)[C@]([H])(c1c([H])c([H])c(OC([H])([H])C([H])([H])[H])c([H])c1[H])C(C(=O)N([H])c1c([H])c([H])c([H])c([H])c1[H])=C(C([H])([H])[H])N=2
KHBBRM.xaa_ZINC000408855430_258;-10.0749038;-10.352156;-10.997;63;555.592;MVWYLXQHJTYQNX-SJJVXOANSA-M;[H]/C(c1c([H])c([N+](=O)[O-])c([H])c([H])c1[O-])=c1/sc2n(c1=O)[C@@]([H])(c1c([H])c([H])c(OC([H])([H])C([H])([H])[H])c([H])c1[H])C(C(=O)N([H])c1c([H])c([H])c([H])c([H])c1[H])=C(C([H])([H])[H])N=2
KHBBRM.xaa_ZINC000408853721_260;-10.0939505;-10.647036;-9.255;67;585.618;RASNFGSAQSTOSP-SJJVXOANSA-M;[H]/C(c1c([H])c(OC([H])([H])[H])c([O-])c([N+](=O)[O-])c1[H])=c1/sc2n(c1=O)[C@@]([H])(c1c([H])c([H])c(OC([H])([H])C([H])([H])[H])c([H])c1[H])C(C(=O)N([H])c1c([H])c([H])c([H])c([H])c1[H])=C(C([H])([H])[H])N=2
KHBBRM.xaa_ZINC000408851715_262;-10.667445;-11.016271;-8.909;65;600.589;MZWRLEYLTWTMMZ-GJFKPFFXSA-M;[H]/C(c1c([H])c([N+](=O)[O-])c([O-])c([N+](=O)[O-])c1[H])=c1/sc2n(c1=O)[C@@]([H])(c1c([H])c([H])c(OC([H])([H])C([H])([H])[H])c([H])c1[H])C(C(=O)N([H])c1c([H])c([H])c([H])c([H])c1[H])=C(C([H])([H])[H])N=2
KHBBRM.xaa_ZINC000408852174_263;-10.1005536;-10.489137;-9.169;63;555.592;JBHXBQFPEJUADP-SJJVXOANSA-M;[H]/C(c1c([H])c([H])c([O-])c([N+](=O)[O-])c1[H])=c1/sc2n(c1=O)[C@@]([H])(c1c([H])c([H])c(OC([H])([H])C([H])([H])[H])c([H])c1[H])C(C(=O)N([H])c1c([H])c([H])c([H])c([H])c1[H])=C(C([H])([H])[H])N=2
KHBBRM.xaa_ZINC000408852172_264;-10.450433999999998;-11.213898;-9.032;63;555.592;JBHXBQFPEJUADP-GTWFGUSFSA-M;[H]/C(c1c([H])c([H])c([O-])c([N+](=O)[O-])c1[H])=c1/sc2n(c1=O)[C@]([H])(c1c([H])c([H])c(OC([H])([H])C([H])([H])[H])c([H])c1[H])C(C(=O)N([H])c1c([H])c([H])c([H])c([H])c1[H])=C(C([H])([H])[H])N=2
KHBBRM.xaa_ZINC000216454234_265;-10.060588;-10.267978;-12.276;71;639.692;UVXWPDSXRVYVBR-UHFFFAOYSA-M;[H]c1c(C([H])([H])[H])nc([N-]S(=O)(=O)c2c([H])c([H])c(N([H])C(=O)C([H])([H])N(c3c([H])c([H])c(OC([H])([H])[H])c([H])c3[H])S(=O)(=O)c3c([H])c([H])c(C([H])([H])[H])c([N+](=O)[O-])c3[H])c([H])c2[H])nc1C([H])([H])[H]
KHBBRM.xaa_ZINC000408978898_284;-10.0644818;-10.466748;-8.85;64;571.591;OHACUYYAXVFPNK-ZSJKCPIUSA-M;[H]/C(c1c([H])c([H])c([O-])c([N+](=O)[O-])c1[H])=c1/sc2n(c1=O)[C@]([H])(c1c([H])c([H])c(OC([H])([H])[H])c([H])c1OC([H])([H])[H])C(C(=O)N([H])c1c([H])c([H])c([H])c([H])c1[H])=C(C([H])([H])[H])N=2
KHBBRM.xaa_ZINC000408981160_289;-10.08726;-10.500292;-8.925;68;601.617;ZXNPQHMRTQSNFD-ZSJKCPIUSA-M;[H]/C(c1c([H])c(OC([H])([H])[H])c([O-])c([N+](=O)[O-])c1[H])=c1/sc2n(c1=O)[C@]([H])(c1c([H])c([H])c(OC([H])([H])[H])c([H])c1OC([H])([H])[H])C(C(=O)N([H])c1c([H])c([H])c([H])c([H])c1[H])=C(C([H])([H])[H])N=2
KHBBRM.xaa_ZINC000408978140_293;-10.0648268;-10.843059;-8.956;71;615.644;KSRWVHHNFMLVEK-SUAMDDGLSA-M;[H]/C(c1c([H])c(OC([H])([H])C([H])([H])[H])c([O-])c([N+](=O)[O-])c1[H])=c1/sc2n(c1=O)[C@]([H])(c1c([H])c([H])c(OC([H])([H])[H])c([H])c1OC([H])([H])[H])C(C(=O)N([H])c1c([H])c([H])c([H])c([H])c1[H])=C(C([H])([H])[H])N=2
KHBBRM.xaa_ZINC000408994999_294;-10.298941;-10.478046;-9.531;62;556.576;KKIWNZVLMOTCIT-IBYCJETLSA-M;[H]/C(c1c([H])c([H])c([O-])c([N+](=O)[O-])c1[H])=c1/sc2n(c1=O)[C@]([H])(c1c([H])c([H])c([H])c(OC([H])([H])[H])c1[H])C(C(=O)OC([H])([H])C([H])([H])[H])=C(c1c([H])c([H])c([H])c([H])c1[H])N=2
KHBBRM.xaa_ZINC000408993331_295;-10.2264916;-10.461873;-9.116;66;586.602;DHZKEEQBLUAXEM-IBYCJETLSA-M;[H]/C(c1c([H])c(OC([H])([H])[H])c([O-])c([N+](=O)[O-])c1[H])=c1/sc2n(c1=O)[C@]([H])(c1c([H])c([H])c([H])c(OC([H])([H])[H])c1[H])C(C(=O)OC([H])([H])C([H])([H])[H])=C(c1c([H])c([H])c([H])c([H])c1[H])N=2
KHBBRM.xaa_ZINC000408993335_296;-10.2106409;-10.681007;-9.361;66;586.602;DHZKEEQBLUAXEM-OFCKJYIJSA-M;[H]/C(c1c([H])c(OC([H])([H])[H])c([O-])c([N+](=O)[O-])c1[H])=c1/sc2n(c1=O)[C@@]([H])(c1c([H])c([H])c([H])c(OC([H])([H])[H])c1[H])C(C(=O)OC([H])([H])C([H])([H])[H])=C(c1c([H])c([H])c([H])c([H])c1[H])N=2
KHBBRM.xaa_ZINC000408995000_297;-10.2277783;-10.597998;-9.391;62;556.576;KKIWNZVLMOTCIT-OFCKJYIJSA-M;[H]/C(c1c([H])c([H])c([O-])c([N+](=O)[O-])c1[H])=c1/sc2n(c1=O)[C@@]([H])(c1c([H])c([H])c([H])c(OC([H])([H])[H])c1[H])C(C(=O)OC([H])([H])C([H])([H])[H])=C(c1c([H])c([H])c([H])c([H])c1[H])N=2
KHBBRM.xaa_ZINC000020060736_302;-10.1516482;-10.794133;-9.864;52;501.453;MVGXISMOLOXLEB-UHFFFAOYSA-N;[H]c1c([H])c(OC([H])([H])[H])c([N-]S(=O)(=O)c2c([H])c([H])c(N([H])C(=O)c3c([H])c([N+](=O)[O-])c([H])c([N+](=O)[O-])c3[H])c([H])c2[H])c([H])c1OC([H])([H])[H]
KHBBRM.xaa_ZINC000409035071_307;-10.4980006;-10.931979;-10.156;75;662.653;PARSHXOKWBCDBE-DLJDGCESSA-M;[H]/C(c1oc(-c2c([H])c([N+](=O)[O-])c([H])c([H])c2[O-])c([H])c1[H])=c1/sc2n(c1=O)[C@@]([H])(c1c([H])c([H])c(OC([H])([H])C(=O)OC([H])([H])[H])c(OC([H])([H])C([H])([H])[H])c1[H])C(C(=O)OC([H])([H])C([H])([H])[H])=C(C([H])([H])[H])N=2
KHBBRM.xaa_ZINC000409030219_317;-10.0839068;-10.565099;-9.032;58;530.538;DVEBWEAUERXVHV-IGSWSUAKSA-M;[H]/C(c1oc(-c2c([H])c([N+](=O)[O-])c([H])c([H])c2[O-])c([H])c1[H])=c1/sc2n(c1=O)[C@]([H])(c1c([H])c([H])c([H])c([H])c1[H])C(C(=O)OC([H])([H])[H])=C(C([H])([H])C([H])([H])[H])N=2
KHBBRM.xaa_ZINC000409030222_318;-10.0507877;-10.4185505;-9.869;58;530.538;DVEBWEAUERXVHV-YMSBRDKKSA-M;[H]/C(c1oc(-c2c([H])c([N+](=O)[O-])c([H])c([H])c2[O-])c([H])c1[H])=c1/sc2n(c1=O)[C@@]([H])(c1c([H])c([H])c([H])c([H])c1[H])C(C(=O)OC([H])([H])[H])=C(C([H])([H])C([H])([H])[H])N=2
KHBBRM.xaa_ZINC000409081996_337;-10.3437481;-10.796969;-8.549;64;571.591;REDHTGGOJGZIFN-CBYYHRJHSA-M;[H]/C(c1c([H])c([N+](=O)[O-])c([H])c(OC([H])([H])[H])c1[O-])=c1/sc2n(c1=O)[C@]([H])(c1c([H])c([H])c(OC([H])([H])[H])c([H])c1[H])C(C(=O)N([H])c1c([H])c([H])c([H])c([H])c1[H])=C(C([H])([H])[H])N=2
KHBBRM.xaa_ZINC000409122605_348;-10.9540294;-11.723776;-10.877;62;542.554;ADQMHOCHOSOKNH-FQEVSTJZSA-M;[H]c1c([H])c(C(=O)N([H])[C@]([H])(c2nnc(SC([H])([H])C(=O)N([H])c3c([H])c([H])c([O-])c([N+](=O)[O-])c3[H])n2C([H])([H])C([H])([H])[H])C([H])(C([H])([H])[H])C([H])([H])[H])c([H])c([N+](=O)[O-])c1[H]
KHBBRM.xaa_ZINC000409122606_349;-10.7796394;-11.601643;-11.244;62;542.554;ADQMHOCHOSOKNH-HXUWFJFHSA-M;[H]c1c([H])c(C(=O)N([H])[C@@]([H])(c2nnc(SC([H])([H])C(=O)N([H])c3c([H])c([H])c([O-])c([N+](=O)[O-])c3[H])n2C([H])([H])C([H])([H])[H])C([H])(C([H])([H])[H])C([H])([H])[H])c([H])c([N+](=O)[O-])c1[H]
KHBBRM.xaa_ZINC000409124328_350;-10.55283;-11.160105;-10.779;62;525.567;BAXMOACWVZMGHJ-HXUWFJFHSA-M;[H]c1c([H])c(C(=O)[O-])c([H])c(N([H])C(=O)C([H])([H])Sc2nnc([C@]([H])(N([H])C(=O)c3c([H])c([H])c([H])c([N+](=O)[O-])c3[H])C([H])(C([H])([H])[H])C([H])([H])[H])n2C([H])([H])C([H])([H])[H])c1[H]
KHBBRM.xaa_ZINC000409124324_351;-10.4161454;-11.131532;-10.468;62;525.567;BAXMOACWVZMGHJ-FQEVSTJZSA-M;[H]c1c([H])c(C(=O)[O-])c([H])c(N([H])C(=O)C([H])([H])Sc2nnc([C@@]([H])(N([H])C(=O)c3c([H])c([H])c([H])c([N+](=O)[O-])c3[H])C([H])(C([H])([H])[H])C([H])([H])[H])n2C([H])([H])C([H])([H])[H])c1[H]
KHBBRM.xaa_ZINC000097447301_365;-10.1710239;-10.665796;-10.105;57;510.551;ZOSFNLCQNWCQIB-LMSRTUJASA-M;[H]/C(c1c([H])c([H])c([O-])c([N+](=O)[O-])c1[H])=c1/sc2n(c1=O)[C@]([H])(c1c([H])c([H])c(OC([H])([H])[H])c([H])c1[H])C1=C(N=2)c2c([H])c([H])c([H])c([H])c2C([H])([H])C1([H])[H]
KHBBRM.xaa_ZINC000097447302_366;-10.130306999999998;-10.763362;-9.162;57;510.551;ZOSFNLCQNWCQIB-RISWYLRJSA-M;[H]/C(c1c([H])c([H])c([O-])c([N+](=O)[O-])c1[H])=c1/sc2n(c1=O)[C@@]([H])(c1c([H])c([H])c(OC([H])([H])[H])c([H])c1[H])C1=C(N=2)c2c([H])c([H])c([H])c([H])c2C([H])([H])C1([H])[H]
KGAAMM.xaa_ZINC000008399695_2;-10.5839438;-10.839045;-10.938;79;783.868;UGECBXRWIUYTFE-UHFFFAOYSA-N;[H]c1c([H])c(S(=O)(=O)N([H])[H])c([H])c([H])c1[N-]S(=O)(=O)c1c([H])c([H])c(N([H])C(=O)c2c([H])c([H])c(C(=O)N([H])c3c([H])c([H])c(S(=O)(=O)N([H])c4c([H])c([H])c(S(=O)(=O)N([H])[H])c([H])c4[H])c([H])c3[H])c([H])c2[H])c([H])c1[H]
KGAAMM.xaa_ZINC000008426460_6;-10.2134616;-11.372365;-9.952;58;566.674;FUOVFOBDDBNSNZ-UHFFFAOYSA-M;[H]c1c([H])c(N([H])C(=O)C([H])([H])Sc2nnc([H])n2C([H])([H])[H])c([H])c([O-])c1-c1nc2c([H])c([H])c(N([H])C(=O)C([H])([H])Sc3nnc([H])n3C([H])([H])[H])c([H])c2s1
KGAAMM.xaa_ZINC000102898771_31;-10.2979466;-10.411875;-11.63;61;555.614;RDESYQLSTHHIOC-UHFFFAOYSA-N;[H]c1c([H])c([N-]S(=O)(=O)c2c([H])c([H])c([H])c(-c3nnc(-c4c([H])c([H])c([H])c(S(=O)(=O)N5C([H])([H])C([H])([H])OC([H])([H])C5([H])[H])c4[H])o3)c2[H])c([H])c(OC([H])([H])[H])c1[H]
KGAAMM.xaa_ZINC000105484528_174;-10.1361496;-10.750562;-11.478;67;537.618;FBGOZTFCEAOODG-MXMGLXNRSA-M;[H]c1c([H])c(C(=O)O[C@@]([H])(C(=O)N([H])[C@]23C([H])([H])[C@@]4([H])C([H])([H])[C@]([H])(C([H])([H])[C@]([H])(C4([H])[H])C2([H])[H])C3([H])[H])C([H])([H])[H])c([H])c([H])c1[N-]S(=O)(=O)c1c([H])c([H])c2c(c1[H])n([H])c(=O)n2[H]
KGAAMM.xaa_ZINC000105484523_175;-10.1363826;-10.748232;-11.658;67;537.618;FBGOZTFCEAOODG-KLQXRHCZSA-M;[H]c1c([H])c(C(=O)O[C@]([H])(C(=O)N([H])[C@]23C([H])([H])[C@@]4([H])C([H])([H])[C@]([H])(C([H])([H])[C@]([H])(C4([H])[H])C2([H])[H])C3([H])[H])C([H])([H])[H])c([H])c([H])c1[N-]S(=O)(=O)c1c([H])c([H])c2c(c1[H])n([H])c(=O)n2[H]
KKBBMN.xaa_ZINC000408841602_10;-10.5204876;-10.830383;-9.874;54;594.874;LYMFAECCAYBYKO-SEXPAEGTSA-N;[H]Oc1c(Cl)c([H])c(Br)c([H])c1/C([H])=c1/sc2n(c1=O)[C@]([H])(c1c([H])c([H])c([H])c([N+](=O)[O-])c1[H])C1=C(N=2)c2c([H])c([H])c([H])c([H])c2C([H])([H])C1([H])[H]
KKBBMN.xaa_ZINC000098000104_11;-10.0475427;-10.575207;-9.409;68;579.565;WASQLXBPZIFUKZ-NDEPHWFRSA-N;[H]Oc1c2c(c(O[H])n1-c1c([H])c([H])c(C([H])([H])[H])c([H])c1[H])[C@]([H])(c1c([H])c([H])c(OC(=O)c3c([H])c([H])c([H])c([H])c3[H])c(OC([H])([H])[H])c1[H])N(c1c([H])c([H])c([H])c([N+](=O)[O-])c1[H])O2
KKBBMN.xaa_ZINC000102871712_16;-10.3519656;-10.709503;-9.007;61;553.502;QTLMOCYPKHNIAW-SANMLTNESA-N;[H]Oc1c2c(c(O[H])n1-c1c([H])c([H])c(F)c([H])c1[H])[C@]([H])(c1c([H])c([H])c(OC(=O)c3c([H])c([H])c([H])c([H])c3[H])c([H])c1[H])N(c1c([H])c([H])c([H])c([N+](=O)[O-])c1[H])O2
KKBBMN.xaa_ZINC000102871719_17;-10.3519656;-10.709503;-9.031;61;553.502;QTLMOCYPKHNIAW-SANMLTNESA-N;[H]Oc1c2c(c(O[H])n1-c1c([H])c([H])c(F)c([H])c1[H])[C@]([H])(c1c([H])c([H])c(OC(=O)c3c([H])c([H])c([H])c([H])c3[H])c([H])c1[H])N(c1c([H])c([H])c([H])c([N+](=O)[O-])c1[H])O2
KKBBMN.xaa_ZINC000102877564_18;-10.533291899999998;-10.869132;-10.502;68;614.01;FVJUKPJGUPPHIF-NDEPHWFRSA-N;[H]Oc1c2c(c(O[H])n1-c1c([H])c([H])c([H])c(Cl)c1C([H])([H])[H])[C@]([H])(c1c([H])c([H])c(OC(=O)c3c([H])c([H])c([H])c([H])c3[H])c(OC([H])([H])[H])c1[H])N(c1c([H])c([H])c([H])c([N+](=O)[O-])c1[H])O2
KKBBMN.xaa_ZINC000102877559_19;-10.533291899999998;-10.869132;-10.463;68;614.01;FVJUKPJGUPPHIF-NDEPHWFRSA-N;[H]Oc1c2c(c(O[H])n1-c1c([H])c([H])c([H])c(Cl)c1C([H])([H])[H])[C@]([H])(c1c([H])c([H])c(OC(=O)c3c([H])c([H])c([H])c([H])c3[H])c(OC([H])([H])[H])c1[H])N(c1c([H])c([H])c([H])c([N+](=O)[O-])c1[H])O2
KKBBMN.xaa_ZINC000102896310_23;-10.4022374;-10.804414;-10.276;68;579.565;PYEPQFXGMBZKGH-NDEPHWFRSA-N;[H]Oc1c2c(c(O[H])n1-c1c([H])c([H])c([H])c(C([H])([H])[H])c1[H])[C@]([H])(c1c([H])c([H])c(OC(=O)c3c([H])c([H])c([H])c([H])c3[H])c(OC([H])([H])[H])c1[H])N(c1c([H])c([H])c([H])c([N+](=O)[O-])c1[H])O2
KKBBMN.xaa_ZINC000102896312_24;-10.4022374;-10.804414;-10.243;68;579.565;PYEPQFXGMBZKGH-NDEPHWFRSA-N;[H]Oc1c2c(c(O[H])n1-c1c([H])c([H])c([H])c(C([H])([H])[H])c1[H])[C@]([H])(c1c([H])c([H])c(OC(=O)c3c([H])c([H])c([H])c([H])c3[H])c(OC([H])([H])[H])c1[H])N(c1c([H])c([H])c([H])c([N+](=O)[O-])c1[H])O2
KKBBMN.xaa_ZINC000008765723_25;-10.074873399999998;-10.428617;-11.137;57;516.531;AVIQCQPKPUAMMT-UHFFFAOYSA-N;[H]c1c([H])c([H])c(-c2oc3c(c([H])c(N([H])S(=O)(=O)c4c([H])c([H])c([H])c([N+](=O)[O-])c4[H])c4c([H])c([H])c([H])c([H])c43)c2C(=O)OC([H])([H])C([H])([H])[H])c([H])c1[H]
KKBBMN.xaa_ZINC000102973818_27;-10.0475427;-10.575207;-9.427;68;579.565;WASQLXBPZIFUKZ-NDEPHWFRSA-N;[H]Oc1c2c(c(O[H])n1-c1c([H])c([H])c(C([H])([H])[H])c([H])c1[H])[C@]([H])(c1c([H])c([H])c(OC(=O)c3c([H])c([H])c([H])c([H])c3[H])c(OC([H])([H])[H])c1[H])N(c1c([H])c([H])c([H])c([N+](=O)[O-])c1[H])O2
KKBBMN.xaa_ZINC000009010473_37;-10.1476804;-10.464097;-10.791;52;512.363;VJXCBHGVEAQHPA-UHFFFAOYSA-N;[H]c1c([H])c([H])c(Oc2c([H])c([H])c(-c3c(-c4c([H])c([H])c([H])c([H])c4[H])nc(-c4c([H])c([H])c(Br)c([N+](=O)[O-])c4[H])n3[H])c([H])c2[H])c([H])c1[H]
KKBBMN.xaa_ZINC000103060475_39;-10.1398776;-10.56142;-9.1;79;611.698;WJCFHGJEMCPRGL-FKEKMUEHSA-N;[H]O/C(=C1/[C@@]([H])(C(=O)c2c([H])c([H])c([N+](=O)[O-])c([H])c2[H])N2c3c([H])c([H])c([H])c([H])c3C([H])=C([H])[C@]2([H])[C@]12C(=O)N([H])c1c([H])c([H])c([H])c([H])c12)c1c([H])c([H])c(C([H])([H])C([H])([H])C([H])([H])C([H])([H])C([H])([H])[H])c([H])c1[H]
KKBBMN.xaa_ZINC000103060470_40;-10.1398776;-10.56142;-9.149;79;611.698;WJCFHGJEMCPRGL-FKEKMUEHSA-N;[H]O/C(=C1/[C@@]([H])(C(=O)c2c([H])c([H])c([N+](=O)[O-])c([H])c2[H])N2c3c([H])c([H])c([H])c([H])c3C([H])=C([H])[C@]2([H])[C@]12C(=O)N([H])c1c([H])c([H])c([H])c([H])c12)c1c([H])c([H])c(C([H])([H])C([H])([H])C([H])([H])C([H])([H])C([H])([H])[H])c([H])c1[H]
KKBBMN.xaa_ZINC000103060461_41;-10.097793;-10.555151;-9.108;82;625.725;MRZFSTIVHNMWJA-DKNDNHCRSA-N;[H]O/C(=C1/[C@@]([H])(C(=O)c2c([H])c([H])c([N+](=O)[O-])c([H])c2[H])N2c3c([H])c([H])c([H])c([H])c3C(C([H])([H])[H])=C([H])[C@]2([H])[C@]12C(=O)N([H])c1c([H])c([H])c([H])c([H])c12)c1c([H])c([H])c(C([H])([H])C([H])([H])C([H])([H])C([H])([H])C([H])([H])[H])c([H])c1[H]
KKBBMN.xaa_ZINC000103060457_43;-10.097793;-10.555151;-9.107;82;625.725;MRZFSTIVHNMWJA-DKNDNHCRSA-N;[H]O/C(=C1/[C@@]([H])(C(=O)c2c([H])c([H])c([N+](=O)[O-])c([H])c2[H])N2c3c([H])c([H])c([H])c([H])c3C(C([H])([H])[H])=C([H])[C@]2([H])[C@]12C(=O)N([H])c1c([H])c([H])c([H])c([H])c12)c1c([H])c([H])c(C([H])([H])C([H])([H])C([H])([H])C([H])([H])C([H])([H])[H])c([H])c1[H]
KKBBMN.xaa_ZINC000100309779_49;-10.032008800000002;-10.311506;-10.283;48;520.295;QNZSDRDAUZOLJG-UHFFFAOYSA-N;[H]Oc1c([H])c([H])c(-c2nc3c([H])c(N([H])C(=O)c4oc(-c5c([H])c([H])c([H])c([N+](=O)[O-])c5[H])c([H])c4[H])c([H])c([H])c3o2)c([H])c1Br
KKBBMN.xaa_ZINC000100311537_61;-10.4710642;-10.853864;-9.666;52;579.388;GRDZIDLQHCGLPF-UHFFFAOYSA-N;[H]Oc1c([H])c([H])c(-c2nc3c([H])c(N([H])C(=S)N([H])C(=O)c4oc(-c5c([H])c([H])c([H])c([N+](=O)[O-])c5[H])c([H])c4[H])c([H])c([H])c3o2)c([H])c1Br
KKBBMN.xaa_ZINC000104059190_73;-10.268087;-10.70252;-10.128;68;579.565;JPBJLEWHGPKKIB-NDEPHWFRSA-N;[H]Oc1c2c(c(O[H])n1-c1c([H])c([H])c([H])c([H])c1C([H])([H])[H])[C@]([H])(c1c([H])c([H])c(OC(=O)c3c([H])c([H])c([H])c([H])c3[H])c(OC([H])([H])[H])c1[H])N(c1c([H])c([H])c([H])c([N+](=O)[O-])c1[H])O2
KKBBMN.xaa_ZINC000104059195_74;-10.268087;-10.70252;-10.085;68;579.565;JPBJLEWHGPKKIB-NDEPHWFRSA-N;[H]Oc1c2c(c(O[H])n1-c1c([H])c([H])c([H])c([H])c1C([H])([H])[H])[C@]([H])(c1c([H])c([H])c(OC(=O)c3c([H])c([H])c([H])c([H])c3[H])c(OC([H])([H])[H])c1[H])N(c1c([H])c([H])c([H])c([N+](=O)[O-])c1[H])O2
KKBBMN.xaa_ZINC000104619799_75;-10.9349844;-11.176456;-10.375;57;591.367;UASCZPVKLWVAFB-UHFFFAOYSA-N;[H]c1c([H])c(C(=O)N([H])c2c([H])c([H])c(-c3nc4c([H])c([H])c(N([H])C(=O)c5c([H])c([H])c(Cl)c([N+](=O)[O-])c5[H])c([H])c4n3[H])c([H])c2[H])c([H])c([N+](=O)[O-])c1Cl
KKBBMN.xaa_ZINC000150347961_111;-14.597164099999995;-15.416592;-12.503;81;712.791;DWJIPFPRRZYVQH-UHFFFAOYSA-N;[H]c1c([H])c([H])c(-c2nc(-c3c([H])c([H])c([H])c([N+](=O)[O-])c3[H])n([H])c2-c2c([H])c([H])c(Sc3c([H])c([H])c(-c4nc(-c5c([H])c([H])c([H])c([N+](=O)[O-])c5[H])n([H])c4-c4c([H])c([H])c([H])c([H])c4[H])c([H])c3[H])c([H])c2[H])c([H])c1[H]
KKBBMN.xaa_ZINC000150347961_112;-14.436187;-15.236371;-12.859;81;712.791;DWJIPFPRRZYVQH-UHFFFAOYSA-N;[H]c1c([H])c([H])c(-c2c(-c3c([H])c([H])c(Sc4c([H])c([H])c(-c5nc(-c6c([H])c([H])c([H])c([N+](=O)[O-])c6[H])n([H])c5-c5c([H])c([H])c([H])c([H])c5[H])c([H])c4[H])c([H])c3[H])nc(-c3c([H])c([H])c([H])c([N+](=O)[O-])c3[H])n2[H])c([H])c1[H]
KKBBMN.xaa_ZINC000150351393_113;-12.1771322;-12.604372;-9.866;81;854.515;ORPYJYZJJLHLSK-UHFFFAOYSA-N;[H]c1c([H])c(-c2nc(-c3c([H])c([H])c([N+](=O)[O-])c([H])c3[H])c(-c3c([H])c([H])c(Oc4c([H])c([H])c(-c5nc(-c6c([H])c([H])c(Br)c([H])c6[H])n([H])c5-c5c([H])c([H])c([N+](=O)[O-])c([H])c5[H])c([H])c4[H])c([H])c3[H])n2[H])c([H])c([H])c1Br
KKBBMN.xaa_ZINC000150351393_114;-11.886550499999998;-12.3441105;-10.536;81;854.515;ORPYJYZJJLHLSK-UHFFFAOYSA-N;[H]c1c([H])c(-c2nc(-c3c([H])c([H])c([N+](=O)[O-])c([H])c3[H])c(-c3c([H])c([H])c(Oc4c([H])c([H])c(-c5c(-c6c([H])c([H])c([N+](=O)[O-])c([H])c6[H])nc(-c6c([H])c([H])c(Br)c([H])c6[H])n5[H])c([H])c4[H])c([H])c3[H])n2[H])c([H])c([H])c1Br
KKBBMN.xaa_ZINC000059885538_116;-10.1657345;-10.5886135;-10.67;65;559.6;SXLAWEKVRJDZSP-NLRVBDNBSA-N;[H]/C(=C(\C(=O)N([H])c1c([H])c([H])c(S(=O)(=O)N([H])c2c([H])c(OC([H])([H])[H])c([H])c([H])c2OC([H])([H])[H])c([H])c1[H])c1c([H])c([H])c([H])c([H])c1[H])c1c([H])c([H])c([H])c([N+](=O)[O-])c1[H]
KKBBMN.xaa_ZINC000059887993_118;-10.2310252;-10.634572;-10.891;64;543.601;ZTNJGDKHEFZEFR-LGUFXXKBSA-N;[H]/C(=C(\C(=O)N([H])c1c([H])c([H])c(S(=O)(=O)N([H])c2c([H])c(C([H])([H])[H])c([H])c([H])c2OC([H])([H])[H])c([H])c1[H])c1c([H])c([H])c([H])c([H])c1[H])c1c([H])c([H])c([H])c([N+](=O)[O-])c1[H]
KKBBMN.xaa_ZINC000103772881_119;-12.937183999999998;-13.318151;-10.154;61;612.471;GRHPFQKJPJMYLL-UHFFFAOYSA-N;[H]c1c([H])c(N([H])C(=O)c2c([H])c([N+](=O)[O-])c([H])c([N+](=O)[O-])c2[H])c([H])c([H])c1-c1nc2c([H])c([H])c(N([H])C(=O)c3c([H])c([N+](=O)[O-])c([H])c([N+](=O)[O-])c3[H])c([H])c2n1[H]
KKBBMN.xaa_ZINC000150470417_121;-11.4258026;-11.905117;-10.779;69;638.549;DPWJMBYQRBZBMX-UHFFFAOYSA-N;[H]c1c(C(=O)OC([H])([H])[H])c([H])c([N+](=O)[O-])c([H])c1C(=O)N([H])c1c([H])c([H])c(-c2nc3c([H])c([H])c(N([H])C(=O)c4c([H])c(C(=O)OC([H])([H])[H])c([H])c([N+](=O)[O-])c4[H])c([H])c3n2[H])c([H])c1[H]
KKBBMN.xaa_ZINC000100958349_124;-10.1556974;-10.768139;-8.841;54;550.423;AGIHPYQYFIRIDB-XOBACGFXSA-N;[H]Oc1c(Cl)c([H])c(Cl)c([H])c1/C([H])=c1/sc2n(c1=O)[C@@]([H])(c1c([H])c([H])c([H])c([N+](=O)[O-])c1[H])C1=C(N=2)c2c([H])c([H])c([H])c([H])c2C([H])([H])C1([H])[H]
KKBBMN.xaa_ZINC000100958344_125;-10.4264422;-10.808932;-9.811;54;550.423;AGIHPYQYFIRIDB-SEXPAEGTSA-N;[H]Oc1c(Cl)c([H])c(Cl)c([H])c1/C([H])=c1/sc2n(c1=O)[C@]([H])(c1c([H])c([H])c([H])c([N+](=O)[O-])c1[H])C1=C(N=2)c2c([H])c([H])c([H])c([H])c2C([H])([H])C1([H])[H]
KKBBMN.xaa_ZINC000408733216_136;-11.2092448;-11.596056;-10.475;59;817.783;GJPXUSCZKQJEFO-WNOXZJQASA-N;[H]Oc1c(I)c([H])c(/C([H])=c2\sc3n(c2=O)[C@@]([H])(c2oc(-c4c([H])c([N+](=O)[O-])c([H])c([H])c4Cl)c([H])c2[H])C(C(=O)OC([H])([H])C([H])([H])[H])=C(C([H])([H])[H])N=3)c([H])c1I
KKBBMN.xaa_ZINC000408733217_137;-11.428811800000002;-11.992475;-10.177;59;817.783;GJPXUSCZKQJEFO-YVLHRROSSA-N;[H]Oc1c(I)c([H])c(/C([H])=c2\sc3n(c2=O)[C@]([H])(c2oc(-c4c([H])c([N+](=O)[O-])c([H])c([H])c4Cl)c([H])c2[H])C(C(=O)OC([H])([H])C([H])([H])[H])=C(C([H])([H])[H])N=3)c([H])c1I
KKBBMN.xaa_ZINC000408732975_138;-11.0847112;-11.923384;-10.249;62;797.365;CBWLALHIDHRDIX-ZYDFGXJWSA-N;[H]Oc1c(I)c([H])c(/C([H])=c2\sc3n(c2=O)[C@@]([H])(c2oc(-c4c([H])c([N+](=O)[O-])c([H])c([H])c4C([H])([H])[H])c([H])c2[H])C(C(=O)OC([H])([H])C([H])([H])[H])=C(C([H])([H])[H])N=3)c([H])c1I
KKBBMN.xaa_ZINC000408732972_139;-11.0746812;-11.483591;-10.215;62;797.365;CBWLALHIDHRDIX-QJWUKVPRSA-N;[H]Oc1c(I)c([H])c(/C([H])=c2\sc3n(c2=O)[C@]([H])(c2oc(-c4c([H])c([N+](=O)[O-])c([H])c([H])c4C([H])([H])[H])c([H])c2[H])C(C(=O)OC([H])([H])C([H])([H])[H])=C(C([H])([H])[H])N=3)c([H])c1I
KKBBMN.xaa_ZINC000409180272_155;-10.7721954;-11.617381;-11.873;75;689.168;VSHMMGLRVCCYIO-UHFFFAOYSA-N;[H]c1c([H])c(OC([H])([H])[H])c(N(C([H])([H])C(=O)N([H])c2c([H])c([H])c(S(=O)(=O)N([H])c3c([H])c(C([H])([H])[H])c([H])c([H])c3OC([H])([H])[H])c([H])c2[H])S(=O)(=O)c2c([H])c([H])c(C([H])([H])[H])c([N+](=O)[O-])c2[H])c([H])c1Cl
KKBBMN.xaa_ZINC000409192537_159;-10.5530094;-11.213884;-11.018;65;699.623;DSWYVXCWSUZUAK-DKOMQPSQSA-N;[H]/C(c1c([H])c([H])c(Sc2nc(-c3c([H])c([H])c(Cl)c([H])c3Cl)nn2[H])c([N+](=O)[O-])c1[H])=c1/sc2n(c1=O)[C@]([H])(c1sc([H])c([H])c1[H])C(C(=O)OC([H])([H])C([H])([H])[H])=C(C([H])([H])[H])N=2
KKBBMN.xaa_ZINC000409189597_164;-11.324403;-12.328204;-12.068;70;746.683;RDTDLRACNJWFEF-ZJTZAHLKSA-N;[H]/C(c1c([H])c([H])c(Sc2nc(-c3c([H])c([H])c(Cl)c([H])c3Cl)nn2[H])c([N+](=O)[O-])c1[H])=c1/sc2n(c1=O)[C@@]([H])(c1sc([H])c([H])c1[H])C(C(=O)N([H])c1c([H])c([H])c([H])c([H])c1[H])=C(C([H])([H])[H])N=2
KKBBMN.xaa_ZINC000409173713_174;-10.3873856;-11.236108;-11.644;76;705.167;QPBJNMSFYSVAFS-UHFFFAOYSA-N;[H]c1c([H])c(OC([H])([H])[H])c(N(C([H])([H])C(=O)N([H])c2c([H])c([H])c(S(=O)(=O)N([H])c3c([H])c([H])c(OC([H])([H])[H])c([H])c3OC([H])([H])[H])c([H])c2[H])S(=O)(=O)c2c([H])c([H])c(C([H])([H])[H])c([N+](=O)[O-])c2[H])c([H])c1Cl
KKBBMN.xaa_ZINC000101513165_177;-10.0475427;-10.575207;-9.392;68;579.565;WASQLXBPZIFUKZ-NDEPHWFRSA-N;[H]Oc1c2c(c(O[H])n1-c1c([H])c([H])c(C([H])([H])[H])c([H])c1[H])[C@]([H])(c1c([H])c([H])c(OC(=O)c3c([H])c([H])c([H])c([H])c3[H])c(OC([H])([H])[H])c1[H])N(c1c([H])c([H])c([H])c([N+](=O)[O-])c1[H])O2
KKBBMN.xaa_ZINC000409178889_179;-10.5302652;-11.420644;-11.852;76;705.167;JKRPKUGBXQUOTF-UHFFFAOYSA-N;[H]c1c([H])c(OC([H])([H])[H])c(N(C([H])([H])C(=O)N([H])c2c([H])c([H])c(S(=O)(=O)N([H])c3c([H])c(OC([H])([H])[H])c([H])c([H])c3OC([H])([H])[H])c([H])c2[H])S(=O)(=O)c2c([H])c([H])c(C([H])([H])[H])c([N+](=O)[O-])c2[H])c([H])c1Cl
KKBBMN.xaa_ZINC000409192385_180;-11.489431;-12.213866;-12.814;83;763.729;BYVPTUBSHCZGTE-QQMBNGEASA-N;[H]/C(c1c([H])c([H])c(Sc2nc(-c3c([H])c([H])c(Cl)c([H])c3Cl)nn2[H])c([N+](=O)[O-])c1[H])=c1/sc2n(c1=O)[C@]([H])(c1c([H])c([H])c(C([H])(C([H])([H])[H])C([H])([H])[H])c([H])c1[H])C(C(=O)OC([H])([H])C([H])([H])[H])=C(C([H])([H])C([H])([H])C([H])([H])[H])N=2
KKBBMN.xaa_ZINC000409192398_181;-10.890505;-11.79499;-11.342;68;728.039;CHQSHDLXXRKANV-NFYDWNOTSA-N;[H]/C(c1c([H])c([H])c(Sc2nc(-c3c([H])c([H])c(Cl)c([H])c3Cl)nn2[H])c([N+](=O)[O-])c1[H])=c1/sc2n(c1=O)[C@]([H])(c1c([H])c([H])c(Cl)c([H])c1[H])C(C(=O)OC([H])([H])C([H])([H])[H])=C(C([H])([H])[H])N=2
KKBBMN.xaa_ZINC000409192384_182;-11.3144204;-12.2530155;-12.037;83;763.729;BYVPTUBSHCZGTE-OIUASMPBSA-N;[H]/C(c1c([H])c([H])c(Sc2nc(-c3c([H])c([H])c(Cl)c([H])c3Cl)nn2[H])c([N+](=O)[O-])c1[H])=c1/sc2n(c1=O)[C@@]([H])(c1c([H])c([H])c(C([H])(C([H])([H])[H])C([H])([H])[H])c([H])c1[H])C(C(=O)OC([H])([H])C([H])([H])[H])=C(C([H])([H])C([H])([H])C([H])([H])[H])N=2
KKBBMN.xaa_ZINC000409192399_183;-10.8231878;-11.7902775;-12.329;68;728.039;CHQSHDLXXRKANV-ZFWDJNJRSA-N;[H]/C(c1c([H])c([H])c(Sc2nc(-c3c([H])c([H])c(Cl)c([H])c3Cl)nn2[H])c([N+](=O)[O-])c1[H])=c1/sc2n(c1=O)[C@@]([H])(c1c([H])c([H])c(Cl)c([H])c1[H])C(C(=O)OC([H])([H])C([H])([H])[H])=C(C([H])([H])[H])N=2
KKBBMN.xaa_ZINC000409195142_186;-10.8513694;-11.93194;-12.201;77;765.657;UBKBXLJPBDJDQJ-HWMKKPCCSA-N;[H]/C(c1c([H])c([H])c(Sc2nc(-c3c([H])c([H])c(Cl)c([H])c3Cl)nn2[H])c([N+](=O)[O-])c1[H])=c1/sc2n(c1=O)[C@@]([H])(c1c([H])c([H])c3c(c1[H])OC([H])([H])O3)C(C(=O)OC([H])([H])C([H])([H])[H])=C(C([H])([H])C([H])([H])C([H])([H])[H])N=2
KKBBMN.xaa_ZINC000409195146_187;-10.9773176;-11.950474;-12.955;77;765.657;UBKBXLJPBDJDQJ-BHFPBWTASA-N;[H]/C(c1c([H])c([H])c(Sc2nc(-c3c([H])c([H])c(Cl)c([H])c3Cl)nn2[H])c([N+](=O)[O-])c1[H])=c1/sc2n(c1=O)[C@]([H])(c1c([H])c([H])c3c(c1[H])OC([H])([H])O3)C(C(=O)OC([H])([H])C([H])([H])[H])=C(C([H])([H])C([H])([H])C([H])([H])[H])N=2
KKBBMN.xaa_ZINC000409195041_188;-11.3821331;-11.8525505;-12.785;83;815.717;SQSMIAMMOOCWSN-FLGOMVIPSA-N;[H]/C(c1c([H])c([H])c(Sc2nc(-c3c([H])c([H])c(Cl)c([H])c3Cl)nn2[H])c([N+](=O)[O-])c1[H])=c1/sc2n(c1=O)[C@]([H])(c1c([H])c([H])c(OC([H])([H])[H])c(OC([H])([H])[H])c1[H])C(C(=O)OC([H])([H])C([H])([H])[H])=C(c1c([H])c([H])c([H])c([H])c1[H])N=2
KKBBMN.xaa_ZINC000409195038_189;-11.1449167;-11.424351;-10.804;83;815.717;SQSMIAMMOOCWSN-PGNBASISSA-N;[H]/C(c1c([H])c([H])c(Sc2nc(-c3c([H])c([H])c(Cl)c([H])c3Cl)nn2[H])c([N+](=O)[O-])c1[H])=c1/sc2n(c1=O)[C@@]([H])(c1c([H])c([H])c(OC([H])([H])[H])c(OC([H])([H])[H])c1[H])C(C(=O)OC([H])([H])C([H])([H])[H])=C(c1c([H])c([H])c([H])c([H])c1[H])N=2
KKBBMN.xaa_ZINC000409194942_190;-10.7722784;-11.522498;-10.802;68;693.594;RELXYTUZEZNECT-ZSJKCPIUSA-N;[H]/C(c1c([H])c([H])c(Sc2nc(-c3c([H])c([H])c(Cl)c([H])c3Cl)nn2[H])c([N+](=O)[O-])c1[H])=c1/sc2n(c1=O)[C@]([H])(c1c([H])c([H])c([H])c([H])c1[H])C(C(=O)OC([H])([H])C([H])([H])[H])=C(C([H])([H])[H])N=2
KKBBMN.xaa_ZINC000409194944_192;-10.692957;-11.468601;-11.733;68;693.594;RELXYTUZEZNECT-QARYAGPDSA-N;[H]/C(c1c([H])c([H])c(Sc2nc(-c3c([H])c([H])c(Cl)c([H])c3Cl)nn2[H])c([N+](=O)[O-])c1[H])=c1/sc2n(c1=O)[C@@]([H])(c1c([H])c([H])c([H])c([H])c1[H])C(C(=O)OC([H])([H])C([H])([H])[H])=C(C([H])([H])[H])N=2
KKBBMN.xaa_ZINC000409194710_193;-11.1272046;-12.129406;-11.695;72;761.694;QKAIVMFJMFOFPK-CWJUKMOQSA-N;[H]/C(c1c([H])c([H])c(Sc2nc(-c3c([H])c([H])c(Cl)c([H])c3Cl)nn2[H])c([N+](=O)[O-])c1[H])=c1/sc2n(c1=O)[C@]([H])(c1sc([H])c([H])c1[H])C(C(=O)OC([H])([H])C([H])([H])[H])=C(c1c([H])c([H])c([H])c([H])c1[H])N=2
KKBBMN.xaa_ZINC000409194699_194;-10.1849798;-10.586323;-11.177;76;753.646;QJDBBBIBZBRZGF-ALUWMOPFSA-N;[H]/C(c1c([H])c([H])c(Sc2nc(-c3c([H])c([H])c(Cl)c([H])c3Cl)nn2[H])c([N+](=O)[O-])c1[H])=c1/sc2n(c1=O)[C@]([H])(c1c([H])c(OC([H])([H])[H])c([H])c([H])c1OC([H])([H])[H])C(C(=O)OC([H])([H])C([H])([H])[H])=C(C([H])([H])[H])N=2
KKBBMN.xaa_ZINC000409194707_195;-11.0828214;-12.042248;-10.967;72;761.694;QKAIVMFJMFOFPK-SFKHYTNKSA-N;[H]/C(c1c([H])c([H])c(Sc2nc(-c3c([H])c([H])c(Cl)c([H])c3Cl)nn2[H])c([N+](=O)[O-])c1[H])=c1/sc2n(c1=O)[C@@]([H])(c1sc([H])c([H])c1[H])C(C(=O)OC([H])([H])C([H])([H])[H])=C(c1c([H])c([H])c([H])c([H])c1[H])N=2
KKBBMN.xaa_ZINC000409194660_196;-10.6863374;-11.49331;-11.226;68;711.584;QMQUIPZERUCXNS-NFYDWNOTSA-N;[H]/C(c1c([H])c([H])c(Sc2nc(-c3c([H])c([H])c(Cl)c([H])c3Cl)nn2[H])c([N+](=O)[O-])c1[H])=c1/sc2n(c1=O)[C@]([H])(c1c([H])c([H])c(F)c([H])c1[H])C(C(=O)OC([H])([H])C([H])([H])[H])=C(C([H])([H])[H])N=2
KKBBMN.xaa_ZINC000409194662_197;-10.5988953;-11.487909;-11.756;68;711.584;QMQUIPZERUCXNS-ZFWDJNJRSA-N;[H]/C(c1c([H])c([H])c(Sc2nc(-c3c([H])c([H])c(Cl)c([H])c3Cl)nn2[H])c([N+](=O)[O-])c1[H])=c1/sc2n(c1=O)[C@@]([H])(c1c([H])c([H])c(F)c([H])c1[H])C(C(=O)OC([H])([H])C([H])([H])[H])=C(C([H])([H])[H])N=2
KKBBMN.xaa_ZINC000409194432_198;-10.7887504;-11.697003;-11.372;78;751.674;LHNXTOSQUNDLFZ-SZYVSPPHSA-N;[H]/C(c1c([H])c([H])c(Sc2nc(-c3c([H])c([H])c(Cl)c([H])c3Cl)nn2[H])c([N+](=O)[O-])c1[H])=c1/sc2n(c1=O)[C@@]([H])(c1c([H])c([H])c([H])c(OC([H])([H])[H])c1[H])C(C(=O)OC([H])([H])C([H])([H])[H])=C(C([H])([H])C([H])([H])C([H])([H])[H])N=2
KKBBMN.xaa_ZINC000409194429_199;-10.961591;-11.699814;-12.138;78;751.674;LHNXTOSQUNDLFZ-QUNTYYFUSA-N;[H]/C(c1c([H])c([H])c(Sc2nc(-c3c([H])c([H])c(Cl)c([H])c3Cl)nn2[H])c([N+](=O)[O-])c1[H])=c1/sc2n(c1=O)[C@]([H])(c1c([H])c([H])c([H])c(OC([H])([H])[H])c1[H])C(C(=O)OC([H])([H])C([H])([H])[H])=C(C([H])([H])C([H])([H])C([H])([H])[H])N=2
KKBBMN.xaa_ZINC000409194115_200;-10.6706843;-11.568589;-12.621;71;737.603;MYNCPVWIXSEEPY-CVWPWANMSA-N;[H]/C(c1c([H])c([H])c(Sc2nc(-c3c([H])c([H])c(Cl)c([H])c3Cl)nn2[H])c([N+](=O)[O-])c1[H])=c1/sc2n(c1=O)[C@@]([H])(c1c([H])c([H])c3c(c1[H])OC([H])([H])O3)C(C(=O)OC([H])([H])C([H])([H])[H])=C(C([H])([H])[H])N=2
KKBBMN.xaa_ZINC000409194117_201;-10.7514096;-11.581172;-12.302;71;737.603;MYNCPVWIXSEEPY-WIEBJJNQSA-N;[H]/C(c1c([H])c([H])c(Sc2nc(-c3c([H])c([H])c(Cl)c([H])c3Cl)nn2[H])c([N+](=O)[O-])c1[H])=c1/sc2n(c1=O)[C@]([H])(c1c([H])c([H])c3c(c1[H])OC([H])([H])O3)C(C(=O)OC([H])([H])C([H])([H])[H])=C(C([H])([H])[H])N=2
KKBBMN.xaa_ZINC000409194039_202;-10.6857094;-11.435141;-11.713;72;723.62;MRPLPEGXWPUXIM-ORVZPOCUSA-N;[H]/C(c1c([H])c([H])c(Sc2nc(-c3c([H])c([H])c(Cl)c([H])c3Cl)nn2[H])c([N+](=O)[O-])c1[H])=c1/sc2n(c1=O)[C@]([H])(c1c([H])c([H])c(OC([H])([H])[H])c([H])c1[H])C(C(=O)OC([H])([H])C([H])([H])[H])=C(C([H])([H])[H])N=2
KKBBMN.xaa_ZINC000409194041_203;-10.576859;-11.314871;-13.094;72;723.62;MRPLPEGXWPUXIM-IYVASWNSSA-N;[H]/C(c1c([H])c([H])c(Sc2nc(-c3c([H])c([H])c(Cl)c([H])c3Cl)nn2[H])c([N+](=O)[O-])c1[H])=c1/sc2n(c1=O)[C@@]([H])(c1c([H])c([H])c(OC([H])([H])[H])c([H])c1[H])C(C(=O)OC([H])([H])C([H])([H])[H])=C(C([H])([H])[H])N=2
KKBBMN.xaa_ZINC000409193813_204;-10.5287476;-11.180155;-13.344;76;753.646;MTWMMMFKPBPPPB-VIYYDIFJSA-N;[H]/C(c1c([H])c([H])c(Sc2nc(-c3c([H])c([H])c(Cl)c([H])c3Cl)nn2[H])c([N+](=O)[O-])c1[H])=c1/sc2n(c1=O)[C@@]([H])(c1c([H])c([H])c(OC([H])([H])[H])c(OC([H])([H])[H])c1[H])C(C(=O)OC([H])([H])C([H])([H])[H])=C(C([H])([H])[H])N=2
KKBBMN.xaa_ZINC000409193814_205;-10.5506324;-11.128945;-11.693;76;753.646;MTWMMMFKPBPPPB-ALUWMOPFSA-N;[H]/C(c1c([H])c([H])c(Sc2nc(-c3c([H])c([H])c(Cl)c([H])c3Cl)nn2[H])c([N+](=O)[O-])c1[H])=c1/sc2n(c1=O)[C@]([H])(c1c([H])c([H])c(OC([H])([H])[H])c(OC([H])([H])[H])c1[H])C(C(=O)OC([H])([H])C([H])([H])[H])=C(C([H])([H])[H])N=2
KKBBMN.xaa_ZINC000409193758_206;-10.6831347;-11.140156;-10.266;75;755.109;MCGLUTXXPVJOFU-ZJTZAHLKSA-N;[H]/C(c1c([H])c([H])c(Sc2nc(-c3c([H])c([H])c(Cl)c([H])c3Cl)nn2[H])c([N+](=O)[O-])c1[H])=c1/sc2n(c1=O)[C@@]([H])(c1c([H])c([H])c(Cl)c([H])c1[H])C(C(=O)N(C([H])([H])C([H])([H])[H])C([H])([H])C([H])([H])[H])=C(C([H])([H])[H])N=2
KKBBMN.xaa_ZINC000409193754_207;-10.838324599999998;-11.247716;-11.539;75;755.109;MCGLUTXXPVJOFU-UPWSPCOFSA-N;[H]/C(c1c([H])c([H])c(Sc2nc(-c3c([H])c([H])c(Cl)c([H])c3Cl)nn2[H])c([N+](=O)[O-])c1[H])=c1/sc2n(c1=O)[C@]([H])(c1c([H])c([H])c(Cl)c([H])c1[H])C(C(=O)N(C([H])([H])C([H])([H])[H])C([H])([H])C([H])([H])[H])=C(C([H])([H])[H])N=2
KKBBMN.xaa_ZINC000409193552_208;-10.216660200000002;-10.872288;-11.411;72;723.62;GKPXHOAYDOALOZ-ORVZPOCUSA-N;[H]/C(c1c([H])c([H])c(Sc2nc(-c3c([H])c([H])c(Cl)c([H])c3Cl)nn2[H])c([N+](=O)[O-])c1[H])=c1/sc2n(c1=O)[C@]([H])(c1c([H])c([H])c([H])c([H])c1OC([H])([H])[H])C(C(=O)OC([H])([H])C([H])([H])[H])=C(C([H])([H])[H])N=2
KKBBMN.xaa_ZINC000409193172_210;-11.046088;-11.613091;-11.611;75;737.647;DLZAJKXFJYNZTD-ALUWMOPFSA-N;[H]/C(c1c([H])c([H])c(Sc2nc(-c3c([H])c([H])c(Cl)c([H])c3Cl)nn2[H])c([N+](=O)[O-])c1[H])=c1/sc2n(c1=O)[C@]([H])(c1c([H])c([H])c([H])c(OC([H])([H])[H])c1[H])C(C(=O)OC([H])(C([H])([H])[H])C([H])([H])[H])=C(C([H])([H])[H])N=2
KKBBMN.xaa_ZINC000409193173_211;-10.991390199999998;-11.715741;-11.729;75;737.647;DLZAJKXFJYNZTD-VIYYDIFJSA-N;[H]/C(c1c([H])c([H])c(Sc2nc(-c3c([H])c([H])c(Cl)c([H])c3Cl)nn2[H])c([N+](=O)[O-])c1[H])=c1/sc2n(c1=O)[C@@]([H])(c1c([H])c([H])c([H])c(OC([H])([H])[H])c1[H])C(C(=O)OC([H])(C([H])([H])[H])C([H])([H])[H])=C(C([H])([H])[H])N=2
KKBBMN.xaa_ZINC000409192955_212;-10.991266;-11.650864;-13.017;78;751.674;GLLXEMGQOPRXMX-SZYVSPPHSA-N;[H]/C(c1c([H])c([H])c(Sc2nc(-c3c([H])c([H])c(Cl)c([H])c3Cl)nn2[H])c([N+](=O)[O-])c1[H])=c1/sc2n(c1=O)[C@@]([H])(c1c([H])c([H])c(OC([H])([H])C([H])([H])[H])c([H])c1[H])C(C(=O)OC([H])(C([H])([H])[H])C([H])([H])[H])=C(C([H])([H])[H])N=2
KKBBMN.xaa_ZINC000409192952_213;-11.1712008;-12.021302;-11.536;78;751.674;GLLXEMGQOPRXMX-QUNTYYFUSA-N;[H]/C(c1c([H])c([H])c(Sc2nc(-c3c([H])c([H])c(Cl)c([H])c3Cl)nn2[H])c([N+](=O)[O-])c1[H])=c1/sc2n(c1=O)[C@]([H])(c1c([H])c([H])c(OC([H])([H])C([H])([H])[H])c([H])c1[H])C(C(=O)OC([H])(C([H])([H])[H])C([H])([H])[H])=C(C([H])([H])[H])N=2
KKBBMN.xaa_ZINC000409192990_214;-10.414159;-11.006166;-11.486;72;758.065;HSXOALAWIAWIFL-LRAMOIDDSA-N;[H]/C(c1c([H])c([H])c(Sc2nc(-c3c([H])c([H])c(Cl)c([H])c3Cl)nn2[H])c([N+](=O)[O-])c1[H])=c1/sc2n(c1=O)[C@]([H])(c1c([H])c(Cl)c([H])c([H])c1OC([H])([H])[H])C(C(=O)OC([H])([H])C([H])([H])[H])=C(C([H])([H])[H])N=2
KKBBMN.xaa_ZINC000409192987_215;-10.1261266;-10.844701;-11.103;72;758.065;HSXOALAWIAWIFL-KCQXITDRSA-N;[H]/C(c1c([H])c([H])c(Sc2nc(-c3c([H])c([H])c(Cl)c([H])c3Cl)nn2[H])c([N+](=O)[O-])c1[H])=c1/sc2n(c1=O)[C@@]([H])(c1c([H])c(Cl)c([H])c([H])c1OC([H])([H])[H])C(C(=O)OC([H])([H])C([H])([H])[H])=C(C([H])([H])[H])N=2
KKBBMN.xaa_ZINC000409193067_216;-11.0285022;-11.630542;-11.338;75;737.647;HSMJNXSBGQTXMB-DQARITGZSA-N;[H]/C(c1c([H])c([H])c(Sc2nc(-c3c([H])c([H])c(Cl)c([H])c3Cl)nn2[H])c([N+](=O)[O-])c1[H])=c1/sc2n(c1=O)[C@]([H])(c1c([H])c([H])c(OC([H])([H])[H])c([H])c1[H])C(C(=O)OC([H])(C([H])([H])[H])C([H])([H])[H])=C(C([H])([H])[H])N=2
KKBBMN.xaa_ZINC000409193065_217;-10.8589254;-11.394825;-13.249;75;737.647;HSMJNXSBGQTXMB-YRSDHNRQSA-N;[H]/C(c1c([H])c([H])c(Sc2nc(-c3c([H])c([H])c(Cl)c([H])c3Cl)nn2[H])c([N+](=O)[O-])c1[H])=c1/sc2n(c1=O)[C@@]([H])(c1c([H])c([H])c(OC([H])([H])[H])c([H])c1[H])C(C(=O)OC([H])(C([H])([H])[H])C([H])([H])[H])=C(C([H])([H])[H])N=2
KKBBMN.xaa_ZINC000409192538_218;-10.857255600000002;-11.267172;-11.225;79;750.69;CIIBGRWIFNFXRZ-YVBHXKDBSA-N;[H]/C(c1c([H])c([H])c(Sc2nc(-c3c([H])c([H])c(Cl)c([H])c3Cl)nn2[H])c([N+](=O)[O-])c1[H])=c1/sc2n(c1=O)[C@]([H])(c1c([H])c([H])c([H])c([H])c1OC([H])([H])[H])C(C(=O)N(C([H])([H])C([H])([H])[H])C([H])([H])C([H])([H])[H])=C(C([H])([H])[H])N=2
KKBBMN.xaa_ZINC000409192535_219;-10.3020782;-11.081114;-10.107;79;750.69;CIIBGRWIFNFXRZ-VPHSIRQSSA-N;[H]/C(c1c([H])c([H])c(Sc2nc(-c3c([H])c([H])c(Cl)c([H])c3Cl)nn2[H])c([N+](=O)[O-])c1[H])=c1/sc2n(c1=O)[C@@]([H])(c1c([H])c([H])c([H])c([H])c1OC([H])([H])[H])C(C(=O)N(C([H])([H])C([H])([H])[H])C([H])([H])C([H])([H])[H])=C(C([H])([H])[H])N=2
KKBBMN.xaa_ZINC000409192546_220;-11.0019798;-11.939383;-12.42;75;753.715;YPFCFBILFQWIHN-YRSDHNRQSA-N;[H]/C(c1c([H])c([H])c(Sc2nc(-c3c([H])c([H])c(Cl)c([H])c3Cl)nn2[H])c([N+](=O)[O-])c1[H])=c1/sc2n(c1=O)[C@@]([H])(c1c([H])c([H])c(SC([H])([H])[H])c([H])c1[H])C(C(=O)OC([H])(C([H])([H])[H])C([H])([H])[H])=C(C([H])([H])[H])N=2
KKBBMN.xaa_ZINC000409192531_221;-10.5752014;-10.938805;-11.575;76;832.542;DSPTVHPMLXNQRC-CJCCVFIKSA-N;[H]/C(c1c([H])c([H])c(Sc2nc(-c3c([H])c([H])c(Cl)c([H])c3Cl)nn2[H])c([N+](=O)[O-])c1[H])=c1/sc2n(c1=O)[C@]([H])(c1c([H])c(OC([H])([H])[H])c(OC([H])([H])[H])c([H])c1Br)C(C(=O)OC([H])([H])C([H])([H])[H])=C(C([H])([H])[H])N=2
KKBBMN.xaa_ZINC000409192543_222;-11.043903599999998;-11.690224;-11.534;75;753.715;YPFCFBILFQWIHN-DQARITGZSA-N;[H]/C(c1c([H])c([H])c(Sc2nc(-c3c([H])c([H])c(Cl)c([H])c3Cl)nn2[H])c([N+](=O)[O-])c1[H])=c1/sc2n(c1=O)[C@]([H])(c1c([H])c([H])c(SC([H])([H])[H])c([H])c1[H])C(C(=O)OC([H])(C([H])([H])[H])C([H])([H])[H])=C(C([H])([H])[H])N=2
KKBBMN.xaa_ZINC000409192533_223;-10.2954854;-11.061018;-9.631;76;832.542;DSPTVHPMLXNQRC-AUPFZTMHSA-N;[H]/C(c1c([H])c([H])c(Sc2nc(-c3c([H])c([H])c(Cl)c([H])c3Cl)nn2[H])c([N+](=O)[O-])c1[H])=c1/sc2n(c1=O)[C@@]([H])(c1c([H])c(OC([H])([H])[H])c(OC([H])([H])[H])c([H])c1Br)C(C(=O)OC([H])([H])C([H])([H])[H])=C(C([H])([H])[H])N=2
KKBBMN.xaa_ZINC000409192540_224;-10.4417574;-11.122968;-11.577;65;699.623;DSWYVXCWSUZUAK-IZBTWGKQSA-N;[H]/C(c1c([H])c([H])c(Sc2nc(-c3c([H])c([H])c(Cl)c([H])c3Cl)nn2[H])c([N+](=O)[O-])c1[H])=c1/sc2n(c1=O)[C@@]([H])(c1sc([H])c([H])c1[H])C(C(=O)OC([H])([H])C([H])([H])[H])=C(C([H])([H])[H])N=2
KKBBMN.xaa_ZINC000409192203_225;-10.7735798;-11.437386;-11.664;79;767.673;AABLGZTWGCHIJH-BHFPBWTASA-N;[H]/C(c1c([H])c([H])c(Sc2nc(-c3c([H])c([H])c(Cl)c([H])c3Cl)nn2[H])c([N+](=O)[O-])c1[H])=c1/sc2n(c1=O)[C@]([H])(c1c([H])c(OC([H])([H])[H])c([H])c([H])c1OC([H])([H])[H])C(C(=O)OC([H])(C([H])([H])[H])C([H])([H])[H])=C(C([H])([H])[H])N=2
KKBBMN.xaa_ZINC000409192209_226;-10.463261;-11.239322;-10.565;79;767.673;AABLGZTWGCHIJH-HWMKKPCCSA-N;[H]/C(c1c([H])c([H])c(Sc2nc(-c3c([H])c([H])c(Cl)c([H])c3Cl)nn2[H])c([N+](=O)[O-])c1[H])=c1/sc2n(c1=O)[C@@]([H])(c1c([H])c(OC([H])([H])[H])c([H])c([H])c1OC([H])([H])[H])C(C(=O)OC([H])(C([H])([H])[H])C([H])([H])[H])=C(C([H])([H])[H])N=2
KKBBMN.xaa_ZINC000409192306_227;-10.6956894;-11.132456;-13.492;79;767.673;CFNHGHTYGRZZNF-BUDNTJSZSA-N;[H]/C(c1c([H])c([H])c(Sc2nc(-c3c([H])c([H])c(Cl)c([H])c3Cl)nn2[H])c([N+](=O)[O-])c1[H])=c1/sc2n(c1=O)[C@@]([H])(c1c([H])c([H])c(OC([H])([H])[H])c(OC([H])([H])C([H])([H])[H])c1[H])C(C(=O)OC([H])([H])C([H])([H])[H])=C(C([H])([H])[H])N=2
KKBBMN.xaa_ZINC000409192314_228;-10.8775678;-11.550366;-11.84;85;800.75;WJPVABQOFFMSDR-FPWMYLJGSA-N;[H]/C(c1c([H])c([H])c(Sc2nc(-c3c([H])c([H])c(Cl)c([H])c3Cl)nn2[H])c([N+](=O)[O-])c1[H])=c1/sc2n(c1=O)[C@]([H])(c1c(OC([H])([H])[H])c([H])c([H])c3c([H])c([H])c([H])c([H])c13)C(C(=O)N(C([H])([H])C([H])([H])[H])C([H])([H])C([H])([H])[H])=C(C([H])([H])[H])N=2
KKBBMN.xaa_ZINC000409192319_229;-10.5736028;-10.95359;-10.537;85;800.75;WJPVABQOFFMSDR-VEOKEAFVSA-N;[H]/C(c1c([H])c([H])c(Sc2nc(-c3c([H])c([H])c(Cl)c([H])c3Cl)nn2[H])c([N+](=O)[O-])c1[H])=c1/sc2n(c1=O)[C@@]([H])(c1c(OC([H])([H])[H])c([H])c([H])c3c([H])c([H])c([H])c([H])c13)C(C(=O)N(C([H])([H])C([H])([H])[H])C([H])([H])C([H])([H])[H])=C(C([H])([H])[H])N=2
KKBBMN.xaa_ZINC000409192303_230;-10.8502474;-11.436839;-12.488;79;767.673;CFNHGHTYGRZZNF-FCVOFCDTSA-N;[H]/C(c1c([H])c([H])c(Sc2nc(-c3c([H])c([H])c(Cl)c([H])c3Cl)nn2[H])c([N+](=O)[O-])c1[H])=c1/sc2n(c1=O)[C@]([H])(c1c([H])c([H])c(OC([H])([H])[H])c(OC([H])([H])C([H])([H])[H])c1[H])C(C(=O)OC([H])([H])C([H])([H])[H])=C(C([H])([H])[H])N=2
KKBBMN.xaa_ZINC000409192114_231;-11.3629743;-12.7125;-11.046;75;790.11;AJKOSQOFRBGFBY-QYIOYSLNSA-N;[H]/C(c1c([H])c([H])c(Sc2nc(-c3c([H])c([H])c(Cl)c([H])c3Cl)nn2[H])c([N+](=O)[O-])c1[H])=c1/sc2n(c1=O)[C@@]([H])(c1c([H])c([H])c(Cl)c([H])c1[H])C(C(=O)OC([H])([H])C([H])([H])[H])=C(c1c([H])c([H])c([H])c([H])c1[H])N=2
KKBBMN.xaa_ZINC000409192113_232;-11.4651474;-12.695726;-12.833;75;790.11;AJKOSQOFRBGFBY-MXLMUYMQSA-N;[H]/C(c1c([H])c([H])c(Sc2nc(-c3c([H])c([H])c(Cl)c([H])c3Cl)nn2[H])c([N+](=O)[O-])c1[H])=c1/sc2n(c1=O)[C@]([H])(c1c([H])c([H])c(Cl)c([H])c1[H])C(C(=O)OC([H])([H])C([H])([H])[H])=C(c1c([H])c([H])c([H])c([H])c1[H])N=2
KKBBMN.xaa_ZINC000409191908_233;-12.3375556;-13.391488;-10.66;82;782.735;QBQRXQCOWZQRCJ-AMQCUNCASA-N;[H]/C(c1c([H])c([H])c(Sc2nc(-c3c([H])c([H])c(Cl)c([H])c3Cl)nn2[H])c([N+](=O)[O-])c1[H])=c1/sc2n(c1=O)[C@@]([H])(c1c([H])c([H])c(C([H])(C([H])([H])[H])C([H])([H])[H])c([H])c1[H])C(C(=O)N([H])c1c([H])c([H])c([H])c([H])c1[H])=C(C([H])([H])[H])N=2
KKBBMN.xaa_ZINC000409191907_234;-11.9684464;-12.65052;-12.063;82;782.735;QBQRXQCOWZQRCJ-UHSYMONFSA-N;[H]/C(c1c([H])c([H])c(Sc2nc(-c3c([H])c([H])c(Cl)c([H])c3Cl)nn2[H])c([N+](=O)[O-])c1[H])=c1/sc2n(c1=O)[C@]([H])(c1c([H])c([H])c(C([H])(C([H])([H])[H])C([H])([H])[H])c([H])c1[H])C(C(=O)N([H])c1c([H])c([H])c([H])c([H])c1[H])=C(C([H])([H])[H])N=2
KKBBMN.xaa_ZINC000409192021_235;-11.4548242;-12.576133;-12.922;78;799.674;SLHQKXXTHYOOHU-PMJCSSHISA-N;[H]/C(c1c([H])c([H])c(Sc2nc(-c3c([H])c([H])c(Cl)c([H])c3Cl)nn2[H])c([N+](=O)[O-])c1[H])=c1/sc2n(c1=O)[C@]([H])(c1c([H])c([H])c3c(c1[H])OC([H])([H])O3)C(C(=O)OC([H])([H])C([H])([H])[H])=C(c1c([H])c([H])c([H])c([H])c1[H])N=2
KKBBMN.xaa_ZINC000409192022_236;-11.364158499999998;-12.689974;-12.684;78;799.674;SLHQKXXTHYOOHU-OFJZKOHLSA-N;[H]/C(c1c([H])c([H])c(Sc2nc(-c3c([H])c([H])c(Cl)c([H])c3Cl)nn2[H])c([N+](=O)[O-])c1[H])=c1/sc2n(c1=O)[C@@]([H])(c1c([H])c([H])c3c(c1[H])OC([H])([H])O3)C(C(=O)OC([H])([H])C([H])([H])[H])=C(c1c([H])c([H])c([H])c([H])c1[H])N=2
KKBBMN.xaa_ZINC000409191739_237;-10.8154472;-11.509178;-11.695;72;723.62;MBZTWHDKRSTSPA-GRXWAMFVSA-N;[H]/C(c1c([H])c([H])c(Sc2nc(-c3c([H])c([H])c(Cl)c([H])c3Cl)nn2[H])c([N+](=O)[O-])c1[H])=c1/sc2n(c1=O)[C@]([H])(c1c([H])c([H])c([H])c(OC([H])([H])[H])c1[H])C(C(=O)OC([H])([H])C([H])([H])[H])=C(C([H])([H])[H])N=2
KKBBMN.xaa_ZINC000409191723_238;-10.1502478;-10.861839;-11.548;72;802.516;LODDBNYSQCLFIR-KCQXITDRSA-N;[H]/C(c1c([H])c([H])c(Sc2nc(-c3c([H])c([H])c(Cl)c([H])c3Cl)nn2[H])c([N+](=O)[O-])c1[H])=c1/sc2n(c1=O)[C@@]([H])(c1c([H])c(Br)c([H])c([H])c1OC([H])([H])[H])C(C(=O)OC([H])([H])C([H])([H])[H])=C(C([H])([H])[H])N=2
KKBBMN.xaa_ZINC000409191724_239;-10.4348418;-11.008189;-11.529;72;802.516;LODDBNYSQCLFIR-LRAMOIDDSA-N;[H]/C(c1c([H])c([H])c(Sc2nc(-c3c([H])c([H])c(Cl)c([H])c3Cl)nn2[H])c([N+](=O)[O-])c1[H])=c1/sc2n(c1=O)[C@]([H])(c1c([H])c(Br)c([H])c([H])c1OC([H])([H])[H])C(C(=O)OC([H])([H])C([H])([H])[H])=C(C([H])([H])[H])N=2
KKBBMN.xaa_ZINC000409191740_240;-10.6519388;-11.301978;-11.732;72;723.62;MBZTWHDKRSTSPA-QHZSLAKNSA-N;[H]/C(c1c([H])c([H])c(Sc2nc(-c3c([H])c([H])c(Cl)c([H])c3Cl)nn2[H])c([N+](=O)[O-])c1[H])=c1/sc2n(c1=O)[C@@]([H])(c1c([H])c([H])c([H])c(OC([H])([H])[H])c1[H])C(C(=O)OC([H])([H])C([H])([H])[H])=C(C([H])([H])[H])N=2
KKBBMN.xaa_ZINC000409191398_241;-10.9105962;-11.276667;-11.175;83;780.716;GMJFNUXDDINXCN-FZEVDNDPSA-N;[H]/C(c1c([H])c([H])c(Sc2nc(-c3c([H])c([H])c(Cl)c([H])c3Cl)nn2[H])c([N+](=O)[O-])c1[H])=c1/sc2n(c1=O)[C@]([H])(c1c([H])c(OC([H])([H])[H])c([H])c([H])c1OC([H])([H])[H])C(C(=O)N(C([H])([H])C([H])([H])[H])C([H])([H])C([H])([H])[H])=C(C([H])([H])[H])N=2
KKBBMN.xaa_ZINC000409191397_242;-10.502260199999998;-11.200095;-10.867;83;780.716;GMJFNUXDDINXCN-BXMULHQWSA-N;[H]/C(c1c([H])c([H])c(Sc2nc(-c3c([H])c([H])c(Cl)c([H])c3Cl)nn2[H])c([N+](=O)[O-])c1[H])=c1/sc2n(c1=O)[C@@]([H])(c1c([H])c(OC([H])([H])[H])c([H])c([H])c1OC([H])([H])[H])C(C(=O)N(C([H])([H])C([H])([H])[H])C([H])([H])C([H])([H])[H])=C(C([H])([H])[H])N=2
KKBBMN.xaa_ZINC000409191215_243;-11.2714052;-11.651429;-12.466;78;830.57;DMOXXFYKNXKPDZ-FCVOFCDTSA-N;[H]/C(c1c([H])c([H])c(Sc2nc(-c3c([H])c([H])c(Cl)c([H])c3Cl)nn2[H])c([N+](=O)[O-])c1[H])=c1/sc2n(c1=O)[C@]([H])(c1c([H])c(Br)c([H])c([H])c1OC([H])([H])[H])C(C(=O)OC([H])([H])C([H])([H])[H])=C(C([H])([H])C([H])([H])C([H])([H])[H])N=2
KKBBMN.xaa_ZINC000409191214_244;-11.4114504;-11.800132;-11.115;78;830.57;DMOXXFYKNXKPDZ-BUDNTJSZSA-N;[H]/C(c1c([H])c([H])c(Sc2nc(-c3c([H])c([H])c(Cl)c([H])c3Cl)nn2[H])c([N+](=O)[O-])c1[H])=c1/sc2n(c1=O)[C@@]([H])(c1c([H])c(Br)c([H])c([H])c1OC([H])([H])[H])C(C(=O)OC([H])([H])C([H])([H])[H])=C(C([H])([H])C([H])([H])C([H])([H])[H])N=2
KKBBMN.xaa_ZINC000409191232_245;-11.4067962;-12.454229;-12.463;79;785.691;DWBGAOAJEWXHCT-PEPUGYCWSA-N;[H]/C(c1c([H])c([H])c(Sc2nc(-c3c([H])c([H])c(Cl)c([H])c3Cl)nn2[H])c([N+](=O)[O-])c1[H])=c1/sc2n(c1=O)[C@]([H])(c1c([H])c([H])c(OC([H])([H])[H])c([H])c1[H])C(C(=O)OC([H])([H])C([H])([H])[H])=C(c1c([H])c([H])c([H])c([H])c1[H])N=2
KKBBMN.xaa_ZINC000409191231_246;-11.2732818;-12.455829;-11.03;79;785.691;DWBGAOAJEWXHCT-NXYYLBPMSA-N;[H]/C(c1c([H])c([H])c(Sc2nc(-c3c([H])c([H])c(Cl)c([H])c3Cl)nn2[H])c([N+](=O)[O-])c1[H])=c1/sc2n(c1=O)[C@@]([H])(c1c([H])c([H])c(OC([H])([H])[H])c([H])c1[H])C(C(=O)OC([H])([H])C([H])([H])[H])=C(c1c([H])c([H])c([H])c([H])c1[H])N=2
KKBBMN.xaa_ZINC000409191092_247;-11.1606446;-11.906472;-12.72;78;830.57;SEWBANRXOZSBOG-FCVOFCDTSA-N;[H]/C(c1c([H])c([H])c(Sc2nc(-c3c([H])c([H])c(Cl)c([H])c3Cl)nn2[H])c([N+](=O)[O-])c1[H])=c1/sc2n(c1=O)[C@]([H])(c1c([H])c([H])c(OC([H])([H])[H])c(Br)c1[H])C(C(=O)OC([H])([H])C([H])([H])[H])=C(C([H])([H])C([H])([H])C([H])([H])[H])N=2
KKBBMN.xaa_ZINC000409191095_248;-10.940355399999998;-11.90707;-11.484;78;830.57;SEWBANRXOZSBOG-BUDNTJSZSA-N;[H]/C(c1c([H])c([H])c(Sc2nc(-c3c([H])c([H])c(Cl)c([H])c3Cl)nn2[H])c([N+](=O)[O-])c1[H])=c1/sc2n(c1=O)[C@@]([H])(c1c([H])c([H])c(OC([H])([H])[H])c(Br)c1[H])C(C(=O)OC([H])([H])C([H])([H])[H])=C(C([H])([H])C([H])([H])C([H])([H])[H])N=2
KKBBMN.xaa_ZINC000409191133_249;-11.4563596;-12.646934;-10.994;82;799.718;ZVHBAMXMSSYIDG-HNVAQCFTSA-N;[H]/C(c1c([H])c([H])c(Sc2nc(-c3c([H])c([H])c(Cl)c([H])c3Cl)nn2[H])c([N+](=O)[O-])c1[H])=c1/sc2n(c1=O)[C@@]([H])(c1c([H])c([H])c(OC([H])([H])C([H])([H])[H])c([H])c1[H])C(C(=O)OC([H])([H])C([H])([H])[H])=C(c1c([H])c([H])c([H])c([H])c1[H])N=2
KKBBMN.xaa_ZINC000409191135_250;-11.6743137;-12.683003;-13.096;82;799.718;ZVHBAMXMSSYIDG-JESJEVRBSA-N;[H]/C(c1c([H])c([H])c(Sc2nc(-c3c([H])c([H])c(Cl)c([H])c3Cl)nn2[H])c([N+](=O)[O-])c1[H])=c1/sc2n(c1=O)[C@]([H])(c1c([H])c([H])c(OC([H])([H])C([H])([H])[H])c([H])c1[H])C(C(=O)OC([H])([H])C([H])([H])[H])=C(c1c([H])c([H])c([H])c([H])c1[H])N=2
KKBBMN.xaa_ZINC000409190914_251;-10.7302414;-11.170809;-11.951;79;846.569;BIFJYPCUKGOEGS-IHWJNSMWSA-N;[H]/C(c1c([H])c([H])c(Sc2nc(-c3c([H])c([H])c(Cl)c([H])c3Cl)nn2[H])c([N+](=O)[O-])c1[H])=c1/sc2n(c1=O)[C@]([H])(c1c([H])c(OC([H])([H])C([H])([H])[H])c(OC([H])([H])[H])c([H])c1Br)C(C(=O)OC([H])([H])C([H])([H])[H])=C(C([H])([H])[H])N=2
KKBBMN.xaa_ZINC000409190913_252;-10.2078222;-10.693267;-9.786;79;846.569;BIFJYPCUKGOEGS-MNIFGUMRSA-N;[H]/C(c1c([H])c([H])c(Sc2nc(-c3c([H])c([H])c(Cl)c([H])c3Cl)nn2[H])c([N+](=O)[O-])c1[H])=c1/sc2n(c1=O)[C@@]([H])(c1c([H])c(OC([H])([H])C([H])([H])[H])c(OC([H])([H])[H])c([H])c1Br)C(C(=O)OC([H])([H])C([H])([H])[H])=C(C([H])([H])[H])N=2
KKBBMN.xaa_ZINC000409190993_253;-10.396335;-11.224299;-11.917;78;773.68;XWWRFEBEPUNDGO-XKNCUGLGSA-N;[H]/C(c1c([H])c([H])c(Sc2nc(-c3c([H])c([H])c(Cl)c([H])c3Cl)nn2[H])c([N+](=O)[O-])c1[H])=c1/sc2n(c1=O)[C@]([H])(c1c(OC([H])([H])[H])c([H])c([H])c3c([H])c([H])c([H])c([H])c13)C(C(=O)OC([H])([H])C([H])([H])[H])=C(C([H])([H])[H])N=2
KKBBMN.xaa_ZINC000409190992_254;-10.2127266;-10.691662;-11.573;78;773.68;XWWRFEBEPUNDGO-AJAYTNACSA-N;[H]/C(c1c([H])c([H])c(Sc2nc(-c3c([H])c([H])c(Cl)c([H])c3Cl)nn2[H])c([N+](=O)[O-])c1[H])=c1/sc2n(c1=O)[C@@]([H])(c1c(OC([H])([H])[H])c([H])c([H])c3c([H])c([H])c([H])c([H])c13)C(C(=O)OC([H])([H])C([H])([H])[H])=C(C([H])([H])[H])N=2
KKBBMN.xaa_ZINC000409190751_255;-11.3615528;-12.927473;-11.313;79;801.759;QLYQTGIMPNVGOQ-NXYYLBPMSA-N;[H]/C(c1c([H])c([H])c(Sc2nc(-c3c([H])c([H])c(Cl)c([H])c3Cl)nn2[H])c([N+](=O)[O-])c1[H])=c1/sc2n(c1=O)[C@@]([H])(c1c([H])c([H])c(SC([H])([H])[H])c([H])c1[H])C(C(=O)OC([H])([H])C([H])([H])[H])=C(c1c([H])c([H])c([H])c([H])c1[H])N=2
KKBBMN.xaa_ZINC000409190755_256;-11.8531184;-12.976113;-11.887;84;797.746;WAEUMEIZAKUJDH-TVRVIFGSSA-N;[H]/C(c1c([H])c([H])c(Sc2nc(-c3c([H])c([H])c(Cl)c([H])c3Cl)nn2[H])c([N+](=O)[O-])c1[H])=c1/sc2n(c1=O)[C@@]([H])(c1c([H])c([H])c(C([H])(C([H])([H])[H])C([H])([H])[H])c([H])c1[H])C(C(=O)OC([H])([H])C([H])([H])[H])=C(c1c([H])c([H])c([H])c([H])c1[H])N=2
KKBBMN.xaa_ZINC000409190758_257;-11.9766058;-12.889069;-13.627;84;797.746;WAEUMEIZAKUJDH-VCLSCOGJSA-N;[H]/C(c1c([H])c([H])c(Sc2nc(-c3c([H])c([H])c(Cl)c([H])c3Cl)nn2[H])c([N+](=O)[O-])c1[H])=c1/sc2n(c1=O)[C@]([H])(c1c([H])c([H])c(C([H])(C([H])([H])[H])C([H])([H])[H])c([H])c1[H])C(C(=O)OC([H])([H])C([H])([H])[H])=C(c1c([H])c([H])c([H])c([H])c1[H])N=2
KKBBMN.xaa_ZINC000409190754_258;-11.4830736;-12.773151;-12.895;79;801.759;QLYQTGIMPNVGOQ-PEPUGYCWSA-N;[H]/C(c1c([H])c([H])c(Sc2nc(-c3c([H])c([H])c(Cl)c([H])c3Cl)nn2[H])c([N+](=O)[O-])c1[H])=c1/sc2n(c1=O)[C@]([H])(c1c([H])c([H])c(SC([H])([H])[H])c([H])c1[H])C(C(=O)OC([H])([H])C([H])([H])[H])=C(c1c([H])c([H])c([H])c([H])c1[H])N=2
KKBBMN.xaa_ZINC000409190499_259;-11.4048442;-11.868454;-11.02;78;786.119;YOHSUHFULUMGNP-BUDNTJSZSA-N;[H]/C(c1c([H])c([H])c(Sc2nc(-c3c([H])c([H])c(Cl)c([H])c3Cl)nn2[H])c([N+](=O)[O-])c1[H])=c1/sc2n(c1=O)[C@@]([H])(c1c([H])c(Cl)c([H])c([H])c1OC([H])([H])[H])C(C(=O)OC([H])([H])C([H])([H])[H])=C(C([H])([H])C([H])([H])C([H])([H])[H])N=2
KKBBMN.xaa_ZINC000409190501_260;-11.2745922;-11.637428;-12.367;78;786.119;YOHSUHFULUMGNP-FCVOFCDTSA-N;[H]/C(c1c([H])c([H])c(Sc2nc(-c3c([H])c([H])c(Cl)c([H])c3Cl)nn2[H])c([N+](=O)[O-])c1[H])=c1/sc2n(c1=O)[C@]([H])(c1c([H])c(Cl)c([H])c([H])c1OC([H])([H])[H])C(C(=O)OC([H])([H])C([H])([H])[H])=C(C([H])([H])C([H])([H])C([H])([H])[H])N=2
KKBBMN.xaa_ZINC000409190548_261;-11.2027914;-11.921356;-11.866;73;758.644;ZGJZPUNMIGUDPM-FJNIOPPGSA-N;[H]/C(c1c([H])c([H])c(Sc2nc(-c3c([H])c([H])c(Cl)c([H])c3Cl)nn2[H])c([N+](=O)[O-])c1[H])=c1/sc2n(c1=O)[C@]([H])(c1c([H])c([H])c(F)c([H])c1[H])C(C(=O)N([H])c1c([H])c([H])c([H])c([H])c1[H])=C(C([H])([H])[H])N=2
KKBBMN.xaa_ZINC000409190546_262;-11.4877222;-12.474636;-11.826;73;758.644;ZGJZPUNMIGUDPM-TZUCAZQYSA-N;[H]/C(c1c([H])c([H])c(Sc2nc(-c3c([H])c([H])c(Cl)c([H])c3Cl)nn2[H])c([N+](=O)[O-])c1[H])=c1/sc2n(c1=O)[C@@]([H])(c1c([H])c([H])c(F)c([H])c1[H])C(C(=O)N([H])c1c([H])c([H])c([H])c([H])c1[H])=C(C([H])([H])[H])N=2
KKBBMN.xaa_ZINC000409190434_263;-11.9432457;-12.893278;-10.74;85;813.745;NFIDKKLEBZDHKY-TVRVIFGSSA-N;[H]/C(c1c([H])c([H])c(Sc2nc(-c3c([H])c([H])c(Cl)c([H])c3Cl)nn2[H])c([N+](=O)[O-])c1[H])=c1/sc2n(c1=O)[C@@]([H])(c1c([H])c([H])c(OC([H])(C([H])([H])[H])C([H])([H])[H])c([H])c1[H])C(C(=O)OC([H])([H])C([H])([H])[H])=C(c1c([H])c([H])c([H])c([H])c1[H])N=2
KKBBMN.xaa_ZINC000409190435_264;-12.0232862;-12.963599;-13.29;85;813.745;NFIDKKLEBZDHKY-VCLSCOGJSA-N;[H]/C(c1c([H])c([H])c(Sc2nc(-c3c([H])c([H])c(Cl)c([H])c3Cl)nn2[H])c([N+](=O)[O-])c1[H])=c1/sc2n(c1=O)[C@]([H])(c1c([H])c([H])c(OC([H])(C([H])([H])[H])C([H])([H])[H])c([H])c1[H])C(C(=O)OC([H])([H])C([H])([H])[H])=C(c1c([H])c([H])c([H])c([H])c1[H])N=2
KKBBMN.xaa_ZINC000409190235_265;-11.2401084;-11.794364;-10.571;82;781.7;QIDGDHJKDBILOI-BXMULHQWSA-N;[H]/C(c1c([H])c([H])c(Sc2nc(-c3c([H])c([H])c(Cl)c([H])c3Cl)nn2[H])c([N+](=O)[O-])c1[H])=c1/sc2n(c1=O)[C@@]([H])(c1c([H])c(OC([H])([H])[H])c([H])c([H])c1OC([H])([H])[H])C(C(=O)OC([H])([H])C([H])([H])[H])=C(C([H])([H])C([H])([H])C([H])([H])[H])N=2
KKBBMN.xaa_ZINC000409190236_266;-11.2046404;-11.628641;-12.003;82;781.7;QIDGDHJKDBILOI-FZEVDNDPSA-N;[H]/C(c1c([H])c([H])c(Sc2nc(-c3c([H])c([H])c(Cl)c([H])c3Cl)nn2[H])c([N+](=O)[O-])c1[H])=c1/sc2n(c1=O)[C@]([H])(c1c([H])c(OC([H])([H])[H])c([H])c([H])c1OC([H])([H])[H])C(C(=O)OC([H])([H])C([H])([H])[H])=C(C([H])([H])C([H])([H])C([H])([H])[H])N=2
KKBBMN.xaa_ZINC000409189886_267;-11.6505893;-12.220547;-12.953;77;770.68;UNIHXAVMIXOWPI-OCDQFKQQSA-N;[H]/C(c1c([H])c([H])c(Sc2nc(-c3c([H])c([H])c(Cl)c([H])c3Cl)nn2[H])c([N+](=O)[O-])c1[H])=c1/sc2n(c1=O)[C@@]([H])(c1c([H])c([H])c([H])c(OC([H])([H])[H])c1[H])C(C(=O)N([H])c1c([H])c([H])c([H])c([H])c1[H])=C(C([H])([H])[H])N=2
KKBBMN.xaa_ZINC000409190151_268;-10.685306;-11.304758;-11.73;75;816.543;LNXPAWKAOZLLAM-UWRMONIRSA-N;[H]/C(c1c([H])c([H])c(Sc2nc(-c3c([H])c([H])c(Cl)c([H])c3Cl)nn2[H])c([N+](=O)[O-])c1[H])=c1/sc2n(c1=O)[C@]([H])(c1c([H])c(Br)c([H])c([H])c1OC([H])([H])[H])C(C(=O)OC([H])(C([H])([H])[H])C([H])([H])[H])=C(C([H])([H])[H])N=2
KKBBMN.xaa_ZINC000409189882_269;-12.113305;-12.64319;-12.009;77;770.68;UNIHXAVMIXOWPI-OKMHPQNISA-N;[H]/C(c1c([H])c([H])c(Sc2nc(-c3c([H])c([H])c(Cl)c([H])c3Cl)nn2[H])c([N+](=O)[O-])c1[H])=c1/sc2n(c1=O)[C@]([H])(c1c([H])c([H])c([H])c(OC([H])([H])[H])c1[H])C(C(=O)N([H])c1c([H])c([H])c([H])c([H])c1[H])=C(C([H])([H])[H])N=2
KKBBMN.xaa_ZINC000409190150_270;-10.533747600000002;-11.455328;-11.143;75;816.543;LNXPAWKAOZLLAM-QVPVGFNESA-N;[H]/C(c1c([H])c([H])c(Sc2nc(-c3c([H])c([H])c(Cl)c([H])c3Cl)nn2[H])c([N+](=O)[O-])c1[H])=c1/sc2n(c1=O)[C@@]([H])(c1c([H])c(Br)c([H])c([H])c1OC([H])([H])[H])C(C(=O)OC([H])(C([H])([H])[H])C([H])([H])[H])=C(C([H])([H])[H])N=2
KKBBMN.xaa_ZINC000409189751_271;-10.875476;-11.515957;-12.89;72;802.516;IDORGGXUHPSZRM-LRAMOIDDSA-N;[H]/C(c1c([H])c([H])c(Sc2nc(-c3c([H])c([H])c(Cl)c([H])c3Cl)nn2[H])c([N+](=O)[O-])c1[H])=c1/sc2n(c1=O)[C@]([H])(c1c([H])c([H])c(OC([H])([H])[H])c(Br)c1[H])C(C(=O)OC([H])([H])C([H])([H])[H])=C(C([H])([H])[H])N=2
KKBBMN.xaa_ZINC000409189749_272;-10.7051574;-11.207982;-12.457;72;802.516;IDORGGXUHPSZRM-KCQXITDRSA-N;[H]/C(c1c([H])c([H])c(Sc2nc(-c3c([H])c([H])c(Cl)c([H])c3Cl)nn2[H])c([N+](=O)[O-])c1[H])=c1/sc2n(c1=O)[C@@]([H])(c1c([H])c([H])c(OC([H])([H])[H])c(Br)c1[H])C(C(=O)OC([H])([H])C([H])([H])[H])=C(C([H])([H])[H])N=2
KKBBMN.xaa_ZINC000409189596_273;-11.329750100000002;-12.210634;-11.863;70;746.683;RDTDLRACNJWFEF-UPWSPCOFSA-N;[H]/C(c1c([H])c([H])c(Sc2nc(-c3c([H])c([H])c(Cl)c([H])c3Cl)nn2[H])c([N+](=O)[O-])c1[H])=c1/sc2n(c1=O)[C@]([H])(c1sc([H])c([H])c1[H])C(C(=O)N([H])c1c([H])c([H])c([H])c([H])c1[H])=C(C([H])([H])[H])N=2
KKBBMN.xaa_ZINC000409189479_274;-11.6779586;-12.429311;-12.948;79;820.136;GZQJPVHFCAATJO-BQCQJZCVSA-N;[H]/C(c1c([H])c([H])c(Sc2nc(-c3c([H])c([H])c(Cl)c([H])c3Cl)nn2[H])c([N+](=O)[O-])c1[H])=c1/sc2n(c1=O)[C@]([H])(c1c([H])c(Cl)c([H])c([H])c1OC([H])([H])[H])C(C(=O)OC([H])([H])C([H])([H])[H])=C(c1c([H])c([H])c([H])c([H])c1[H])N=2
KKBBMN.xaa_ZINC000409189482_275;-11.734119000000002;-12.378786;-11.223;79;820.136;GZQJPVHFCAATJO-GAPLDZIPSA-N;[H]/C(c1c([H])c([H])c(Sc2nc(-c3c([H])c([H])c(Cl)c([H])c3Cl)nn2[H])c([N+](=O)[O-])c1[H])=c1/sc2n(c1=O)[C@@]([H])(c1c([H])c(Cl)c([H])c([H])c1OC([H])([H])[H])C(C(=O)OC([H])([H])C([H])([H])[H])=C(c1c([H])c([H])c([H])c([H])c1[H])N=2
KKBBMN.xaa_ZINC000409189548_276;-10.6257273;-11.261722;-11.719;84;801.734;HSLWEWMSBQQVEC-FPWMYLJGSA-N;[H]/C(c1c([H])c([H])c(Sc2nc(-c3c([H])c([H])c(Cl)c([H])c3Cl)nn2[H])c([N+](=O)[O-])c1[H])=c1/sc2n(c1=O)[C@@]([H])(c1c(OC([H])([H])[H])c([H])c([H])c3c([H])c([H])c([H])c([H])c13)C(C(=O)OC([H])([H])C([H])([H])[H])=C(C([H])([H])C([H])([H])C([H])([H])[H])N=2
KKBBMN.xaa_ZINC000409189546_277;-10.9392082;-11.578741;-12.696;84;801.734;HSLWEWMSBQQVEC-VEOKEAFVSA-N;[H]/C(c1c([H])c([H])c(Sc2nc(-c3c([H])c([H])c(Cl)c([H])c3Cl)nn2[H])c([N+](=O)[O-])c1[H])=c1/sc2n(c1=O)[C@]([H])(c1c(OC([H])([H])[H])c([H])c([H])c3c([H])c([H])c([H])c([H])c13)C(C(=O)OC([H])([H])C([H])([H])[H])=C(C([H])([H])C([H])([H])C([H])([H])[H])N=2
KKBBMN.xaa_ZINC000409189394_278;-10.8210614;-11.820131;-11.511;72;739.688;GDTYHEAAARIYBS-ORVZPOCUSA-N;[H]/C(c1c([H])c([H])c(Sc2nc(-c3c([H])c([H])c(Cl)c([H])c3Cl)nn2[H])c([N+](=O)[O-])c1[H])=c1/sc2n(c1=O)[C@]([H])(c1c([H])c([H])c(SC([H])([H])[H])c([H])c1[H])C(C(=O)OC([H])([H])C([H])([H])[H])=C(C([H])([H])[H])N=2
KKBBMN.xaa_ZINC000409189376_279;-10.0169272;-10.748589;-11.048;49;567.439;FXDIPCSQOBQGIY-JMIUGGIZSA-N;[H]/C(c1c([H])c([H])c(Sc2nc(-c3c([H])c([H])c(Cl)c([H])c3Cl)nn2[H])c([N+](=O)[O-])c1[H])=c1/sc2nc3c([H])c([H])c([H])c([H])c3n2c1=O
KKBBMN.xaa_ZINC000409189396_280;-10.6989726;-11.656284;-12.535;72;739.688;GDTYHEAAARIYBS-IYVASWNSSA-N;[H]/C(c1c([H])c([H])c(Sc2nc(-c3c([H])c([H])c(Cl)c([H])c3Cl)nn2[H])c([N+](=O)[O-])c1[H])=c1/sc2n(c1=O)[C@@]([H])(c1c([H])c([H])c(SC([H])([H])[H])c([H])c1[H])C(C(=O)OC([H])([H])C([H])([H])[H])=C(C([H])([H])[H])N=2
KKBBMN.xaa_ZINC000409189013_281;-11.4026248;-12.484727;-11.964;75;755.665;HCYZCDTWCJCGBW-FABFSAKGSA-N;[H]/C(c1c([H])c([H])c(Sc2nc(-c3c([H])c([H])c(Cl)c([H])c3Cl)nn2[H])c([N+](=O)[O-])c1[H])=c1/sc2n(c1=O)[C@]([H])(c1c([H])c([H])c([H])c([H])c1[H])C(C(=O)OC([H])([H])C([H])([H])[H])=C(c1c([H])c([H])c([H])c([H])c1[H])N=2
KKBBMN.xaa_ZINC000409189014_282;-11.3351702;-12.486813;-11.102;75;755.665;HCYZCDTWCJCGBW-CTHKJOMYSA-N;[H]/C(c1c([H])c([H])c(Sc2nc(-c3c([H])c([H])c(Cl)c([H])c3Cl)nn2[H])c([N+](=O)[O-])c1[H])=c1/sc2n(c1=O)[C@@]([H])(c1c([H])c([H])c([H])c([H])c1[H])C(C(=O)OC([H])([H])C([H])([H])[H])=C(c1c([H])c([H])c([H])c([H])c1[H])N=2
KKBBMN.xaa_ZINC000409188850_283;-10.123177000000002;-10.715584;-11.874;76;753.646;BBBGJGIUEKLFSB-ALUWMOPFSA-N;[H]/C(c1c([H])c([H])c(Sc2nc(-c3c([H])c([H])c(Cl)c([H])c3Cl)nn2[H])c([N+](=O)[O-])c1[H])=c1/sc2n(c1=O)[C@]([H])(c1c([H])c([H])c(OC([H])([H])[H])c([H])c1OC([H])([H])[H])C(C(=O)OC([H])([H])C([H])([H])[H])=C(C([H])([H])[H])N=2
KKBBMN.xaa_ZINC000409188977_285;-11.7195256;-12.11799;-11.929;79;864.587;LVNIBKIXDHFIQD-GAPLDZIPSA-N;[H]/C(c1c([H])c([H])c(Sc2nc(-c3c([H])c([H])c(Cl)c([H])c3Cl)nn2[H])c([N+](=O)[O-])c1[H])=c1/sc2n(c1=O)[C@@]([H])(c1c([H])c(Br)c([H])c([H])c1OC([H])([H])[H])C(C(=O)OC([H])([H])C([H])([H])[H])=C(c1c([H])c([H])c([H])c([H])c1[H])N=2
KKBBMN.xaa_ZINC000409188976_286;-11.6647072;-12.188597;-13.013;79;864.587;LVNIBKIXDHFIQD-BQCQJZCVSA-N;[H]/C(c1c([H])c([H])c(Sc2nc(-c3c([H])c([H])c(Cl)c([H])c3Cl)nn2[H])c([N+](=O)[O-])c1[H])=c1/sc2n(c1=O)[C@]([H])(c1c([H])c(Br)c([H])c([H])c1OC([H])([H])[H])C(C(=O)OC([H])([H])C([H])([H])[H])=C(c1c([H])c([H])c([H])c([H])c1[H])N=2
KKBBMN.xaa_ZINC000409188764_287;-11.1830566;-12.367336;-12.22;75;773.655;GEYBIXZJDIWUHT-QYIOYSLNSA-N;[H]/C(c1c([H])c([H])c(Sc2nc(-c3c([H])c([H])c(Cl)c([H])c3Cl)nn2[H])c([N+](=O)[O-])c1[H])=c1/sc2n(c1=O)[C@@]([H])(c1c([H])c([H])c(F)c([H])c1[H])C(C(=O)OC([H])([H])C([H])([H])[H])=C(c1c([H])c([H])c([H])c([H])c1[H])N=2
KKBBMN.xaa_ZINC000409188760_288;-11.2683173;-12.381469;-11.981;75;773.655;GEYBIXZJDIWUHT-MXLMUYMQSA-N;[H]/C(c1c([H])c([H])c(Sc2nc(-c3c([H])c([H])c(Cl)c([H])c3Cl)nn2[H])c([N+](=O)[O-])c1[H])=c1/sc2n(c1=O)[C@]([H])(c1c([H])c([H])c(F)c([H])c1[H])C(C(=O)OC([H])([H])C([H])([H])[H])=C(c1c([H])c([H])c([H])c([H])c1[H])N=2
KKBBMN.xaa_ZINC000409188785_289;-11.2131408;-12.306867;-12.526;71;742.066;ALJAFKURJBFQRI-QHZSLAKNSA-N;[H]/C(c1c([H])c([H])c(Sc2nc(-c3c([H])c([H])c(Cl)c([H])c3Cl)nn2[H])c([N+](=O)[O-])c1[H])=c1/sc2n(c1=O)[C@@]([H])(c1c([H])c([H])c(Cl)c([H])c1[H])C(C(=O)OC([H])(C([H])([H])[H])C([H])([H])[H])=C(C([H])([H])[H])N=2
KKBBMN.xaa_ZINC000409188782_290;-11.3609538;-12.00749;-11.406;71;742.066;ALJAFKURJBFQRI-GRXWAMFVSA-N;[H]/C(c1c([H])c([H])c(Sc2nc(-c3c([H])c([H])c(Cl)c([H])c3Cl)nn2[H])c([N+](=O)[O-])c1[H])=c1/sc2n(c1=O)[C@]([H])(c1c([H])c([H])c(Cl)c([H])c1[H])C(C(=O)OC([H])(C([H])([H])[H])C([H])([H])[H])=C(C([H])([H])[H])N=2
KKBBMN.xaa_ZINC000409188310_291;-10.321072;-10.639745;-11.759;80;783.672;GGYHICHXKZMMKW-UWRMONIRSA-N;[H]/C(c1c([H])c([H])c(Sc2nc(-c3c([H])c([H])c(Cl)c([H])c3Cl)nn2[H])c([N+](=O)[O-])c1[H])=c1/sc2n(c1=O)[C@]([H])(c1c([H])c(OC([H])([H])[H])c(OC([H])([H])[H])c(OC([H])([H])[H])c1[H])C(C(=O)OC([H])([H])C([H])([H])[H])=C(C([H])([H])[H])N=2
KKBBMN.xaa_ZINC000409188309_292;-10.2595724;-10.633289;-10.499;80;783.672;GGYHICHXKZMMKW-QVPVGFNESA-N;[H]/C(c1c([H])c([H])c(Sc2nc(-c3c([H])c([H])c(Cl)c([H])c3Cl)nn2[H])c([N+](=O)[O-])c1[H])=c1/sc2n(c1=O)[C@@]([H])(c1c([H])c(OC([H])([H])[H])c(OC([H])([H])[H])c(OC([H])([H])[H])c1[H])C(C(=O)OC([H])([H])C([H])([H])[H])=C(C([H])([H])[H])N=2
KKBBMN.xaa_ZINC000409188345_293;-11.736361;-12.652935;-10.308;73;775.099;GXLYCFUZVBHWLJ-TZUCAZQYSA-N;[H]/C(c1c([H])c([H])c(Sc2nc(-c3c([H])c([H])c(Cl)c([H])c3Cl)nn2[H])c([N+](=O)[O-])c1[H])=c1/sc2n(c1=O)[C@@]([H])(c1c([H])c([H])c(Cl)c([H])c1[H])C(C(=O)N([H])c1c([H])c([H])c([H])c([H])c1[H])=C(C([H])([H])[H])N=2
KKBBMN.xaa_ZINC000409188346_294;-11.3730486;-12.225164;-11.95;73;775.099;GXLYCFUZVBHWLJ-FJNIOPPGSA-N;[H]/C(c1c([H])c([H])c(Sc2nc(-c3c([H])c([H])c(Cl)c([H])c3Cl)nn2[H])c([N+](=O)[O-])c1[H])=c1/sc2n(c1=O)[C@]([H])(c1c([H])c([H])c(Cl)c([H])c1[H])C(C(=O)N([H])c1c([H])c([H])c([H])c([H])c1[H])=C(C([H])([H])[H])N=2
KKBBMN.xaa_ZINC000409188176_295;-11.5010556;-12.378937;-12.273;79;785.691;BODJZYAUROKTLE-VKSQQWFDSA-N;[H]/C(c1c([H])c([H])c(Sc2nc(-c3c([H])c([H])c(Cl)c([H])c3Cl)nn2[H])c([N+](=O)[O-])c1[H])=c1/sc2n(c1=O)[C@]([H])(c1c([H])c([H])c([H])c(OC([H])([H])[H])c1[H])C(C(=O)OC([H])([H])C([H])([H])[H])=C(c1c([H])c([H])c([H])c([H])c1[H])N=2
KKBBMN.xaa_ZINC000409188169_296;-11.3552124;-12.423111;-11.983;79;785.691;BODJZYAUROKTLE-GORIGYSASA-N;[H]/C(c1c([H])c([H])c(Sc2nc(-c3c([H])c([H])c(Cl)c([H])c3Cl)nn2[H])c([N+](=O)[O-])c1[H])=c1/sc2n(c1=O)[C@@]([H])(c1c([H])c([H])c([H])c(OC([H])([H])[H])c1[H])C(C(=O)OC([H])([H])C([H])([H])[H])=C(c1c([H])c([H])c([H])c([H])c1[H])N=2
KKBBMN.xaa_ZINC000409188035_297;-11.3793235;-12.003369;-10.09;81;800.706;FGYQQHXDRJDDGU-JHUDVDCUSA-N;[H]/C(c1c([H])c([H])c(Sc2nc(-c3c([H])c([H])c(Cl)c([H])c3Cl)nn2[H])c([N+](=O)[O-])c1[H])=c1/sc2n(c1=O)[C@@]([H])(c1c([H])c([H])c(OC([H])([H])[H])c([H])c1OC([H])([H])[H])C(C(=O)N([H])c1c([H])c([H])c([H])c([H])c1[H])=C(C([H])([H])[H])N=2
KKBBMN.xaa_ZINC000409188038_298;-11.683046;-12.324005;-11.838;81;800.706;FGYQQHXDRJDDGU-FIXXDFOUSA-N;[H]/C(c1c([H])c([H])c(Sc2nc(-c3c([H])c([H])c(Cl)c([H])c3Cl)nn2[H])c([N+](=O)[O-])c1[H])=c1/sc2n(c1=O)[C@]([H])(c1c([H])c([H])c(OC([H])([H])[H])c([H])c1OC([H])([H])[H])C(C(=O)N([H])c1c([H])c([H])c([H])c([H])c1[H])=C(C([H])([H])[H])N=2
KKBBMN.xaa_ZINC000409188003_299;-11.3696004;-12.043446;-11.993;73;740.654;FBVCXBWZNGASMI-OBDCIHEFSA-N;[H]/C(c1c([H])c([H])c(Sc2nc(-c3c([H])c([H])c(Cl)c([H])c3Cl)nn2[H])c([N+](=O)[O-])c1[H])=c1/sc2n(c1=O)[C@]([H])(c1c([H])c([H])c([H])c([H])c1[H])C(C(=O)N([H])c1c([H])c([H])c([H])c([H])c1[H])=C(C([H])([H])[H])N=2
KKBBMN.xaa_ZINC000409188006_300;-11.6629028;-12.693222;-12.386;73;740.654;FBVCXBWZNGASMI-SJXDCSIJSA-N;[H]/C(c1c([H])c([H])c(Sc2nc(-c3c([H])c([H])c(Cl)c([H])c3Cl)nn2[H])c([N+](=O)[O-])c1[H])=c1/sc2n(c1=O)[C@@]([H])(c1c([H])c([H])c([H])c([H])c1[H])C(C(=O)N([H])c1c([H])c([H])c([H])c([H])c1[H])=C(C([H])([H])[H])N=2
KKBBMN.xaa_ZINC000409187787_301;-10.4010126;-11.173048;-10.669;75;772.092;CIPVUZFQZJGIEZ-QVPVGFNESA-N;[H]/C(c1c([H])c([H])c(Sc2nc(-c3c([H])c([H])c(Cl)c([H])c3Cl)nn2[H])c([N+](=O)[O-])c1[H])=c1/sc2n(c1=O)[C@@]([H])(c1c([H])c(Cl)c([H])c([H])c1OC([H])([H])[H])C(C(=O)OC([H])(C([H])([H])[H])C([H])([H])[H])=C(C([H])([H])[H])N=2
KKBBMN.xaa_ZINC000409187788_302;-10.9086459;-11.607274;-11.689;75;772.092;CIPVUZFQZJGIEZ-UWRMONIRSA-N;[H]/C(c1c([H])c([H])c(Sc2nc(-c3c([H])c([H])c(Cl)c([H])c3Cl)nn2[H])c([N+](=O)[O-])c1[H])=c1/sc2n(c1=O)[C@]([H])(c1c([H])c(Cl)c([H])c([H])c1OC([H])([H])[H])C(C(=O)OC([H])(C([H])([H])[H])C([H])([H])[H])=C(C([H])([H])[H])N=2
KKBBMN.xaa_ZINC000409187661_303;-11.0530555;-11.44237;-12.208;78;751.674;AKDZGAOVGQBIKW-YVBHXKDBSA-N;[H]/C(c1c([H])c([H])c(Sc2nc(-c3c([H])c([H])c(Cl)c([H])c3Cl)nn2[H])c([N+](=O)[O-])c1[H])=c1/sc2n(c1=O)[C@]([H])(c1c([H])c([H])c([H])c([H])c1OC([H])([H])[H])C(C(=O)OC([H])([H])C([H])([H])[H])=C(C([H])([H])C([H])([H])C([H])([H])[H])N=2
KKBBMN.xaa_ZINC000409187658_304;-11.0926712;-11.365403;-11.236;78;751.674;AKDZGAOVGQBIKW-VPHSIRQSSA-N;[H]/C(c1c([H])c([H])c(Sc2nc(-c3c([H])c([H])c(Cl)c([H])c3Cl)nn2[H])c([N+](=O)[O-])c1[H])=c1/sc2n(c1=O)[C@@]([H])(c1c([H])c([H])c([H])c([H])c1OC([H])([H])[H])C(C(=O)OC([H])([H])C([H])([H])[H])=C(C([H])([H])C([H])([H])C([H])([H])[H])N=2
KKBBMN.xaa_ZINC000102191079_307;-10.144552399999998;-10.565918;-9.469;76;597.671;WPXWWBZWPBPCPZ-ROVHQWOTSA-N;[H]O/C(=C1/[C@@]([H])(C(=O)c2c([H])c([H])c([N+](=O)[O-])c([H])c2[H])N2c3c([H])c([H])c([H])c([H])c3C([H])=C([H])[C@]2([H])[C@]12C(=O)N([H])c1c([H])c([H])c([H])c([H])c12)c1c([H])c([H])c(C([H])([H])C([H])(C([H])([H])[H])C([H])([H])[H])c([H])c1[H]
KKBBMN.xaa_ZINC000102191073_310;-10.144552399999998;-10.565918;-9.472;76;597.671;WPXWWBZWPBPCPZ-ROVHQWOTSA-N;[H]O/C(=C1/[C@@]([H])(C(=O)c2c([H])c([H])c([N+](=O)[O-])c([H])c2[H])N2c3c([H])c([H])c([H])c([H])c3C([H])=C([H])[C@]2([H])[C@]12C(=O)N([H])c1c([H])c([H])c([H])c([H])c12)c1c([H])c([H])c(C([H])([H])C([H])(C([H])([H])[H])C([H])([H])[H])c([H])c1[H]
KKBBMN.xaa_ZINC000102191120_314;-10.3696565;-10.72306;-10.187;76;597.671;CLHDAUXYXIBFAM-ROVHQWOTSA-N;[H]O/C(=C1/[C@@]([H])(C(=O)c2c([H])c([H])c([H])c([N+](=O)[O-])c2[H])N2c3c([H])c([H])c([H])c([H])c3C([H])=C([H])[C@]2([H])[C@]12C(=O)N([H])c1c([H])c([H])c([H])c([H])c12)c1c([H])c([H])c(C([H])([H])C([H])(C([H])([H])[H])C([H])([H])[H])c([H])c1[H]
KKBBMN.xaa_ZINC000102191115_315;-10.3696565;-10.72306;-10.181;76;597.671;CLHDAUXYXIBFAM-ROVHQWOTSA-N;[H]O/C(=C1/[C@@]([H])(C(=O)c2c([H])c([H])c([H])c([N+](=O)[O-])c2[H])N2c3c([H])c([H])c([H])c([H])c3C([H])=C([H])[C@]2([H])[C@]12C(=O)N([H])c1c([H])c([H])c([H])c([H])c12)c1c([H])c([H])c(C([H])([H])C([H])(C([H])([H])[H])C([H])([H])[H])c([H])c1[H]
KICARM.xaa_ZINC000230460776_52;-10.2455152;-10.973122;-12.515;77;606.655;XHBVHUMXIWZXMW-HHHXNRCGSA-M;[H]Oc1c([H])c([H])c(C([H])([H])C([H])([H])N([H])C(=O)C([H])([H])[C@]([H])(c2c([H])c([H])c(OC([H])([H])C([H])([H])c3c([H])c([H])c4c(c3[H])C([H])([H])C([H])([H])O4)c([H])c2[H])c2c([O-])n3c([H])c([H])c([H])c([H])c3nc2=O)c([H])c1O[H]
KICARM.xaa_ZINC000230460745_53;-10.1523502;-10.957277;-12.679;77;606.655;XHBVHUMXIWZXMW-MHZLTWQESA-M;[H]Oc1c([H])c([H])c(C([H])([H])C([H])([H])N([H])C(=O)C([H])([H])[C@@]([H])(c2c([H])c([H])c(OC([H])([H])C([H])([H])c3c([H])c([H])c4c(c3[H])C([H])([H])C([H])([H])O4)c([H])c2[H])c2c([O-])n3c([H])c([H])c([H])c([H])c3nc2=O)c([H])c1O[H]
KICARM.xaa_ZINC000002821424_56;-10.4800164;-10.795811;-9.604;56;499.459;GKVACJWPNAQGEV-LPYMAVHISA-M;[H]/C(=C1/C(=O)[N-]C(=O)N(c2c([H])c([H])c([H])c([N+](=O)[O-])c2[H])C1=O)c1c([H])c([H])c(OC([H])([H])C(=O)N([H])c2c([H])c([H])c([H])c(C([H])([H])[H])c2[H])c([H])c1[H]
KICARM.xaa_ZINC000108448930_178;-10.0542254;-11.193199;-12.083;73;580.617;SHZQXCLLKGJJEF-XMMPIXPASA-M;[H]Oc1c([H])c([H])c(C([H])([H])C([H])([H])N([H])C(=O)C([H])([H])[C@]([H])(c2c([H])c([H])c(OC([H])([H])c3c([H])c([H])c([H])c([H])c3[H])c(OC([H])([H])[H])c2[H])c2c([O-])nc3c([H])c([H])c([H])c([H])n3c2=O)c([H])c1O[H]
KICARM.xaa_ZINC000013112966_195;-10.0231054;-10.352469;-11.062;57;508.605;PKKCQBXIKVVANB-QNGOZBTKSA-M;[H]/C(=C1/SC(N([H])C2([H])C([H])([H])C([H])([H])C([H])([H])C([H])([H])C2([H])[H])=NC1=O)c1oc(-c2c([H])c([H])c(S(=O)(=O)[N-]c3nc([H])c([H])c([H])n3)c([H])c2[H])c([H])c1[H]
KICARM.xaa_ZINC000206058916_270;-10.1524908;-11.406424;-12.208;73;580.617;JAMOKZUFMDOPNZ-XMMPIXPASA-M;[H]Oc1c([H])c([H])c(C([H])([H])C([H])([H])N([H])C(=O)C([H])([H])[C@]([H])(c2c([H])c([H])c(OC([H])([H])c3c([H])c([H])c([H])c([H])c3[H])c(OC([H])([H])[H])c2[H])c2c([O-])n3c([H])c([H])c([H])c([H])c3nc2=O)c([H])c1O[H]
KKCBMO.xaa_ZINC000409095466_38;-10.0439851;-10.525474;-10.661;65;578.671;HOTVPRNORBOAGU-PCLIKHOPSA-O;[H]/C(=C1\SC(=S)N(c2c([H])c([H])c([H])c(C(=O)N([H])c3c([H])c([H])c(F)c([H])c3[H])c2[H])C1=O)c1c([H])c([H])c(N2C([H])([H])C([H])([H])[N+]([H])(C([H])([H])[H])C([H])([H])C2([H])[H])c([N+](=O)[O-])c1[H]
KKCBMO.xaa_ZINC000257254699_43;-10.0352186;-10.279789;-11.114;83;561.19;KEHIEWUHWXWFHI-UMSFTDKQSA-O;[H]c1c([H])c([H])c(C([H])([H])N(C(=O)C([H])([H])[C@@]2(C([H])([H])Oc3c([H])c([H])c(Cl)c(C([H])([H])[H])c3[H])C([H])([H])C([H])([H])C([H])([H])[N@@+]([H])(C([H])([H])c3c([H])c([H])c(N4C([H])([H])C([H])([H])C([H])([H])C4([H])[H])c([H])c3[H])C2([H])[H])C([H])([H])[H])c([H])c1[H]
KKCBMO.xaa_ZINC000104137743_48;-11.0219687;-11.558244;-11.603;82;627.64;IOMIOEYFCKBHHT-TYVLLQCESA-O;[H]/C(=C(\[H])c1c([H])c([H])c(Cl)c([H])c1[H])c1nc(/C([H])=C(\[H])c2c([H])c([H])c(Cl)c([H])c2[H])c([H])c(N([H])c2c([H])c(C([H])([H])[N+]3([H])C([H])([H])C([H])([H])C([H])([H])C3([H])[H])c([O-])c(C([H])([H])[N+]3([H])C([H])([H])C([H])([H])C([H])([H])C3([H])[H])c2[H])n1
KKCBMO.xaa_ZINC000104137739_49;-10.869743;-11.967377;-11.656;82;627.64;IOMIOEYFCKBHHT-VULZFCBJSA-O;[H]/C(=C(\[H])c1c([H])c([H])c(Cl)c([H])c1[H])c1nc(/C([H])=C(/[H])c2c([H])c([H])c(Cl)c([H])c2[H])c([H])c(N([H])c2c([H])c(C([H])([H])[N+]3([H])C([H])([H])C([H])([H])C([H])([H])C3([H])[H])c([O-])c(C([H])([H])[N+]3([H])C([H])([H])C([H])([H])C([H])([H])C3([H])[H])c2[H])n1
KKCBMO.xaa_ZINC000104137750_50;-11.4564594;-11.824142;-10.144;82;627.64;IOMIOEYFCKBHHT-KAVGSWPWSA-O;[H]/C(=C(/[H])c1c([H])c([H])c(Cl)c([H])c1[H])c1nc(/C([H])=C(\[H])c2c([H])c([H])c(Cl)c([H])c2[H])c([H])c(N([H])c2c([H])c(C([H])([H])[N+]3([H])C([H])([H])C([H])([H])C([H])([H])C3([H])[H])c([O-])c(C([H])([H])[N+]3([H])C([H])([H])C([H])([H])C([H])([H])C3([H])[H])c2[H])n1
KKCBMO.xaa_ZINC000104137746_51;-11.3129054;-11.868124;-11.537;82;627.64;IOMIOEYFCKBHHT-CKOAPEAFSA-O;[H]/C(=C(\[H])c1c([H])c([H])c(Cl)c([H])c1[H])c1nc(/C([H])=C(\[H])c2c([H])c([H])c(Cl)c([H])c2[H])nc(N([H])c2c([H])c(C([H])([H])[N+]3([H])C([H])([H])C([H])([H])C([H])([H])C3([H])[H])c([O-])c(C([H])([H])[N+]3([H])C([H])([H])C([H])([H])C([H])([H])C3([H])[H])c2[H])c1[H]
KKCBMO.xaa_ZINC000082190186_293;-10.8552956;-11.569542;-11.537;88;647.807;YOAVTOZKRIFUPD-UHFFFAOYSA-O;[H]Oc1c(C([H])([H])N(C([H])([H])c2nc3c([H])c([H])c([H])c([H])c3n2[H])C([H])([H])c2nc3c([H])c([H])c([H])c([H])c3n2[H])c([H])c(C([H])([H])[H])c([H])c1C([H])([H])[N@@+]([H])(C([H])([H])c1c([H])c([H])c([H])c([H])c1[H])C([H])([H])c1nc2c([H])c([H])c([H])c([H])c2n1[H]
KKCBMO.xaa_ZINC000082190186_294;-11.588705;-11.960469;-11.825;88;647.807;YOAVTOZKRIFUPD-UHFFFAOYSA-O;[H]Oc1c(C([H])([H])N(C([H])([H])c2nc3c([H])c([H])c([H])c([H])c3n2[H])C([H])([H])c2nc3c([H])c([H])c([H])c([H])c3n2[H])c([H])c(C([H])([H])[H])c([H])c1C([H])([H])[N@+]([H])(C([H])([H])c1c([H])c([H])c([H])c([H])c1[H])C([H])([H])c1nc2c([H])c([H])c([H])c([H])c2n1[H]
KKCBMO.xaa_ZINC000409185872_318;-10.1061072;-10.619191;-11.412;98;712.94;RTWJNXIRANXKLI-SFCIACJFSA-O;[H]C([H])=C([H])/C([H])=C([H])\C(=C(\[H])C([H])([H])[H])N1C(=O)/C(=C(\[H])c2c([H])c(C([H])([H])[H])n(-c3c([H])c([H])c([N+]([H])(C([H])([H])C([H])([H])[H])C([H])([H])C([H])([H])[H])c([H])c3[H])c2C([H])([H])[H])C(=O)N=C1SC([H])([H])C(=O)N([H])C([H])(c1c([H])c([H])c([H])c([H])c1[H])c1c([H])c([H])c([H])c([H])c1[H]
KIBAMN.xaa_ZINC000002652618_34;-10.050893;-11.192727;-9.972;53;532.531;UBZWVECYTCPBJE-UHFFFAOYSA-N;[H]c1c([H])c([H])c(N([H])S(=O)(=O)c2c([H])c([H])c3oc(SC([H])([H])C(=O)N([H])c4c([H])c([N+](=O)[O-])c([H])c([H])c4F)nc3c2[H])c(OC([H])([H])[H])c1[H]
KIBAMN.xaa_ZINC000103000657_50;-10.4576644;-10.835092;-10.1;58;565.029;LMZJKPHFWDHOPN-UHFFFAOYSA-N;[H]c1c([H])c(N([H])C(=O)c2c([H])c([H])c(N([H])S(=O)(=O)c3c([H])c([H])c(Cl)c([N+](=O)[O-])c3[H])c([H])c2[H])c([H])c(S(=O)(=O)N2C([H])([H])C([H])([H])C([H])([H])C2([H])[H])c1[H]
KIBAMN.xaa_ZINC000252667729_69;-10.004252;-10.187292;-9.413;75;644.153;DIZCDGDYFQRDDV-LBLGWMPZSA-N;[H]/C(c1c([H])c([N+](=O)[O-])c([H])c([H])c1N1C([H])([H])C([H])([H])N(C([H])([H])[H])C([H])([H])C1([H])[H])=c1/sc2n(c1=O)[C@]([H])(c1c([H])c([H])c(Cl)c([H])c1[H])C(C(=O)OC([H])([H])C([H])([H])[H])=C(c1c([H])c([H])c([H])c([H])c1[H])N=2
KIBAMN.xaa_ZINC000252667728_70;-10.016606200000002;-10.160329;-8.824;75;644.153;DIZCDGDYFQRDDV-ZUXOAJPSSA-N;[H]/C(c1c([H])c([N+](=O)[O-])c([H])c([H])c1N1C([H])([H])C([H])([H])N(C([H])([H])[H])C([H])([H])C1([H])[H])=c1/sc2n(c1=O)[C@@]([H])(c1c([H])c([H])c(Cl)c([H])c1[H])C(C(=O)OC([H])([H])C([H])([H])[H])=C(c1c([H])c([H])c([H])c([H])c1[H])N=2
KIBAMN.xaa_ZINC000003240003_82;-10.306872;-11.341465;-9.983;53;514.541;XATDRTUFRJNADW-UHFFFAOYSA-N;[H]c1c([H])c([H])c(N([H])S(=O)(=O)c2c([H])c([H])c3oc(SC([H])([H])C(=O)N([H])c4c([H])c([H])c([H])c([N+](=O)[O-])c4[H])nc3c2[H])c(OC([H])([H])[H])c1[H]
KIBAMN.xaa_ZINC000012428860_93;-10.9167636;-11.827476;-11.424;69;524.643;QUJSPACNMFCDJP-PHWDIDRRSA-N;[H]c1c([H])c(N([H])C(=O)c2c([H])c([H])c([H])c(S(=O)(=O)N3C([H])([H])C([H])([H])N([C@]45C([H])([H])[C@@]6([H])C([H])([H])[C@]([H])(C([H])([H])[C@]([H])(C6([H])[H])C4([H])[H])C5([H])[H])C([H])([H])C3([H])[H])c2[H])c([H])c([N+](=O)[O-])c1[H]
KIBAMN.xaa_ZINC000105484434_105;-10.874614;-11.73325;-12.13;69;541.626;VNSZAWBOGALCQA-NRMMPSKBSA-N;[H]c1c([H])c(N([H])S(=O)(=O)c2c([H])c([N+](=O)[O-])c([H])c([H])c2C([H])([H])[H])c([H])c([H])c1C(=O)O[C@]([H])(C(=O)N([H])[C@]12C([H])([H])[C@@]3([H])C([H])([H])[C@]([H])(C([H])([H])[C@]([H])(C3([H])[H])C1([H])[H])C2([H])[H])C([H])([H])[H]
KIBAMN.xaa_ZINC000105484438_106;-10.8933656;-11.698478;-12.359;69;541.626;VNSZAWBOGALCQA-ADTLFBKLSA-N;[H]c1c([H])c(N([H])S(=O)(=O)c2c([H])c([N+](=O)[O-])c([H])c([H])c2C([H])([H])[H])c([H])c([H])c1C(=O)O[C@@]([H])(C(=O)N([H])[C@]12C([H])([H])[C@@]3([H])C([H])([H])[C@]([H])(C([H])([H])[C@]([H])(C3([H])[H])C1([H])[H])C2([H])[H])C([H])([H])[H]
KIBAMN.xaa_ZINC000005344927_150;-10.3524684;-11.235361;-12.485;70;694.66;BMHYAKSTJIAIFA-UHFFFAOYSA-N;[H]c1c([H])c(N([H])S(=O)(=O)c2c([H])c3c(c([N+](=O)[O-])c2[H])-c2c(c([H])c(S(=O)(=O)N([H])c4c([H])c([H])c(N([H])C(=O)C([H])([H])[H])c([H])c4[H])c([H])c2[N+](=O)[O-])C3=O)c([H])c([H])c1N([H])C(=O)C([H])([H])[H]
KIBAMN.xaa_ZINC000102412114_242;-10.216767999999998;-10.493848;-10.291;62;543.511;KSBCKBUFOFWMPL-MYYYXRDXSA-N;[H]/C(=C1\C(=O)N(C([H])([H])c2c([H])c([H])c([H])c([N+](=O)[O-])c2[H])C(=O)N1[H])c1c(C([H])([H])c2c([H])c([H])c(F)c([H])c2[H])n([H])n(-c2c([H])c([H])c(OC([H])([H])[H])c([H])c2[H])c1=O
KEABRO.xaa_ZINC000014951187_69;-10.1938304;-11.035935;-11.547;75;530.653;TVMJSGGZULFVCZ-DEOSSOPVSA-O;[H]c1c([H])c([H])c(C([H])(C(=O)N([H])[C@]([H])(C(=O)N([H])C([H])([H])c2c([H])c([H])c(C([H])([H])N([H])C(=O)N([H])[H])c([H])c2[H])C([H])([H])C([H])([H])C([H])([H])N([H])C(N([H])[H])=[N+]([H])[H])c2c([H])c([H])c([H])c([H])c2[H])c([H])c1[H]
KEABRO.xaa_ZINC000253395968_88;-10.3789826;-10.614814;-9.499;90;617.767;CWIQNESXHIKYFH-AUXUOOQGSA-O;[H]c1c([H])c([H])c2c(c1[H])OC([H])([H])C([H])([H])[C@@]1([H])O[C@]([H])(C([H])([H])N([H])C(=O)[C@@]3([H])N(C2=O)C([H])([H])C([H])([H])[N@@+]([H])(C2([H])C([H])([H])c4c([H])c([H])c([H])c([H])c4C2([H])[H])C3([H])[H])[C@]([H])(N([H])C(=O)C2([H])C([H])([H])C([H])([H])OC([H])([H])C2([H])[H])C([H])([H])C1([H])[H]
KEABRO.xaa_ZINC000253401927_98;-10.1308306;-10.96307;-9.517;94;656.808;NTDUCUBEFDBHOK-HJIIPFHSSA-O;[H]c1c([H])c([H])c2c(c1[H])OC([H])([H])C([H])([H])[C@@]1([H])O[C@]([H])(C([H])([H])N([H])C(=O)[C@@]3([H])N(C2=O)C([H])([H])C([H])([H])[N@@+]([H])(C2([H])C([H])([H])c4c([H])c([H])c([H])c([H])c4C2([H])[H])C3([H])[H])[C@]([H])(n2nnc(C([H])([H])N3C([H])([H])C([H])([H])OC([H])([H])C3([H])[H])c2[H])C([H])([H])C1([H])[H]
KEABRO.xaa_ZINC000257337378_120;-10.068669;-10.675497;-9.882;85;575.73;YSOFKBPOCFHDNJ-BPRGEBDMSA-O;[H]Oc1c([H])c([H])c(C([H])([H])[C@@]([H])(C(=O)N2C([H])([H])C([H])([H])[C@@]3([H])N([H])C(=O)[C@@]([H])(C([H])([H])c4c([H])c([H])c([H])c([H])c4[H])N([H])C(=O)C4(C([H])([H])/C([H])=C(\[H])C([H])([H])[C@@]3([H])C2([H])[H])C([H])([H])C([H])([H])OC([H])([H])C4([H])[H])[N+]([H])([H])[H])c([H])c1[H]
KEABRO.xaa_ZINC000100341534_123;-10.052605;-10.439294;-10.2;77;587.694;GMVFPWNFFVTYGC-HOFKKMOUSA-O;[H]c1c([H])c([H])c2c(c1[H])C(=O)N(C([H])([H])C(=O)N(C([H])([H])C([H])([H])[N+]1([H])C([H])([H])C([H])([H])C([H])([H])C([H])([H])C1([H])[H])[C@]([H])(C(=O)N([H])C([H])([H])[C@@]1([H])OC([H])([H])C([H])([H])C1([H])[H])c1c([H])c([H])c(F)c([H])c1[H])S2(=O)=O
KEABRO.xaa_ZINC000644164291_155;-10.3661365;-11.1043625;-11.76;114;767.03;HQKPTSSZOJLFBZ-VLGXOXMCSA-O;[H]c1c([H])c([H])c(C([H])([H])[C@@]([H])(C(=O)N2C([H])([H])C([H])([H])C([H])([H])[C@@]2([H])C(=O)N(C([H])([H])[H])[C@]([H])(C(=O)N([H])[C@]([H])(C(=O)N([H])[H])C([H])([H])C([H])([H])SC([H])([H])[H])C([H])([H])C([H])(C([H])([H])[H])C([H])([H])[H])N([H])C(=O)[C@]([H])(N([H])C(=O)C([H])([H])C([H])([H])C([H])([H])C([H])([H])[N+]([H])([H])[H])C([H])([H])c2c([H])c([H])c([H])c([H])c2[H])c([H])c1[H]
KEABRO.xaa_ZINC000644164290_158;-10.3738362;-10.87122;-11.389;114;767.03;HQKPTSSZOJLFBZ-UBLLTGQXSA-O;[H]c1c([H])c([H])c(C([H])([H])[C@@]([H])(C(=O)N([H])[C@@]([H])(C(=O)N2C([H])([H])C([H])([H])C([H])([H])[C@@]2([H])C(=O)N(C([H])([H])[H])[C@]([H])(C(=O)N([H])[C@]([H])(C(=O)N([H])[H])C([H])([H])C([H])([H])SC([H])([H])[H])C([H])([H])C([H])(C([H])([H])[H])C([H])([H])[H])C([H])([H])c2c([H])c([H])c([H])c([H])c2[H])N([H])C(=O)C([H])([H])C([H])([H])C([H])([H])C([H])([H])[N+]([H])([H])[H])c([H])c1[H]
KEABRO.xaa_ZINC001529084295_169;-10.0315442;-10.8591;-11.804;85;610.739;FJFLYSMWSRRMRO-OCBJUFRSSA-O;[H]c1c([H])c([H])c2c([H])c(C([H])([H])[C@@]([H])(C(=O)N([H])[C@@]([H])(C(=O)N([H])[C@@]([H])(C(=O)N([H])[H])C([H])([H])c3c([H])c([H])c4c([H])c([H])c([H])c([H])c4c3[H])C([H])([H])C([H])([H])C([H])([H])N([H])C(N([H])[H])=[N+]([H])[H])N([H])C(=O)C([H])([H])[H])c([H])c([H])c2c1[H]
KEABRO.xaa_ZINC000150360957_224;-10.552055800000002;-11.087974;-12.539;114;767.03;HQKPTSSZOJLFBZ-PAISCNLLSA-O;[H]c1c([H])c([H])c(C([H])([H])[C@]([H])(C(=O)N2C([H])([H])C([H])([H])C([H])([H])[C@@]2([H])C(=O)N(C([H])([H])[H])[C@]([H])(C(=O)N([H])[C@]([H])(C(=O)N([H])[H])C([H])([H])C([H])([H])SC([H])([H])[H])C([H])([H])C([H])(C([H])([H])[H])C([H])([H])[H])N([H])C(=O)[C@]([H])(N([H])C(=O)C([H])([H])C([H])([H])C([H])([H])C([H])([H])[N+]([H])([H])[H])C([H])([H])c2c([H])c([H])c([H])c([H])c2[H])c([H])c1[H]
KEABRO.xaa_ZINC000150362849_225;-12.7752664;-14.01848;-13.538;104;771.899;JFMKMZZAVDKJAH-QFGZHHBCSA-O;[H]Oc1c([H])c([H])c(C([H])([H])[C@@]([H])(C(=O)N([H])[C@@]([H])(C(=O)N([H])[C@]([H])(C(=O)N([H])[C@]([H])(C(=O)N([H])[C@@]([H])(C(=O)N([H])[H])C([H])([H])c2c([H])c([H])c([H])c([H])c2[H])C([H])([H])c2c([H])n([H])c3c([H])c([H])c([H])c([H])c23)C([H])([H])[H])C([H])([H])c2c([H])n([H])c3c([H])c([H])c([H])c([H])c23)[N+]([H])([H])[H])c([H])c1[H]
KEABRO.xaa_ZINC000006001856_251;-10.0477002;-10.513737;-9.892;103;641.878;XSAKVDNHFRWJKS-CMPUJJQDSA-O;[H]c1c([H])c([H])c(C([H])([H])N([H])C(=O)[C@]2([H])N(C(=O)[C@]3([H])N(C(=O)[C@]([H])(N(C(=O)[C@@]([H])(N([H])C(=O)[C@@]([H])(C([H])(C([H])([H])[H])C([H])([H])[H])[N+]([H])(C([H])([H])[H])C([H])([H])[H])C([H])(C([H])([H])[H])C([H])([H])[H])C([H])([H])[H])C([H])(C([H])([H])[H])C([H])([H])[H])C([H])([H])C([H])([H])C3([H])[H])C([H])([H])C([H])([H])C2([H])[H])c([H])c1[H]
KEABRO.xaa_ZINC000006001858_254;-10.179080199999998;-10.397334;-9.514;103;641.878;XSAKVDNHFRWJKS-XZTOTZIXSA-O;[H]c1c([H])c([H])c(C([H])([H])N([H])C(=O)[C@]2([H])N(C(=O)[C@]3([H])N(C(=O)[C@]([H])(N(C(=O)[C@]([H])(N([H])C(=O)[C@@]([H])(C([H])(C([H])([H])[H])C([H])([H])[H])[N+]([H])(C([H])([H])[H])C([H])([H])[H])C([H])(C([H])([H])[H])C([H])([H])[H])C([H])([H])[H])C([H])(C([H])([H])[H])C([H])([H])[H])C([H])([H])C([H])([H])C3([H])[H])C([H])([H])C([H])([H])C2([H])[H])c([H])c1[H]
KGEARO.xaa_ZINC000070463547_151;-10.224472700000002;-10.74381;-13.239;82;613.695;ZZGDDBWFXDMARY-SXOMAYOGSA-O;[H]c1c([H])c([H])c(C([H])([H])OC(=O)N([H])[C@]([H])(C(=O)N([H])[C@@]([H])(C(=O)N([H])c2c([H])c([H])c3c(C([H])([H])[H])c([H])c(=O)oc3c2[H])C([H])([H])C([H])([H])C([H])([H])N([H])C(N([H])[H])=[N+]([H])[H])C([H])([H])c2c([H])c([H])c([H])c([H])c2[H])c([H])c1[H]
KHBDRN.xaa_ZINC000514293019_4;-10.398774800000002;-10.797566;-11.082;69;561.686;QWOZUNWOEWATJW-UHFFFAOYSA-N;[H]c1c([H])c(C(=O)N([H])[H])c([H])c([N+](=O)[O-])c1SC([H])([H])C(=O)N([H])c1c([H])c(S(=O)(=O)N2C([H])([H])C([H])([H])C([H])([H])C([H])([H])C2([H])[H])c([H])c([H])c1N1C([H])([H])C([H])([H])C([H])([H])C([H])([H])C1([H])[H]
KHBDRN.xaa_ZINC000514301949_77;-10.226648;-10.518793;-11.125;76;573.719;IWNANLJFCNCRAY-UHFFFAOYSA-N;[H]c1c([H])c(S(=O)(=O)N2C([H])([H])C([H])([H])C([H])([H])C([H])([H])C2([H])[H])c([H])c(N([H])C(=O)C([H])([H])n2c3c([H])c([H])c([H])c([H])c3c(=O)c3c([H])c([H])c([H])c([H])c32)c1N1C([H])([H])C([H])([H])N(C([H])([H])[H])C([H])([H])C1([H])[H]
KHBDRN.xaa_ZINC000514379901_131;-10.2736941;-10.658304;-10.597;70;560.698;WRWPJLIECFMZJC-UHFFFAOYSA-N;[H]c1c([H])c([H])c(C(=O)N2C([H])([H])C([H])([H])N(S(=O)(=O)c3c([H])c([H])c([N+](=O)[O-])c([H])c3[H])C([H])([H])C2([H])[H])c(SC([H])([H])C(=O)N(C([H])([H])[H])C2([H])C([H])([H])C([H])([H])C([H])([H])C([H])([H])C2([H])[H])c1[H]
KHBDRN.xaa_ZINC000514385834_166;-10.0943584;-10.556141;-10.513;58;522.967;WHQUFTDYSBIPER-UHFFFAOYSA-N;[H]c1c([H])c(N([H])C(=O)C([H])([H])C([H])([H])C([H])([H])n2c(=O)oc3c([H])c([N+](=O)[O-])c([H])c([H])c32)c([H])c(S(=O)(=O)N2C([H])([H])C([H])([H])C([H])([H])C([H])([H])C2([H])[H])c1Cl
KHBDRN.xaa_ZINC000514387289_169;-10.1194888;-10.980326;-11.37;78;596.71;FXAXKYLAHVDXID-UHFFFAOYSA-N;[H]c1c([H])c(S(=O)(=O)N2C([H])([H])C([H])([H])C([H])([H])C([H])([H])C2([H])[H])c([H])c([N+](=O)[O-])c1N1C([H])([H])C([H])([H])C([H])(C(=O)N2C([H])([H])C([H])([H])C([H])(n3c(=O)n([H])c4c([H])c([H])c([H])c([H])c43)C([H])([H])C2([H])[H])C([H])([H])C1([H])[H]
KHBDRN.xaa_ZINC000514401506_211;-10.2663442;-10.440187;-9.92;78;596.706;XHZCRMMCFIWHPD-XEKWSLBJSA-N;[H]c1c([H])c(S(=O)(=O)N2C([H])([H])C([H])([H])N(C(=O)c3c([H])c([H])c(C([H])([H])N([H])C(=O)[C@]45C([H])([H])[C@@]6([H])C([H])([H])[C@]([H])(C([H])([H])[C@]([H])(C6([H])[H])C4([H])[H])C5([H])[H])c([H])c3[H])C([H])([H])C2([H])[H])c([H])c([N+](=O)[O-])c1OC([H])([H])[H]
KHBDRN.xaa_ZINC000514403315_213;-10.0253908;-10.539579;-10.367;79;595.726;SQOZMKZVOKHLCS-UHFFFAOYSA-N;[H]c1c([H])c(C([H])([H])n2nc(C([H])([H])[H])c([N+](=O)[O-])c2C([H])([H])[H])c([H])c([H])c1C(=O)N([H])c1c([H])c(S(=O)(=O)N2C([H])([H])C([H])([H])C([H])([H])C([H])([H])C2([H])[H])c([H])c([H])c1N1C([H])([H])C([H])([H])N(C([H])([H])[H])C([H])([H])C1([H])[H]
KHBDRN.xaa_ZINC000514403643_220;-10.3749142;-10.686008;-11.332;65;557.654;WRIGCJDDOUBHEA-UHFFFAOYSA-N;[H]c1sc(N([H])C(=O)c2c([H])c(S(=O)(=O)N3C([H])([H])C([H])([H])C([H])([H])C([H])([H])C3([H])[H])c([H])c([H])c2N2C([H])([H])C([H])([H])OC([H])([H])C2([H])[H])nc1-c1c([H])c([H])c([H])c([N+](=O)[O-])c1[H]
KHBDRN.xaa_ZINC000514393186_223;-10.1483188;-10.664686;-10.574;69;515.632;QIWKRBZAUDKDTF-UHFFFAOYSA-N;[H]Oc1c([H])c([H])c(C([H])([H])C([H])([H])C2([H])C([H])([H])C([H])([H])N(C(=O)C3([H])C([H])([H])C([H])([H])N(S(=O)(=O)c4c([H])c([N+](=O)[O-])c([H])c([H])c4C([H])([H])[H])C([H])([H])C3([H])[H])C([H])([H])C2([H])[H])c([H])c1[H]
